nohup: ignoring input
2026-05-28 14:53:57 [stage_adaptive_k][all][adaptive_k][k=-][s=-] INFO AdaptiveK | geo=square seed=1 arch=[75, 75, 75] thr_up=2.0 thr_dn=5.0
2026-05-28 14:53:57 [adaptive_k][square][adaptive_k][k=adaptive][s=1] INFO AdaptiveK | arch=[75, 75, 75] | k=[1..5] | thr_up=2.0°C thr_dn=5.0°C | fourier=False
2026-05-28 14:53:57 [pinn_trainer][square][ak_k1][k=-][s=-] INFO Training start: t=[0.0,1.5]s  epochs_adam=1000  epochs_lbfgs=300  params=11776
2026-05-28 14:54:01 [pinn_trainer][square][ak_k1][k=-][s=-] INFO Adam     1/1000  loss=4.2746e+02  pde=4.1687e+02  bc=2.1190e+00  ic=0.0000e+00  fc=0.0000e+00
2026-05-28 14:54:21 [pinn_trainer][square][ak_k1][k=-][s=-] INFO Adam   500/1000  loss=1.4121e+00  pde=6.5698e-01  bc=1.5103e-01  ic=0.0000e+00  fc=0.0000e+00
2026-05-28 14:54:39 [pinn_trainer][square][ak_k1][k=-][s=-] INFO Adam  1000/1000  loss=1.1804e+00  pde=5.4472e-01  bc=1.2714e-01  ic=0.0000e+00  fc=0.0000e+00
2026-05-28 14:54:48 [pinn_trainer][square][ak_k1][k=-][s=-] INFO L-BFGS  300/300  loss=1.2489e+00
2026-05-28 14:54:48 [pinn_trainer][square][ak_k1][k=-][s=-] INFO Training done in 50.7 s
2026-05-28 14:54:48 [adaptive_k][square][adaptive_k][k=adaptive][s=1] INFO   Win  1  k=1  [0.0→1.5 s]  interior_MAE=31.815°C  → k_next=1
2026-05-28 14:54:48 [pinn_trainer][square][ak_k1][k=-][s=-] INFO Training start: t=[1.5,3.0]s  epochs_adam=1000  epochs_lbfgs=300  params=11776
2026-05-28 14:54:50 [pinn_trainer][square][ak_k1][k=-][s=-] INFO Adam     1/1000  loss=1.9634e+02  pde=1.8596e+02  bc=2.0762e+00  ic=0.0000e+00  fc=0.0000e+00
2026-05-28 14:55:08 [pinn_trainer][square][ak_k1][k=-][s=-] INFO Adam   500/1000  loss=2.6729e-01  pde=1.6554e-01  bc=2.0350e-02  ic=0.0000e+00  fc=0.0000e+00
2026-05-28 14:55:26 [pinn_trainer][square][ak_k1][k=-][s=-] INFO Adam  1000/1000  loss=1.9628e-01  pde=1.1361e-01  bc=1.6533e-02  ic=0.0000e+00  fc=0.0000e+00
2026-05-28 14:55:35 [pinn_trainer][square][ak_k1][k=-][s=-] INFO L-BFGS  300/300  loss=1.9952e-01
2026-05-28 14:55:35 [pinn_trainer][square][ak_k1][k=-][s=-] INFO Training done in 47.2 s
2026-05-28 14:55:35 [adaptive_k][square][adaptive_k][k=adaptive][s=1] INFO   Win  2  k=1  [1.5→3.0 s]  interior_MAE=12.434°C  → k_next=1
2026-05-28 14:55:35 [pinn_trainer][square][ak_k1][k=-][s=-] INFO Training start: t=[3.0,4.5]s  epochs_adam=1000  epochs_lbfgs=300  params=11776
2026-05-28 14:55:37 [pinn_trainer][square][ak_k1][k=-][s=-] INFO Adam     1/1000  loss=3.4181e+02  pde=3.2707e+02  bc=2.9472e+00  ic=0.0000e+00  fc=0.0000e+00
2026-05-28 14:55:55 [pinn_trainer][square][ak_k1][k=-][s=-] INFO Adam   500/1000  loss=4.1192e-02  pde=2.7813e-02  bc=2.6759e-03  ic=0.0000e+00  fc=0.0000e+00
2026-05-28 14:56:14 [pinn_trainer][square][ak_k1][k=-][s=-] INFO Adam  1000/1000  loss=2.1332e-02  pde=1.1500e-02  bc=1.9665e-03  ic=0.0000e+00  fc=0.0000e+00
2026-05-28 14:56:23 [pinn_trainer][square][ak_k1][k=-][s=-] INFO L-BFGS  300/300  loss=2.2372e-02
2026-05-28 14:56:23 [pinn_trainer][square][ak_k1][k=-][s=-] INFO Training done in 48.1 s
2026-05-28 14:56:23 [adaptive_k][square][adaptive_k][k=adaptive][s=1] INFO   Win  3  k=1  [3.0→4.5 s]  interior_MAE=4.535°C  → k_next=1
2026-05-28 14:56:23 [pinn_trainer][square][ak_k1][k=-][s=-] INFO Training start: t=[4.5,6.0]s  epochs_adam=1000  epochs_lbfgs=300  params=11776
2026-05-28 14:56:25 [pinn_trainer][square][ak_k1][k=-][s=-] INFO Adam     1/1000  loss=3.0145e+01  pde=2.9408e+01  bc=1.4742e-01  ic=0.0000e+00  fc=0.0000e+00
2026-05-28 14:56:43 [pinn_trainer][square][ak_k1][k=-][s=-] INFO Adam   500/1000  loss=1.2168e-02  pde=1.0243e-02  bc=3.8499e-04  ic=0.0000e+00  fc=0.0000e+00
2026-05-28 14:57:02 [pinn_trainer][square][ak_k1][k=-][s=-] INFO Adam  1000/1000  loss=3.1981e-03  pde=1.8120e-03  bc=2.7724e-04  ic=0.0000e+00  fc=0.0000e+00
2026-05-28 14:57:11 [pinn_trainer][square][ak_k1][k=-][s=-] INFO L-BFGS  300/300  loss=3.3338e-03
2026-05-28 14:57:11 [pinn_trainer][square][ak_k1][k=-][s=-] INFO Training done in 47.5 s
2026-05-28 14:57:11 [adaptive_k][square][adaptive_k][k=adaptive][s=1] INFO   Win  4  k=1  [4.5→6.0 s]  interior_MAE=1.441°C  → k_next=2
2026-05-28 14:57:11 [pinn_trainer][square][ak_k2][k=-][s=-] INFO Training start: t=[6.0,9.0]s  epochs_adam=1000  epochs_lbfgs=300  params=11776
2026-05-28 14:57:13 [pinn_trainer][square][ak_k2][k=-][s=-] INFO Adam     1/1000  loss=2.6703e+01  pde=2.2801e+01  bc=7.8038e-01  ic=0.0000e+00  fc=0.0000e+00
2026-05-28 14:57:31 [pinn_trainer][square][ak_k2][k=-][s=-] INFO Adam   500/1000  loss=3.2691e-03  pde=2.7055e-03  bc=1.1273e-04  ic=0.0000e+00  fc=0.0000e+00
2026-05-28 14:57:49 [pinn_trainer][square][ak_k2][k=-][s=-] INFO Adam  1000/1000  loss=3.5367e-04  pde=1.2444e-04  bc=4.5846e-05  ic=0.0000e+00  fc=0.0000e+00
2026-05-28 14:57:57 [pinn_trainer][square][ak_k2][k=-][s=-] INFO L-BFGS  300/300  loss=3.9635e-04
2026-05-28 14:57:57 [pinn_trainer][square][ak_k2][k=-][s=-] INFO Training done in 46.8 s
2026-05-28 14:57:57 [adaptive_k][square][adaptive_k][k=adaptive][s=1] INFO   Win  5  k=2  [6.0→9.0 s]  interior_MAE=0.760°C  → k_next=3
2026-05-28 14:57:57 [pinn_trainer][square][ak_k3][k=-][s=-] INFO Training start: t=[9.0,13.5]s  epochs_adam=1000  epochs_lbfgs=300  params=11776
2026-05-28 14:58:00 [pinn_trainer][square][ak_k3][k=-][s=-] INFO Adam     1/1000  loss=1.1795e+01  pde=1.0675e+01  bc=2.2402e-01  ic=0.0000e+00  fc=0.0000e+00
2026-05-28 14:58:18 [pinn_trainer][square][ak_k3][k=-][s=-] INFO Adam   500/1000  loss=2.0978e-03  pde=1.4812e-03  bc=1.2331e-04  ic=0.0000e+00  fc=0.0000e+00
2026-05-28 14:58:36 [pinn_trainer][square][ak_k3][k=-][s=-] INFO Adam  1000/1000  loss=7.7907e-05  pde=5.8145e-05  bc=3.9524e-06  ic=0.0000e+00  fc=0.0000e+00
2026-05-28 14:58:42 [pinn_trainer][square][ak_k3][k=-][s=-] INFO L-BFGS  300/300  loss=7.8174e-05
2026-05-28 14:58:42 [pinn_trainer][square][ak_k3][k=-][s=-] INFO Training done in 45.0 s
2026-05-28 14:58:42 [adaptive_k][square][adaptive_k][k=adaptive][s=1] INFO   Win  6  k=3  [9.0→13.5 s]  interior_MAE=0.116°C  → k_next=4
2026-05-28 14:58:42 [pinn_trainer][square][ak_k4][k=-][s=-] INFO Training start: t=[13.5,19.5]s  epochs_adam=1000  epochs_lbfgs=300  params=11776
2026-05-28 14:58:44 [pinn_trainer][square][ak_k4][k=-][s=-] INFO Adam     1/1000  loss=7.4343e+01  pde=6.9344e+01  bc=9.9984e-01  ic=0.0000e+00  fc=0.0000e+00
2026-05-28 14:59:03 [pinn_trainer][square][ak_k4][k=-][s=-] INFO Adam   500/1000  loss=1.6919e-03  pde=1.2123e-03  bc=9.5919e-05  ic=0.0000e+00  fc=0.0000e+00
2026-05-28 14:59:21 [pinn_trainer][square][ak_k4][k=-][s=-] INFO Adam  1000/1000  loss=4.5260e-05  pde=3.1266e-05  bc=2.7988e-06  ic=0.0000e+00  fc=0.0000e+00
2026-05-28 14:59:27 [pinn_trainer][square][ak_k4][k=-][s=-] INFO L-BFGS  300/300  loss=4.4473e-05
2026-05-28 14:59:27 [pinn_trainer][square][ak_k4][k=-][s=-] INFO Training done in 44.8 s
2026-05-28 14:59:27 [adaptive_k][square][adaptive_k][k=adaptive][s=1] INFO   Win  7  k=4  [13.5→19.5 s]  interior_MAE=0.018°C  → k_next=5
2026-05-28 14:59:27 [pinn_trainer][square][ak_k5][k=-][s=-] INFO Training start: t=[19.5,27.0]s  epochs_adam=1000  epochs_lbfgs=300  params=11776
2026-05-28 14:59:29 [pinn_trainer][square][ak_k5][k=-][s=-] INFO Adam     1/1000  loss=8.1240e+00  pde=5.9311e+00  bc=4.3859e-01  ic=0.0000e+00  fc=0.0000e+00
2026-05-28 14:59:48 [pinn_trainer][square][ak_k5][k=-][s=-] INFO Adam   500/1000  loss=2.8505e-03  pde=2.4465e-03  bc=8.0810e-05  ic=0.0000e+00  fc=0.0000e+00
2026-05-28 15:00:06 [pinn_trainer][square][ak_k5][k=-][s=-] INFO Adam  1000/1000  loss=2.8710e-05  pde=2.0274e-05  bc=1.6872e-06  ic=0.0000e+00  fc=0.0000e+00
2026-05-28 15:00:12 [pinn_trainer][square][ak_k5][k=-][s=-] INFO L-BFGS  300/300  loss=2.9311e-05
2026-05-28 15:00:12 [pinn_trainer][square][ak_k5][k=-][s=-] INFO Training done in 44.6 s
2026-05-28 15:00:12 [adaptive_k][square][adaptive_k][k=adaptive][s=1] INFO   Win  8  k=5  [19.5→27.0 s]  interior_MAE=0.018°C  → k_next=5
2026-05-28 15:00:12 [pinn_trainer][square][ak_k5][k=-][s=-] INFO Training start: t=[27.0,30.0]s  epochs_adam=1000  epochs_lbfgs=300  params=11776
2026-05-28 15:00:14 [pinn_trainer][square][ak_k5][k=-][s=-] INFO Adam     1/1000  loss=9.8034e+00  pde=9.6936e+00  bc=2.1954e-02  ic=0.0000e+00  fc=0.0000e+00
2026-05-28 15:00:33 [pinn_trainer][square][ak_k5][k=-][s=-] INFO Adam   500/1000  loss=6.6648e-03  pde=6.1953e-03  bc=9.3898e-05  ic=0.0000e+00  fc=0.0000e+00
2026-05-28 15:00:51 [pinn_trainer][square][ak_k5][k=-][s=-] INFO Adam  1000/1000  loss=1.6951e-04  pde=1.3611e-04  bc=6.6796e-06  ic=0.0000e+00  fc=0.0000e+00
2026-05-28 15:00:59 [pinn_trainer][square][ak_k5][k=-][s=-] INFO L-BFGS  300/300  loss=1.6548e-04
2026-05-28 15:00:59 [pinn_trainer][square][ak_k5][k=-][s=-] INFO Training done in 46.8 s
2026-05-28 15:00:59 [adaptive_k][square][adaptive_k][k=adaptive][s=1] INFO   Win  9  k=5  [27.0→30.0 s]  interior_MAE=0.037°C  → k_next=5
2026-05-28 15:00:59 [adaptive_k][square][adaptive_k][k=adaptive][s=1] INFO AdaptiveK done | wins=9 | FEM_solves=9/60 | FEM_saving=85% | MAE=1.764°C | L2=0.0146 | t=422 s
2026-05-28 15:00:59 [adaptive_k][square][adaptive_k][k=adaptive][s=1] INFO k schedule: t=0.0s:k=1 → t=1.5s:k=1 → t=3.0s:k=1 → t=4.5s:k=1 → t=6.0s:k=2 → t=9.0s:k=3 → t=13.5s:k=4 → t=19.5s:k=5 → t=27.0s:k=5
2026-05-28 15:00:59 [adaptive_k][square][adaptive_k][k=adaptive][s=1] INFO Saved → /home/coder/NAS-PINNS1/thermal_pinn/quenching_mswp/results/adaptive_k/square/seed1_adaptive_nsga3_75
2026-05-28 15:00:59 [stage_adaptive_k][all][adaptive_k][k=-][s=-] INFO RESULT geo=square   seed=1 | MAE=1.764°C | L2=0.0146 | FEM_solves=9/60 | FEM_saving=85%
2026-05-28 15:00:59 [stage_adaptive_k][all][adaptive_k][k=-][s=-] INFO AdaptiveK | geo=square seed=2 arch=[75, 75, 75] thr_up=2.0 thr_dn=5.0
2026-05-28 15:00:59 [adaptive_k][square][adaptive_k][k=adaptive][s=2] INFO AdaptiveK | arch=[75, 75, 75] | k=[1..5] | thr_up=2.0°C thr_dn=5.0°C | fourier=False
2026-05-28 15:00:59 [pinn_trainer][square][ak_k1][k=-][s=-] INFO Training start: t=[0.0,1.5]s  epochs_adam=1000  epochs_lbfgs=300  params=11776
2026-05-28 15:01:01 [pinn_trainer][square][ak_k1][k=-][s=-] INFO Adam     1/1000  loss=1.9835e+02  pde=1.9462e+02  bc=7.4478e-01  ic=0.0000e+00  fc=0.0000e+00
2026-05-28 15:01:20 [pinn_trainer][square][ak_k1][k=-][s=-] INFO Adam   500/1000  loss=1.4981e+00  pde=7.1122e-01  bc=1.5737e-01  ic=0.0000e+00  fc=0.0000e+00
2026-05-28 15:01:38 [pinn_trainer][square][ak_k1][k=-][s=-] INFO Adam  1000/1000  loss=1.1640e+00  pde=5.3943e-01  bc=1.2491e-01  ic=0.0000e+00  fc=0.0000e+00
2026-05-28 15:01:47 [pinn_trainer][square][ak_k1][k=-][s=-] INFO L-BFGS  300/300  loss=1.2369e+00
2026-05-28 15:01:47 [pinn_trainer][square][ak_k1][k=-][s=-] INFO Training done in 48.0 s
2026-05-28 15:01:47 [adaptive_k][square][adaptive_k][k=adaptive][s=2] INFO   Win  1  k=1  [0.0→1.5 s]  interior_MAE=30.618°C  → k_next=1
2026-05-28 15:01:47 [pinn_trainer][square][ak_k1][k=-][s=-] INFO Training start: t=[1.5,3.0]s  epochs_adam=1000  epochs_lbfgs=300  params=11776
2026-05-28 15:01:49 [pinn_trainer][square][ak_k1][k=-][s=-] INFO Adam     1/1000  loss=5.9044e+02  pde=5.7889e+02  bc=2.3096e+00  ic=0.0000e+00  fc=0.0000e+00
2026-05-28 15:02:08 [pinn_trainer][square][ak_k1][k=-][s=-] INFO Adam   500/1000  loss=2.9094e-01  pde=2.0083e-01  bc=1.8021e-02  ic=0.0000e+00  fc=0.0000e+00
2026-05-28 15:02:27 [pinn_trainer][square][ak_k1][k=-][s=-] INFO Adam  1000/1000  loss=1.7802e-01  pde=1.0364e-01  bc=1.4876e-02  ic=0.0000e+00  fc=0.0000e+00
2026-05-28 15:02:36 [pinn_trainer][square][ak_k1][k=-][s=-] INFO L-BFGS  300/300  loss=1.8394e-01
2026-05-28 15:02:36 [pinn_trainer][square][ak_k1][k=-][s=-] INFO Training done in 48.9 s
2026-05-28 15:02:36 [adaptive_k][square][adaptive_k][k=adaptive][s=2] INFO   Win  2  k=1  [1.5→3.0 s]  interior_MAE=12.402°C  → k_next=1
2026-05-28 15:02:36 [pinn_trainer][square][ak_k1][k=-][s=-] INFO Training start: t=[3.0,4.5]s  epochs_adam=1000  epochs_lbfgs=300  params=11776
2026-05-28 15:02:38 [pinn_trainer][square][ak_k1][k=-][s=-] INFO Adam     1/1000  loss=1.0291e+02  pde=1.0217e+02  bc=1.4696e-01  ic=0.0000e+00  fc=0.0000e+00
2026-05-28 15:02:57 [pinn_trainer][square][ak_k1][k=-][s=-] INFO Adam   500/1000  loss=4.8831e-02  pde=3.6646e-02  bc=2.4370e-03  ic=0.0000e+00  fc=0.0000e+00
2026-05-28 15:03:15 [pinn_trainer][square][ak_k1][k=-][s=-] INFO Adam  1000/1000  loss=2.1403e-02  pde=1.2379e-02  bc=1.8046e-03  ic=0.0000e+00  fc=0.0000e+00
2026-05-28 15:03:24 [pinn_trainer][square][ak_k1][k=-][s=-] INFO L-BFGS  300/300  loss=2.2726e-02
2026-05-28 15:03:24 [pinn_trainer][square][ak_k1][k=-][s=-] INFO Training done in 48.1 s
2026-05-28 15:03:24 [adaptive_k][square][adaptive_k][k=adaptive][s=2] INFO   Win  3  k=1  [3.0→4.5 s]  interior_MAE=4.326°C  → k_next=1
2026-05-28 15:03:24 [pinn_trainer][square][ak_k1][k=-][s=-] INFO Training start: t=[4.5,6.0]s  epochs_adam=1000  epochs_lbfgs=300  params=11776
2026-05-28 15:03:26 [pinn_trainer][square][ak_k1][k=-][s=-] INFO Adam     1/1000  loss=1.1313e+02  pde=1.0862e+02  bc=9.0261e-01  ic=0.0000e+00  fc=0.0000e+00
2026-05-28 15:03:45 [pinn_trainer][square][ak_k1][k=-][s=-] INFO Adam   500/1000  loss=2.0837e-02  pde=1.8637e-02  bc=4.4010e-04  ic=0.0000e+00  fc=0.0000e+00
2026-05-28 15:04:03 [pinn_trainer][square][ak_k1][k=-][s=-] INFO Adam  1000/1000  loss=3.4955e-03  pde=1.9803e-03  bc=3.0304e-04  ic=0.0000e+00  fc=0.0000e+00
2026-05-28 15:04:12 [pinn_trainer][square][ak_k1][k=-][s=-] INFO L-BFGS  300/300  loss=3.6204e-03
2026-05-28 15:04:12 [pinn_trainer][square][ak_k1][k=-][s=-] INFO Training done in 47.5 s
2026-05-28 15:04:12 [adaptive_k][square][adaptive_k][k=adaptive][s=2] INFO   Win  4  k=1  [4.5→6.0 s]  interior_MAE=1.593°C  → k_next=2
2026-05-28 15:04:12 [pinn_trainer][square][ak_k2][k=-][s=-] INFO Training start: t=[6.0,9.0]s  epochs_adam=1000  epochs_lbfgs=300  params=11776
2026-05-28 15:04:14 [pinn_trainer][square][ak_k2][k=-][s=-] INFO Adam     1/1000  loss=3.2210e+01  pde=2.7604e+01  bc=9.2129e-01  ic=0.0000e+00  fc=0.0000e+00
2026-05-28 15:04:32 [pinn_trainer][square][ak_k2][k=-][s=-] INFO Adam   500/1000  loss=3.8252e-03  pde=3.2653e-03  bc=1.1198e-04  ic=0.0000e+00  fc=0.0000e+00
2026-05-28 15:04:50 [pinn_trainer][square][ak_k2][k=-][s=-] INFO Adam  1000/1000  loss=3.0817e-04  pde=1.0103e-04  bc=4.1426e-05  ic=0.0000e+00  fc=0.0000e+00
2026-05-28 15:04:58 [pinn_trainer][square][ak_k2][k=-][s=-] INFO L-BFGS  300/300  loss=3.3698e-04
2026-05-28 15:04:58 [pinn_trainer][square][ak_k2][k=-][s=-] INFO Training done in 46.3 s
2026-05-28 15:04:58 [adaptive_k][square][adaptive_k][k=adaptive][s=2] INFO   Win  5  k=2  [6.0→9.0 s]  interior_MAE=0.754°C  → k_next=3
2026-05-28 15:04:58 [pinn_trainer][square][ak_k3][k=-][s=-] INFO Training start: t=[9.0,13.5]s  epochs_adam=1000  epochs_lbfgs=300  params=11776
2026-05-28 15:05:00 [pinn_trainer][square][ak_k3][k=-][s=-] INFO Adam     1/1000  loss=1.3274e+01  pde=1.2054e+01  bc=2.4399e-01  ic=0.0000e+00  fc=0.0000e+00
2026-05-28 15:05:19 [pinn_trainer][square][ak_k3][k=-][s=-] INFO Adam   500/1000  loss=5.2044e-03  pde=4.4797e-03  bc=1.4495e-04  ic=0.0000e+00  fc=0.0000e+00
2026-05-28 15:05:37 [pinn_trainer][square][ak_k3][k=-][s=-] INFO Adam  1000/1000  loss=7.6183e-05  pde=4.5585e-05  bc=6.1195e-06  ic=0.0000e+00  fc=0.0000e+00
2026-05-28 15:05:41 [pinn_trainer][square][ak_k3][k=-][s=-] INFO L-BFGS  300/300  loss=7.4457e-05
2026-05-28 15:05:41 [pinn_trainer][square][ak_k3][k=-][s=-] INFO Training done in 43.1 s
2026-05-28 15:05:41 [adaptive_k][square][adaptive_k][k=adaptive][s=2] INFO   Win  6  k=3  [9.0→13.5 s]  interior_MAE=0.108°C  → k_next=4
2026-05-28 15:05:41 [pinn_trainer][square][ak_k4][k=-][s=-] INFO Training start: t=[13.5,19.5]s  epochs_adam=1000  epochs_lbfgs=300  params=11776
2026-05-28 15:05:43 [pinn_trainer][square][ak_k4][k=-][s=-] INFO Adam     1/1000  loss=3.1689e+01  pde=2.8846e+01  bc=5.6856e-01  ic=0.0000e+00  fc=0.0000e+00
2026-05-28 15:06:02 [pinn_trainer][square][ak_k4][k=-][s=-] INFO Adam   500/1000  loss=2.8486e-03  pde=2.1044e-03  bc=1.4884e-04  ic=0.0000e+00  fc=0.0000e+00
2026-05-28 15:06:20 [pinn_trainer][square][ak_k4][k=-][s=-] INFO Adam  1000/1000  loss=1.0663e-04  pde=7.8453e-05  bc=5.6360e-06  ic=0.0000e+00  fc=0.0000e+00
2026-05-28 15:06:29 [pinn_trainer][square][ak_k4][k=-][s=-] INFO L-BFGS  300/300  loss=1.0606e-04
2026-05-28 15:06:29 [pinn_trainer][square][ak_k4][k=-][s=-] INFO Training done in 47.6 s
2026-05-28 15:06:29 [adaptive_k][square][adaptive_k][k=adaptive][s=2] INFO   Win  7  k=4  [13.5→19.5 s]  interior_MAE=0.016°C  → k_next=5
2026-05-28 15:06:29 [pinn_trainer][square][ak_k5][k=-][s=-] INFO Training start: t=[19.5,27.0]s  epochs_adam=1000  epochs_lbfgs=300  params=11776
2026-05-28 15:06:31 [pinn_trainer][square][ak_k5][k=-][s=-] INFO Adam     1/1000  loss=1.9890e+01  pde=1.9184e+01  bc=1.4106e-01  ic=0.0000e+00  fc=0.0000e+00
2026-05-28 15:06:50 [pinn_trainer][square][ak_k5][k=-][s=-] INFO Adam   500/1000  loss=4.4452e-03  pde=3.2942e-03  bc=2.3019e-04  ic=0.0000e+00  fc=0.0000e+00
2026-05-28 15:07:08 [pinn_trainer][square][ak_k5][k=-][s=-] INFO Adam  1000/1000  loss=1.1073e-04  pde=7.2614e-05  bc=7.6236e-06  ic=0.0000e+00  fc=0.0000e+00
2026-05-28 15:07:14 [pinn_trainer][square][ak_k5][k=-][s=-] INFO L-BFGS  300/300  loss=1.0384e-04
2026-05-28 15:07:14 [pinn_trainer][square][ak_k5][k=-][s=-] INFO Training done in 44.8 s
2026-05-28 15:07:14 [adaptive_k][square][adaptive_k][k=adaptive][s=2] INFO   Win  8  k=5  [19.5→27.0 s]  interior_MAE=0.040°C  → k_next=5
2026-05-28 15:07:14 [pinn_trainer][square][ak_k5][k=-][s=-] INFO Training start: t=[27.0,30.0]s  epochs_adam=1000  epochs_lbfgs=300  params=11776
2026-05-28 15:07:16 [pinn_trainer][square][ak_k5][k=-][s=-] INFO Adam     1/1000  loss=1.1517e+01  pde=1.1148e+01  bc=7.3733e-02  ic=0.0000e+00  fc=0.0000e+00
2026-05-28 15:07:35 [pinn_trainer][square][ak_k5][k=-][s=-] INFO Adam   500/1000  loss=5.5966e-03  pde=5.2183e-03  bc=7.5655e-05  ic=0.0000e+00  fc=0.0000e+00
2026-05-28 15:07:53 [pinn_trainer][square][ak_k5][k=-][s=-] INFO Adam  1000/1000  loss=7.3843e-05  pde=5.6014e-05  bc=3.5657e-06  ic=0.0000e+00  fc=0.0000e+00
2026-05-28 15:07:58 [pinn_trainer][square][ak_k5][k=-][s=-] INFO L-BFGS  300/300  loss=7.8409e-05
2026-05-28 15:07:58 [pinn_trainer][square][ak_k5][k=-][s=-] INFO Training done in 44.1 s
2026-05-28 15:07:58 [adaptive_k][square][adaptive_k][k=adaptive][s=2] INFO   Win  9  k=5  [27.0→30.0 s]  interior_MAE=0.019°C  → k_next=5
2026-05-28 15:07:58 [adaptive_k][square][adaptive_k][k=adaptive][s=2] INFO AdaptiveK done | wins=9 | FEM_solves=9/60 | FEM_saving=85% | MAE=1.722°C | L2=0.0146 | t=419 s
2026-05-28 15:07:58 [adaptive_k][square][adaptive_k][k=adaptive][s=2] INFO k schedule: t=0.0s:k=1 → t=1.5s:k=1 → t=3.0s:k=1 → t=4.5s:k=1 → t=6.0s:k=2 → t=9.0s:k=3 → t=13.5s:k=4 → t=19.5s:k=5 → t=27.0s:k=5
2026-05-28 15:07:58 [adaptive_k][square][adaptive_k][k=adaptive][s=2] INFO Saved → /home/coder/NAS-PINNS1/thermal_pinn/quenching_mswp/results/adaptive_k/square/seed2_adaptive_nsga3_75
2026-05-28 15:07:59 [stage_adaptive_k][all][adaptive_k][k=-][s=-] INFO RESULT geo=square   seed=2 | MAE=1.722°C | L2=0.0146 | FEM_solves=9/60 | FEM_saving=85%
2026-05-28 15:07:59 [stage_adaptive_k][all][adaptive_k][k=-][s=-] INFO AdaptiveK | geo=square seed=3 arch=[75, 75, 75] thr_up=2.0 thr_dn=5.0
2026-05-28 15:07:59 [adaptive_k][square][adaptive_k][k=adaptive][s=3] INFO AdaptiveK | arch=[75, 75, 75] | k=[1..5] | thr_up=2.0°C thr_dn=5.0°C | fourier=False
2026-05-28 15:07:59 [pinn_trainer][square][ak_k1][k=-][s=-] INFO Training start: t=[0.0,1.5]s  epochs_adam=1000  epochs_lbfgs=300  params=11776
2026-05-28 15:08:01 [pinn_trainer][square][ak_k1][k=-][s=-] INFO Adam     1/1000  loss=2.3167e+02  pde=2.2845e+02  bc=6.4292e-01  ic=0.0000e+00  fc=0.0000e+00
2026-05-28 15:08:20 [pinn_trainer][square][ak_k1][k=-][s=-] INFO Adam   500/1000  loss=1.4185e+00  pde=6.2866e-01  bc=1.5796e-01  ic=0.0000e+00  fc=0.0000e+00
2026-05-28 15:08:38 [pinn_trainer][square][ak_k1][k=-][s=-] INFO Adam  1000/1000  loss=1.1239e+00  pde=5.0006e-01  bc=1.2477e-01  ic=0.0000e+00  fc=0.0000e+00
2026-05-28 15:08:47 [pinn_trainer][square][ak_k1][k=-][s=-] INFO L-BFGS  300/300  loss=1.2185e+00
2026-05-28 15:08:47 [pinn_trainer][square][ak_k1][k=-][s=-] INFO Training done in 48.1 s
2026-05-28 15:08:47 [adaptive_k][square][adaptive_k][k=adaptive][s=3] INFO   Win  1  k=1  [0.0→1.5 s]  interior_MAE=28.279°C  → k_next=1
2026-05-28 15:08:47 [pinn_trainer][square][ak_k1][k=-][s=-] INFO Training start: t=[1.5,3.0]s  epochs_adam=1000  epochs_lbfgs=300  params=11776
2026-05-28 15:08:49 [pinn_trainer][square][ak_k1][k=-][s=-] INFO Adam     1/1000  loss=8.6203e+01  pde=8.5063e+01  bc=2.2800e-01  ic=0.0000e+00  fc=0.0000e+00
2026-05-28 15:09:07 [pinn_trainer][square][ak_k1][k=-][s=-] INFO Adam   500/1000  loss=2.0579e-01  pde=1.1708e-01  bc=1.7741e-02  ic=0.0000e+00  fc=0.0000e+00
2026-05-28 15:09:25 [pinn_trainer][square][ak_k1][k=-][s=-] INFO Adam  1000/1000  loss=1.6250e-01  pde=9.2769e-02  bc=1.3946e-02  ic=0.0000e+00  fc=0.0000e+00
2026-05-28 15:09:34 [pinn_trainer][square][ak_k1][k=-][s=-] INFO L-BFGS  300/300  loss=1.6923e-01
2026-05-28 15:09:34 [pinn_trainer][square][ak_k1][k=-][s=-] INFO Training done in 47.2 s
2026-05-28 15:09:34 [adaptive_k][square][adaptive_k][k=adaptive][s=3] INFO   Win  2  k=1  [1.5→3.0 s]  interior_MAE=12.275°C  → k_next=1
2026-05-28 15:09:34 [pinn_trainer][square][ak_k1][k=-][s=-] INFO Training start: t=[3.0,4.5]s  epochs_adam=1000  epochs_lbfgs=300  params=11776
2026-05-28 15:09:36 [pinn_trainer][square][ak_k1][k=-][s=-] INFO Adam     1/1000  loss=2.3884e+02  pde=2.3112e+02  bc=1.5436e+00  ic=0.0000e+00  fc=0.0000e+00
2026-05-28 15:09:54 [pinn_trainer][square][ak_k1][k=-][s=-] INFO Adam   500/1000  loss=5.1258e-02  pde=3.7720e-02  bc=2.7076e-03  ic=0.0000e+00  fc=0.0000e+00
2026-05-28 15:10:12 [pinn_trainer][square][ak_k1][k=-][s=-] INFO Adam  1000/1000  loss=2.3676e-02  pde=1.3425e-02  bc=2.0501e-03  ic=0.0000e+00  fc=0.0000e+00
2026-05-28 15:10:21 [pinn_trainer][square][ak_k1][k=-][s=-] INFO L-BFGS  300/300  loss=2.4930e-02
2026-05-28 15:10:21 [pinn_trainer][square][ak_k1][k=-][s=-] INFO Training done in 47.2 s
2026-05-28 15:10:21 [adaptive_k][square][adaptive_k][k=adaptive][s=3] INFO   Win  3  k=1  [3.0→4.5 s]  interior_MAE=4.433°C  → k_next=1
2026-05-28 15:10:21 [pinn_trainer][square][ak_k1][k=-][s=-] INFO Training start: t=[4.5,6.0]s  epochs_adam=1000  epochs_lbfgs=300  params=11776
2026-05-28 15:10:23 [pinn_trainer][square][ak_k1][k=-][s=-] INFO Adam     1/1000  loss=8.2933e+01  pde=8.1922e+01  bc=2.0218e-01  ic=0.0000e+00  fc=0.0000e+00
2026-05-28 15:10:42 [pinn_trainer][square][ak_k1][k=-][s=-] INFO Adam   500/1000  loss=4.0084e-02  pde=3.6566e-02  bc=7.0358e-04  ic=0.0000e+00  fc=0.0000e+00
2026-05-28 15:11:00 [pinn_trainer][square][ak_k1][k=-][s=-] INFO Adam  1000/1000  loss=3.6269e-03  pde=2.1433e-03  bc=2.9672e-04  ic=0.0000e+00  fc=0.0000e+00
2026-05-28 15:11:09 [pinn_trainer][square][ak_k1][k=-][s=-] INFO L-BFGS  300/300  loss=3.7298e-03
2026-05-28 15:11:09 [pinn_trainer][square][ak_k1][k=-][s=-] INFO Training done in 47.7 s
2026-05-28 15:11:09 [adaptive_k][square][adaptive_k][k=adaptive][s=3] INFO   Win  4  k=1  [4.5→6.0 s]  interior_MAE=1.622°C  → k_next=2
2026-05-28 15:11:09 [pinn_trainer][square][ak_k2][k=-][s=-] INFO Training start: t=[6.0,9.0]s  epochs_adam=1000  epochs_lbfgs=300  params=11776
2026-05-28 15:11:11 [pinn_trainer][square][ak_k2][k=-][s=-] INFO Adam     1/1000  loss=4.0672e+01  pde=3.6030e+01  bc=9.2844e-01  ic=0.0000e+00  fc=0.0000e+00
2026-05-28 15:11:30 [pinn_trainer][square][ak_k2][k=-][s=-] INFO Adam   500/1000  loss=2.1138e-02  pde=1.9128e-02  bc=4.0189e-04  ic=0.0000e+00  fc=0.0000e+00
2026-05-28 15:11:49 [pinn_trainer][square][ak_k2][k=-][s=-] INFO Adam  1000/1000  loss=3.5129e-04  pde=1.1731e-04  bc=4.6797e-05  ic=0.0000e+00  fc=0.0000e+00
2026-05-28 15:11:58 [pinn_trainer][square][ak_k2][k=-][s=-] INFO L-BFGS  300/300  loss=3.8105e-04
2026-05-28 15:11:58 [pinn_trainer][square][ak_k2][k=-][s=-] INFO Training done in 48.6 s
2026-05-28 15:11:58 [adaptive_k][square][adaptive_k][k=adaptive][s=3] INFO   Win  5  k=2  [6.0→9.0 s]  interior_MAE=0.756°C  → k_next=3
2026-05-28 15:11:58 [pinn_trainer][square][ak_k3][k=-][s=-] INFO Training start: t=[9.0,13.5]s  epochs_adam=1000  epochs_lbfgs=300  params=11776
2026-05-28 15:12:00 [pinn_trainer][square][ak_k3][k=-][s=-] INFO Adam     1/1000  loss=3.3399e+01  pde=3.2269e+01  bc=2.2589e-01  ic=0.0000e+00  fc=0.0000e+00
2026-05-28 15:12:18 [pinn_trainer][square][ak_k3][k=-][s=-] INFO Adam   500/1000  loss=4.7534e-03  pde=3.9267e-03  bc=1.6534e-04  ic=0.0000e+00  fc=0.0000e+00
2026-05-28 15:12:36 [pinn_trainer][square][ak_k3][k=-][s=-] INFO Adam  1000/1000  loss=7.9747e-05  pde=5.7799e-05  bc=4.3895e-06  ic=0.0000e+00  fc=0.0000e+00
2026-05-28 15:12:42 [pinn_trainer][square][ak_k3][k=-][s=-] INFO L-BFGS  300/300  loss=7.9901e-05
2026-05-28 15:12:42 [pinn_trainer][square][ak_k3][k=-][s=-] INFO Training done in 44.3 s
2026-05-28 15:12:42 [adaptive_k][square][adaptive_k][k=adaptive][s=3] INFO   Win  6  k=3  [9.0→13.5 s]  interior_MAE=0.138°C  → k_next=4
2026-05-28 15:12:42 [pinn_trainer][square][ak_k4][k=-][s=-] INFO Training start: t=[13.5,19.5]s  epochs_adam=1000  epochs_lbfgs=300  params=11776
2026-05-28 15:12:44 [pinn_trainer][square][ak_k4][k=-][s=-] INFO Adam     1/1000  loss=5.5781e+01  pde=4.3124e+01  bc=2.5315e+00  ic=0.0000e+00  fc=0.0000e+00
2026-05-28 15:13:02 [pinn_trainer][square][ak_k4][k=-][s=-] INFO Adam   500/1000  loss=4.5754e-03  pde=4.1465e-03  bc=8.5780e-05  ic=0.0000e+00  fc=0.0000e+00
2026-05-28 15:13:21 [pinn_trainer][square][ak_k4][k=-][s=-] INFO Adam  1000/1000  loss=7.8953e-05  pde=5.5323e-05  bc=4.7259e-06  ic=0.0000e+00  fc=0.0000e+00
2026-05-28 15:13:27 [pinn_trainer][square][ak_k4][k=-][s=-] INFO L-BFGS  300/300  loss=7.2268e-05
2026-05-28 15:13:27 [pinn_trainer][square][ak_k4][k=-][s=-] INFO Training done in 45.0 s
2026-05-28 15:13:27 [adaptive_k][square][adaptive_k][k=adaptive][s=3] INFO   Win  7  k=4  [13.5→19.5 s]  interior_MAE=0.013°C  → k_next=5
2026-05-28 15:13:27 [pinn_trainer][square][ak_k5][k=-][s=-] INFO Training start: t=[19.5,27.0]s  epochs_adam=1000  epochs_lbfgs=300  params=11776
2026-05-28 15:13:29 [pinn_trainer][square][ak_k5][k=-][s=-] INFO Adam     1/1000  loss=2.7051e+01  pde=2.5082e+01  bc=3.9376e-01  ic=0.0000e+00  fc=0.0000e+00
2026-05-28 15:13:48 [pinn_trainer][square][ak_k5][k=-][s=-] INFO Adam   500/1000  loss=2.7790e-03  pde=1.9276e-03  bc=1.7028e-04  ic=0.0000e+00  fc=0.0000e+00
2026-05-28 15:14:06 [pinn_trainer][square][ak_k5][k=-][s=-] INFO Adam  1000/1000  loss=5.4755e-05  pde=3.8802e-05  bc=3.1906e-06  ic=0.0000e+00  fc=0.0000e+00
2026-05-28 15:14:15 [pinn_trainer][square][ak_k5][k=-][s=-] INFO L-BFGS  300/300  loss=5.6626e-05
2026-05-28 15:14:15 [pinn_trainer][square][ak_k5][k=-][s=-] INFO Training done in 47.8 s
2026-05-28 15:14:15 [adaptive_k][square][adaptive_k][k=adaptive][s=3] INFO   Win  8  k=5  [19.5→27.0 s]  interior_MAE=0.012°C  → k_next=5
2026-05-28 15:14:15 [pinn_trainer][square][ak_k5][k=-][s=-] INFO Training start: t=[27.0,30.0]s  epochs_adam=1000  epochs_lbfgs=300  params=11776
2026-05-28 15:14:17 [pinn_trainer][square][ak_k5][k=-][s=-] INFO Adam     1/1000  loss=1.7800e+01  pde=1.5086e+01  bc=5.4275e-01  ic=0.0000e+00  fc=0.0000e+00
2026-05-28 15:14:36 [pinn_trainer][square][ak_k5][k=-][s=-] INFO Adam   500/1000  loss=4.6148e-03  pde=3.9745e-03  bc=1.2806e-04  ic=0.0000e+00  fc=0.0000e+00
2026-05-28 15:14:54 [pinn_trainer][square][ak_k5][k=-][s=-] INFO Adam  1000/1000  loss=9.3706e-05  pde=7.6953e-05  bc=3.3506e-06  ic=0.0000e+00  fc=0.0000e+00
2026-05-28 15:15:03 [pinn_trainer][square][ak_k5][k=-][s=-] INFO L-BFGS  300/300  loss=8.6492e-05
2026-05-28 15:15:03 [pinn_trainer][square][ak_k5][k=-][s=-] INFO Training done in 48.0 s
2026-05-28 15:15:03 [adaptive_k][square][adaptive_k][k=adaptive][s=3] INFO   Win  9  k=5  [27.0→30.0 s]  interior_MAE=0.010°C  → k_next=5
2026-05-28 15:15:03 [adaptive_k][square][adaptive_k][k=adaptive][s=3] INFO AdaptiveK done | wins=9 | FEM_solves=9/60 | FEM_saving=85% | MAE=1.641°C | L2=0.0142 | t=424 s
2026-05-28 15:15:03 [adaptive_k][square][adaptive_k][k=adaptive][s=3] INFO k schedule: t=0.0s:k=1 → t=1.5s:k=1 → t=3.0s:k=1 → t=4.5s:k=1 → t=6.0s:k=2 → t=9.0s:k=3 → t=13.5s:k=4 → t=19.5s:k=5 → t=27.0s:k=5
2026-05-28 15:15:03 [adaptive_k][square][adaptive_k][k=adaptive][s=3] INFO Saved → /home/coder/NAS-PINNS1/thermal_pinn/quenching_mswp/results/adaptive_k/square/seed3_adaptive_nsga3_75
2026-05-28 15:15:03 [stage_adaptive_k][all][adaptive_k][k=-][s=-] INFO RESULT geo=square   seed=3 | MAE=1.641°C | L2=0.0142 | FEM_solves=9/60 | FEM_saving=85%
2026-05-28 15:15:03 [stage_adaptive_k][all][adaptive_k][k=-][s=-] INFO AdaptiveK | geo=square seed=4 arch=[75, 75, 75] thr_up=2.0 thr_dn=5.0
2026-05-28 15:15:03 [adaptive_k][square][adaptive_k][k=adaptive][s=4] INFO AdaptiveK | arch=[75, 75, 75] | k=[1..5] | thr_up=2.0°C thr_dn=5.0°C | fourier=False
2026-05-28 15:15:03 [pinn_trainer][square][ak_k1][k=-][s=-] INFO Training start: t=[0.0,1.5]s  epochs_adam=1000  epochs_lbfgs=300  params=11776
2026-05-28 15:15:05 [pinn_trainer][square][ak_k1][k=-][s=-] INFO Adam     1/1000  loss=2.4179e+02  pde=2.3596e+02  bc=1.1672e+00  ic=0.0000e+00  fc=0.0000e+00
2026-05-28 15:15:24 [pinn_trainer][square][ak_k1][k=-][s=-] INFO Adam   500/1000  loss=1.5232e+00  pde=7.2821e-01  bc=1.5900e-01  ic=0.0000e+00  fc=0.0000e+00
2026-05-28 15:15:43 [pinn_trainer][square][ak_k1][k=-][s=-] INFO Adam  1000/1000  loss=1.2394e+00  pde=6.0421e-01  bc=1.2703e-01  ic=0.0000e+00  fc=0.0000e+00
2026-05-28 15:15:52 [pinn_trainer][square][ak_k1][k=-][s=-] INFO L-BFGS  300/300  loss=1.3114e+00
2026-05-28 15:15:52 [pinn_trainer][square][ak_k1][k=-][s=-] INFO Training done in 48.1 s
2026-05-28 15:15:52 [adaptive_k][square][adaptive_k][k=adaptive][s=4] INFO   Win  1  k=1  [0.0→1.5 s]  interior_MAE=29.302°C  → k_next=1
2026-05-28 15:15:52 [pinn_trainer][square][ak_k1][k=-][s=-] INFO Training start: t=[1.5,3.0]s  epochs_adam=1000  epochs_lbfgs=300  params=11776
2026-05-28 15:15:54 [pinn_trainer][square][ak_k1][k=-][s=-] INFO Adam     1/1000  loss=1.3843e+02  pde=1.3373e+02  bc=9.3970e-01  ic=0.0000e+00  fc=0.0000e+00
2026-05-28 15:16:12 [pinn_trainer][square][ak_k1][k=-][s=-] INFO Adam   500/1000  loss=3.1084e-01  pde=2.1779e-01  bc=1.8609e-02  ic=0.0000e+00  fc=0.0000e+00
2026-05-28 15:16:31 [pinn_trainer][square][ak_k1][k=-][s=-] INFO Adam  1000/1000  loss=1.6215e-01  pde=9.2639e-02  bc=1.3903e-02  ic=0.0000e+00  fc=0.0000e+00
2026-05-28 15:16:40 [pinn_trainer][square][ak_k1][k=-][s=-] INFO L-BFGS  300/300  loss=1.7005e-01
2026-05-28 15:16:40 [pinn_trainer][square][ak_k1][k=-][s=-] INFO Training done in 48.7 s
2026-05-28 15:16:40 [adaptive_k][square][adaptive_k][k=adaptive][s=4] INFO   Win  2  k=1  [1.5→3.0 s]  interior_MAE=12.397°C  → k_next=1
2026-05-28 15:16:40 [pinn_trainer][square][ak_k1][k=-][s=-] INFO Training start: t=[3.0,4.5]s  epochs_adam=1000  epochs_lbfgs=300  params=11776
2026-05-28 15:16:42 [pinn_trainer][square][ak_k1][k=-][s=-] INFO Adam     1/1000  loss=2.1333e+02  pde=2.0701e+02  bc=1.2645e+00  ic=0.0000e+00  fc=0.0000e+00
2026-05-28 15:17:01 [pinn_trainer][square][ak_k1][k=-][s=-] INFO Adam   500/1000  loss=7.3541e-02  pde=6.0321e-02  bc=2.6441e-03  ic=0.0000e+00  fc=0.0000e+00
2026-05-28 15:17:20 [pinn_trainer][square][ak_k1][k=-][s=-] INFO Adam  1000/1000  loss=2.6981e-02  pde=1.7062e-02  bc=1.9836e-03  ic=0.0000e+00  fc=0.0000e+00
2026-05-28 15:17:29 [pinn_trainer][square][ak_k1][k=-][s=-] INFO L-BFGS  300/300  loss=2.7464e-02
2026-05-28 15:17:29 [pinn_trainer][square][ak_k1][k=-][s=-] INFO Training done in 49.1 s
2026-05-28 15:17:29 [adaptive_k][square][adaptive_k][k=adaptive][s=4] INFO   Win  3  k=1  [3.0→4.5 s]  interior_MAE=4.375°C  → k_next=1
2026-05-28 15:17:29 [pinn_trainer][square][ak_k1][k=-][s=-] INFO Training start: t=[4.5,6.0]s  epochs_adam=1000  epochs_lbfgs=300  params=11776
2026-05-28 15:17:31 [pinn_trainer][square][ak_k1][k=-][s=-] INFO Adam     1/1000  loss=2.2426e+02  pde=2.1417e+02  bc=2.0175e+00  ic=0.0000e+00  fc=0.0000e+00
2026-05-28 15:17:50 [pinn_trainer][square][ak_k1][k=-][s=-] INFO Adam   500/1000  loss=1.8975e-02  pde=1.7100e-02  bc=3.7496e-04  ic=0.0000e+00  fc=0.0000e+00
2026-05-28 15:18:09 [pinn_trainer][square][ak_k1][k=-][s=-] INFO Adam  1000/1000  loss=3.6111e-03  pde=2.2172e-03  bc=2.7877e-04  ic=0.0000e+00  fc=0.0000e+00
2026-05-28 15:18:18 [pinn_trainer][square][ak_k1][k=-][s=-] INFO L-BFGS  300/300  loss=3.6818e-03
2026-05-28 15:18:18 [pinn_trainer][square][ak_k1][k=-][s=-] INFO Training done in 48.3 s
2026-05-28 15:18:18 [adaptive_k][square][adaptive_k][k=adaptive][s=4] INFO   Win  4  k=1  [4.5→6.0 s]  interior_MAE=1.496°C  → k_next=2
2026-05-28 15:18:18 [pinn_trainer][square][ak_k2][k=-][s=-] INFO Training start: t=[6.0,9.0]s  epochs_adam=1000  epochs_lbfgs=300  params=11776
2026-05-28 15:18:20 [pinn_trainer][square][ak_k2][k=-][s=-] INFO Adam     1/1000  loss=3.6541e+01  pde=3.4752e+01  bc=3.5768e-01  ic=0.0000e+00  fc=0.0000e+00
2026-05-28 15:18:38 [pinn_trainer][square][ak_k2][k=-][s=-] INFO Adam   500/1000  loss=4.5587e-03  pde=3.9099e-03  bc=1.2976e-04  ic=0.0000e+00  fc=0.0000e+00
2026-05-28 15:18:57 [pinn_trainer][square][ak_k2][k=-][s=-] INFO Adam  1000/1000  loss=3.6341e-04  pde=1.5321e-04  bc=4.2038e-05  ic=0.0000e+00  fc=0.0000e+00
2026-05-28 15:19:06 [pinn_trainer][square][ak_k2][k=-][s=-] INFO L-BFGS  300/300  loss=3.9492e-04
2026-05-28 15:19:06 [pinn_trainer][square][ak_k2][k=-][s=-] INFO Training done in 48.2 s
2026-05-28 15:19:06 [adaptive_k][square][adaptive_k][k=adaptive][s=4] INFO   Win  5  k=2  [6.0→9.0 s]  interior_MAE=0.736°C  → k_next=3
2026-05-28 15:19:06 [pinn_trainer][square][ak_k3][k=-][s=-] INFO Training start: t=[9.0,13.5]s  epochs_adam=1000  epochs_lbfgs=300  params=11776
2026-05-28 15:19:08 [pinn_trainer][square][ak_k3][k=-][s=-] INFO Adam     1/1000  loss=4.8504e+00  pde=4.5577e+00  bc=5.8541e-02  ic=0.0000e+00  fc=0.0000e+00
2026-05-28 15:19:26 [pinn_trainer][square][ak_k3][k=-][s=-] INFO Adam   500/1000  loss=4.5705e-03  pde=4.1028e-03  bc=9.3530e-05  ic=0.0000e+00  fc=0.0000e+00
2026-05-28 15:19:45 [pinn_trainer][square][ak_k3][k=-][s=-] INFO Adam  1000/1000  loss=1.6669e-04  pde=1.0485e-04  bc=1.2367e-05  ic=0.0000e+00  fc=0.0000e+00
2026-05-28 15:19:51 [pinn_trainer][square][ak_k3][k=-][s=-] INFO L-BFGS  300/300  loss=1.5687e-04
2026-05-28 15:19:51 [pinn_trainer][square][ak_k3][k=-][s=-] INFO Training done in 44.7 s
2026-05-28 15:19:51 [adaptive_k][square][adaptive_k][k=adaptive][s=4] INFO   Win  6  k=3  [9.0→13.5 s]  interior_MAE=0.120°C  → k_next=4
2026-05-28 15:19:51 [pinn_trainer][square][ak_k4][k=-][s=-] INFO Training start: t=[13.5,19.5]s  epochs_adam=1000  epochs_lbfgs=300  params=11776
2026-05-28 15:19:53 [pinn_trainer][square][ak_k4][k=-][s=-] INFO Adam     1/1000  loss=1.0261e+01  pde=9.8490e+00  bc=8.2326e-02  ic=0.0000e+00  fc=0.0000e+00
2026-05-28 15:20:11 [pinn_trainer][square][ak_k4][k=-][s=-] INFO Adam   500/1000  loss=4.3779e-03  pde=4.0709e-03  bc=6.1412e-05  ic=0.0000e+00  fc=0.0000e+00
2026-05-28 15:20:30 [pinn_trainer][square][ak_k4][k=-][s=-] INFO Adam  1000/1000  loss=5.9634e-05  pde=4.0606e-05  bc=3.8057e-06  ic=0.0000e+00  fc=0.0000e+00
2026-05-28 15:20:37 [pinn_trainer][square][ak_k4][k=-][s=-] INFO L-BFGS  300/300  loss=5.9736e-05
2026-05-28 15:20:37 [pinn_trainer][square][ak_k4][k=-][s=-] INFO Training done in 46.5 s
2026-05-28 15:20:37 [adaptive_k][square][adaptive_k][k=adaptive][s=4] INFO   Win  7  k=4  [13.5→19.5 s]  interior_MAE=0.035°C  → k_next=5
2026-05-28 15:20:37 [pinn_trainer][square][ak_k5][k=-][s=-] INFO Training start: t=[19.5,27.0]s  epochs_adam=1000  epochs_lbfgs=300  params=11776
2026-05-28 15:20:39 [pinn_trainer][square][ak_k5][k=-][s=-] INFO Adam     1/1000  loss=2.1548e+02  pde=1.9573e+02  bc=3.9511e+00  ic=0.0000e+00  fc=0.0000e+00
2026-05-28 15:20:58 [pinn_trainer][square][ak_k5][k=-][s=-] INFO Adam   500/1000  loss=2.7808e-03  pde=2.0549e-03  bc=1.4517e-04  ic=0.0000e+00  fc=0.0000e+00
2026-05-28 15:21:16 [pinn_trainer][square][ak_k5][k=-][s=-] INFO Adam  1000/1000  loss=1.8046e-05  pde=1.4259e-05  bc=7.5745e-07  ic=0.0000e+00  fc=0.0000e+00
2026-05-28 15:21:21 [pinn_trainer][square][ak_k5][k=-][s=-] INFO L-BFGS  300/300  loss=1.8121e-05
2026-05-28 15:21:21 [pinn_trainer][square][ak_k5][k=-][s=-] INFO Training done in 43.6 s
2026-05-28 15:21:21 [adaptive_k][square][adaptive_k][k=adaptive][s=4] INFO   Win  8  k=5  [19.5→27.0 s]  interior_MAE=0.041°C  → k_next=5
2026-05-28 15:21:21 [pinn_trainer][square][ak_k5][k=-][s=-] INFO Training start: t=[27.0,30.0]s  epochs_adam=1000  epochs_lbfgs=300  params=11776
2026-05-28 15:21:23 [pinn_trainer][square][ak_k5][k=-][s=-] INFO Adam     1/1000  loss=8.4948e+01  pde=7.6138e+01  bc=1.7620e+00  ic=0.0000e+00  fc=0.0000e+00
2026-05-28 15:21:41 [pinn_trainer][square][ak_k5][k=-][s=-] INFO Adam   500/1000  loss=6.3899e-03  pde=6.3221e-03  bc=1.3562e-05  ic=0.0000e+00  fc=0.0000e+00
2026-05-28 15:22:00 [pinn_trainer][square][ak_k5][k=-][s=-] INFO Adam  1000/1000  loss=7.7796e-05  pde=6.7305e-05  bc=2.0981e-06  ic=0.0000e+00  fc=0.0000e+00
2026-05-28 15:22:07 [pinn_trainer][square][ak_k5][k=-][s=-] INFO L-BFGS  300/300  loss=7.1580e-05
2026-05-28 15:22:07 [pinn_trainer][square][ak_k5][k=-][s=-] INFO Training done in 46.0 s
2026-05-28 15:22:07 [adaptive_k][square][adaptive_k][k=adaptive][s=4] INFO   Win  9  k=5  [27.0→30.0 s]  interior_MAE=0.028°C  → k_next=5
2026-05-28 15:22:07 [adaptive_k][square][adaptive_k][k=adaptive][s=4] INFO AdaptiveK done | wins=9 | FEM_solves=9/60 | FEM_saving=85% | MAE=1.681°C | L2=0.0146 | t=423 s
2026-05-28 15:22:07 [adaptive_k][square][adaptive_k][k=adaptive][s=4] INFO k schedule: t=0.0s:k=1 → t=1.5s:k=1 → t=3.0s:k=1 → t=4.5s:k=1 → t=6.0s:k=2 → t=9.0s:k=3 → t=13.5s:k=4 → t=19.5s:k=5 → t=27.0s:k=5
2026-05-28 15:22:07 [adaptive_k][square][adaptive_k][k=adaptive][s=4] INFO Saved → /home/coder/NAS-PINNS1/thermal_pinn/quenching_mswp/results/adaptive_k/square/seed4_adaptive_nsga3_75
2026-05-28 15:22:07 [stage_adaptive_k][all][adaptive_k][k=-][s=-] INFO RESULT geo=square   seed=4 | MAE=1.681°C | L2=0.0146 | FEM_solves=9/60 | FEM_saving=85%
2026-05-28 15:22:07 [stage_adaptive_k][all][adaptive_k][k=-][s=-] INFO AdaptiveK | geo=square seed=5 arch=[75, 75, 75] thr_up=2.0 thr_dn=5.0
2026-05-28 15:22:07 [adaptive_k][square][adaptive_k][k=adaptive][s=5] INFO AdaptiveK | arch=[75, 75, 75] | k=[1..5] | thr_up=2.0°C thr_dn=5.0°C | fourier=False
2026-05-28 15:22:07 [pinn_trainer][square][ak_k1][k=-][s=-] INFO Training start: t=[0.0,1.5]s  epochs_adam=1000  epochs_lbfgs=300  params=11776
2026-05-28 15:22:09 [pinn_trainer][square][ak_k1][k=-][s=-] INFO Adam     1/1000  loss=2.6732e+02  pde=2.6375e+02  bc=7.1306e-01  ic=0.0000e+00  fc=0.0000e+00
2026-05-28 15:22:28 [pinn_trainer][square][ak_k1][k=-][s=-] INFO Adam   500/1000  loss=1.6744e+00  pde=8.8829e-01  bc=1.5722e-01  ic=0.0000e+00  fc=0.0000e+00
2026-05-28 15:22:47 [pinn_trainer][square][ak_k1][k=-][s=-] INFO Adam  1000/1000  loss=1.2192e+00  pde=5.8381e-01  bc=1.2707e-01  ic=0.0000e+00  fc=0.0000e+00
2026-05-28 15:22:56 [pinn_trainer][square][ak_k1][k=-][s=-] INFO L-BFGS  300/300  loss=1.2891e+00
2026-05-28 15:22:56 [pinn_trainer][square][ak_k1][k=-][s=-] INFO Training done in 48.2 s
2026-05-28 15:22:56 [adaptive_k][square][adaptive_k][k=adaptive][s=5] INFO   Win  1  k=1  [0.0→1.5 s]  interior_MAE=32.122°C  → k_next=1
2026-05-28 15:22:56 [pinn_trainer][square][ak_k1][k=-][s=-] INFO Training start: t=[1.5,3.0]s  epochs_adam=1000  epochs_lbfgs=300  params=11776
2026-05-28 15:22:58 [pinn_trainer][square][ak_k1][k=-][s=-] INFO Adam     1/1000  loss=1.2290e+02  pde=1.1745e+02  bc=1.0891e+00  ic=0.0000e+00  fc=0.0000e+00
2026-05-28 15:23:16 [pinn_trainer][square][ak_k1][k=-][s=-] INFO Adam   500/1000  loss=3.5803e-01  pde=2.6219e-01  bc=1.9169e-02  ic=0.0000e+00  fc=0.0000e+00
2026-05-28 15:23:35 [pinn_trainer][square][ak_k1][k=-][s=-] INFO Adam  1000/1000  loss=1.5321e-01  pde=8.5049e-02  bc=1.3633e-02  ic=0.0000e+00  fc=0.0000e+00
2026-05-28 15:23:44 [pinn_trainer][square][ak_k1][k=-][s=-] INFO L-BFGS  300/300  loss=1.6026e-01
2026-05-28 15:23:44 [pinn_trainer][square][ak_k1][k=-][s=-] INFO Training done in 48.7 s
2026-05-28 15:23:44 [adaptive_k][square][adaptive_k][k=adaptive][s=5] INFO   Win  2  k=1  [1.5→3.0 s]  interior_MAE=11.693°C  → k_next=1
2026-05-28 15:23:44 [pinn_trainer][square][ak_k1][k=-][s=-] INFO Training start: t=[3.0,4.5]s  epochs_adam=1000  epochs_lbfgs=300  params=11776
2026-05-28 15:23:46 [pinn_trainer][square][ak_k1][k=-][s=-] INFO Adam     1/1000  loss=1.1549e+02  pde=1.1107e+02  bc=8.8522e-01  ic=0.0000e+00  fc=0.0000e+00
2026-05-28 15:24:05 [pinn_trainer][square][ak_k1][k=-][s=-] INFO Adam   500/1000  loss=4.7860e-02  pde=3.4783e-02  bc=2.6155e-03  ic=0.0000e+00  fc=0.0000e+00
2026-05-28 15:24:24 [pinn_trainer][square][ak_k1][k=-][s=-] INFO Adam  1000/1000  loss=2.8314e-02  pde=1.6773e-02  bc=2.3083e-03  ic=0.0000e+00  fc=0.0000e+00
2026-05-28 15:24:33 [pinn_trainer][square][ak_k1][k=-][s=-] INFO L-BFGS  300/300  loss=2.8419e-02
2026-05-28 15:24:33 [pinn_trainer][square][ak_k1][k=-][s=-] INFO Training done in 48.7 s
2026-05-28 15:24:33 [adaptive_k][square][adaptive_k][k=adaptive][s=5] INFO   Win  3  k=1  [3.0→4.5 s]  interior_MAE=4.549°C  → k_next=1
2026-05-28 15:24:33 [pinn_trainer][square][ak_k1][k=-][s=-] INFO Training start: t=[4.5,6.0]s  epochs_adam=1000  epochs_lbfgs=300  params=11776
2026-05-28 15:24:35 [pinn_trainer][square][ak_k1][k=-][s=-] INFO Adam     1/1000  loss=7.7544e+01  pde=7.7404e+01  bc=2.7918e-02  ic=0.0000e+00  fc=0.0000e+00
2026-05-28 15:24:54 [pinn_trainer][square][ak_k1][k=-][s=-] INFO Adam   500/1000  loss=2.4961e-02  pde=2.2451e-02  bc=5.0197e-04  ic=0.0000e+00  fc=0.0000e+00
2026-05-28 15:25:12 [pinn_trainer][square][ak_k1][k=-][s=-] INFO Adam  1000/1000  loss=3.6294e-03  pde=2.1900e-03  bc=2.8788e-04  ic=0.0000e+00  fc=0.0000e+00
2026-05-28 15:25:21 [pinn_trainer][square][ak_k1][k=-][s=-] INFO L-BFGS  300/300  loss=3.7250e-03
2026-05-28 15:25:21 [pinn_trainer][square][ak_k1][k=-][s=-] INFO Training done in 48.4 s
2026-05-28 15:25:21 [adaptive_k][square][adaptive_k][k=adaptive][s=5] INFO   Win  4  k=1  [4.5→6.0 s]  interior_MAE=1.504°C  → k_next=2
2026-05-28 15:25:21 [pinn_trainer][square][ak_k2][k=-][s=-] INFO Training start: t=[6.0,9.0]s  epochs_adam=1000  epochs_lbfgs=300  params=11776
2026-05-28 15:25:23 [pinn_trainer][square][ak_k2][k=-][s=-] INFO Adam     1/1000  loss=2.2578e+01  pde=1.9673e+01  bc=5.8101e-01  ic=0.0000e+00  fc=0.0000e+00
2026-05-28 15:25:42 [pinn_trainer][square][ak_k2][k=-][s=-] INFO Adam   500/1000  loss=3.4519e-03  pde=2.9150e-03  bc=1.0738e-04  ic=0.0000e+00  fc=0.0000e+00
2026-05-28 15:26:01 [pinn_trainer][square][ak_k2][k=-][s=-] INFO Adam  1000/1000  loss=4.1291e-04  pde=2.1368e-04  bc=3.9846e-05  ic=0.0000e+00  fc=0.0000e+00
2026-05-28 15:26:10 [pinn_trainer][square][ak_k2][k=-][s=-] INFO L-BFGS  300/300  loss=4.5163e-04
2026-05-28 15:26:10 [pinn_trainer][square][ak_k2][k=-][s=-] INFO Training done in 48.5 s
2026-05-28 15:26:10 [adaptive_k][square][adaptive_k][k=adaptive][s=5] INFO   Win  5  k=2  [6.0→9.0 s]  interior_MAE=0.734°C  → k_next=3
2026-05-28 15:26:10 [pinn_trainer][square][ak_k3][k=-][s=-] INFO Training start: t=[9.0,13.5]s  epochs_adam=1000  epochs_lbfgs=300  params=11776
2026-05-28 15:26:12 [pinn_trainer][square][ak_k3][k=-][s=-] INFO Adam     1/1000  loss=1.1155e+01  pde=1.1032e+01  bc=2.4511e-02  ic=0.0000e+00  fc=0.0000e+00
2026-05-28 15:26:31 [pinn_trainer][square][ak_k3][k=-][s=-] INFO Adam   500/1000  loss=5.1395e-03  pde=4.1793e-03  bc=1.9203e-04  ic=0.0000e+00  fc=0.0000e+00
2026-05-28 15:26:49 [pinn_trainer][square][ak_k3][k=-][s=-] INFO Adam  1000/1000  loss=1.4709e-04  pde=1.0511e-04  bc=8.3967e-06  ic=0.0000e+00  fc=0.0000e+00
2026-05-28 15:26:59 [pinn_trainer][square][ak_k3][k=-][s=-] INFO L-BFGS  300/300  loss=1.5077e-04
2026-05-28 15:26:59 [pinn_trainer][square][ak_k3][k=-][s=-] INFO Training done in 48.8 s
2026-05-28 15:26:59 [adaptive_k][square][adaptive_k][k=adaptive][s=5] INFO   Win  6  k=3  [9.0→13.5 s]  interior_MAE=0.121°C  → k_next=4
2026-05-28 15:26:59 [pinn_trainer][square][ak_k4][k=-][s=-] INFO Training start: t=[13.5,19.5]s  epochs_adam=1000  epochs_lbfgs=300  params=11776
2026-05-28 15:27:01 [pinn_trainer][square][ak_k4][k=-][s=-] INFO Adam     1/1000  loss=4.1744e+01  pde=3.6509e+01  bc=1.0471e+00  ic=0.0000e+00  fc=0.0000e+00
2026-05-28 15:27:20 [pinn_trainer][square][ak_k4][k=-][s=-] INFO Adam   500/1000  loss=1.6326e-03  pde=1.2065e-03  bc=8.5223e-05  ic=0.0000e+00  fc=0.0000e+00
2026-05-28 15:27:38 [pinn_trainer][square][ak_k4][k=-][s=-] INFO Adam  1000/1000  loss=2.9460e-05  pde=2.2813e-05  bc=1.3293e-06  ic=0.0000e+00  fc=0.0000e+00
2026-05-28 15:27:45 [pinn_trainer][square][ak_k4][k=-][s=-] INFO L-BFGS  300/300  loss=2.8596e-05
2026-05-28 15:27:45 [pinn_trainer][square][ak_k4][k=-][s=-] INFO Training done in 46.4 s
2026-05-28 15:27:45 [adaptive_k][square][adaptive_k][k=adaptive][s=5] INFO   Win  7  k=4  [13.5→19.5 s]  interior_MAE=0.019°C  → k_next=5
2026-05-28 15:27:45 [pinn_trainer][square][ak_k5][k=-][s=-] INFO Training start: t=[19.5,27.0]s  epochs_adam=1000  epochs_lbfgs=300  params=11776
2026-05-28 15:27:47 [pinn_trainer][square][ak_k5][k=-][s=-] INFO Adam     1/1000  loss=6.4595e+01  pde=5.8878e+01  bc=1.1433e+00  ic=0.0000e+00  fc=0.0000e+00
2026-05-28 15:28:06 [pinn_trainer][square][ak_k5][k=-][s=-] INFO Adam   500/1000  loss=2.0404e-03  pde=1.5349e-03  bc=1.0110e-04  ic=0.0000e+00  fc=0.0000e+00
2026-05-28 15:28:24 [pinn_trainer][square][ak_k5][k=-][s=-] INFO Adam  1000/1000  loss=6.5587e-05  pde=4.1705e-05  bc=4.7764e-06  ic=0.0000e+00  fc=0.0000e+00
2026-05-28 15:28:30 [pinn_trainer][square][ak_k5][k=-][s=-] INFO L-BFGS  300/300  loss=6.2271e-05
2026-05-28 15:28:30 [pinn_trainer][square][ak_k5][k=-][s=-] INFO Training done in 44.7 s
2026-05-28 15:28:30 [adaptive_k][square][adaptive_k][k=adaptive][s=5] INFO   Win  8  k=5  [19.5→27.0 s]  interior_MAE=0.037°C  → k_next=5
2026-05-28 15:28:30 [pinn_trainer][square][ak_k5][k=-][s=-] INFO Training start: t=[27.0,30.0]s  epochs_adam=1000  epochs_lbfgs=300  params=11776
2026-05-28 15:28:32 [pinn_trainer][square][ak_k5][k=-][s=-] INFO Adam     1/1000  loss=3.2723e+01  pde=2.9421e+01  bc=6.6031e-01  ic=0.0000e+00  fc=0.0000e+00
2026-05-28 15:28:50 [pinn_trainer][square][ak_k5][k=-][s=-] INFO Adam   500/1000  loss=6.0920e-03  pde=5.4154e-03  bc=1.3533e-04  ic=0.0000e+00  fc=0.0000e+00
2026-05-28 15:29:09 [pinn_trainer][square][ak_k5][k=-][s=-] INFO Adam  1000/1000  loss=1.4353e-04  pde=9.8963e-05  bc=8.9132e-06  ic=0.0000e+00  fc=0.0000e+00
2026-05-28 15:29:15 [pinn_trainer][square][ak_k5][k=-][s=-] INFO L-BFGS  300/300  loss=1.4095e-04
2026-05-28 15:29:15 [pinn_trainer][square][ak_k5][k=-][s=-] INFO Training done in 45.1 s
2026-05-28 15:29:15 [adaptive_k][square][adaptive_k][k=adaptive][s=5] INFO   Win  9  k=5  [27.0→30.0 s]  interior_MAE=0.054°C  → k_next=5
2026-05-28 15:29:15 [adaptive_k][square][adaptive_k][k=adaptive][s=5] INFO AdaptiveK done | wins=9 | FEM_solves=9/60 | FEM_saving=85% | MAE=1.756°C | L2=0.0147 | t=428 s
2026-05-28 15:29:15 [adaptive_k][square][adaptive_k][k=adaptive][s=5] INFO k schedule: t=0.0s:k=1 → t=1.5s:k=1 → t=3.0s:k=1 → t=4.5s:k=1 → t=6.0s:k=2 → t=9.0s:k=3 → t=13.5s:k=4 → t=19.5s:k=5 → t=27.0s:k=5
2026-05-28 15:29:15 [adaptive_k][square][adaptive_k][k=adaptive][s=5] INFO Saved → /home/coder/NAS-PINNS1/thermal_pinn/quenching_mswp/results/adaptive_k/square/seed5_adaptive_nsga3_75
2026-05-28 15:29:16 [stage_adaptive_k][all][adaptive_k][k=-][s=-] INFO RESULT geo=square   seed=5 | MAE=1.756°C | L2=0.0147 | FEM_solves=9/60 | FEM_saving=85%
2026-05-28 15:29:16 [stage_adaptive_k][all][adaptive_k][k=-][s=-] INFO AdaptiveK | geo=square seed=6 arch=[75, 75, 75] thr_up=2.0 thr_dn=5.0
2026-05-28 15:29:16 [adaptive_k][square][adaptive_k][k=adaptive][s=6] INFO AdaptiveK | arch=[75, 75, 75] | k=[1..5] | thr_up=2.0°C thr_dn=5.0°C | fourier=False
2026-05-28 15:29:16 [pinn_trainer][square][ak_k1][k=-][s=-] INFO Training start: t=[0.0,1.5]s  epochs_adam=1000  epochs_lbfgs=300  params=11776
2026-05-28 15:29:18 [pinn_trainer][square][ak_k1][k=-][s=-] INFO Adam     1/1000  loss=2.6352e+02  pde=2.5636e+02  bc=1.4329e+00  ic=0.0000e+00  fc=0.0000e+00
2026-05-28 15:29:36 [pinn_trainer][square][ak_k1][k=-][s=-] INFO Adam   500/1000  loss=1.6478e+00  pde=8.5977e-01  bc=1.5761e-01  ic=0.0000e+00  fc=0.0000e+00
2026-05-28 15:29:54 [pinn_trainer][square][ak_k1][k=-][s=-] INFO Adam  1000/1000  loss=1.2231e+00  pde=5.5746e-01  bc=1.3313e-01  ic=0.0000e+00  fc=0.0000e+00
2026-05-28 15:30:03 [pinn_trainer][square][ak_k1][k=-][s=-] INFO L-BFGS  300/300  loss=1.2940e+00
2026-05-28 15:30:03 [pinn_trainer][square][ak_k1][k=-][s=-] INFO Training done in 47.7 s
2026-05-28 15:30:03 [adaptive_k][square][adaptive_k][k=adaptive][s=6] INFO   Win  1  k=1  [0.0→1.5 s]  interior_MAE=29.988°C  → k_next=1
2026-05-28 15:30:03 [pinn_trainer][square][ak_k1][k=-][s=-] INFO Training start: t=[1.5,3.0]s  epochs_adam=1000  epochs_lbfgs=300  params=11776
2026-05-28 15:30:05 [pinn_trainer][square][ak_k1][k=-][s=-] INFO Adam     1/1000  loss=9.4123e+01  pde=8.9763e+01  bc=8.7198e-01  ic=0.0000e+00  fc=0.0000e+00
2026-05-28 15:30:24 [pinn_trainer][square][ak_k1][k=-][s=-] INFO Adam   500/1000  loss=2.2675e-01  pde=1.2787e-01  bc=1.9776e-02  ic=0.0000e+00  fc=0.0000e+00
2026-05-28 15:30:43 [pinn_trainer][square][ak_k1][k=-][s=-] INFO Adam  1000/1000  loss=1.7064e-01  pde=9.6783e-02  bc=1.4771e-02  ic=0.0000e+00  fc=0.0000e+00
2026-05-28 15:30:52 [pinn_trainer][square][ak_k1][k=-][s=-] INFO L-BFGS  300/300  loss=1.7963e-01
2026-05-28 15:30:52 [pinn_trainer][square][ak_k1][k=-][s=-] INFO Training done in 48.6 s
2026-05-28 15:30:52 [adaptive_k][square][adaptive_k][k=adaptive][s=6] INFO   Win  2  k=1  [1.5→3.0 s]  interior_MAE=12.334°C  → k_next=1
2026-05-28 15:30:52 [pinn_trainer][square][ak_k1][k=-][s=-] INFO Training start: t=[3.0,4.5]s  epochs_adam=1000  epochs_lbfgs=300  params=11776
2026-05-28 15:30:54 [pinn_trainer][square][ak_k1][k=-][s=-] INFO Adam     1/1000  loss=4.9532e+01  pde=4.6867e+01  bc=5.3301e-01  ic=0.0000e+00  fc=0.0000e+00
2026-05-28 15:31:12 [pinn_trainer][square][ak_k1][k=-][s=-] INFO Adam   500/1000  loss=1.7088e-01  pde=1.5394e-01  bc=3.3879e-03  ic=0.0000e+00  fc=0.0000e+00
2026-05-28 15:31:31 [pinn_trainer][square][ak_k1][k=-][s=-] INFO Adam  1000/1000  loss=2.3513e-02  pde=1.3387e-02  bc=2.0252e-03  ic=0.0000e+00  fc=0.0000e+00
2026-05-28 15:31:40 [pinn_trainer][square][ak_k1][k=-][s=-] INFO L-BFGS  300/300  loss=2.4548e-02
2026-05-28 15:31:40 [pinn_trainer][square][ak_k1][k=-][s=-] INFO Training done in 48.1 s
2026-05-28 15:31:40 [adaptive_k][square][adaptive_k][k=adaptive][s=6] INFO   Win  3  k=1  [3.0→4.5 s]  interior_MAE=4.487°C  → k_next=1
2026-05-28 15:31:40 [pinn_trainer][square][ak_k1][k=-][s=-] INFO Training start: t=[4.5,6.0]s  epochs_adam=1000  epochs_lbfgs=300  params=11776
2026-05-28 15:31:42 [pinn_trainer][square][ak_k1][k=-][s=-] INFO Adam     1/1000  loss=4.8658e+02  pde=4.6657e+02  bc=4.0013e+00  ic=0.0000e+00  fc=0.0000e+00
2026-05-28 15:32:01 [pinn_trainer][square][ak_k1][k=-][s=-] INFO Adam   500/1000  loss=1.6804e-02  pde=1.4918e-02  bc=3.7716e-04  ic=0.0000e+00  fc=0.0000e+00
2026-05-28 15:32:19 [pinn_trainer][square][ak_k1][k=-][s=-] INFO Adam  1000/1000  loss=4.2791e-03  pde=3.0696e-03  bc=2.4191e-04  ic=0.0000e+00  fc=0.0000e+00
2026-05-28 15:32:29 [pinn_trainer][square][ak_k1][k=-][s=-] INFO L-BFGS  300/300  loss=4.3199e-03
2026-05-28 15:32:29 [pinn_trainer][square][ak_k1][k=-][s=-] INFO Training done in 48.7 s
2026-05-28 15:32:29 [adaptive_k][square][adaptive_k][k=adaptive][s=6] INFO   Win  4  k=1  [4.5→6.0 s]  interior_MAE=1.541°C  → k_next=2
2026-05-28 15:32:29 [pinn_trainer][square][ak_k2][k=-][s=-] INFO Training start: t=[6.0,9.0]s  epochs_adam=1000  epochs_lbfgs=300  params=11776
2026-05-28 15:32:31 [pinn_trainer][square][ak_k2][k=-][s=-] INFO Adam     1/1000  loss=2.3222e+01  pde=2.1066e+01  bc=4.3125e-01  ic=0.0000e+00  fc=0.0000e+00
2026-05-28 15:32:49 [pinn_trainer][square][ak_k2][k=-][s=-] INFO Adam   500/1000  loss=3.5837e-02  pde=3.3260e-02  bc=5.1539e-04  ic=0.0000e+00  fc=0.0000e+00
2026-05-28 15:33:08 [pinn_trainer][square][ak_k2][k=-][s=-] INFO Adam  1000/1000  loss=3.3589e-04  pde=1.0848e-04  bc=4.5481e-05  ic=0.0000e+00  fc=0.0000e+00
2026-05-28 15:33:16 [pinn_trainer][square][ak_k2][k=-][s=-] INFO L-BFGS  300/300  loss=3.6921e-04
2026-05-28 15:33:16 [pinn_trainer][square][ak_k2][k=-][s=-] INFO Training done in 47.1 s
2026-05-28 15:33:16 [adaptive_k][square][adaptive_k][k=adaptive][s=6] INFO   Win  5  k=2  [6.0→9.0 s]  interior_MAE=0.734°C  → k_next=3
2026-05-28 15:33:16 [pinn_trainer][square][ak_k3][k=-][s=-] INFO Training start: t=[9.0,13.5]s  epochs_adam=1000  epochs_lbfgs=300  params=11776
2026-05-28 15:33:18 [pinn_trainer][square][ak_k3][k=-][s=-] INFO Adam     1/1000  loss=2.8670e+01  pde=2.5908e+01  bc=5.5251e-01  ic=0.0000e+00  fc=0.0000e+00
2026-05-28 15:33:37 [pinn_trainer][square][ak_k3][k=-][s=-] INFO Adam   500/1000  loss=3.1576e-03  pde=2.5427e-03  bc=1.2298e-04  ic=0.0000e+00  fc=0.0000e+00
2026-05-28 15:33:55 [pinn_trainer][square][ak_k3][k=-][s=-] INFO Adam  1000/1000  loss=4.7574e-05  pde=2.5232e-05  bc=4.4684e-06  ic=0.0000e+00  fc=0.0000e+00
2026-05-28 15:34:02 [pinn_trainer][square][ak_k3][k=-][s=-] INFO L-BFGS  300/300  loss=4.8047e-05
2026-05-28 15:34:02 [pinn_trainer][square][ak_k3][k=-][s=-] INFO Training done in 46.2 s
2026-05-28 15:34:02 [adaptive_k][square][adaptive_k][k=adaptive][s=6] INFO   Win  6  k=3  [9.0→13.5 s]  interior_MAE=0.113°C  → k_next=4
2026-05-28 15:34:02 [pinn_trainer][square][ak_k4][k=-][s=-] INFO Training start: t=[13.5,19.5]s  epochs_adam=1000  epochs_lbfgs=300  params=11776
2026-05-28 15:34:04 [pinn_trainer][square][ak_k4][k=-][s=-] INFO Adam     1/1000  loss=7.5929e+01  pde=6.7298e+01  bc=1.7262e+00  ic=0.0000e+00  fc=0.0000e+00
2026-05-28 15:34:23 [pinn_trainer][square][ak_k4][k=-][s=-] INFO Adam   500/1000  loss=3.4715e-03  pde=2.5691e-03  bc=1.8049e-04  ic=0.0000e+00  fc=0.0000e+00
2026-05-28 15:34:41 [pinn_trainer][square][ak_k4][k=-][s=-] INFO Adam  1000/1000  loss=6.6090e-05  pde=5.1618e-05  bc=2.8945e-06  ic=0.0000e+00  fc=0.0000e+00
2026-05-28 15:34:47 [pinn_trainer][square][ak_k4][k=-][s=-] INFO L-BFGS  300/300  loss=6.5779e-05
2026-05-28 15:34:47 [pinn_trainer][square][ak_k4][k=-][s=-] INFO Training done in 45.2 s
2026-05-28 15:34:47 [adaptive_k][square][adaptive_k][k=adaptive][s=6] INFO   Win  7  k=4  [13.5→19.5 s]  interior_MAE=0.027°C  → k_next=5
2026-05-28 15:34:47 [pinn_trainer][square][ak_k5][k=-][s=-] INFO Training start: t=[19.5,27.0]s  epochs_adam=1000  epochs_lbfgs=300  params=11776
2026-05-28 15:34:49 [pinn_trainer][square][ak_k5][k=-][s=-] INFO Adam     1/1000  loss=7.0717e+01  pde=6.0132e+01  bc=2.1170e+00  ic=0.0000e+00  fc=0.0000e+00
2026-05-28 15:35:08 [pinn_trainer][square][ak_k5][k=-][s=-] INFO Adam   500/1000  loss=3.6993e-03  pde=2.5488e-03  bc=2.3009e-04  ic=0.0000e+00  fc=0.0000e+00
2026-05-28 15:35:26 [pinn_trainer][square][ak_k5][k=-][s=-] INFO Adam  1000/1000  loss=8.8700e-05  pde=6.3036e-05  bc=5.1327e-06  ic=0.0000e+00  fc=0.0000e+00
2026-05-28 15:35:33 [pinn_trainer][square][ak_k5][k=-][s=-] INFO L-BFGS  300/300  loss=8.5842e-05
2026-05-28 15:35:33 [pinn_trainer][square][ak_k5][k=-][s=-] INFO Training done in 45.8 s
2026-05-28 15:35:33 [adaptive_k][square][adaptive_k][k=adaptive][s=6] INFO   Win  8  k=5  [19.5→27.0 s]  interior_MAE=0.030°C  → k_next=5
2026-05-28 15:35:33 [pinn_trainer][square][ak_k5][k=-][s=-] INFO Training start: t=[27.0,30.0]s  epochs_adam=1000  epochs_lbfgs=300  params=11776
2026-05-28 15:35:35 [pinn_trainer][square][ak_k5][k=-][s=-] INFO Adam     1/1000  loss=6.3916e+01  pde=6.3328e+01  bc=1.1750e-01  ic=0.0000e+00  fc=0.0000e+00
2026-05-28 15:35:54 [pinn_trainer][square][ak_k5][k=-][s=-] INFO Adam   500/1000  loss=6.4569e-03  pde=6.2677e-03  bc=3.7831e-05  ic=0.0000e+00  fc=0.0000e+00
2026-05-28 15:36:13 [pinn_trainer][square][ak_k5][k=-][s=-] INFO Adam  1000/1000  loss=6.3213e-05  pde=4.8942e-05  bc=2.8541e-06  ic=0.0000e+00  fc=0.0000e+00
2026-05-28 15:36:20 [pinn_trainer][square][ak_k5][k=-][s=-] INFO L-BFGS  300/300  loss=5.8573e-05
2026-05-28 15:36:20 [pinn_trainer][square][ak_k5][k=-][s=-] INFO Training done in 46.8 s
2026-05-28 15:36:20 [adaptive_k][square][adaptive_k][k=adaptive][s=6] INFO   Win  9  k=5  [27.0→30.0 s]  interior_MAE=0.035°C  → k_next=5
2026-05-28 15:36:20 [adaptive_k][square][adaptive_k][k=adaptive][s=6] INFO AdaptiveK done | wins=9 | FEM_solves=9/60 | FEM_saving=85% | MAE=1.703°C | L2=0.0145 | t=424 s
2026-05-28 15:36:20 [adaptive_k][square][adaptive_k][k=adaptive][s=6] INFO k schedule: t=0.0s:k=1 → t=1.5s:k=1 → t=3.0s:k=1 → t=4.5s:k=1 → t=6.0s:k=2 → t=9.0s:k=3 → t=13.5s:k=4 → t=19.5s:k=5 → t=27.0s:k=5
2026-05-28 15:36:20 [adaptive_k][square][adaptive_k][k=adaptive][s=6] INFO Saved → /home/coder/NAS-PINNS1/thermal_pinn/quenching_mswp/results/adaptive_k/square/seed6_adaptive_nsga3_75
2026-05-28 15:36:21 [stage_adaptive_k][all][adaptive_k][k=-][s=-] INFO RESULT geo=square   seed=6 | MAE=1.703°C | L2=0.0145 | FEM_solves=9/60 | FEM_saving=85%
2026-05-28 15:36:21 [stage_adaptive_k][all][adaptive_k][k=-][s=-] INFO AdaptiveK | geo=square seed=7 arch=[75, 75, 75] thr_up=2.0 thr_dn=5.0
2026-05-28 15:36:21 [adaptive_k][square][adaptive_k][k=adaptive][s=7] INFO AdaptiveK | arch=[75, 75, 75] | k=[1..5] | thr_up=2.0°C thr_dn=5.0°C | fourier=False
2026-05-28 15:36:21 [pinn_trainer][square][ak_k1][k=-][s=-] INFO Training start: t=[0.0,1.5]s  epochs_adam=1000  epochs_lbfgs=300  params=11776
2026-05-28 15:36:23 [pinn_trainer][square][ak_k1][k=-][s=-] INFO Adam     1/1000  loss=3.7539e+02  pde=3.6212e+02  bc=2.6535e+00  ic=0.0000e+00  fc=0.0000e+00
2026-05-28 15:36:41 [pinn_trainer][square][ak_k1][k=-][s=-] INFO Adam   500/1000  loss=1.6471e+00  pde=8.3073e-01  bc=1.6328e-01  ic=0.0000e+00  fc=0.0000e+00
2026-05-28 15:37:00 [pinn_trainer][square][ak_k1][k=-][s=-] INFO Adam  1000/1000  loss=1.1947e+00  pde=5.4156e-01  bc=1.3063e-01  ic=0.0000e+00  fc=0.0000e+00
2026-05-28 15:37:09 [pinn_trainer][square][ak_k1][k=-][s=-] INFO L-BFGS  300/300  loss=1.2626e+00
2026-05-28 15:37:09 [pinn_trainer][square][ak_k1][k=-][s=-] INFO Training done in 48.1 s
2026-05-28 15:37:09 [adaptive_k][square][adaptive_k][k=adaptive][s=7] INFO   Win  1  k=1  [0.0→1.5 s]  interior_MAE=30.020°C  → k_next=1
2026-05-28 15:37:09 [pinn_trainer][square][ak_k1][k=-][s=-] INFO Training start: t=[1.5,3.0]s  epochs_adam=1000  epochs_lbfgs=300  params=11776
2026-05-28 15:37:11 [pinn_trainer][square][ak_k1][k=-][s=-] INFO Adam     1/1000  loss=1.6461e+02  pde=1.5775e+02  bc=1.3720e+00  ic=0.0000e+00  fc=0.0000e+00
2026-05-28 15:37:29 [pinn_trainer][square][ak_k1][k=-][s=-] INFO Adam   500/1000  loss=3.0442e-01  pde=2.1671e-01  bc=1.7542e-02  ic=0.0000e+00  fc=0.0000e+00
2026-05-28 15:37:48 [pinn_trainer][square][ak_k1][k=-][s=-] INFO Adam  1000/1000  loss=1.5346e-01  pde=8.2625e-02  bc=1.4168e-02  ic=0.0000e+00  fc=0.0000e+00
2026-05-28 15:37:57 [pinn_trainer][square][ak_k1][k=-][s=-] INFO L-BFGS  300/300  loss=1.6194e-01
2026-05-28 15:37:57 [pinn_trainer][square][ak_k1][k=-][s=-] INFO Training done in 48.2 s
2026-05-28 15:37:57 [adaptive_k][square][adaptive_k][k=adaptive][s=7] INFO   Win  2  k=1  [1.5→3.0 s]  interior_MAE=12.355°C  → k_next=1
2026-05-28 15:37:57 [pinn_trainer][square][ak_k1][k=-][s=-] INFO Training start: t=[3.0,4.5]s  epochs_adam=1000  epochs_lbfgs=300  params=11776
2026-05-28 15:37:59 [pinn_trainer][square][ak_k1][k=-][s=-] INFO Adam     1/1000  loss=4.8489e+02  pde=4.6144e+02  bc=4.6903e+00  ic=0.0000e+00  fc=0.0000e+00
2026-05-28 15:38:17 [pinn_trainer][square][ak_k1][k=-][s=-] INFO Adam   500/1000  loss=4.7573e-02  pde=3.4973e-02  bc=2.5199e-03  ic=0.0000e+00  fc=0.0000e+00
2026-05-28 15:38:36 [pinn_trainer][square][ak_k1][k=-][s=-] INFO Adam  1000/1000  loss=2.3364e-02  pde=1.3580e-02  bc=1.9568e-03  ic=0.0000e+00  fc=0.0000e+00
2026-05-28 15:38:45 [pinn_trainer][square][ak_k1][k=-][s=-] INFO L-BFGS  300/300  loss=2.4034e-02
2026-05-28 15:38:45 [pinn_trainer][square][ak_k1][k=-][s=-] INFO Training done in 48.1 s
2026-05-28 15:38:45 [adaptive_k][square][adaptive_k][k=adaptive][s=7] INFO   Win  3  k=1  [3.0→4.5 s]  interior_MAE=4.586°C  → k_next=1
2026-05-28 15:38:45 [pinn_trainer][square][ak_k1][k=-][s=-] INFO Training start: t=[4.5,6.0]s  epochs_adam=1000  epochs_lbfgs=300  params=11776
2026-05-28 15:38:47 [pinn_trainer][square][ak_k1][k=-][s=-] INFO Adam     1/1000  loss=7.6684e+01  pde=7.4763e+01  bc=3.8401e-01  ic=0.0000e+00  fc=0.0000e+00
2026-05-28 15:39:06 [pinn_trainer][square][ak_k1][k=-][s=-] INFO Adam   500/1000  loss=3.3856e-02  pde=3.1042e-02  bc=5.6286e-04  ic=0.0000e+00  fc=0.0000e+00
2026-05-28 15:39:24 [pinn_trainer][square][ak_k1][k=-][s=-] INFO Adam  1000/1000  loss=3.9170e-03  pde=2.4064e-03  bc=3.0213e-04  ic=0.0000e+00  fc=0.0000e+00
2026-05-28 15:39:34 [pinn_trainer][square][ak_k1][k=-][s=-] INFO L-BFGS  300/300  loss=3.9893e-03
2026-05-28 15:39:34 [pinn_trainer][square][ak_k1][k=-][s=-] INFO Training done in 48.6 s
2026-05-28 15:39:34 [adaptive_k][square][adaptive_k][k=adaptive][s=7] INFO   Win  4  k=1  [4.5→6.0 s]  interior_MAE=1.385°C  → k_next=2
2026-05-28 15:39:34 [pinn_trainer][square][ak_k2][k=-][s=-] INFO Training start: t=[6.0,9.0]s  epochs_adam=1000  epochs_lbfgs=300  params=11776
2026-05-28 15:39:36 [pinn_trainer][square][ak_k2][k=-][s=-] INFO Adam     1/1000  loss=1.0830e+01  pde=8.9191e+00  bc=3.8214e-01  ic=0.0000e+00  fc=0.0000e+00
2026-05-28 15:39:54 [pinn_trainer][square][ak_k2][k=-][s=-] INFO Adam   500/1000  loss=4.9355e-03  pde=4.5744e-03  bc=7.2217e-05  ic=0.0000e+00  fc=0.0000e+00
2026-05-28 15:40:13 [pinn_trainer][square][ak_k2][k=-][s=-] INFO Adam  1000/1000  loss=3.1399e-04  pde=1.0174e-04  bc=4.2451e-05  ic=0.0000e+00  fc=0.0000e+00
2026-05-28 15:40:21 [pinn_trainer][square][ak_k2][k=-][s=-] INFO L-BFGS  300/300  loss=3.5076e-04
2026-05-28 15:40:21 [pinn_trainer][square][ak_k2][k=-][s=-] INFO Training done in 47.4 s
2026-05-28 15:40:21 [adaptive_k][square][adaptive_k][k=adaptive][s=7] INFO   Win  5  k=2  [6.0→9.0 s]  interior_MAE=0.742°C  → k_next=3
2026-05-28 15:40:21 [pinn_trainer][square][ak_k3][k=-][s=-] INFO Training start: t=[9.0,13.5]s  epochs_adam=1000  epochs_lbfgs=300  params=11776
2026-05-28 15:40:23 [pinn_trainer][square][ak_k3][k=-][s=-] INFO Adam     1/1000  loss=2.1556e+01  pde=2.0149e+01  bc=2.8133e-01  ic=0.0000e+00  fc=0.0000e+00
2026-05-28 15:40:42 [pinn_trainer][square][ak_k3][k=-][s=-] INFO Adam   500/1000  loss=3.5842e-03  pde=2.8247e-03  bc=1.5191e-04  ic=0.0000e+00  fc=0.0000e+00
2026-05-28 15:41:01 [pinn_trainer][square][ak_k3][k=-][s=-] INFO Adam  1000/1000  loss=5.1902e-05  pde=3.6912e-05  bc=2.9980e-06  ic=0.0000e+00  fc=0.0000e+00
2026-05-28 15:41:08 [pinn_trainer][square][ak_k3][k=-][s=-] INFO L-BFGS  300/300  loss=5.0665e-05
2026-05-28 15:41:08 [pinn_trainer][square][ak_k3][k=-][s=-] INFO Training done in 46.7 s
2026-05-28 15:41:08 [adaptive_k][square][adaptive_k][k=adaptive][s=7] INFO   Win  6  k=3  [9.0→13.5 s]  interior_MAE=0.116°C  → k_next=4
2026-05-28 15:41:08 [pinn_trainer][square][ak_k4][k=-][s=-] INFO Training start: t=[13.5,19.5]s  epochs_adam=1000  epochs_lbfgs=300  params=11776
2026-05-28 15:41:10 [pinn_trainer][square][ak_k4][k=-][s=-] INFO Adam     1/1000  loss=5.4344e+00  pde=5.2777e+00  bc=3.1351e-02  ic=0.0000e+00  fc=0.0000e+00
2026-05-28 15:41:29 [pinn_trainer][square][ak_k4][k=-][s=-] INFO Adam   500/1000  loss=1.7727e-03  pde=1.3757e-03  bc=7.9405e-05  ic=0.0000e+00  fc=0.0000e+00
2026-05-28 15:41:48 [pinn_trainer][square][ak_k4][k=-][s=-] INFO Adam  1000/1000  loss=2.8675e-05  pde=2.1584e-05  bc=1.4182e-06  ic=0.0000e+00  fc=0.0000e+00
2026-05-28 15:41:53 [pinn_trainer][square][ak_k4][k=-][s=-] INFO L-BFGS  300/300  loss=2.9098e-05
2026-05-28 15:41:53 [pinn_trainer][square][ak_k4][k=-][s=-] INFO Training done in 45.0 s
2026-05-28 15:41:53 [adaptive_k][square][adaptive_k][k=adaptive][s=7] INFO   Win  7  k=4  [13.5→19.5 s]  interior_MAE=0.020°C  → k_next=5
2026-05-28 15:41:53 [pinn_trainer][square][ak_k5][k=-][s=-] INFO Training start: t=[19.5,27.0]s  epochs_adam=1000  epochs_lbfgs=300  params=11776
2026-05-28 15:41:55 [pinn_trainer][square][ak_k5][k=-][s=-] INFO Adam     1/1000  loss=1.0174e+01  pde=8.8221e+00  bc=2.7033e-01  ic=0.0000e+00  fc=0.0000e+00
2026-05-28 15:42:13 [pinn_trainer][square][ak_k5][k=-][s=-] INFO Adam   500/1000  loss=2.6453e-03  pde=1.8248e-03  bc=1.6410e-04  ic=0.0000e+00  fc=0.0000e+00
2026-05-28 15:42:32 [pinn_trainer][square][ak_k5][k=-][s=-] INFO Adam  1000/1000  loss=1.3485e-04  pde=8.5122e-05  bc=9.9459e-06  ic=0.0000e+00  fc=0.0000e+00
2026-05-28 15:42:39 [pinn_trainer][square][ak_k5][k=-][s=-] INFO L-BFGS  300/300  loss=1.2761e-04
2026-05-28 15:42:39 [pinn_trainer][square][ak_k5][k=-][s=-] INFO Training done in 46.1 s
2026-05-28 15:42:39 [adaptive_k][square][adaptive_k][k=adaptive][s=7] INFO   Win  8  k=5  [19.5→27.0 s]  interior_MAE=0.014°C  → k_next=5
2026-05-28 15:42:39 [pinn_trainer][square][ak_k5][k=-][s=-] INFO Training start: t=[27.0,30.0]s  epochs_adam=1000  epochs_lbfgs=300  params=11776
2026-05-28 15:42:41 [pinn_trainer][square][ak_k5][k=-][s=-] INFO Adam     1/1000  loss=4.3046e+01  pde=3.9458e+01  bc=7.1772e-01  ic=0.0000e+00  fc=0.0000e+00
2026-05-28 15:42:59 [pinn_trainer][square][ak_k5][k=-][s=-] INFO Adam   500/1000  loss=1.9948e-02  pde=1.8378e-02  bc=3.1409e-04  ic=0.0000e+00  fc=0.0000e+00
2026-05-28 15:43:18 [pinn_trainer][square][ak_k5][k=-][s=-] INFO Adam  1000/1000  loss=4.5109e-05  pde=3.9662e-05  bc=1.0893e-06  ic=0.0000e+00  fc=0.0000e+00
2026-05-28 15:43:24 [pinn_trainer][square][ak_k5][k=-][s=-] INFO L-BFGS  300/300  loss=4.4916e-05
2026-05-28 15:43:24 [pinn_trainer][square][ak_k5][k=-][s=-] INFO Training done in 45.6 s
2026-05-28 15:43:24 [adaptive_k][square][adaptive_k][k=adaptive][s=7] INFO   Win  9  k=5  [27.0→30.0 s]  interior_MAE=0.012°C  → k_next=5
2026-05-28 15:43:24 [adaptive_k][square][adaptive_k][k=adaptive][s=7] INFO AdaptiveK done | wins=9 | FEM_solves=9/60 | FEM_saving=85% | MAE=1.697°C | L2=0.0142 | t=424 s
2026-05-28 15:43:24 [adaptive_k][square][adaptive_k][k=adaptive][s=7] INFO k schedule: t=0.0s:k=1 → t=1.5s:k=1 → t=3.0s:k=1 → t=4.5s:k=1 → t=6.0s:k=2 → t=9.0s:k=3 → t=13.5s:k=4 → t=19.5s:k=5 → t=27.0s:k=5
2026-05-28 15:43:24 [adaptive_k][square][adaptive_k][k=adaptive][s=7] INFO Saved → /home/coder/NAS-PINNS1/thermal_pinn/quenching_mswp/results/adaptive_k/square/seed7_adaptive_nsga3_75
2026-05-28 15:43:25 [stage_adaptive_k][all][adaptive_k][k=-][s=-] INFO RESULT geo=square   seed=7 | MAE=1.697°C | L2=0.0142 | FEM_solves=9/60 | FEM_saving=85%
2026-05-28 15:43:25 [stage_adaptive_k][all][adaptive_k][k=-][s=-] INFO AdaptiveK | geo=square seed=8 arch=[75, 75, 75] thr_up=2.0 thr_dn=5.0
2026-05-28 15:43:25 [adaptive_k][square][adaptive_k][k=adaptive][s=8] INFO AdaptiveK | arch=[75, 75, 75] | k=[1..5] | thr_up=2.0°C thr_dn=5.0°C | fourier=False
2026-05-28 15:43:25 [pinn_trainer][square][ak_k1][k=-][s=-] INFO Training start: t=[0.0,1.5]s  epochs_adam=1000  epochs_lbfgs=300  params=11776
2026-05-28 15:43:27 [pinn_trainer][square][ak_k1][k=-][s=-] INFO Adam     1/1000  loss=2.8648e+02  pde=2.8269e+02  bc=7.5777e-01  ic=0.0000e+00  fc=0.0000e+00
2026-05-28 15:43:45 [pinn_trainer][square][ak_k1][k=-][s=-] INFO Adam   500/1000  loss=1.4568e+00  pde=6.5396e-01  bc=1.6057e-01  ic=0.0000e+00  fc=0.0000e+00
2026-05-28 15:44:04 [pinn_trainer][square][ak_k1][k=-][s=-] INFO Adam  1000/1000  loss=1.1604e+00  pde=5.1736e-01  bc=1.2861e-01  ic=0.0000e+00  fc=0.0000e+00
2026-05-28 15:44:12 [pinn_trainer][square][ak_k1][k=-][s=-] INFO L-BFGS  300/300  loss=1.2379e+00
2026-05-28 15:44:12 [pinn_trainer][square][ak_k1][k=-][s=-] INFO Training done in 47.5 s
2026-05-28 15:44:12 [adaptive_k][square][adaptive_k][k=adaptive][s=8] INFO   Win  1  k=1  [0.0→1.5 s]  interior_MAE=30.098°C  → k_next=1
2026-05-28 15:44:12 [pinn_trainer][square][ak_k1][k=-][s=-] INFO Training start: t=[1.5,3.0]s  epochs_adam=1000  epochs_lbfgs=300  params=11776
2026-05-28 15:44:14 [pinn_trainer][square][ak_k1][k=-][s=-] INFO Adam     1/1000  loss=5.8268e+02  pde=5.8168e+02  bc=1.9927e-01  ic=0.0000e+00  fc=0.0000e+00
2026-05-28 15:44:33 [pinn_trainer][square][ak_k1][k=-][s=-] INFO Adam   500/1000  loss=2.6463e-01  pde=1.6093e-01  bc=2.0741e-02  ic=0.0000e+00  fc=0.0000e+00
2026-05-28 15:44:51 [pinn_trainer][square][ak_k1][k=-][s=-] INFO Adam  1000/1000  loss=1.5937e-01  pde=9.0669e-02  bc=1.3741e-02  ic=0.0000e+00  fc=0.0000e+00
2026-05-28 15:45:00 [pinn_trainer][square][ak_k1][k=-][s=-] INFO L-BFGS  300/300  loss=1.6628e-01
2026-05-28 15:45:00 [pinn_trainer][square][ak_k1][k=-][s=-] INFO Training done in 47.9 s
2026-05-28 15:45:00 [adaptive_k][square][adaptive_k][k=adaptive][s=8] INFO   Win  2  k=1  [1.5→3.0 s]  interior_MAE=12.404°C  → k_next=1
2026-05-28 15:45:00 [pinn_trainer][square][ak_k1][k=-][s=-] INFO Training start: t=[3.0,4.5]s  epochs_adam=1000  epochs_lbfgs=300  params=11776
2026-05-28 15:45:02 [pinn_trainer][square][ak_k1][k=-][s=-] INFO Adam     1/1000  loss=2.2508e+02  pde=2.2120e+02  bc=7.7604e-01  ic=0.0000e+00  fc=0.0000e+00
2026-05-28 15:45:22 [pinn_trainer][square][ak_k1][k=-][s=-] INFO Adam   500/1000  loss=6.1486e-02  pde=4.9658e-02  bc=2.3656e-03  ic=0.0000e+00  fc=0.0000e+00
2026-05-28 15:45:40 [pinn_trainer][square][ak_k1][k=-][s=-] INFO Adam  1000/1000  loss=2.9349e-02  pde=1.9250e-02  bc=2.0197e-03  ic=0.0000e+00  fc=0.0000e+00
2026-05-28 15:45:49 [pinn_trainer][square][ak_k1][k=-][s=-] INFO L-BFGS  300/300  loss=2.9890e-02
2026-05-28 15:45:49 [pinn_trainer][square][ak_k1][k=-][s=-] INFO Training done in 48.7 s
2026-05-28 15:45:49 [adaptive_k][square][adaptive_k][k=adaptive][s=8] INFO   Win  3  k=1  [3.0→4.5 s]  interior_MAE=4.447°C  → k_next=1
2026-05-28 15:45:49 [pinn_trainer][square][ak_k1][k=-][s=-] INFO Training start: t=[4.5,6.0]s  epochs_adam=1000  epochs_lbfgs=300  params=11776
2026-05-28 15:45:51 [pinn_trainer][square][ak_k1][k=-][s=-] INFO Adam     1/1000  loss=6.5938e+01  pde=6.2113e+01  bc=7.6511e-01  ic=0.0000e+00  fc=0.0000e+00
2026-05-28 15:46:10 [pinn_trainer][square][ak_k1][k=-][s=-] INFO Adam   500/1000  loss=3.4595e-02  pde=3.2126e-02  bc=4.9396e-04  ic=0.0000e+00  fc=0.0000e+00
2026-05-28 15:46:28 [pinn_trainer][square][ak_k1][k=-][s=-] INFO Adam  1000/1000  loss=3.7526e-03  pde=2.3729e-03  bc=2.7595e-04  ic=0.0000e+00  fc=0.0000e+00
2026-05-28 15:46:37 [pinn_trainer][square][ak_k1][k=-][s=-] INFO L-BFGS  300/300  loss=3.7723e-03
2026-05-28 15:46:37 [pinn_trainer][square][ak_k1][k=-][s=-] INFO Training done in 48.2 s
2026-05-28 15:46:37 [adaptive_k][square][adaptive_k][k=adaptive][s=8] INFO   Win  4  k=1  [4.5→6.0 s]  interior_MAE=1.420°C  → k_next=2
2026-05-28 15:46:37 [pinn_trainer][square][ak_k2][k=-][s=-] INFO Training start: t=[6.0,9.0]s  epochs_adam=1000  epochs_lbfgs=300  params=11776
2026-05-28 15:46:40 [pinn_trainer][square][ak_k2][k=-][s=-] INFO Adam     1/1000  loss=1.3632e+02  pde=1.3041e+02  bc=1.1830e+00  ic=0.0000e+00  fc=0.0000e+00
2026-05-28 15:46:58 [pinn_trainer][square][ak_k2][k=-][s=-] INFO Adam   500/1000  loss=1.8049e-02  pde=1.6349e-02  bc=3.3999e-04  ic=0.0000e+00  fc=0.0000e+00
2026-05-28 15:47:16 [pinn_trainer][square][ak_k2][k=-][s=-] INFO Adam  1000/1000  loss=4.1236e-04  pde=1.2140e-04  bc=5.8192e-05  ic=0.0000e+00  fc=0.0000e+00
2026-05-28 15:47:26 [pinn_trainer][square][ak_k2][k=-][s=-] INFO L-BFGS  300/300  loss=4.3809e-04
2026-05-28 15:47:26 [pinn_trainer][square][ak_k2][k=-][s=-] INFO Training done in 48.2 s
2026-05-28 15:47:26 [adaptive_k][square][adaptive_k][k=adaptive][s=8] INFO   Win  5  k=2  [6.0→9.0 s]  interior_MAE=0.760°C  → k_next=3
2026-05-28 15:47:26 [pinn_trainer][square][ak_k3][k=-][s=-] INFO Training start: t=[9.0,13.5]s  epochs_adam=1000  epochs_lbfgs=300  params=11776
2026-05-28 15:47:28 [pinn_trainer][square][ak_k3][k=-][s=-] INFO Adam     1/1000  loss=2.6142e+01  pde=2.1910e+01  bc=8.4650e-01  ic=0.0000e+00  fc=0.0000e+00
2026-05-28 15:47:46 [pinn_trainer][square][ak_k3][k=-][s=-] INFO Adam   500/1000  loss=2.6808e-03  pde=2.3132e-03  bc=7.3511e-05  ic=0.0000e+00  fc=0.0000e+00
2026-05-28 15:48:05 [pinn_trainer][square][ak_k3][k=-][s=-] INFO Adam  1000/1000  loss=4.6925e-05  pde=3.4546e-05  bc=2.4758e-06  ic=0.0000e+00  fc=0.0000e+00
2026-05-28 15:48:11 [pinn_trainer][square][ak_k3][k=-][s=-] INFO L-BFGS  300/300  loss=4.5305e-05
2026-05-28 15:48:11 [pinn_trainer][square][ak_k3][k=-][s=-] INFO Training done in 45.4 s
2026-05-28 15:48:11 [adaptive_k][square][adaptive_k][k=adaptive][s=8] INFO   Win  6  k=3  [9.0→13.5 s]  interior_MAE=0.118°C  → k_next=4
2026-05-28 15:48:11 [pinn_trainer][square][ak_k4][k=-][s=-] INFO Training start: t=[13.5,19.5]s  epochs_adam=1000  epochs_lbfgs=300  params=11776
2026-05-28 15:48:13 [pinn_trainer][square][ak_k4][k=-][s=-] INFO Adam     1/1000  loss=2.4811e+01  pde=2.0748e+01  bc=8.1256e-01  ic=0.0000e+00  fc=0.0000e+00
2026-05-28 15:48:32 [pinn_trainer][square][ak_k4][k=-][s=-] INFO Adam   500/1000  loss=2.7592e-03  pde=2.7279e-03  bc=6.2492e-06  ic=0.0000e+00  fc=0.0000e+00
2026-05-28 15:48:51 [pinn_trainer][square][ak_k4][k=-][s=-] INFO Adam  1000/1000  loss=2.0013e-05  pde=1.4947e-05  bc=1.0133e-06  ic=0.0000e+00  fc=0.0000e+00
2026-05-28 15:48:56 [pinn_trainer][square][ak_k4][k=-][s=-] INFO L-BFGS  300/300  loss=1.9760e-05
2026-05-28 15:48:56 [pinn_trainer][square][ak_k4][k=-][s=-] INFO Training done in 45.1 s
2026-05-28 15:48:56 [adaptive_k][square][adaptive_k][k=adaptive][s=8] INFO   Win  7  k=4  [13.5→19.5 s]  interior_MAE=0.024°C  → k_next=5
2026-05-28 15:48:56 [pinn_trainer][square][ak_k5][k=-][s=-] INFO Training start: t=[19.5,27.0]s  epochs_adam=1000  epochs_lbfgs=300  params=11776
2026-05-28 15:48:58 [pinn_trainer][square][ak_k5][k=-][s=-] INFO Adam     1/1000  loss=4.9652e+01  pde=4.2435e+01  bc=1.4434e+00  ic=0.0000e+00  fc=0.0000e+00
2026-05-28 15:49:18 [pinn_trainer][square][ak_k5][k=-][s=-] INFO Adam   500/1000  loss=2.5462e-03  pde=1.7006e-03  bc=1.6913e-04  ic=0.0000e+00  fc=0.0000e+00
2026-05-28 15:49:36 [pinn_trainer][square][ak_k5][k=-][s=-] INFO Adam  1000/1000  loss=2.7990e-05  pde=1.9423e-05  bc=1.7134e-06  ic=0.0000e+00  fc=0.0000e+00
2026-05-28 15:49:43 [pinn_trainer][square][ak_k5][k=-][s=-] INFO L-BFGS  300/300  loss=2.7966e-05
2026-05-28 15:49:43 [pinn_trainer][square][ak_k5][k=-][s=-] INFO Training done in 47.1 s
2026-05-28 15:49:43 [adaptive_k][square][adaptive_k][k=adaptive][s=8] INFO   Win  8  k=5  [19.5→27.0 s]  interior_MAE=0.009°C  → k_next=5
2026-05-28 15:49:43 [pinn_trainer][square][ak_k5][k=-][s=-] INFO Training start: t=[27.0,30.0]s  epochs_adam=1000  epochs_lbfgs=300  params=11776
2026-05-28 15:49:45 [pinn_trainer][square][ak_k5][k=-][s=-] INFO Adam     1/1000  loss=5.8708e+01  pde=4.9821e+01  bc=1.7775e+00  ic=0.0000e+00  fc=0.0000e+00
2026-05-28 15:50:04 [pinn_trainer][square][ak_k5][k=-][s=-] INFO Adam   500/1000  loss=4.9298e-03  pde=4.8521e-03  bc=1.5527e-05  ic=0.0000e+00  fc=0.0000e+00
2026-05-28 15:50:23 [pinn_trainer][square][ak_k5][k=-][s=-] INFO Adam  1000/1000  loss=5.3928e-05  pde=4.5720e-05  bc=1.6415e-06  ic=0.0000e+00  fc=0.0000e+00
2026-05-28 15:50:31 [pinn_trainer][square][ak_k5][k=-][s=-] INFO L-BFGS  300/300  loss=5.6722e-05
2026-05-28 15:50:31 [pinn_trainer][square][ak_k5][k=-][s=-] INFO Training done in 47.8 s
2026-05-28 15:50:31 [adaptive_k][square][adaptive_k][k=adaptive][s=8] INFO   Win  9  k=5  [27.0→30.0 s]  interior_MAE=0.021°C  → k_next=5
2026-05-28 15:50:31 [adaptive_k][square][adaptive_k][k=adaptive][s=8] INFO AdaptiveK done | wins=9 | FEM_solves=9/60 | FEM_saving=85% | MAE=1.699°C | L2=0.0142 | t=426 s
2026-05-28 15:50:31 [adaptive_k][square][adaptive_k][k=adaptive][s=8] INFO k schedule: t=0.0s:k=1 → t=1.5s:k=1 → t=3.0s:k=1 → t=4.5s:k=1 → t=6.0s:k=2 → t=9.0s:k=3 → t=13.5s:k=4 → t=19.5s:k=5 → t=27.0s:k=5
2026-05-28 15:50:31 [adaptive_k][square][adaptive_k][k=adaptive][s=8] INFO Saved → /home/coder/NAS-PINNS1/thermal_pinn/quenching_mswp/results/adaptive_k/square/seed8_adaptive_nsga3_75
2026-05-28 15:50:32 [stage_adaptive_k][all][adaptive_k][k=-][s=-] INFO RESULT geo=square   seed=8 | MAE=1.699°C | L2=0.0142 | FEM_solves=9/60 | FEM_saving=85%
2026-05-28 15:50:32 [stage_adaptive_k][all][adaptive_k][k=-][s=-] INFO AdaptiveK | geo=square seed=9 arch=[75, 75, 75] thr_up=2.0 thr_dn=5.0
2026-05-28 15:50:32 [adaptive_k][square][adaptive_k][k=adaptive][s=9] INFO AdaptiveK | arch=[75, 75, 75] | k=[1..5] | thr_up=2.0°C thr_dn=5.0°C | fourier=False
2026-05-28 15:50:32 [pinn_trainer][square][ak_k1][k=-][s=-] INFO Training start: t=[0.0,1.5]s  epochs_adam=1000  epochs_lbfgs=300  params=11776
2026-05-28 15:50:34 [pinn_trainer][square][ak_k1][k=-][s=-] INFO Adam     1/1000  loss=2.2963e+02  pde=2.2478e+02  bc=9.7109e-01  ic=0.0000e+00  fc=0.0000e+00
2026-05-28 15:50:52 [pinn_trainer][square][ak_k1][k=-][s=-] INFO Adam   500/1000  loss=1.4960e+00  pde=7.5082e-01  bc=1.4903e-01  ic=0.0000e+00  fc=0.0000e+00
2026-05-28 15:51:11 [pinn_trainer][square][ak_k1][k=-][s=-] INFO Adam  1000/1000  loss=1.2194e+00  pde=5.8489e-01  bc=1.2689e-01  ic=0.0000e+00  fc=0.0000e+00
2026-05-28 15:51:20 [pinn_trainer][square][ak_k1][k=-][s=-] INFO L-BFGS  300/300  loss=1.2960e+00
2026-05-28 15:51:20 [pinn_trainer][square][ak_k1][k=-][s=-] INFO Training done in 48.7 s
2026-05-28 15:51:20 [adaptive_k][square][adaptive_k][k=adaptive][s=9] INFO   Win  1  k=1  [0.0→1.5 s]  interior_MAE=33.100°C  → k_next=1
2026-05-28 15:51:20 [pinn_trainer][square][ak_k1][k=-][s=-] INFO Training start: t=[1.5,3.0]s  epochs_adam=1000  epochs_lbfgs=300  params=11776
2026-05-28 15:51:22 [pinn_trainer][square][ak_k1][k=-][s=-] INFO Adam     1/1000  loss=5.2038e+01  pde=5.1193e+01  bc=1.6894e-01  ic=0.0000e+00  fc=0.0000e+00
2026-05-28 15:51:41 [pinn_trainer][square][ak_k1][k=-][s=-] INFO Adam   500/1000  loss=2.4677e-01  pde=1.5780e-01  bc=1.7793e-02  ic=0.0000e+00  fc=0.0000e+00
2026-05-28 15:52:00 [pinn_trainer][square][ak_k1][k=-][s=-] INFO Adam  1000/1000  loss=1.4917e-01  pde=8.3246e-02  bc=1.3185e-02  ic=0.0000e+00  fc=0.0000e+00
2026-05-28 15:52:09 [pinn_trainer][square][ak_k1][k=-][s=-] INFO L-BFGS  300/300  loss=1.5645e-01
2026-05-28 15:52:09 [pinn_trainer][square][ak_k1][k=-][s=-] INFO Training done in 48.7 s
2026-05-28 15:52:09 [adaptive_k][square][adaptive_k][k=adaptive][s=9] INFO   Win  2  k=1  [1.5→3.0 s]  interior_MAE=12.236°C  → k_next=1
2026-05-28 15:52:09 [pinn_trainer][square][ak_k1][k=-][s=-] INFO Training start: t=[3.0,4.5]s  epochs_adam=1000  epochs_lbfgs=300  params=11776
2026-05-28 15:52:11 [pinn_trainer][square][ak_k1][k=-][s=-] INFO Adam     1/1000  loss=9.7605e+01  pde=9.4831e+01  bc=5.5463e-01  ic=0.0000e+00  fc=0.0000e+00
2026-05-28 15:52:30 [pinn_trainer][square][ak_k1][k=-][s=-] INFO Adam   500/1000  loss=4.4480e-02  pde=3.0947e-02  bc=2.7066e-03  ic=0.0000e+00  fc=0.0000e+00
2026-05-28 15:52:49 [pinn_trainer][square][ak_k1][k=-][s=-] INFO Adam  1000/1000  loss=2.0891e-02  pde=1.1364e-02  bc=1.9055e-03  ic=0.0000e+00  fc=0.0000e+00
2026-05-28 15:52:58 [pinn_trainer][square][ak_k1][k=-][s=-] INFO L-BFGS  300/300  loss=2.2102e-02
2026-05-28 15:52:58 [pinn_trainer][square][ak_k1][k=-][s=-] INFO Training done in 48.7 s
2026-05-28 15:52:58 [adaptive_k][square][adaptive_k][k=adaptive][s=9] INFO   Win  3  k=1  [3.0→4.5 s]  interior_MAE=4.572°C  → k_next=1
2026-05-28 15:52:58 [pinn_trainer][square][ak_k1][k=-][s=-] INFO Training start: t=[4.5,6.0]s  epochs_adam=1000  epochs_lbfgs=300  params=11776
2026-05-28 15:53:00 [pinn_trainer][square][ak_k1][k=-][s=-] INFO Adam     1/1000  loss=3.8092e+01  pde=3.7728e+01  bc=7.2859e-02  ic=0.0000e+00  fc=0.0000e+00
2026-05-28 15:53:18 [pinn_trainer][square][ak_k1][k=-][s=-] INFO Adam   500/1000  loss=4.3774e-02  pde=4.0263e-02  bc=7.0229e-04  ic=0.0000e+00  fc=0.0000e+00
2026-05-28 15:53:37 [pinn_trainer][square][ak_k1][k=-][s=-] INFO Adam  1000/1000  loss=5.0930e-03  pde=3.7981e-03  bc=2.5898e-04  ic=0.0000e+00  fc=0.0000e+00
2026-05-28 15:53:46 [pinn_trainer][square][ak_k1][k=-][s=-] INFO L-BFGS  300/300  loss=5.0494e-03
2026-05-28 15:53:46 [pinn_trainer][square][ak_k1][k=-][s=-] INFO Training done in 48.0 s
2026-05-28 15:53:46 [adaptive_k][square][adaptive_k][k=adaptive][s=9] INFO   Win  4  k=1  [4.5→6.0 s]  interior_MAE=1.442°C  → k_next=2
2026-05-28 15:53:46 [pinn_trainer][square][ak_k2][k=-][s=-] INFO Training start: t=[6.0,9.0]s  epochs_adam=1000  epochs_lbfgs=300  params=11776
2026-05-28 15:53:48 [pinn_trainer][square][ak_k2][k=-][s=-] INFO Adam     1/1000  loss=6.9078e+01  pde=6.2391e+01  bc=1.3374e+00  ic=0.0000e+00  fc=0.0000e+00
2026-05-28 15:54:07 [pinn_trainer][square][ak_k2][k=-][s=-] INFO Adam   500/1000  loss=3.6041e-03  pde=2.9926e-03  bc=1.2230e-04  ic=0.0000e+00  fc=0.0000e+00
2026-05-28 15:54:25 [pinn_trainer][square][ak_k2][k=-][s=-] INFO Adam  1000/1000  loss=2.7448e-04  pde=8.3039e-05  bc=3.8288e-05  ic=0.0000e+00  fc=0.0000e+00
2026-05-28 15:54:33 [pinn_trainer][square][ak_k2][k=-][s=-] INFO L-BFGS  300/300  loss=3.0804e-04
2026-05-28 15:54:33 [pinn_trainer][square][ak_k2][k=-][s=-] INFO Training done in 47.3 s
2026-05-28 15:54:33 [adaptive_k][square][adaptive_k][k=adaptive][s=9] INFO   Win  5  k=2  [6.0→9.0 s]  interior_MAE=0.757°C  → k_next=3
2026-05-28 15:54:33 [pinn_trainer][square][ak_k3][k=-][s=-] INFO Training start: t=[9.0,13.5]s  epochs_adam=1000  epochs_lbfgs=300  params=11776
2026-05-28 15:54:35 [pinn_trainer][square][ak_k3][k=-][s=-] INFO Adam     1/1000  loss=3.9681e+01  pde=3.2848e+01  bc=1.3666e+00  ic=0.0000e+00  fc=0.0000e+00
2026-05-28 15:54:54 [pinn_trainer][square][ak_k3][k=-][s=-] INFO Adam   500/1000  loss=3.1365e-03  pde=2.6818e-03  bc=9.0937e-05  ic=0.0000e+00  fc=0.0000e+00
2026-05-28 15:55:13 [pinn_trainer][square][ak_k3][k=-][s=-] INFO Adam  1000/1000  loss=1.2312e-04  pde=9.7034e-05  bc=5.2170e-06  ic=0.0000e+00  fc=0.0000e+00
2026-05-28 15:55:19 [pinn_trainer][square][ak_k3][k=-][s=-] INFO L-BFGS  300/300  loss=1.2013e-04
2026-05-28 15:55:19 [pinn_trainer][square][ak_k3][k=-][s=-] INFO Training done in 45.5 s
2026-05-28 15:55:19 [adaptive_k][square][adaptive_k][k=adaptive][s=9] INFO   Win  6  k=3  [9.0→13.5 s]  interior_MAE=0.132°C  → k_next=4
2026-05-28 15:55:19 [pinn_trainer][square][ak_k4][k=-][s=-] INFO Training start: t=[13.5,19.5]s  epochs_adam=1000  epochs_lbfgs=300  params=11776
2026-05-28 15:55:21 [pinn_trainer][square][ak_k4][k=-][s=-] INFO Adam     1/1000  loss=4.4284e+01  pde=3.7187e+01  bc=1.4192e+00  ic=0.0000e+00  fc=0.0000e+00
2026-05-28 15:55:39 [pinn_trainer][square][ak_k4][k=-][s=-] INFO Adam   500/1000  loss=1.9409e-03  pde=1.8568e-03  bc=1.6827e-05  ic=0.0000e+00  fc=0.0000e+00
2026-05-28 15:55:58 [pinn_trainer][square][ak_k4][k=-][s=-] INFO Adam  1000/1000  loss=6.9512e-05  pde=4.8605e-05  bc=4.1814e-06  ic=0.0000e+00  fc=0.0000e+00
2026-05-28 15:56:04 [pinn_trainer][square][ak_k4][k=-][s=-] INFO L-BFGS  300/300  loss=6.8889e-05
2026-05-28 15:56:04 [pinn_trainer][square][ak_k4][k=-][s=-] INFO Training done in 45.6 s
2026-05-28 15:56:04 [adaptive_k][square][adaptive_k][k=adaptive][s=9] INFO   Win  7  k=4  [13.5→19.5 s]  interior_MAE=0.017°C  → k_next=5
2026-05-28 15:56:04 [pinn_trainer][square][ak_k5][k=-][s=-] INFO Training start: t=[19.5,27.0]s  epochs_adam=1000  epochs_lbfgs=300  params=11776
2026-05-28 15:56:06 [pinn_trainer][square][ak_k5][k=-][s=-] INFO Adam     1/1000  loss=3.8025e+01  pde=3.5270e+01  bc=5.5110e-01  ic=0.0000e+00  fc=0.0000e+00
2026-05-28 15:56:25 [pinn_trainer][square][ak_k5][k=-][s=-] INFO Adam   500/1000  loss=1.8264e-03  pde=1.3966e-03  bc=8.5950e-05  ic=0.0000e+00  fc=0.0000e+00
2026-05-28 15:56:44 [pinn_trainer][square][ak_k5][k=-][s=-] INFO Adam  1000/1000  loss=1.0001e-04  pde=6.4149e-05  bc=7.1726e-06  ic=0.0000e+00  fc=0.0000e+00
2026-05-28 15:56:50 [pinn_trainer][square][ak_k5][k=-][s=-] INFO L-BFGS  300/300  loss=9.9397e-05
2026-05-28 15:56:50 [pinn_trainer][square][ak_k5][k=-][s=-] INFO Training done in 45.9 s
2026-05-28 15:56:50 [adaptive_k][square][adaptive_k][k=adaptive][s=9] INFO   Win  8  k=5  [19.5→27.0 s]  interior_MAE=0.026°C  → k_next=5
2026-05-28 15:56:50 [pinn_trainer][square][ak_k5][k=-][s=-] INFO Training start: t=[27.0,30.0]s  epochs_adam=1000  epochs_lbfgs=300  params=11776
2026-05-28 15:56:52 [pinn_trainer][square][ak_k5][k=-][s=-] INFO Adam     1/1000  loss=3.0879e+01  pde=2.7484e+01  bc=6.7908e-01  ic=0.0000e+00  fc=0.0000e+00
2026-05-28 15:57:11 [pinn_trainer][square][ak_k5][k=-][s=-] INFO Adam   500/1000  loss=5.7499e-04  pde=4.9548e-04  bc=1.5901e-05  ic=0.0000e+00  fc=0.0000e+00
2026-05-28 15:57:29 [pinn_trainer][square][ak_k5][k=-][s=-] INFO Adam  1000/1000  loss=1.1684e-04  pde=9.5403e-05  bc=4.2873e-06  ic=0.0000e+00  fc=0.0000e+00
2026-05-28 15:57:35 [pinn_trainer][square][ak_k5][k=-][s=-] INFO L-BFGS  300/300  loss=1.1451e-04
2026-05-28 15:57:35 [pinn_trainer][square][ak_k5][k=-][s=-] INFO Training done in 44.9 s
2026-05-28 15:57:35 [adaptive_k][square][adaptive_k][k=adaptive][s=9] INFO   Win  9  k=5  [27.0→30.0 s]  interior_MAE=0.033°C  → k_next=5
2026-05-28 15:57:35 [adaptive_k][square][adaptive_k][k=adaptive][s=9] INFO AdaptiveK done | wins=9 | FEM_solves=9/60 | FEM_saving=85% | MAE=1.804°C | L2=0.0148 | t=423 s
2026-05-28 15:57:35 [adaptive_k][square][adaptive_k][k=adaptive][s=9] INFO k schedule: t=0.0s:k=1 → t=1.5s:k=1 → t=3.0s:k=1 → t=4.5s:k=1 → t=6.0s:k=2 → t=9.0s:k=3 → t=13.5s:k=4 → t=19.5s:k=5 → t=27.0s:k=5
2026-05-28 15:57:35 [adaptive_k][square][adaptive_k][k=adaptive][s=9] INFO Saved → /home/coder/NAS-PINNS1/thermal_pinn/quenching_mswp/results/adaptive_k/square/seed9_adaptive_nsga3_75
2026-05-28 15:57:36 [stage_adaptive_k][all][adaptive_k][k=-][s=-] INFO RESULT geo=square   seed=9 | MAE=1.804°C | L2=0.0148 | FEM_solves=9/60 | FEM_saving=85%
2026-05-28 15:57:37 [stage_adaptive_k][all][adaptive_k][k=-][s=-] INFO AdaptiveK | geo=circle seed=1 arch=[75, 75, 75] thr_up=2.0 thr_dn=5.0
2026-05-28 15:57:37 [adaptive_k][circle][adaptive_k][k=adaptive][s=1] INFO AdaptiveK | arch=[75, 75, 75] | k=[1..5] | thr_up=2.0°C thr_dn=5.0°C | fourier=False
2026-05-28 15:57:37 [pinn_trainer][circle][ak_k1][k=-][s=-] INFO Training start: t=[0.0,1.5]s  epochs_adam=1000  epochs_lbfgs=300  params=11776
2026-05-28 15:57:40 [pinn_trainer][circle][ak_k1][k=-][s=-] INFO Adam     1/1000  loss=4.1813e+02  pde=4.0794e+02  bc=2.0371e+00  ic=0.0000e+00  fc=0.0000e+00
2026-05-28 15:58:01 [pinn_trainer][circle][ak_k1][k=-][s=-] INFO Adam   500/1000  loss=1.6104e+00  pde=8.8057e-01  bc=1.4597e-01  ic=0.0000e+00  fc=0.0000e+00
2026-05-28 15:58:23 [pinn_trainer][circle][ak_k1][k=-][s=-] INFO Adam  1000/1000  loss=1.0287e+00  pde=4.0580e-01  bc=1.2458e-01  ic=0.0000e+00  fc=0.0000e+00
2026-05-28 15:58:32 [pinn_trainer][circle][ak_k1][k=-][s=-] INFO L-BFGS  300/300  loss=1.1325e+00
2026-05-28 15:58:32 [pinn_trainer][circle][ak_k1][k=-][s=-] INFO Training done in 55.8 s
2026-05-28 15:58:32 [adaptive_k][circle][adaptive_k][k=adaptive][s=1] INFO   Win  1  k=1  [0.0→1.5 s]  interior_MAE=28.888°C  → k_next=1
2026-05-28 15:58:32 [pinn_trainer][circle][ak_k1][k=-][s=-] INFO Training start: t=[1.5,3.0]s  epochs_adam=1000  epochs_lbfgs=300  params=11776
2026-05-28 15:58:35 [pinn_trainer][circle][ak_k1][k=-][s=-] INFO Adam     1/1000  loss=1.5865e+02  pde=1.4860e+02  bc=2.0110e+00  ic=0.0000e+00  fc=0.0000e+00
2026-05-28 15:58:56 [pinn_trainer][circle][ak_k1][k=-][s=-] INFO Adam   500/1000  loss=2.2195e-01  pde=1.1976e-01  bc=2.0439e-02  ic=0.0000e+00  fc=0.0000e+00
2026-05-28 15:59:18 [pinn_trainer][circle][ak_k1][k=-][s=-] INFO Adam  1000/1000  loss=1.4816e-01  pde=6.7695e-02  bc=1.6093e-02  ic=0.0000e+00  fc=0.0000e+00
2026-05-28 15:59:27 [pinn_trainer][circle][ak_k1][k=-][s=-] INFO L-BFGS  300/300  loss=1.5785e-01
2026-05-28 15:59:27 [pinn_trainer][circle][ak_k1][k=-][s=-] INFO Training done in 54.7 s
2026-05-28 15:59:27 [adaptive_k][circle][adaptive_k][k=adaptive][s=1] INFO   Win  2  k=1  [1.5→3.0 s]  interior_MAE=11.604°C  → k_next=1
2026-05-28 15:59:27 [pinn_trainer][circle][ak_k1][k=-][s=-] INFO Training start: t=[3.0,4.5]s  epochs_adam=1000  epochs_lbfgs=300  params=11776
2026-05-28 15:59:30 [pinn_trainer][circle][ak_k1][k=-][s=-] INFO Adam     1/1000  loss=2.9392e+02  pde=2.7768e+02  bc=3.2472e+00  ic=0.0000e+00  fc=0.0000e+00
2026-05-28 15:59:51 [pinn_trainer][circle][ak_k1][k=-][s=-] INFO Adam   500/1000  loss=1.1504e-01  pde=9.7224e-02  bc=3.5625e-03  ic=0.0000e+00  fc=0.0000e+00
2026-05-28 16:00:12 [pinn_trainer][circle][ak_k1][k=-][s=-] INFO Adam  1000/1000  loss=1.4497e-02  pde=5.4962e-03  bc=1.8001e-03  ic=0.0000e+00  fc=0.0000e+00
2026-05-28 16:00:22 [pinn_trainer][circle][ak_k1][k=-][s=-] INFO L-BFGS  300/300  loss=1.6304e-02
2026-05-28 16:00:22 [pinn_trainer][circle][ak_k1][k=-][s=-] INFO Training done in 54.8 s
2026-05-28 16:00:22 [adaptive_k][circle][adaptive_k][k=adaptive][s=1] INFO   Win  3  k=1  [3.0→4.5 s]  interior_MAE=3.924°C  → k_next=1
2026-05-28 16:00:22 [pinn_trainer][circle][ak_k1][k=-][s=-] INFO Training start: t=[4.5,6.0]s  epochs_adam=1000  epochs_lbfgs=300  params=11776
2026-05-28 16:00:25 [pinn_trainer][circle][ak_k1][k=-][s=-] INFO Adam     1/1000  loss=2.8395e+01  pde=2.7724e+01  bc=1.3427e-01  ic=0.0000e+00  fc=0.0000e+00
2026-05-28 16:00:46 [pinn_trainer][circle][ak_k1][k=-][s=-] INFO Adam   500/1000  loss=2.0293e-02  pde=1.7567e-02  bc=5.4517e-04  ic=0.0000e+00  fc=0.0000e+00
2026-05-28 16:01:07 [pinn_trainer][circle][ak_k1][k=-][s=-] INFO Adam  1000/1000  loss=2.4073e-03  pde=1.0057e-03  bc=2.8032e-04  ic=0.0000e+00  fc=0.0000e+00
2026-05-28 16:01:17 [pinn_trainer][circle][ak_k1][k=-][s=-] INFO L-BFGS  300/300  loss=2.5839e-03
2026-05-28 16:01:17 [pinn_trainer][circle][ak_k1][k=-][s=-] INFO Training done in 54.7 s
2026-05-28 16:01:17 [adaptive_k][circle][adaptive_k][k=adaptive][s=1] INFO   Win  4  k=1  [4.5→6.0 s]  interior_MAE=1.297°C  → k_next=2
2026-05-28 16:01:17 [pinn_trainer][circle][ak_k2][k=-][s=-] INFO Training start: t=[6.0,9.0]s  epochs_adam=1000  epochs_lbfgs=300  params=11776
2026-05-28 16:01:19 [pinn_trainer][circle][ak_k2][k=-][s=-] INFO Adam     1/1000  loss=2.2876e+01  pde=1.9059e+01  bc=7.6344e-01  ic=0.0000e+00  fc=0.0000e+00
2026-05-28 16:01:41 [pinn_trainer][circle][ak_k2][k=-][s=-] INFO Adam   500/1000  loss=2.8403e-03  pde=2.3219e-03  bc=1.0367e-04  ic=0.0000e+00  fc=0.0000e+00
2026-05-28 16:02:02 [pinn_trainer][circle][ak_k2][k=-][s=-] INFO Adam  1000/1000  loss=3.0521e-04  pde=9.9489e-05  bc=4.1144e-05  ic=0.0000e+00  fc=0.0000e+00
2026-05-28 16:02:09 [pinn_trainer][circle][ak_k2][k=-][s=-] INFO L-BFGS  300/300  loss=3.4671e-04
2026-05-28 16:02:09 [pinn_trainer][circle][ak_k2][k=-][s=-] INFO Training done in 52.1 s
2026-05-28 16:02:09 [adaptive_k][circle][adaptive_k][k=adaptive][s=1] INFO   Win  5  k=2  [6.0→9.0 s]  interior_MAE=0.665°C  → k_next=3
2026-05-28 16:02:09 [pinn_trainer][circle][ak_k3][k=-][s=-] INFO Training start: t=[9.0,13.5]s  epochs_adam=1000  epochs_lbfgs=300  params=11776
2026-05-28 16:02:12 [pinn_trainer][circle][ak_k3][k=-][s=-] INFO Adam     1/1000  loss=1.1151e+01  pde=1.0192e+01  bc=1.9185e-01  ic=0.0000e+00  fc=0.0000e+00
2026-05-28 16:02:33 [pinn_trainer][circle][ak_k3][k=-][s=-] INFO Adam   500/1000  loss=6.0950e-03  pde=5.5744e-03  bc=1.0412e-04  ic=0.0000e+00  fc=0.0000e+00
2026-05-28 16:02:55 [pinn_trainer][circle][ak_k3][k=-][s=-] INFO Adam  1000/1000  loss=7.7379e-05  pde=5.1755e-05  bc=5.1248e-06  ic=0.0000e+00  fc=0.0000e+00
2026-05-28 16:03:02 [pinn_trainer][circle][ak_k3][k=-][s=-] INFO L-BFGS  300/300  loss=7.6035e-05
2026-05-28 16:03:02 [pinn_trainer][circle][ak_k3][k=-][s=-] INFO Training done in 52.7 s
2026-05-28 16:03:02 [adaptive_k][circle][adaptive_k][k=adaptive][s=1] INFO   Win  6  k=3  [9.0→13.5 s]  interior_MAE=0.110°C  → k_next=4
2026-05-28 16:03:02 [pinn_trainer][circle][ak_k4][k=-][s=-] INFO Training start: t=[13.5,19.5]s  epochs_adam=1000  epochs_lbfgs=300  params=11776
2026-05-28 16:03:04 [pinn_trainer][circle][ak_k4][k=-][s=-] INFO Adam     1/1000  loss=6.7600e+01  pde=6.2059e+01  bc=1.1082e+00  ic=0.0000e+00  fc=0.0000e+00
2026-05-28 16:03:26 [pinn_trainer][circle][ak_k4][k=-][s=-] INFO Adam   500/1000  loss=2.5268e-03  pde=1.8523e-03  bc=1.3489e-04  ic=0.0000e+00  fc=0.0000e+00
2026-05-28 16:03:47 [pinn_trainer][circle][ak_k4][k=-][s=-] INFO Adam  1000/1000  loss=4.8334e-05  pde=2.9789e-05  bc=3.7090e-06  ic=0.0000e+00  fc=0.0000e+00
2026-05-28 16:03:53 [pinn_trainer][circle][ak_k4][k=-][s=-] INFO L-BFGS  300/300  loss=4.4948e-05
2026-05-28 16:03:53 [pinn_trainer][circle][ak_k4][k=-][s=-] INFO Training done in 51.6 s
2026-05-28 16:03:53 [adaptive_k][circle][adaptive_k][k=adaptive][s=1] INFO   Win  7  k=4  [13.5→19.5 s]  interior_MAE=0.030°C  → k_next=5
2026-05-28 16:03:53 [pinn_trainer][circle][ak_k5][k=-][s=-] INFO Training start: t=[19.5,27.0]s  epochs_adam=1000  epochs_lbfgs=300  params=11776
2026-05-28 16:03:56 [pinn_trainer][circle][ak_k5][k=-][s=-] INFO Adam     1/1000  loss=7.2221e+00  pde=5.1685e+00  bc=4.1073e-01  ic=0.0000e+00  fc=0.0000e+00
2026-05-28 16:04:17 [pinn_trainer][circle][ak_k5][k=-][s=-] INFO Adam   500/1000  loss=1.2740e-03  pde=1.0944e-03  bc=3.5903e-05  ic=0.0000e+00  fc=0.0000e+00
2026-05-28 16:04:39 [pinn_trainer][circle][ak_k5][k=-][s=-] INFO Adam  1000/1000  loss=3.6058e-05  pde=2.5367e-05  bc=2.1381e-06  ic=0.0000e+00  fc=0.0000e+00
2026-05-28 16:04:46 [pinn_trainer][circle][ak_k5][k=-][s=-] INFO L-BFGS  300/300  loss=3.6874e-05
2026-05-28 16:04:46 [pinn_trainer][circle][ak_k5][k=-][s=-] INFO Training done in 52.8 s
2026-05-28 16:04:46 [adaptive_k][circle][adaptive_k][k=adaptive][s=1] INFO   Win  8  k=5  [19.5→27.0 s]  interior_MAE=0.010°C  → k_next=5
2026-05-28 16:04:46 [pinn_trainer][circle][ak_k5][k=-][s=-] INFO Training start: t=[27.0,30.0]s  epochs_adam=1000  epochs_lbfgs=300  params=11776
2026-05-28 16:04:49 [pinn_trainer][circle][ak_k5][k=-][s=-] INFO Adam     1/1000  loss=1.0114e+01  pde=1.0017e+01  bc=1.9274e-02  ic=0.0000e+00  fc=0.0000e+00
2026-05-28 16:05:10 [pinn_trainer][circle][ak_k5][k=-][s=-] INFO Adam   500/1000  loss=8.0115e-03  pde=7.7361e-03  bc=5.5090e-05  ic=0.0000e+00  fc=0.0000e+00
2026-05-28 16:05:32 [pinn_trainer][circle][ak_k5][k=-][s=-] INFO Adam  1000/1000  loss=2.0430e-04  pde=1.4201e-04  bc=1.2459e-05  ic=0.0000e+00  fc=0.0000e+00
2026-05-28 16:05:40 [pinn_trainer][circle][ak_k5][k=-][s=-] INFO L-BFGS  300/300  loss=1.9983e-04
2026-05-28 16:05:40 [pinn_trainer][circle][ak_k5][k=-][s=-] INFO Training done in 53.7 s
2026-05-28 16:05:40 [adaptive_k][circle][adaptive_k][k=adaptive][s=1] INFO   Win  9  k=5  [27.0→30.0 s]  interior_MAE=0.034°C  → k_next=5
2026-05-28 16:05:40 [adaptive_k][circle][adaptive_k][k=adaptive][s=1] INFO AdaptiveK done | wins=9 | FEM_solves=9/60 | FEM_saving=85% | MAE=1.604°C | L2=0.0129 | t=484 s
2026-05-28 16:05:40 [adaptive_k][circle][adaptive_k][k=adaptive][s=1] INFO k schedule: t=0.0s:k=1 → t=1.5s:k=1 → t=3.0s:k=1 → t=4.5s:k=1 → t=6.0s:k=2 → t=9.0s:k=3 → t=13.5s:k=4 → t=19.5s:k=5 → t=27.0s:k=5
2026-05-28 16:05:40 [adaptive_k][circle][adaptive_k][k=adaptive][s=1] INFO Saved → /home/coder/NAS-PINNS1/thermal_pinn/quenching_mswp/results/adaptive_k/circle/seed1_adaptive_nsga3_75
2026-05-28 16:05:42 [stage_adaptive_k][all][adaptive_k][k=-][s=-] INFO RESULT geo=circle   seed=1 | MAE=1.604°C | L2=0.0129 | FEM_solves=9/60 | FEM_saving=85%
2026-05-28 16:05:42 [stage_adaptive_k][all][adaptive_k][k=-][s=-] INFO AdaptiveK | geo=circle seed=2 arch=[75, 75, 75] thr_up=2.0 thr_dn=5.0
2026-05-28 16:05:42 [adaptive_k][circle][adaptive_k][k=adaptive][s=2] INFO AdaptiveK | arch=[75, 75, 75] | k=[1..5] | thr_up=2.0°C thr_dn=5.0°C | fourier=False
2026-05-28 16:05:42 [pinn_trainer][circle][ak_k1][k=-][s=-] INFO Training start: t=[0.0,1.5]s  epochs_adam=1000  epochs_lbfgs=300  params=11776
2026-05-28 16:05:45 [pinn_trainer][circle][ak_k1][k=-][s=-] INFO Adam     1/1000  loss=1.9676e+02  pde=1.9279e+02  bc=7.9250e-01  ic=0.0000e+00  fc=0.0000e+00
2026-05-28 16:06:06 [pinn_trainer][circle][ak_k1][k=-][s=-] INFO Adam   500/1000  loss=1.3433e+00  pde=5.8809e-01  bc=1.5105e-01  ic=0.0000e+00  fc=0.0000e+00
2026-05-28 16:06:27 [pinn_trainer][circle][ak_k1][k=-][s=-] INFO Adam  1000/1000  loss=9.4123e-01  pde=3.2184e-01  bc=1.2388e-01  ic=0.0000e+00  fc=0.0000e+00
2026-05-28 16:06:37 [pinn_trainer][circle][ak_k1][k=-][s=-] INFO L-BFGS  300/300  loss=1.0301e+00
2026-05-28 16:06:37 [pinn_trainer][circle][ak_k1][k=-][s=-] INFO Training done in 54.5 s
2026-05-28 16:06:37 [adaptive_k][circle][adaptive_k][k=adaptive][s=2] INFO   Win  1  k=1  [0.0→1.5 s]  interior_MAE=28.972°C  → k_next=1
2026-05-28 16:06:37 [pinn_trainer][circle][ak_k1][k=-][s=-] INFO Training start: t=[1.5,3.0]s  epochs_adam=1000  epochs_lbfgs=300  params=11776
2026-05-28 16:06:39 [pinn_trainer][circle][ak_k1][k=-][s=-] INFO Adam     1/1000  loss=5.4671e+02  pde=5.3420e+02  bc=2.5002e+00  ic=0.0000e+00  fc=0.0000e+00
2026-05-28 16:07:00 [pinn_trainer][circle][ak_k1][k=-][s=-] INFO Adam   500/1000  loss=4.7511e-01  pde=3.9050e-01  bc=1.6922e-02  ic=0.0000e+00  fc=0.0000e+00
2026-05-28 16:07:22 [pinn_trainer][circle][ak_k1][k=-][s=-] INFO Adam  1000/1000  loss=1.2956e-01  pde=5.5638e-02  bc=1.4784e-02  ic=0.0000e+00  fc=0.0000e+00
2026-05-28 16:07:31 [pinn_trainer][circle][ak_k1][k=-][s=-] INFO L-BFGS  300/300  loss=1.4041e-01
2026-05-28 16:07:31 [pinn_trainer][circle][ak_k1][k=-][s=-] INFO Training done in 54.5 s
2026-05-28 16:07:31 [adaptive_k][circle][adaptive_k][k=adaptive][s=2] INFO   Win  2  k=1  [1.5→3.0 s]  interior_MAE=11.091°C  → k_next=1
2026-05-28 16:07:31 [pinn_trainer][circle][ak_k1][k=-][s=-] INFO Training start: t=[3.0,4.5]s  epochs_adam=1000  epochs_lbfgs=300  params=11776
2026-05-28 16:07:34 [pinn_trainer][circle][ak_k1][k=-][s=-] INFO Adam     1/1000  loss=1.0134e+02  pde=1.0073e+02  bc=1.2259e-01  ic=0.0000e+00  fc=0.0000e+00
2026-05-28 16:07:55 [pinn_trainer][circle][ak_k1][k=-][s=-] INFO Adam   500/1000  loss=4.2819e-02  pde=3.1316e-02  bc=2.3005e-03  ic=0.0000e+00  fc=0.0000e+00
2026-05-28 16:08:16 [pinn_trainer][circle][ak_k1][k=-][s=-] INFO Adam  1000/1000  loss=1.7664e-02  pde=8.6197e-03  bc=1.8088e-03  ic=0.0000e+00  fc=0.0000e+00
2026-05-28 16:08:26 [pinn_trainer][circle][ak_k1][k=-][s=-] INFO L-BFGS  300/300  loss=1.8694e-02
2026-05-28 16:08:26 [pinn_trainer][circle][ak_k1][k=-][s=-] INFO Training done in 54.5 s
2026-05-28 16:08:26 [adaptive_k][circle][adaptive_k][k=adaptive][s=2] INFO   Win  3  k=1  [3.0→4.5 s]  interior_MAE=3.933°C  → k_next=1
2026-05-28 16:08:26 [pinn_trainer][circle][ak_k1][k=-][s=-] INFO Training start: t=[4.5,6.0]s  epochs_adam=1000  epochs_lbfgs=300  params=11776
2026-05-28 16:08:28 [pinn_trainer][circle][ak_k1][k=-][s=-] INFO Adam     1/1000  loss=9.7310e+01  pde=9.3075e+01  bc=8.4712e-01  ic=0.0000e+00  fc=0.0000e+00
2026-05-28 16:08:49 [pinn_trainer][circle][ak_k1][k=-][s=-] INFO Adam   500/1000  loss=6.4092e-02  pde=5.9658e-02  bc=8.8671e-04  ic=0.0000e+00  fc=0.0000e+00
2026-05-28 16:09:11 [pinn_trainer][circle][ak_k1][k=-][s=-] INFO Adam  1000/1000  loss=2.5026e-03  pde=1.2720e-03  bc=2.4612e-04  ic=0.0000e+00  fc=0.0000e+00
2026-05-28 16:09:20 [pinn_trainer][circle][ak_k1][k=-][s=-] INFO L-BFGS  300/300  loss=2.7539e-03
2026-05-28 16:09:20 [pinn_trainer][circle][ak_k1][k=-][s=-] INFO Training done in 54.5 s
2026-05-28 16:09:20 [adaptive_k][circle][adaptive_k][k=adaptive][s=2] INFO   Win  4  k=1  [4.5→6.0 s]  interior_MAE=1.334°C  → k_next=2
2026-05-28 16:09:20 [pinn_trainer][circle][ak_k2][k=-][s=-] INFO Training start: t=[6.0,9.0]s  epochs_adam=1000  epochs_lbfgs=300  params=11776
2026-05-28 16:09:23 [pinn_trainer][circle][ak_k2][k=-][s=-] INFO Adam     1/1000  loss=2.6486e+01  pde=2.2127e+01  bc=8.7196e-01  ic=0.0000e+00  fc=0.0000e+00
2026-05-28 16:09:44 [pinn_trainer][circle][ak_k2][k=-][s=-] INFO Adam   500/1000  loss=3.0346e-03  pde=2.5107e-03  bc=1.0478e-04  ic=0.0000e+00  fc=0.0000e+00
2026-05-28 16:10:05 [pinn_trainer][circle][ak_k2][k=-][s=-] INFO Adam  1000/1000  loss=2.8708e-04  pde=8.0257e-05  bc=4.1365e-05  ic=0.0000e+00  fc=0.0000e+00
2026-05-28 16:10:13 [pinn_trainer][circle][ak_k2][k=-][s=-] INFO L-BFGS  300/300  loss=3.1313e-04
2026-05-28 16:10:13 [pinn_trainer][circle][ak_k2][k=-][s=-] INFO Training done in 52.6 s
2026-05-28 16:10:13 [adaptive_k][circle][adaptive_k][k=adaptive][s=2] INFO   Win  5  k=2  [6.0→9.0 s]  interior_MAE=0.662°C  → k_next=3
2026-05-28 16:10:13 [pinn_trainer][circle][ak_k3][k=-][s=-] INFO Training start: t=[9.0,13.5]s  epochs_adam=1000  epochs_lbfgs=300  params=11776
2026-05-28 16:10:16 [pinn_trainer][circle][ak_k3][k=-][s=-] INFO Adam     1/1000  loss=1.1928e+01  pde=1.0612e+01  bc=2.6322e-01  ic=0.0000e+00  fc=0.0000e+00
2026-05-28 16:10:37 [pinn_trainer][circle][ak_k3][k=-][s=-] INFO Adam   500/1000  loss=1.8372e-03  pde=1.4509e-03  bc=7.7255e-05  ic=0.0000e+00  fc=0.0000e+00
2026-05-28 16:10:59 [pinn_trainer][circle][ak_k3][k=-][s=-] INFO Adam  1000/1000  loss=6.7332e-05  pde=4.1095e-05  bc=5.2474e-06  ic=0.0000e+00  fc=0.0000e+00
2026-05-28 16:11:05 [pinn_trainer][circle][ak_k3][k=-][s=-] INFO L-BFGS  300/300  loss=6.7407e-05
2026-05-28 16:11:05 [pinn_trainer][circle][ak_k3][k=-][s=-] INFO Training done in 51.8 s
2026-05-28 16:11:05 [adaptive_k][circle][adaptive_k][k=adaptive][s=2] INFO   Win  6  k=3  [9.0→13.5 s]  interior_MAE=0.106°C  → k_next=4
2026-05-28 16:11:05 [pinn_trainer][circle][ak_k4][k=-][s=-] INFO Training start: t=[13.5,19.5]s  epochs_adam=1000  epochs_lbfgs=300  params=11776
2026-05-28 16:11:08 [pinn_trainer][circle][ak_k4][k=-][s=-] INFO Adam     1/1000  loss=2.9630e+01  pde=2.6604e+01  bc=6.0526e-01  ic=0.0000e+00  fc=0.0000e+00
2026-05-28 16:11:29 [pinn_trainer][circle][ak_k4][k=-][s=-] INFO Adam   500/1000  loss=4.1947e-03  pde=3.3829e-03  bc=1.6235e-04  ic=0.0000e+00  fc=0.0000e+00
2026-05-28 16:11:50 [pinn_trainer][circle][ak_k4][k=-][s=-] INFO Adam  1000/1000  loss=8.6865e-05  pde=5.3304e-05  bc=6.7121e-06  ic=0.0000e+00  fc=0.0000e+00
2026-05-28 16:11:58 [pinn_trainer][circle][ak_k4][k=-][s=-] INFO L-BFGS  300/300  loss=8.8591e-05
2026-05-28 16:11:58 [pinn_trainer][circle][ak_k4][k=-][s=-] INFO Training done in 53.4 s
2026-05-28 16:11:58 [adaptive_k][circle][adaptive_k][k=adaptive][s=2] INFO   Win  7  k=4  [13.5→19.5 s]  interior_MAE=0.011°C  → k_next=5
2026-05-28 16:11:58 [pinn_trainer][circle][ak_k5][k=-][s=-] INFO Training start: t=[19.5,27.0]s  epochs_adam=1000  epochs_lbfgs=300  params=11776
2026-05-28 16:12:01 [pinn_trainer][circle][ak_k5][k=-][s=-] INFO Adam     1/1000  loss=2.0259e+01  pde=1.9560e+01  bc=1.3978e-01  ic=0.0000e+00  fc=0.0000e+00
2026-05-28 16:12:22 [pinn_trainer][circle][ak_k5][k=-][s=-] INFO Adam   500/1000  loss=2.2037e-03  pde=1.3940e-03  bc=1.6194e-04  ic=0.0000e+00  fc=0.0000e+00
2026-05-28 16:12:43 [pinn_trainer][circle][ak_k5][k=-][s=-] INFO Adam  1000/1000  loss=7.9752e-05  pde=3.9912e-05  bc=7.9680e-06  ic=0.0000e+00  fc=0.0000e+00
2026-05-28 16:12:50 [pinn_trainer][circle][ak_k5][k=-][s=-] INFO L-BFGS  300/300  loss=8.1525e-05
2026-05-28 16:12:50 [pinn_trainer][circle][ak_k5][k=-][s=-] INFO Training done in 51.4 s
2026-05-28 16:12:50 [adaptive_k][circle][adaptive_k][k=adaptive][s=2] INFO   Win  8  k=5  [19.5→27.0 s]  interior_MAE=0.112°C  → k_next=5
2026-05-28 16:12:50 [pinn_trainer][circle][ak_k5][k=-][s=-] INFO Training start: t=[27.0,30.0]s  epochs_adam=1000  epochs_lbfgs=300  params=11776
2026-05-28 16:12:53 [pinn_trainer][circle][ak_k5][k=-][s=-] INFO Adam     1/1000  loss=1.0314e+01  pde=9.8483e+00  bc=9.3172e-02  ic=0.0000e+00  fc=0.0000e+00
2026-05-28 16:13:14 [pinn_trainer][circle][ak_k5][k=-][s=-] INFO Adam   500/1000  loss=7.1160e-03  pde=6.3759e-03  bc=1.4802e-04  ic=0.0000e+00  fc=0.0000e+00
2026-05-28 16:13:35 [pinn_trainer][circle][ak_k5][k=-][s=-] INFO Adam  1000/1000  loss=8.1712e-05  pde=5.1546e-05  bc=6.0331e-06  ic=0.0000e+00  fc=0.0000e+00
2026-05-28 16:13:40 [pinn_trainer][circle][ak_k5][k=-][s=-] INFO L-BFGS  300/300  loss=7.7297e-05
2026-05-28 16:13:40 [pinn_trainer][circle][ak_k5][k=-][s=-] INFO Training done in 50.3 s
2026-05-28 16:13:40 [adaptive_k][circle][adaptive_k][k=adaptive][s=2] INFO   Win  9  k=5  [27.0→30.0 s]  interior_MAE=0.018°C  → k_next=5
2026-05-28 16:13:40 [adaptive_k][circle][adaptive_k][k=adaptive][s=2] INFO AdaptiveK done | wins=9 | FEM_solves=9/60 | FEM_saving=85% | MAE=1.610°C | L2=0.0137 | t=478 s
2026-05-28 16:13:40 [adaptive_k][circle][adaptive_k][k=adaptive][s=2] INFO k schedule: t=0.0s:k=1 → t=1.5s:k=1 → t=3.0s:k=1 → t=4.5s:k=1 → t=6.0s:k=2 → t=9.0s:k=3 → t=13.5s:k=4 → t=19.5s:k=5 → t=27.0s:k=5
2026-05-28 16:13:41 [adaptive_k][circle][adaptive_k][k=adaptive][s=2] INFO Saved → /home/coder/NAS-PINNS1/thermal_pinn/quenching_mswp/results/adaptive_k/circle/seed2_adaptive_nsga3_75
2026-05-28 16:13:43 [stage_adaptive_k][all][adaptive_k][k=-][s=-] INFO RESULT geo=circle   seed=2 | MAE=1.610°C | L2=0.0137 | FEM_solves=9/60 | FEM_saving=85%
2026-05-28 16:13:43 [stage_adaptive_k][all][adaptive_k][k=-][s=-] INFO AdaptiveK | geo=circle seed=3 arch=[75, 75, 75] thr_up=2.0 thr_dn=5.0
2026-05-28 16:13:43 [adaptive_k][circle][adaptive_k][k=adaptive][s=3] INFO AdaptiveK | arch=[75, 75, 75] | k=[1..5] | thr_up=2.0°C thr_dn=5.0°C | fourier=False
2026-05-28 16:13:43 [pinn_trainer][circle][ak_k1][k=-][s=-] INFO Training start: t=[0.0,1.5]s  epochs_adam=1000  epochs_lbfgs=300  params=11776
2026-05-28 16:13:45 [pinn_trainer][circle][ak_k1][k=-][s=-] INFO Adam     1/1000  loss=2.3076e+02  pde=2.2736e+02  bc=6.8079e-01  ic=0.0000e+00  fc=0.0000e+00
2026-05-28 16:14:05 [pinn_trainer][circle][ak_k1][k=-][s=-] INFO Adam   500/1000  loss=1.1642e+00  pde=4.2489e-01  bc=1.4786e-01  ic=0.0000e+00  fc=0.0000e+00
2026-05-28 16:14:25 [pinn_trainer][circle][ak_k1][k=-][s=-] INFO Adam  1000/1000  loss=8.9938e-01  pde=3.0957e-01  bc=1.1796e-01  ic=0.0000e+00  fc=0.0000e+00
2026-05-28 16:14:35 [pinn_trainer][circle][ak_k1][k=-][s=-] INFO L-BFGS  300/300  loss=1.0003e+00
2026-05-28 16:14:35 [pinn_trainer][circle][ak_k1][k=-][s=-] INFO Training done in 51.9 s
2026-05-28 16:14:35 [adaptive_k][circle][adaptive_k][k=adaptive][s=3] INFO   Win  1  k=1  [0.0→1.5 s]  interior_MAE=28.148°C  → k_next=1
2026-05-28 16:14:35 [pinn_trainer][circle][ak_k1][k=-][s=-] INFO Training start: t=[1.5,3.0]s  epochs_adam=1000  epochs_lbfgs=300  params=11776
2026-05-28 16:14:37 [pinn_trainer][circle][ak_k1][k=-][s=-] INFO Adam     1/1000  loss=8.2396e+01  pde=8.1275e+01  bc=2.2418e-01  ic=0.0000e+00  fc=0.0000e+00
2026-05-28 16:14:57 [pinn_trainer][circle][ak_k1][k=-][s=-] INFO Adam   500/1000  loss=1.9077e-01  pde=9.8737e-02  bc=1.8406e-02  ic=0.0000e+00  fc=0.0000e+00
2026-05-28 16:15:18 [pinn_trainer][circle][ak_k1][k=-][s=-] INFO Adam  1000/1000  loss=1.1212e-01  pde=4.5198e-02  bc=1.3385e-02  ic=0.0000e+00  fc=0.0000e+00
2026-05-28 16:15:28 [pinn_trainer][circle][ak_k1][k=-][s=-] INFO L-BFGS  300/300  loss=1.2554e-01
2026-05-28 16:15:28 [pinn_trainer][circle][ak_k1][k=-][s=-] INFO Training done in 52.9 s
2026-05-28 16:15:28 [adaptive_k][circle][adaptive_k][k=adaptive][s=3] INFO   Win  2  k=1  [1.5→3.0 s]  interior_MAE=11.208°C  → k_next=1
2026-05-28 16:15:28 [pinn_trainer][circle][ak_k1][k=-][s=-] INFO Training start: t=[3.0,4.5]s  epochs_adam=1000  epochs_lbfgs=300  params=11776
2026-05-28 16:15:30 [pinn_trainer][circle][ak_k1][k=-][s=-] INFO Adam     1/1000  loss=2.0929e+02  pde=2.0152e+02  bc=1.5543e+00  ic=0.0000e+00  fc=0.0000e+00
2026-05-28 16:15:51 [pinn_trainer][circle][ak_k1][k=-][s=-] INFO Adam   500/1000  loss=3.9281e-02  pde=2.6726e-02  bc=2.5111e-03  ic=0.0000e+00  fc=0.0000e+00
2026-05-28 16:16:11 [pinn_trainer][circle][ak_k1][k=-][s=-] INFO Adam  1000/1000  loss=1.9486e-02  pde=9.5297e-03  bc=1.9912e-03  ic=0.0000e+00  fc=0.0000e+00
2026-05-28 16:16:21 [pinn_trainer][circle][ak_k1][k=-][s=-] INFO L-BFGS  300/300  loss=2.1163e-02
2026-05-28 16:16:21 [pinn_trainer][circle][ak_k1][k=-][s=-] INFO Training done in 53.4 s
2026-05-28 16:16:21 [adaptive_k][circle][adaptive_k][k=adaptive][s=3] INFO   Win  3  k=1  [3.0→4.5 s]  interior_MAE=3.883°C  → k_next=1
2026-05-28 16:16:21 [pinn_trainer][circle][ak_k1][k=-][s=-] INFO Training start: t=[4.5,6.0]s  epochs_adam=1000  epochs_lbfgs=300  params=11776
2026-05-28 16:16:24 [pinn_trainer][circle][ak_k1][k=-][s=-] INFO Adam     1/1000  loss=7.8308e+01  pde=7.7264e+01  bc=2.0873e-01  ic=0.0000e+00  fc=0.0000e+00
2026-05-28 16:16:44 [pinn_trainer][circle][ak_k1][k=-][s=-] INFO Adam   500/1000  loss=1.7297e-02  pde=1.4588e-02  bc=5.4171e-04  ic=0.0000e+00  fc=0.0000e+00
2026-05-28 16:17:05 [pinn_trainer][circle][ak_k1][k=-][s=-] INFO Adam  1000/1000  loss=2.9267e-03  pde=1.5121e-03  bc=2.8292e-04  ic=0.0000e+00  fc=0.0000e+00
2026-05-28 16:17:14 [pinn_trainer][circle][ak_k1][k=-][s=-] INFO L-BFGS  300/300  loss=3.1795e-03
2026-05-28 16:17:14 [pinn_trainer][circle][ak_k1][k=-][s=-] INFO Training done in 53.4 s
2026-05-28 16:17:14 [adaptive_k][circle][adaptive_k][k=adaptive][s=3] INFO   Win  4  k=1  [4.5→6.0 s]  interior_MAE=1.451°C  → k_next=2
2026-05-28 16:17:14 [pinn_trainer][circle][ak_k2][k=-][s=-] INFO Training start: t=[6.0,9.0]s  epochs_adam=1000  epochs_lbfgs=300  params=11776
2026-05-28 16:17:17 [pinn_trainer][circle][ak_k2][k=-][s=-] INFO Adam     1/1000  loss=3.4102e+01  pde=2.9614e+01  bc=8.9770e-01  ic=0.0000e+00  fc=0.0000e+00
2026-05-28 16:17:37 [pinn_trainer][circle][ak_k2][k=-][s=-] INFO Adam   500/1000  loss=4.4982e-03  pde=3.5523e-03  bc=1.8917e-04  ic=0.0000e+00  fc=0.0000e+00
2026-05-28 16:17:58 [pinn_trainer][circle][ak_k2][k=-][s=-] INFO Adam  1000/1000  loss=2.9655e-04  pde=8.5652e-05  bc=4.2180e-05  ic=0.0000e+00  fc=0.0000e+00
2026-05-28 16:18:06 [pinn_trainer][circle][ak_k2][k=-][s=-] INFO L-BFGS  300/300  loss=3.2376e-04
2026-05-28 16:18:06 [pinn_trainer][circle][ak_k2][k=-][s=-] INFO Training done in 51.8 s
2026-05-28 16:18:06 [adaptive_k][circle][adaptive_k][k=adaptive][s=3] INFO   Win  5  k=2  [6.0→9.0 s]  interior_MAE=0.666°C  → k_next=3
2026-05-28 16:18:06 [pinn_trainer][circle][ak_k3][k=-][s=-] INFO Training start: t=[9.0,13.5]s  epochs_adam=1000  epochs_lbfgs=300  params=11776
2026-05-28 16:18:09 [pinn_trainer][circle][ak_k3][k=-][s=-] INFO Adam     1/1000  loss=3.3082e+01  pde=3.2045e+01  bc=2.0740e-01  ic=0.0000e+00  fc=0.0000e+00
2026-05-28 16:18:29 [pinn_trainer][circle][ak_k3][k=-][s=-] INFO Adam   500/1000  loss=2.6914e-03  pde=1.8892e-03  bc=1.6044e-04  ic=0.0000e+00  fc=0.0000e+00
2026-05-28 16:18:50 [pinn_trainer][circle][ak_k3][k=-][s=-] INFO Adam  1000/1000  loss=6.2819e-05  pde=4.3317e-05  bc=3.9003e-06  ic=0.0000e+00  fc=0.0000e+00
2026-05-28 16:18:58 [pinn_trainer][circle][ak_k3][k=-][s=-] INFO L-BFGS  300/300  loss=6.2154e-05
2026-05-28 16:18:58 [pinn_trainer][circle][ak_k3][k=-][s=-] INFO Training done in 51.5 s
2026-05-28 16:18:58 [adaptive_k][circle][adaptive_k][k=adaptive][s=3] INFO   Win  6  k=3  [9.0→13.5 s]  interior_MAE=0.103°C  → k_next=4
2026-05-28 16:18:58 [pinn_trainer][circle][ak_k4][k=-][s=-] INFO Training start: t=[13.5,19.5]s  epochs_adam=1000  epochs_lbfgs=300  params=11776
2026-05-28 16:19:00 [pinn_trainer][circle][ak_k4][k=-][s=-] INFO Adam     1/1000  loss=4.8816e+01  pde=3.6685e+01  bc=2.4261e+00  ic=0.0000e+00  fc=0.0000e+00
2026-05-28 16:19:21 [pinn_trainer][circle][ak_k4][k=-][s=-] INFO Adam   500/1000  loss=2.7120e-03  pde=2.0532e-03  bc=1.3176e-04  ic=0.0000e+00  fc=0.0000e+00
2026-05-28 16:19:41 [pinn_trainer][circle][ak_k4][k=-][s=-] INFO Adam  1000/1000  loss=4.9209e-05  pde=2.9513e-05  bc=3.9392e-06  ic=0.0000e+00  fc=0.0000e+00
2026-05-28 16:19:48 [pinn_trainer][circle][ak_k4][k=-][s=-] INFO L-BFGS  300/300  loss=4.7995e-05
2026-05-28 16:19:48 [pinn_trainer][circle][ak_k4][k=-][s=-] INFO Training done in 50.2 s
2026-05-28 16:19:48 [adaptive_k][circle][adaptive_k][k=adaptive][s=3] INFO   Win  7  k=4  [13.5→19.5 s]  interior_MAE=0.017°C  → k_next=5
2026-05-28 16:19:48 [pinn_trainer][circle][ak_k5][k=-][s=-] INFO Training start: t=[19.5,27.0]s  epochs_adam=1000  epochs_lbfgs=300  params=11776
2026-05-28 16:19:51 [pinn_trainer][circle][ak_k5][k=-][s=-] INFO Adam     1/1000  loss=2.5935e+01  pde=2.3797e+01  bc=4.2764e-01  ic=0.0000e+00  fc=0.0000e+00
2026-05-28 16:20:12 [pinn_trainer][circle][ak_k5][k=-][s=-] INFO Adam   500/1000  loss=2.3494e-03  pde=1.4984e-03  bc=1.7021e-04  ic=0.0000e+00  fc=0.0000e+00
2026-05-28 16:20:34 [pinn_trainer][circle][ak_k5][k=-][s=-] INFO Adam  1000/1000  loss=3.5168e-05  pde=2.4446e-05  bc=2.1444e-06  ic=0.0000e+00  fc=0.0000e+00
2026-05-28 16:20:41 [pinn_trainer][circle][ak_k5][k=-][s=-] INFO L-BFGS  300/300  loss=3.4207e-05
2026-05-28 16:20:41 [pinn_trainer][circle][ak_k5][k=-][s=-] INFO Training done in 52.8 s
2026-05-28 16:20:41 [adaptive_k][circle][adaptive_k][k=adaptive][s=3] INFO   Win  8  k=5  [19.5→27.0 s]  interior_MAE=0.052°C  → k_next=5
2026-05-28 16:20:41 [pinn_trainer][circle][ak_k5][k=-][s=-] INFO Training start: t=[27.0,30.0]s  epochs_adam=1000  epochs_lbfgs=300  params=11776
2026-05-28 16:20:44 [pinn_trainer][circle][ak_k5][k=-][s=-] INFO Adam     1/1000  loss=1.5733e+01  pde=1.2858e+01  bc=5.7493e-01  ic=0.0000e+00  fc=0.0000e+00
2026-05-28 16:21:04 [pinn_trainer][circle][ak_k5][k=-][s=-] INFO Adam   500/1000  loss=4.4353e-03  pde=4.3921e-03  bc=8.6375e-06  ic=0.0000e+00  fc=0.0000e+00
2026-05-28 16:21:25 [pinn_trainer][circle][ak_k5][k=-][s=-] INFO Adam  1000/1000  loss=6.5380e-05  pde=4.5898e-05  bc=3.8963e-06  ic=0.0000e+00  fc=0.0000e+00
2026-05-28 16:21:31 [pinn_trainer][circle][ak_k5][k=-][s=-] INFO L-BFGS  300/300  loss=6.2812e-05
2026-05-28 16:21:31 [pinn_trainer][circle][ak_k5][k=-][s=-] INFO Training done in 50.2 s
2026-05-28 16:21:32 [adaptive_k][circle][adaptive_k][k=adaptive][s=3] INFO   Win  9  k=5  [27.0→30.0 s]  interior_MAE=0.005°C  → k_next=5
2026-05-28 16:21:32 [adaptive_k][circle][adaptive_k][k=adaptive][s=3] INFO AdaptiveK done | wins=9 | FEM_solves=9/60 | FEM_saving=85% | MAE=1.575°C | L2=0.0130 | t=469 s
2026-05-28 16:21:32 [adaptive_k][circle][adaptive_k][k=adaptive][s=3] INFO k schedule: t=0.0s:k=1 → t=1.5s:k=1 → t=3.0s:k=1 → t=4.5s:k=1 → t=6.0s:k=2 → t=9.0s:k=3 → t=13.5s:k=4 → t=19.5s:k=5 → t=27.0s:k=5
2026-05-28 16:21:32 [adaptive_k][circle][adaptive_k][k=adaptive][s=3] INFO Saved → /home/coder/NAS-PINNS1/thermal_pinn/quenching_mswp/results/adaptive_k/circle/seed3_adaptive_nsga3_75
2026-05-28 16:21:34 [stage_adaptive_k][all][adaptive_k][k=-][s=-] INFO RESULT geo=circle   seed=3 | MAE=1.575°C | L2=0.0130 | FEM_solves=9/60 | FEM_saving=85%
2026-05-28 16:21:34 [stage_adaptive_k][all][adaptive_k][k=-][s=-] INFO AdaptiveK | geo=circle seed=4 arch=[75, 75, 75] thr_up=2.0 thr_dn=5.0
2026-05-28 16:21:34 [adaptive_k][circle][adaptive_k][k=adaptive][s=4] INFO AdaptiveK | arch=[75, 75, 75] | k=[1..5] | thr_up=2.0°C thr_dn=5.0°C | fourier=False
2026-05-28 16:21:34 [pinn_trainer][circle][ak_k1][k=-][s=-] INFO Training start: t=[0.0,1.5]s  epochs_adam=1000  epochs_lbfgs=300  params=11776
2026-05-28 16:21:36 [pinn_trainer][circle][ak_k1][k=-][s=-] INFO Adam     1/1000  loss=2.3405e+02  pde=2.2761e+02  bc=1.2890e+00  ic=0.0000e+00  fc=0.0000e+00
2026-05-28 16:21:57 [pinn_trainer][circle][ak_k1][k=-][s=-] INFO Adam   500/1000  loss=1.3613e+00  pde=6.1012e-01  bc=1.5023e-01  ic=0.0000e+00  fc=0.0000e+00
2026-05-28 16:22:19 [pinn_trainer][circle][ak_k1][k=-][s=-] INFO Adam  1000/1000  loss=1.0077e+00  pde=3.8025e-01  bc=1.2548e-01  ic=0.0000e+00  fc=0.0000e+00
2026-05-28 16:22:28 [pinn_trainer][circle][ak_k1][k=-][s=-] INFO L-BFGS  300/300  loss=1.1009e+00
2026-05-28 16:22:28 [pinn_trainer][circle][ak_k1][k=-][s=-] INFO Training done in 54.6 s
2026-05-28 16:22:28 [adaptive_k][circle][adaptive_k][k=adaptive][s=4] INFO   Win  1  k=1  [0.0→1.5 s]  interior_MAE=29.649°C  → k_next=1
2026-05-28 16:22:28 [pinn_trainer][circle][ak_k1][k=-][s=-] INFO Training start: t=[1.5,3.0]s  epochs_adam=1000  epochs_lbfgs=300  params=11776
2026-05-28 16:22:31 [pinn_trainer][circle][ak_k1][k=-][s=-] INFO Adam     1/1000  loss=1.1980e+02  pde=1.1514e+02  bc=9.3213e-01  ic=0.0000e+00  fc=0.0000e+00
2026-05-28 16:22:52 [pinn_trainer][circle][ak_k1][k=-][s=-] INFO Adam   500/1000  loss=1.7961e-01  pde=8.8806e-02  bc=1.8161e-02  ic=0.0000e+00  fc=0.0000e+00
2026-05-28 16:23:13 [pinn_trainer][circle][ak_k1][k=-][s=-] INFO Adam  1000/1000  loss=1.1523e-01  pde=4.5264e-02  bc=1.3994e-02  ic=0.0000e+00  fc=0.0000e+00
2026-05-28 16:23:23 [pinn_trainer][circle][ak_k1][k=-][s=-] INFO L-BFGS  300/300  loss=1.2499e-01
2026-05-28 16:23:23 [pinn_trainer][circle][ak_k1][k=-][s=-] INFO Training done in 54.6 s
2026-05-28 16:23:23 [adaptive_k][circle][adaptive_k][k=adaptive][s=4] INFO   Win  2  k=1  [1.5→3.0 s]  interior_MAE=11.421°C  → k_next=1
2026-05-28 16:23:23 [pinn_trainer][circle][ak_k1][k=-][s=-] INFO Training start: t=[3.0,4.5]s  epochs_adam=1000  epochs_lbfgs=300  params=11776
2026-05-28 16:23:25 [pinn_trainer][circle][ak_k1][k=-][s=-] INFO Adam     1/1000  loss=1.8647e+02  pde=1.8002e+02  bc=1.2905e+00  ic=0.0000e+00  fc=0.0000e+00
2026-05-28 16:23:46 [pinn_trainer][circle][ak_k1][k=-][s=-] INFO Adam   500/1000  loss=6.7820e-02  pde=5.5577e-02  bc=2.4486e-03  ic=0.0000e+00  fc=0.0000e+00
2026-05-28 16:24:08 [pinn_trainer][circle][ak_k1][k=-][s=-] INFO Adam  1000/1000  loss=2.0923e-02  pde=1.0988e-02  bc=1.9870e-03  ic=0.0000e+00  fc=0.0000e+00
2026-05-28 16:24:17 [pinn_trainer][circle][ak_k1][k=-][s=-] INFO L-BFGS  300/300  loss=2.2163e-02
2026-05-28 16:24:17 [pinn_trainer][circle][ak_k1][k=-][s=-] INFO Training done in 54.3 s
2026-05-28 16:24:17 [adaptive_k][circle][adaptive_k][k=adaptive][s=4] INFO   Win  3  k=1  [3.0→4.5 s]  interior_MAE=4.136°C  → k_next=1
2026-05-28 16:24:17 [pinn_trainer][circle][ak_k1][k=-][s=-] INFO Training start: t=[4.5,6.0]s  epochs_adam=1000  epochs_lbfgs=300  params=11776
2026-05-28 16:24:20 [pinn_trainer][circle][ak_k1][k=-][s=-] INFO Adam     1/1000  loss=1.8393e+02  pde=1.7367e+02  bc=2.0539e+00  ic=0.0000e+00  fc=0.0000e+00
2026-05-28 16:24:41 [pinn_trainer][circle][ak_k1][k=-][s=-] INFO Adam   500/1000  loss=1.3946e-02  pde=1.2166e-02  bc=3.5597e-04  ic=0.0000e+00  fc=0.0000e+00
2026-05-28 16:25:02 [pinn_trainer][circle][ak_k1][k=-][s=-] INFO Adam  1000/1000  loss=3.1811e-03  pde=1.9407e-03  bc=2.4809e-04  ic=0.0000e+00  fc=0.0000e+00
2026-05-28 16:25:12 [pinn_trainer][circle][ak_k1][k=-][s=-] INFO L-BFGS  300/300  loss=3.3101e-03
2026-05-28 16:25:12 [pinn_trainer][circle][ak_k1][k=-][s=-] INFO Training done in 54.9 s
2026-05-28 16:25:12 [adaptive_k][circle][adaptive_k][k=adaptive][s=4] INFO   Win  4  k=1  [4.5→6.0 s]  interior_MAE=1.319°C  → k_next=2
2026-05-28 16:25:12 [pinn_trainer][circle][ak_k2][k=-][s=-] INFO Training start: t=[6.0,9.0]s  epochs_adam=1000  epochs_lbfgs=300  params=11776
2026-05-28 16:25:15 [pinn_trainer][circle][ak_k2][k=-][s=-] INFO Adam     1/1000  loss=3.4843e+01  pde=3.3029e+01  bc=3.6296e-01  ic=0.0000e+00  fc=0.0000e+00
2026-05-28 16:25:36 [pinn_trainer][circle][ak_k2][k=-][s=-] INFO Adam   500/1000  loss=3.1608e-03  pde=2.6353e-03  bc=1.0510e-04  ic=0.0000e+00  fc=0.0000e+00
2026-05-28 16:25:57 [pinn_trainer][circle][ak_k2][k=-][s=-] INFO Adam  1000/1000  loss=2.9605e-04  pde=1.0964e-04  bc=3.7282e-05  ic=0.0000e+00  fc=0.0000e+00
2026-05-28 16:26:05 [pinn_trainer][circle][ak_k2][k=-][s=-] INFO L-BFGS  300/300  loss=3.2770e-04
2026-05-28 16:26:05 [pinn_trainer][circle][ak_k2][k=-][s=-] INFO Training done in 53.3 s
2026-05-28 16:26:06 [adaptive_k][circle][adaptive_k][k=adaptive][s=4] INFO   Win  5  k=2  [6.0→9.0 s]  interior_MAE=0.654°C  → k_next=3
2026-05-28 16:26:06 [pinn_trainer][circle][ak_k3][k=-][s=-] INFO Training start: t=[9.0,13.5]s  epochs_adam=1000  epochs_lbfgs=300  params=11776
2026-05-28 16:26:08 [pinn_trainer][circle][ak_k3][k=-][s=-] INFO Adam     1/1000  loss=4.4677e+00  pde=4.2206e+00  bc=4.9415e-02  ic=0.0000e+00  fc=0.0000e+00
2026-05-28 16:26:30 [pinn_trainer][circle][ak_k3][k=-][s=-] INFO Adam   500/1000  loss=3.2147e-03  pde=2.3496e-03  bc=1.7303e-04  ic=0.0000e+00  fc=0.0000e+00
2026-05-28 16:26:52 [pinn_trainer][circle][ak_k3][k=-][s=-] INFO Adam  1000/1000  loss=1.3587e-04  pde=8.1274e-05  bc=1.0919e-05  ic=0.0000e+00  fc=0.0000e+00
2026-05-28 16:26:59 [pinn_trainer][circle][ak_k3][k=-][s=-] INFO L-BFGS  300/300  loss=1.3420e-04
2026-05-28 16:26:59 [pinn_trainer][circle][ak_k3][k=-][s=-] INFO Training done in 53.9 s
2026-05-28 16:27:00 [adaptive_k][circle][adaptive_k][k=adaptive][s=4] INFO   Win  6  k=3  [9.0→13.5 s]  interior_MAE=0.115°C  → k_next=4
2026-05-28 16:27:00 [pinn_trainer][circle][ak_k4][k=-][s=-] INFO Training start: t=[13.5,19.5]s  epochs_adam=1000  epochs_lbfgs=300  params=11776
2026-05-28 16:27:02 [pinn_trainer][circle][ak_k4][k=-][s=-] INFO Adam     1/1000  loss=1.0240e+01  pde=9.8191e+00  bc=8.4089e-02  ic=0.0000e+00  fc=0.0000e+00
2026-05-28 16:27:24 [pinn_trainer][circle][ak_k4][k=-][s=-] INFO Adam   500/1000  loss=2.7119e-03  pde=1.9773e-03  bc=1.4691e-04  ic=0.0000e+00  fc=0.0000e+00
2026-05-28 16:27:45 [pinn_trainer][circle][ak_k4][k=-][s=-] INFO Adam  1000/1000  loss=5.9214e-05  pde=3.7433e-05  bc=4.3561e-06  ic=0.0000e+00  fc=0.0000e+00
2026-05-28 16:27:53 [pinn_trainer][circle][ak_k4][k=-][s=-] INFO L-BFGS  300/300  loss=6.1507e-05
2026-05-28 16:27:53 [pinn_trainer][circle][ak_k4][k=-][s=-] INFO Training done in 53.5 s
2026-05-28 16:27:53 [adaptive_k][circle][adaptive_k][k=adaptive][s=4] INFO   Win  7  k=4  [13.5→19.5 s]  interior_MAE=0.050°C  → k_next=5
2026-05-28 16:27:53 [pinn_trainer][circle][ak_k5][k=-][s=-] INFO Training start: t=[19.5,27.0]s  epochs_adam=1000  epochs_lbfgs=300  params=11776
2026-05-28 16:27:56 [pinn_trainer][circle][ak_k5][k=-][s=-] INFO Adam     1/1000  loss=1.9259e+02  pde=1.6932e+02  bc=4.6531e+00  ic=0.0000e+00  fc=0.0000e+00
2026-05-28 16:28:17 [pinn_trainer][circle][ak_k5][k=-][s=-] INFO Adam   500/1000  loss=2.0133e-03  pde=1.9589e-03  bc=1.0895e-05  ic=0.0000e+00  fc=0.0000e+00
2026-05-28 16:28:38 [pinn_trainer][circle][ak_k5][k=-][s=-] INFO Adam  1000/1000  loss=2.1537e-05  pde=1.6428e-05  bc=1.0220e-06  ic=0.0000e+00  fc=0.0000e+00
2026-05-28 16:28:43 [pinn_trainer][circle][ak_k5][k=-][s=-] INFO L-BFGS  300/300  loss=2.2082e-05
2026-05-28 16:28:43 [pinn_trainer][circle][ak_k5][k=-][s=-] INFO Training done in 49.7 s
2026-05-28 16:28:43 [adaptive_k][circle][adaptive_k][k=adaptive][s=4] INFO   Win  8  k=5  [19.5→27.0 s]  interior_MAE=0.072°C  → k_next=5
2026-05-28 16:28:43 [pinn_trainer][circle][ak_k5][k=-][s=-] INFO Training start: t=[27.0,30.0]s  epochs_adam=1000  epochs_lbfgs=300  params=11776
2026-05-28 16:28:46 [pinn_trainer][circle][ak_k5][k=-][s=-] INFO Adam     1/1000  loss=7.6411e+01  pde=6.7407e+01  bc=1.8008e+00  ic=0.0000e+00  fc=0.0000e+00
2026-05-28 16:29:07 [pinn_trainer][circle][ak_k5][k=-][s=-] INFO Adam   500/1000  loss=4.3869e-03  pde=3.7076e-03  bc=1.3586e-04  ic=0.0000e+00  fc=0.0000e+00
2026-05-28 16:29:28 [pinn_trainer][circle][ak_k5][k=-][s=-] INFO Adam  1000/1000  loss=8.2870e-05  pde=7.5771e-05  bc=1.4197e-06  ic=0.0000e+00  fc=0.0000e+00
2026-05-28 16:29:33 [pinn_trainer][circle][ak_k5][k=-][s=-] INFO L-BFGS  300/300  loss=8.2020e-05
2026-05-28 16:29:33 [pinn_trainer][circle][ak_k5][k=-][s=-] INFO Training done in 49.9 s
2026-05-28 16:29:33 [adaptive_k][circle][adaptive_k][k=adaptive][s=4] INFO   Win  9  k=5  [27.0→30.0 s]  interior_MAE=0.056°C  → k_next=5
2026-05-28 16:29:33 [adaptive_k][circle][adaptive_k][k=adaptive][s=4] INFO AdaptiveK done | wins=9 | FEM_solves=9/60 | FEM_saving=85% | MAE=1.651°C | L2=0.0141 | t=479 s
2026-05-28 16:29:33 [adaptive_k][circle][adaptive_k][k=adaptive][s=4] INFO k schedule: t=0.0s:k=1 → t=1.5s:k=1 → t=3.0s:k=1 → t=4.5s:k=1 → t=6.0s:k=2 → t=9.0s:k=3 → t=13.5s:k=4 → t=19.5s:k=5 → t=27.0s:k=5
2026-05-28 16:29:33 [adaptive_k][circle][adaptive_k][k=adaptive][s=4] INFO Saved → /home/coder/NAS-PINNS1/thermal_pinn/quenching_mswp/results/adaptive_k/circle/seed4_adaptive_nsga3_75
2026-05-28 16:29:35 [stage_adaptive_k][all][adaptive_k][k=-][s=-] INFO RESULT geo=circle   seed=4 | MAE=1.651°C | L2=0.0141 | FEM_solves=9/60 | FEM_saving=85%
2026-05-28 16:29:35 [stage_adaptive_k][all][adaptive_k][k=-][s=-] INFO AdaptiveK | geo=circle seed=5 arch=[75, 75, 75] thr_up=2.0 thr_dn=5.0
2026-05-28 16:29:35 [adaptive_k][circle][adaptive_k][k=adaptive][s=5] INFO AdaptiveK | arch=[75, 75, 75] | k=[1..5] | thr_up=2.0°C thr_dn=5.0°C | fourier=False
2026-05-28 16:29:35 [pinn_trainer][circle][ak_k1][k=-][s=-] INFO Training start: t=[0.0,1.5]s  epochs_adam=1000  epochs_lbfgs=300  params=11776
2026-05-28 16:29:37 [pinn_trainer][circle][ak_k1][k=-][s=-] INFO Adam     1/1000  loss=2.6203e+02  pde=2.5788e+02  bc=8.2941e-01  ic=0.0000e+00  fc=0.0000e+00
2026-05-28 16:29:58 [pinn_trainer][circle][ak_k1][k=-][s=-] INFO Adam   500/1000  loss=1.3473e+00  pde=6.1868e-01  bc=1.4572e-01  ic=0.0000e+00  fc=0.0000e+00
2026-05-28 16:30:18 [pinn_trainer][circle][ak_k1][k=-][s=-] INFO Adam  1000/1000  loss=9.3764e-01  pde=3.1343e-01  bc=1.2484e-01  ic=0.0000e+00  fc=0.0000e+00
2026-05-28 16:30:27 [pinn_trainer][circle][ak_k1][k=-][s=-] INFO L-BFGS  300/300  loss=1.0377e+00
2026-05-28 16:30:27 [pinn_trainer][circle][ak_k1][k=-][s=-] INFO Training done in 52.5 s
2026-05-28 16:30:27 [adaptive_k][circle][adaptive_k][k=adaptive][s=5] INFO   Win  1  k=1  [0.0→1.5 s]  interior_MAE=29.609°C  → k_next=1
2026-05-28 16:30:27 [pinn_trainer][circle][ak_k1][k=-][s=-] INFO Training start: t=[1.5,3.0]s  epochs_adam=1000  epochs_lbfgs=300  params=11776
2026-05-28 16:30:30 [pinn_trainer][circle][ak_k1][k=-][s=-] INFO Adam     1/1000  loss=1.0464e+02  pde=9.9033e+01  bc=1.1217e+00  ic=0.0000e+00  fc=0.0000e+00
2026-05-28 16:30:50 [pinn_trainer][circle][ak_k1][k=-][s=-] INFO Adam   500/1000  loss=2.0382e-01  pde=1.1293e-01  bc=1.8178e-02  ic=0.0000e+00  fc=0.0000e+00
2026-05-28 16:31:10 [pinn_trainer][circle][ak_k1][k=-][s=-] INFO Adam  1000/1000  loss=1.1873e-01  pde=4.7087e-02  bc=1.4328e-02  ic=0.0000e+00  fc=0.0000e+00
2026-05-28 16:31:20 [pinn_trainer][circle][ak_k1][k=-][s=-] INFO L-BFGS  300/300  loss=1.2914e-01
2026-05-28 16:31:20 [pinn_trainer][circle][ak_k1][k=-][s=-] INFO Training done in 52.4 s
2026-05-28 16:31:20 [adaptive_k][circle][adaptive_k][k=adaptive][s=5] INFO   Win  2  k=1  [1.5→3.0 s]  interior_MAE=11.372°C  → k_next=1
2026-05-28 16:31:20 [pinn_trainer][circle][ak_k1][k=-][s=-] INFO Training start: t=[3.0,4.5]s  epochs_adam=1000  epochs_lbfgs=300  params=11776
2026-05-28 16:31:22 [pinn_trainer][circle][ak_k1][k=-][s=-] INFO Adam     1/1000  loss=1.0030e+02  pde=9.5613e+01  bc=9.3792e-01  ic=0.0000e+00  fc=0.0000e+00
2026-05-28 16:31:43 [pinn_trainer][circle][ak_k1][k=-][s=-] INFO Adam   500/1000  loss=6.5754e-02  pde=5.3511e-02  bc=2.4487e-03  ic=0.0000e+00  fc=0.0000e+00
2026-05-28 16:32:03 [pinn_trainer][circle][ak_k1][k=-][s=-] INFO Adam  1000/1000  loss=1.9339e-02  pde=9.3306e-03  bc=2.0017e-03  ic=0.0000e+00  fc=0.0000e+00
2026-05-28 16:32:12 [pinn_trainer][circle][ak_k1][k=-][s=-] INFO L-BFGS  300/300  loss=2.0274e-02
2026-05-28 16:32:12 [pinn_trainer][circle][ak_k1][k=-][s=-] INFO Training done in 52.4 s
2026-05-28 16:32:12 [adaptive_k][circle][adaptive_k][k=adaptive][s=5] INFO   Win  3  k=1  [3.0→4.5 s]  interior_MAE=4.104°C  → k_next=1
2026-05-28 16:32:12 [pinn_trainer][circle][ak_k1][k=-][s=-] INFO Training start: t=[4.5,6.0]s  epochs_adam=1000  epochs_lbfgs=300  params=11776
2026-05-28 16:32:15 [pinn_trainer][circle][ak_k1][k=-][s=-] INFO Adam     1/1000  loss=7.7393e+01  pde=7.7245e+01  bc=2.9536e-02  ic=0.0000e+00  fc=0.0000e+00
2026-05-28 16:32:35 [pinn_trainer][circle][ak_k1][k=-][s=-] INFO Adam   500/1000  loss=1.6017e-02  pde=1.4276e-02  bc=3.4827e-04  ic=0.0000e+00  fc=0.0000e+00
2026-05-28 16:32:55 [pinn_trainer][circle][ak_k1][k=-][s=-] INFO Adam  1000/1000  loss=2.8581e-03  pde=1.5338e-03  bc=2.6486e-04  ic=0.0000e+00  fc=0.0000e+00
2026-05-28 16:33:05 [pinn_trainer][circle][ak_k1][k=-][s=-] INFO L-BFGS  300/300  loss=3.0645e-03
2026-05-28 16:33:05 [pinn_trainer][circle][ak_k1][k=-][s=-] INFO Training done in 52.9 s
2026-05-28 16:33:05 [adaptive_k][circle][adaptive_k][k=adaptive][s=5] INFO   Win  4  k=1  [4.5→6.0 s]  interior_MAE=1.383°C  → k_next=2
2026-05-28 16:33:05 [pinn_trainer][circle][ak_k2][k=-][s=-] INFO Training start: t=[6.0,9.0]s  epochs_adam=1000  epochs_lbfgs=300  params=11776
2026-05-28 16:33:08 [pinn_trainer][circle][ak_k2][k=-][s=-] INFO Adam     1/1000  loss=1.9445e+01  pde=1.6434e+01  bc=6.0222e-01  ic=0.0000e+00  fc=0.0000e+00
2026-05-28 16:33:28 [pinn_trainer][circle][ak_k2][k=-][s=-] INFO Adam   500/1000  loss=1.1576e-02  pde=1.0642e-02  bc=1.8677e-04  ic=0.0000e+00  fc=0.0000e+00
2026-05-28 16:33:49 [pinn_trainer][circle][ak_k2][k=-][s=-] INFO Adam  1000/1000  loss=3.4298e-04  pde=1.7273e-04  bc=3.4048e-05  ic=0.0000e+00  fc=0.0000e+00
2026-05-28 16:33:58 [pinn_trainer][circle][ak_k2][k=-][s=-] INFO L-BFGS  300/300  loss=3.7143e-04
2026-05-28 16:33:58 [pinn_trainer][circle][ak_k2][k=-][s=-] INFO Training done in 52.4 s
2026-05-28 16:33:58 [adaptive_k][circle][adaptive_k][k=adaptive][s=5] INFO   Win  5  k=2  [6.0→9.0 s]  interior_MAE=0.659°C  → k_next=3
2026-05-28 16:33:58 [pinn_trainer][circle][ak_k3][k=-][s=-] INFO Training start: t=[9.0,13.5]s  epochs_adam=1000  epochs_lbfgs=300  params=11776
2026-05-28 16:34:00 [pinn_trainer][circle][ak_k3][k=-][s=-] INFO Adam     1/1000  loss=1.0594e+01  pde=1.0446e+01  bc=2.9661e-02  ic=0.0000e+00  fc=0.0000e+00
2026-05-28 16:34:21 [pinn_trainer][circle][ak_k3][k=-][s=-] INFO Adam   500/1000  loss=3.5587e-03  pde=2.5795e-03  bc=1.9582e-04  ic=0.0000e+00  fc=0.0000e+00
2026-05-28 16:34:42 [pinn_trainer][circle][ak_k3][k=-][s=-] INFO Adam  1000/1000  loss=1.6528e-04  pde=9.8817e-05  bc=1.3292e-05  ic=0.0000e+00  fc=0.0000e+00
2026-05-28 16:34:50 [pinn_trainer][circle][ak_k3][k=-][s=-] INFO L-BFGS  300/300  loss=1.6071e-04
2026-05-28 16:34:50 [pinn_trainer][circle][ak_k3][k=-][s=-] INFO Training done in 52.3 s
2026-05-28 16:34:50 [adaptive_k][circle][adaptive_k][k=adaptive][s=5] INFO   Win  6  k=3  [9.0→13.5 s]  interior_MAE=0.116°C  → k_next=4
2026-05-28 16:34:50 [pinn_trainer][circle][ak_k4][k=-][s=-] INFO Training start: t=[13.5,19.5]s  epochs_adam=1000  epochs_lbfgs=300  params=11776
2026-05-28 16:34:53 [pinn_trainer][circle][ak_k4][k=-][s=-] INFO Adam     1/1000  loss=3.7878e+01  pde=3.3100e+01  bc=9.5563e-01  ic=0.0000e+00  fc=0.0000e+00
2026-05-28 16:35:13 [pinn_trainer][circle][ak_k4][k=-][s=-] INFO Adam   500/1000  loss=1.8899e-03  pde=1.4360e-03  bc=9.0782e-05  ic=0.0000e+00  fc=0.0000e+00
2026-05-28 16:35:34 [pinn_trainer][circle][ak_k4][k=-][s=-] INFO Adam  1000/1000  loss=1.7199e-05  pde=1.1416e-05  bc=1.1566e-06  ic=0.0000e+00  fc=0.0000e+00
2026-05-28 16:35:41 [pinn_trainer][circle][ak_k4][k=-][s=-] INFO L-BFGS  300/300  loss=1.7146e-05
2026-05-28 16:35:41 [pinn_trainer][circle][ak_k4][k=-][s=-] INFO Training done in 50.5 s
2026-05-28 16:35:41 [adaptive_k][circle][adaptive_k][k=adaptive][s=5] INFO   Win  7  k=4  [13.5→19.5 s]  interior_MAE=0.024°C  → k_next=5
2026-05-28 16:35:41 [pinn_trainer][circle][ak_k5][k=-][s=-] INFO Training start: t=[19.5,27.0]s  epochs_adam=1000  epochs_lbfgs=300  params=11776
2026-05-28 16:35:43 [pinn_trainer][circle][ak_k5][k=-][s=-] INFO Adam     1/1000  loss=5.9129e+01  pde=5.4133e+01  bc=9.9910e-01  ic=0.0000e+00  fc=0.0000e+00
2026-05-28 16:36:04 [pinn_trainer][circle][ak_k5][k=-][s=-] INFO Adam   500/1000  loss=2.0851e-03  pde=1.4263e-03  bc=1.3175e-04  ic=0.0000e+00  fc=0.0000e+00
2026-05-28 16:36:24 [pinn_trainer][circle][ak_k5][k=-][s=-] INFO Adam  1000/1000  loss=6.1841e-05  pde=3.3360e-05  bc=5.6962e-06  ic=0.0000e+00  fc=0.0000e+00
2026-05-28 16:36:30 [pinn_trainer][circle][ak_k5][k=-][s=-] INFO L-BFGS  300/300  loss=6.1059e-05
2026-05-28 16:36:30 [pinn_trainer][circle][ak_k5][k=-][s=-] INFO Training done in 49.7 s
2026-05-28 16:36:31 [adaptive_k][circle][adaptive_k][k=adaptive][s=5] INFO   Win  8  k=5  [19.5→27.0 s]  interior_MAE=0.014°C  → k_next=5
2026-05-28 16:36:31 [pinn_trainer][circle][ak_k5][k=-][s=-] INFO Training start: t=[27.0,30.0]s  epochs_adam=1000  epochs_lbfgs=300  params=11776
2026-05-28 16:36:33 [pinn_trainer][circle][ak_k5][k=-][s=-] INFO Adam     1/1000  loss=2.8417e+01  pde=2.4671e+01  bc=7.4911e-01  ic=0.0000e+00  fc=0.0000e+00
2026-05-28 16:36:54 [pinn_trainer][circle][ak_k5][k=-][s=-] INFO Adam   500/1000  loss=6.7546e-03  pde=5.8932e-03  bc=1.7229e-04  ic=0.0000e+00  fc=0.0000e+00
2026-05-28 16:37:15 [pinn_trainer][circle][ak_k5][k=-][s=-] INFO Adam  1000/1000  loss=1.3708e-04  pde=9.8423e-05  bc=7.7316e-06  ic=0.0000e+00  fc=0.0000e+00
2026-05-28 16:37:21 [pinn_trainer][circle][ak_k5][k=-][s=-] INFO L-BFGS  300/300  loss=1.3991e-04
2026-05-28 16:37:21 [pinn_trainer][circle][ak_k5][k=-][s=-] INFO Training done in 50.2 s
2026-05-28 16:37:21 [adaptive_k][circle][adaptive_k][k=adaptive][s=5] INFO   Win  9  k=5  [27.0→30.0 s]  interior_MAE=0.065°C  → k_next=5
2026-05-28 16:37:21 [adaptive_k][circle][adaptive_k][k=adaptive][s=5] INFO AdaptiveK done | wins=9 | FEM_solves=9/60 | FEM_saving=85% | MAE=1.632°C | L2=0.0132 | t=466 s
2026-05-28 16:37:21 [adaptive_k][circle][adaptive_k][k=adaptive][s=5] INFO k schedule: t=0.0s:k=1 → t=1.5s:k=1 → t=3.0s:k=1 → t=4.5s:k=1 → t=6.0s:k=2 → t=9.0s:k=3 → t=13.5s:k=4 → t=19.5s:k=5 → t=27.0s:k=5
2026-05-28 16:37:21 [adaptive_k][circle][adaptive_k][k=adaptive][s=5] INFO Saved → /home/coder/NAS-PINNS1/thermal_pinn/quenching_mswp/results/adaptive_k/circle/seed5_adaptive_nsga3_75
2026-05-28 16:37:23 [stage_adaptive_k][all][adaptive_k][k=-][s=-] INFO RESULT geo=circle   seed=5 | MAE=1.632°C | L2=0.0132 | FEM_solves=9/60 | FEM_saving=85%
2026-05-28 16:37:23 [stage_adaptive_k][all][adaptive_k][k=-][s=-] INFO AdaptiveK | geo=circle seed=6 arch=[75, 75, 75] thr_up=2.0 thr_dn=5.0
2026-05-28 16:37:23 [adaptive_k][circle][adaptive_k][k=adaptive][s=6] INFO AdaptiveK | arch=[75, 75, 75] | k=[1..5] | thr_up=2.0°C thr_dn=5.0°C | fourier=False
2026-05-28 16:37:23 [pinn_trainer][circle][ak_k1][k=-][s=-] INFO Training start: t=[0.0,1.5]s  epochs_adam=1000  epochs_lbfgs=300  params=11776
2026-05-28 16:37:25 [pinn_trainer][circle][ak_k1][k=-][s=-] INFO Adam     1/1000  loss=2.4599e+02  pde=2.3893e+02  bc=1.4123e+00  ic=0.0000e+00  fc=0.0000e+00
2026-05-28 16:37:45 [pinn_trainer][circle][ak_k1][k=-][s=-] INFO Adam   500/1000  loss=1.7105e+00  pde=9.6589e-01  bc=1.4892e-01  ic=0.0000e+00  fc=0.0000e+00
2026-05-28 16:38:06 [pinn_trainer][circle][ak_k1][k=-][s=-] INFO Adam  1000/1000  loss=9.5171e-01  pde=3.1990e-01  bc=1.2636e-01  ic=0.0000e+00  fc=0.0000e+00
2026-05-28 16:38:15 [pinn_trainer][circle][ak_k1][k=-][s=-] INFO L-BFGS  300/300  loss=1.0583e+00
2026-05-28 16:38:15 [pinn_trainer][circle][ak_k1][k=-][s=-] INFO Training done in 52.3 s
2026-05-28 16:38:15 [adaptive_k][circle][adaptive_k][k=adaptive][s=6] INFO   Win  1  k=1  [0.0→1.5 s]  interior_MAE=29.917°C  → k_next=1
2026-05-28 16:38:15 [pinn_trainer][circle][ak_k1][k=-][s=-] INFO Training start: t=[1.5,3.0]s  epochs_adam=1000  epochs_lbfgs=300  params=11776
2026-05-28 16:38:18 [pinn_trainer][circle][ak_k1][k=-][s=-] INFO Adam     1/1000  loss=8.1808e+01  pde=7.7528e+01  bc=8.5605e-01  ic=0.0000e+00  fc=0.0000e+00
2026-05-28 16:38:38 [pinn_trainer][circle][ak_k1][k=-][s=-] INFO Adam   500/1000  loss=1.9130e-01  pde=1.0011e-01  bc=1.8238e-02  ic=0.0000e+00  fc=0.0000e+00
2026-05-28 16:38:59 [pinn_trainer][circle][ak_k1][k=-][s=-] INFO Adam  1000/1000  loss=1.1052e-01  pde=4.3368e-02  bc=1.3430e-02  ic=0.0000e+00  fc=0.0000e+00
2026-05-28 16:39:09 [pinn_trainer][circle][ak_k1][k=-][s=-] INFO L-BFGS  300/300  loss=1.2396e-01
2026-05-28 16:39:09 [pinn_trainer][circle][ak_k1][k=-][s=-] INFO Training done in 53.4 s
2026-05-28 16:39:09 [adaptive_k][circle][adaptive_k][k=adaptive][s=6] INFO   Win  2  k=1  [1.5→3.0 s]  interior_MAE=11.191°C  → k_next=1
2026-05-28 16:39:09 [pinn_trainer][circle][ak_k1][k=-][s=-] INFO Training start: t=[3.0,4.5]s  epochs_adam=1000  epochs_lbfgs=300  params=11776
2026-05-28 16:39:11 [pinn_trainer][circle][ak_k1][k=-][s=-] INFO Adam     1/1000  loss=4.0263e+01  pde=3.7728e+01  bc=5.0708e-01  ic=0.0000e+00  fc=0.0000e+00
2026-05-28 16:39:31 [pinn_trainer][circle][ak_k1][k=-][s=-] INFO Adam   500/1000  loss=5.4563e-02  pde=4.2354e-02  bc=2.4419e-03  ic=0.0000e+00  fc=0.0000e+00
2026-05-28 16:39:52 [pinn_trainer][circle][ak_k1][k=-][s=-] INFO Adam  1000/1000  loss=2.2466e-02  pde=1.2892e-02  bc=1.9149e-03  ic=0.0000e+00  fc=0.0000e+00
2026-05-28 16:40:02 [pinn_trainer][circle][ak_k1][k=-][s=-] INFO L-BFGS  300/300  loss=2.3774e-02
2026-05-28 16:40:02 [pinn_trainer][circle][ak_k1][k=-][s=-] INFO Training done in 53.2 s
2026-05-28 16:40:02 [adaptive_k][circle][adaptive_k][k=adaptive][s=6] INFO   Win  3  k=1  [3.0→4.5 s]  interior_MAE=3.943°C  → k_next=1
2026-05-28 16:40:02 [pinn_trainer][circle][ak_k1][k=-][s=-] INFO Training start: t=[4.5,6.0]s  epochs_adam=1000  epochs_lbfgs=300  params=11776
2026-05-28 16:40:04 [pinn_trainer][circle][ak_k1][k=-][s=-] INFO Adam     1/1000  loss=4.2237e+02  pde=4.0016e+02  bc=4.4435e+00  ic=0.0000e+00  fc=0.0000e+00
2026-05-28 16:40:25 [pinn_trainer][circle][ak_k1][k=-][s=-] INFO Adam   500/1000  loss=1.4147e-02  pde=1.2185e-02  bc=3.9245e-04  ic=0.0000e+00  fc=0.0000e+00
2026-05-28 16:40:45 [pinn_trainer][circle][ak_k1][k=-][s=-] INFO Adam  1000/1000  loss=3.0737e-03  pde=1.9970e-03  bc=2.1534e-04  ic=0.0000e+00  fc=0.0000e+00
2026-05-28 16:40:55 [pinn_trainer][circle][ak_k1][k=-][s=-] INFO L-BFGS  300/300  loss=3.2200e-03
2026-05-28 16:40:55 [pinn_trainer][circle][ak_k1][k=-][s=-] INFO Training done in 52.9 s
2026-05-28 16:40:55 [adaptive_k][circle][adaptive_k][k=adaptive][s=6] INFO   Win  4  k=1  [4.5→6.0 s]  interior_MAE=1.417°C  → k_next=2
2026-05-28 16:40:55 [pinn_trainer][circle][ak_k2][k=-][s=-] INFO Training start: t=[6.0,9.0]s  epochs_adam=1000  epochs_lbfgs=300  params=11776
2026-05-28 16:40:57 [pinn_trainer][circle][ak_k2][k=-][s=-] INFO Adam     1/1000  loss=1.9306e+01  pde=1.7010e+01  bc=4.5922e-01  ic=0.0000e+00  fc=0.0000e+00
2026-05-28 16:41:17 [pinn_trainer][circle][ak_k2][k=-][s=-] INFO Adam   500/1000  loss=5.6946e-03  pde=4.5851e-03  bc=2.2191e-04  ic=0.0000e+00  fc=0.0000e+00
2026-05-28 16:41:38 [pinn_trainer][circle][ak_k2][k=-][s=-] INFO Adam  1000/1000  loss=3.8189e-04  pde=1.2827e-04  bc=5.0724e-05  ic=0.0000e+00  fc=0.0000e+00
2026-05-28 16:41:46 [pinn_trainer][circle][ak_k2][k=-][s=-] INFO L-BFGS  300/300  loss=3.9944e-04
2026-05-28 16:41:46 [pinn_trainer][circle][ak_k2][k=-][s=-] INFO Training done in 51.8 s
2026-05-28 16:41:47 [adaptive_k][circle][adaptive_k][k=adaptive][s=6] INFO   Win  5  k=2  [6.0→9.0 s]  interior_MAE=0.663°C  → k_next=3
2026-05-28 16:41:47 [pinn_trainer][circle][ak_k3][k=-][s=-] INFO Training start: t=[9.0,13.5]s  epochs_adam=1000  epochs_lbfgs=300  params=11776
2026-05-28 16:41:49 [pinn_trainer][circle][ak_k3][k=-][s=-] INFO Adam     1/1000  loss=2.8175e+01  pde=2.5200e+01  bc=5.9505e-01  ic=0.0000e+00  fc=0.0000e+00
2026-05-28 16:42:09 [pinn_trainer][circle][ak_k3][k=-][s=-] INFO Adam   500/1000  loss=5.6601e-03  pde=4.4832e-03  bc=2.3537e-04  ic=0.0000e+00  fc=0.0000e+00
2026-05-28 16:42:30 [pinn_trainer][circle][ak_k3][k=-][s=-] INFO Adam  1000/1000  loss=6.8503e-05  pde=4.3685e-05  bc=4.9636e-06  ic=0.0000e+00  fc=0.0000e+00
2026-05-28 16:42:35 [pinn_trainer][circle][ak_k3][k=-][s=-] INFO L-BFGS  300/300  loss=6.4672e-05
2026-05-28 16:42:35 [pinn_trainer][circle][ak_k3][k=-][s=-] INFO Training done in 48.4 s
2026-05-28 16:42:35 [adaptive_k][circle][adaptive_k][k=adaptive][s=6] INFO   Win  6  k=3  [9.0→13.5 s]  interior_MAE=0.105°C  → k_next=4
2026-05-28 16:42:35 [pinn_trainer][circle][ak_k4][k=-][s=-] INFO Training start: t=[13.5,19.5]s  epochs_adam=1000  epochs_lbfgs=300  params=11776
2026-05-28 16:42:37 [pinn_trainer][circle][ak_k4][k=-][s=-] INFO Adam     1/1000  loss=6.6588e+01  pde=5.6407e+01  bc=2.0362e+00  ic=0.0000e+00  fc=0.0000e+00
2026-05-28 16:42:58 [pinn_trainer][circle][ak_k4][k=-][s=-] INFO Adam   500/1000  loss=5.1172e-03  pde=3.7491e-03  bc=2.7362e-04  ic=0.0000e+00  fc=0.0000e+00
2026-05-28 16:43:18 [pinn_trainer][circle][ak_k4][k=-][s=-] INFO Adam  1000/1000  loss=6.1562e-05  pde=4.4933e-05  bc=3.3258e-06  ic=0.0000e+00  fc=0.0000e+00
2026-05-28 16:43:26 [pinn_trainer][circle][ak_k4][k=-][s=-] INFO L-BFGS  300/300  loss=6.1509e-05
2026-05-28 16:43:26 [pinn_trainer][circle][ak_k4][k=-][s=-] INFO Training done in 51.0 s
2026-05-28 16:43:26 [adaptive_k][circle][adaptive_k][k=adaptive][s=6] INFO   Win  7  k=4  [13.5→19.5 s]  interior_MAE=0.042°C  → k_next=5
2026-05-28 16:43:26 [pinn_trainer][circle][ak_k5][k=-][s=-] INFO Training start: t=[19.5,27.0]s  epochs_adam=1000  epochs_lbfgs=300  params=11776
2026-05-28 16:43:29 [pinn_trainer][circle][ak_k5][k=-][s=-] INFO Adam     1/1000  loss=6.2021e+01  pde=5.1565e+01  bc=2.0913e+00  ic=0.0000e+00  fc=0.0000e+00
2026-05-28 16:43:49 [pinn_trainer][circle][ak_k5][k=-][s=-] INFO Adam   500/1000  loss=7.0075e-04  pde=6.3642e-04  bc=1.2864e-05  ic=0.0000e+00  fc=0.0000e+00
2026-05-28 16:44:10 [pinn_trainer][circle][ak_k5][k=-][s=-] INFO Adam  1000/1000  loss=5.7017e-05  pde=3.9288e-05  bc=3.5459e-06  ic=0.0000e+00  fc=0.0000e+00
2026-05-28 16:44:18 [pinn_trainer][circle][ak_k5][k=-][s=-] INFO L-BFGS  300/300  loss=5.6359e-05
2026-05-28 16:44:18 [pinn_trainer][circle][ak_k5][k=-][s=-] INFO Training done in 51.7 s
2026-05-28 16:44:18 [adaptive_k][circle][adaptive_k][k=adaptive][s=6] INFO   Win  8  k=5  [19.5→27.0 s]  interior_MAE=0.036°C  → k_next=5
2026-05-28 16:44:18 [pinn_trainer][circle][ak_k5][k=-][s=-] INFO Training start: t=[27.0,30.0]s  epochs_adam=1000  epochs_lbfgs=300  params=11776
2026-05-28 16:44:20 [pinn_trainer][circle][ak_k5][k=-][s=-] INFO Adam     1/1000  loss=6.1472e+01  pde=6.1006e+01  bc=9.3182e-02  ic=0.0000e+00  fc=0.0000e+00
2026-05-28 16:44:41 [pinn_trainer][circle][ak_k5][k=-][s=-] INFO Adam   500/1000  loss=7.3186e-03  pde=6.2580e-03  bc=2.1212e-04  ic=0.0000e+00  fc=0.0000e+00
2026-05-28 16:45:02 [pinn_trainer][circle][ak_k5][k=-][s=-] INFO Adam  1000/1000  loss=3.9718e-05  pde=2.7406e-05  bc=2.4624e-06  ic=0.0000e+00  fc=0.0000e+00
2026-05-28 16:45:07 [pinn_trainer][circle][ak_k5][k=-][s=-] INFO L-BFGS  300/300  loss=4.0400e-05
2026-05-28 16:45:07 [pinn_trainer][circle][ak_k5][k=-][s=-] INFO Training done in 48.8 s
2026-05-28 16:45:07 [adaptive_k][circle][adaptive_k][k=adaptive][s=6] INFO   Win  9  k=5  [27.0→30.0 s]  interior_MAE=0.037°C  → k_next=5
2026-05-28 16:45:07 [adaptive_k][circle][adaptive_k][k=adaptive][s=6] INFO AdaptiveK done | wins=9 | FEM_solves=9/60 | FEM_saving=85% | MAE=1.637°C | L2=0.0133 | t=464 s
2026-05-28 16:45:07 [adaptive_k][circle][adaptive_k][k=adaptive][s=6] INFO k schedule: t=0.0s:k=1 → t=1.5s:k=1 → t=3.0s:k=1 → t=4.5s:k=1 → t=6.0s:k=2 → t=9.0s:k=3 → t=13.5s:k=4 → t=19.5s:k=5 → t=27.0s:k=5
2026-05-28 16:45:07 [adaptive_k][circle][adaptive_k][k=adaptive][s=6] INFO Saved → /home/coder/NAS-PINNS1/thermal_pinn/quenching_mswp/results/adaptive_k/circle/seed6_adaptive_nsga3_75
2026-05-28 16:45:09 [stage_adaptive_k][all][adaptive_k][k=-][s=-] INFO RESULT geo=circle   seed=6 | MAE=1.637°C | L2=0.0133 | FEM_solves=9/60 | FEM_saving=85%
2026-05-28 16:45:09 [stage_adaptive_k][all][adaptive_k][k=-][s=-] INFO AdaptiveK | geo=circle seed=7 arch=[75, 75, 75] thr_up=2.0 thr_dn=5.0
2026-05-28 16:45:09 [adaptive_k][circle][adaptive_k][k=adaptive][s=7] INFO AdaptiveK | arch=[75, 75, 75] | k=[1..5] | thr_up=2.0°C thr_dn=5.0°C | fourier=False
2026-05-28 16:45:09 [pinn_trainer][circle][ak_k1][k=-][s=-] INFO Training start: t=[0.0,1.5]s  epochs_adam=1000  epochs_lbfgs=300  params=11776
2026-05-28 16:45:11 [pinn_trainer][circle][ak_k1][k=-][s=-] INFO Adam     1/1000  loss=3.5071e+02  pde=3.3746e+02  bc=2.6503e+00  ic=0.0000e+00  fc=0.0000e+00
2026-05-28 16:45:31 [pinn_trainer][circle][ak_k1][k=-][s=-] INFO Adam   500/1000  loss=1.4475e+00  pde=6.7345e-01  bc=1.5480e-01  ic=0.0000e+00  fc=0.0000e+00
2026-05-28 16:45:52 [pinn_trainer][circle][ak_k1][k=-][s=-] INFO Adam  1000/1000  loss=9.4159e-01  pde=3.0324e-01  bc=1.2767e-01  ic=0.0000e+00  fc=0.0000e+00
2026-05-28 16:46:02 [pinn_trainer][circle][ak_k1][k=-][s=-] INFO L-BFGS  300/300  loss=1.0349e+00
2026-05-28 16:46:02 [pinn_trainer][circle][ak_k1][k=-][s=-] INFO Training done in 53.0 s
2026-05-28 16:46:02 [adaptive_k][circle][adaptive_k][k=adaptive][s=7] INFO   Win  1  k=1  [0.0→1.5 s]  interior_MAE=29.735°C  → k_next=1
2026-05-28 16:46:02 [pinn_trainer][circle][ak_k1][k=-][s=-] INFO Training start: t=[1.5,3.0]s  epochs_adam=1000  epochs_lbfgs=300  params=11776
2026-05-28 16:46:04 [pinn_trainer][circle][ak_k1][k=-][s=-] INFO Adam     1/1000  loss=1.3862e+02  pde=1.3106e+02  bc=1.5119e+00  ic=0.0000e+00  fc=0.0000e+00
2026-05-28 16:46:25 [pinn_trainer][circle][ak_k1][k=-][s=-] INFO Adam   500/1000  loss=2.9689e-01  pde=2.1317e-01  bc=1.6744e-02  ic=0.0000e+00  fc=0.0000e+00
2026-05-28 16:46:45 [pinn_trainer][circle][ak_k1][k=-][s=-] INFO Adam  1000/1000  loss=1.3509e-01  pde=6.2109e-02  bc=1.4597e-02  ic=0.0000e+00  fc=0.0000e+00
2026-05-28 16:46:55 [pinn_trainer][circle][ak_k1][k=-][s=-] INFO L-BFGS  300/300  loss=1.4645e-01
2026-05-28 16:46:55 [pinn_trainer][circle][ak_k1][k=-][s=-] INFO Training done in 52.7 s
2026-05-28 16:46:55 [adaptive_k][circle][adaptive_k][k=adaptive][s=7] INFO   Win  2  k=1  [1.5→3.0 s]  interior_MAE=11.170°C  → k_next=1
2026-05-28 16:46:55 [pinn_trainer][circle][ak_k1][k=-][s=-] INFO Training start: t=[3.0,4.5]s  epochs_adam=1000  epochs_lbfgs=300  params=11776
2026-05-28 16:46:57 [pinn_trainer][circle][ak_k1][k=-][s=-] INFO Adam     1/1000  loss=4.0073e+02  pde=3.7388e+02  bc=5.3712e+00  ic=0.0000e+00  fc=0.0000e+00
2026-05-28 16:47:18 [pinn_trainer][circle][ak_k1][k=-][s=-] INFO Adam   500/1000  loss=4.3712e-02  pde=3.2360e-02  bc=2.2705e-03  ic=0.0000e+00  fc=0.0000e+00
2026-05-28 16:47:38 [pinn_trainer][circle][ak_k1][k=-][s=-] INFO Adam  1000/1000  loss=1.6056e-02  pde=7.4220e-03  bc=1.7268e-03  ic=0.0000e+00  fc=0.0000e+00
2026-05-28 16:47:48 [pinn_trainer][circle][ak_k1][k=-][s=-] INFO L-BFGS  300/300  loss=1.7847e-02
2026-05-28 16:47:48 [pinn_trainer][circle][ak_k1][k=-][s=-] INFO Training done in 53.1 s
2026-05-28 16:47:48 [adaptive_k][circle][adaptive_k][k=adaptive][s=7] INFO   Win  3  k=1  [3.0→4.5 s]  interior_MAE=4.104°C  → k_next=1
2026-05-28 16:47:48 [pinn_trainer][circle][ak_k1][k=-][s=-] INFO Training start: t=[4.5,6.0]s  epochs_adam=1000  epochs_lbfgs=300  params=11776
2026-05-28 16:47:50 [pinn_trainer][circle][ak_k1][k=-][s=-] INFO Adam     1/1000  loss=7.1763e+01  pde=6.9933e+01  bc=3.6602e-01  ic=0.0000e+00  fc=0.0000e+00
2026-05-28 16:48:11 [pinn_trainer][circle][ak_k1][k=-][s=-] INFO Adam   500/1000  loss=2.1489e-02  pde=1.8886e-02  bc=5.2059e-04  ic=0.0000e+00  fc=0.0000e+00
2026-05-28 16:48:31 [pinn_trainer][circle][ak_k1][k=-][s=-] INFO Adam  1000/1000  loss=3.9759e-03  pde=2.5821e-03  bc=2.7876e-04  ic=0.0000e+00  fc=0.0000e+00
2026-05-28 16:48:41 [pinn_trainer][circle][ak_k1][k=-][s=-] INFO L-BFGS  300/300  loss=4.0509e-03
2026-05-28 16:48:41 [pinn_trainer][circle][ak_k1][k=-][s=-] INFO Training done in 53.1 s
2026-05-28 16:48:41 [adaptive_k][circle][adaptive_k][k=adaptive][s=7] INFO   Win  4  k=1  [4.5→6.0 s]  interior_MAE=1.299°C  → k_next=2
2026-05-28 16:48:41 [pinn_trainer][circle][ak_k2][k=-][s=-] INFO Training start: t=[6.0,9.0]s  epochs_adam=1000  epochs_lbfgs=300  params=11776
2026-05-28 16:48:43 [pinn_trainer][circle][ak_k2][k=-][s=-] INFO Adam     1/1000  loss=9.3093e+00  pde=7.2082e+00  bc=4.2023e-01  ic=0.0000e+00  fc=0.0000e+00
2026-05-28 16:49:03 [pinn_trainer][circle][ak_k2][k=-][s=-] INFO Adam   500/1000  loss=3.8490e-03  pde=3.0040e-03  bc=1.6900e-04  ic=0.0000e+00  fc=0.0000e+00
2026-05-28 16:49:24 [pinn_trainer][circle][ak_k2][k=-][s=-] INFO Adam  1000/1000  loss=2.7720e-04  pde=9.2141e-05  bc=3.7013e-05  ic=0.0000e+00  fc=0.0000e+00
2026-05-28 16:49:33 [pinn_trainer][circle][ak_k2][k=-][s=-] INFO L-BFGS  300/300  loss=3.1608e-04
2026-05-28 16:49:33 [pinn_trainer][circle][ak_k2][k=-][s=-] INFO Training done in 52.6 s
2026-05-28 16:49:33 [adaptive_k][circle][adaptive_k][k=adaptive][s=7] INFO   Win  5  k=2  [6.0→9.0 s]  interior_MAE=0.675°C  → k_next=3
2026-05-28 16:49:33 [pinn_trainer][circle][ak_k3][k=-][s=-] INFO Training start: t=[9.0,13.5]s  epochs_adam=1000  epochs_lbfgs=300  params=11776
2026-05-28 16:49:36 [pinn_trainer][circle][ak_k3][k=-][s=-] INFO Adam     1/1000  loss=2.0618e+01  pde=1.9234e+01  bc=2.7670e-01  ic=0.0000e+00  fc=0.0000e+00
2026-05-28 16:49:56 [pinn_trainer][circle][ak_k3][k=-][s=-] INFO Adam   500/1000  loss=2.1735e-03  pde=1.4827e-03  bc=1.3815e-04  ic=0.0000e+00  fc=0.0000e+00
2026-05-28 16:50:17 [pinn_trainer][circle][ak_k3][k=-][s=-] INFO Adam  1000/1000  loss=2.8028e-05  pde=1.6396e-05  bc=2.3265e-06  ic=0.0000e+00  fc=0.0000e+00
2026-05-28 16:50:22 [pinn_trainer][circle][ak_k3][k=-][s=-] INFO L-BFGS  300/300  loss=2.8756e-05
2026-05-28 16:50:22 [pinn_trainer][circle][ak_k3][k=-][s=-] INFO Training done in 48.3 s
2026-05-28 16:50:22 [adaptive_k][circle][adaptive_k][k=adaptive][s=7] INFO   Win  6  k=3  [9.0→13.5 s]  interior_MAE=0.095°C  → k_next=4
2026-05-28 16:50:22 [pinn_trainer][circle][ak_k4][k=-][s=-] INFO Training start: t=[13.5,19.5]s  epochs_adam=1000  epochs_lbfgs=300  params=11776
2026-05-28 16:50:24 [pinn_trainer][circle][ak_k4][k=-][s=-] INFO Adam     1/1000  loss=4.8936e+00  pde=4.6553e+00  bc=4.7674e-02  ic=0.0000e+00  fc=0.0000e+00
2026-05-28 16:50:44 [pinn_trainer][circle][ak_k4][k=-][s=-] INFO Adam   500/1000  loss=2.4717e-03  pde=1.8709e-03  bc=1.2015e-04  ic=0.0000e+00  fc=0.0000e+00
2026-05-28 16:51:04 [pinn_trainer][circle][ak_k4][k=-][s=-] INFO Adam  1000/1000  loss=2.9856e-05  pde=1.7551e-05  bc=2.4611e-06  ic=0.0000e+00  fc=0.0000e+00
2026-05-28 16:51:08 [pinn_trainer][circle][ak_k4][k=-][s=-] INFO L-BFGS  300/300  loss=2.9339e-05
2026-05-28 16:51:08 [pinn_trainer][circle][ak_k4][k=-][s=-] INFO Training done in 46.2 s
2026-05-28 16:51:08 [adaptive_k][circle][adaptive_k][k=adaptive][s=7] INFO   Win  7  k=4  [13.5→19.5 s]  interior_MAE=0.055°C  → k_next=5
2026-05-28 16:51:08 [pinn_trainer][circle][ak_k5][k=-][s=-] INFO Training start: t=[19.5,27.0]s  epochs_adam=1000  epochs_lbfgs=300  params=11776
2026-05-28 16:51:10 [pinn_trainer][circle][ak_k5][k=-][s=-] INFO Adam     1/1000  loss=1.0000e+01  pde=8.6809e+00  bc=2.6384e-01  ic=0.0000e+00  fc=0.0000e+00
2026-05-28 16:51:31 [pinn_trainer][circle][ak_k5][k=-][s=-] INFO Adam   500/1000  loss=2.8474e-03  pde=1.7235e-03  bc=2.2478e-04  ic=0.0000e+00  fc=0.0000e+00
2026-05-28 16:51:51 [pinn_trainer][circle][ak_k5][k=-][s=-] INFO Adam  1000/1000  loss=1.2626e-04  pde=6.8320e-05  bc=1.1588e-05  ic=0.0000e+00  fc=0.0000e+00
2026-05-28 16:51:57 [pinn_trainer][circle][ak_k5][k=-][s=-] INFO L-BFGS  300/300  loss=1.2797e-04
2026-05-28 16:51:57 [pinn_trainer][circle][ak_k5][k=-][s=-] INFO Training done in 49.3 s
2026-05-28 16:51:58 [adaptive_k][circle][adaptive_k][k=adaptive][s=7] INFO   Win  8  k=5  [19.5→27.0 s]  interior_MAE=0.028°C  → k_next=5
2026-05-28 16:51:58 [pinn_trainer][circle][ak_k5][k=-][s=-] INFO Training start: t=[27.0,30.0]s  epochs_adam=1000  epochs_lbfgs=300  params=11776
2026-05-28 16:52:00 [pinn_trainer][circle][ak_k5][k=-][s=-] INFO Adam     1/1000  loss=3.4851e+01  pde=3.1030e+01  bc=7.6422e-01  ic=0.0000e+00  fc=0.0000e+00
2026-05-28 16:52:20 [pinn_trainer][circle][ak_k5][k=-][s=-] INFO Adam   500/1000  loss=2.2142e-03  pde=1.8026e-03  bc=8.2335e-05  ic=0.0000e+00  fc=0.0000e+00
2026-05-28 16:52:41 [pinn_trainer][circle][ak_k5][k=-][s=-] INFO Adam  1000/1000  loss=2.7989e-05  pde=2.2997e-05  bc=9.9842e-07  ic=0.0000e+00  fc=0.0000e+00
2026-05-28 16:52:48 [pinn_trainer][circle][ak_k5][k=-][s=-] INFO L-BFGS  300/300  loss=2.8396e-05
2026-05-28 16:52:48 [pinn_trainer][circle][ak_k5][k=-][s=-] INFO Training done in 50.5 s
2026-05-28 16:52:48 [adaptive_k][circle][adaptive_k][k=adaptive][s=7] INFO   Win  9  k=5  [27.0→30.0 s]  interior_MAE=0.011°C  → k_next=5
2026-05-28 16:52:48 [adaptive_k][circle][adaptive_k][k=adaptive][s=7] INFO AdaptiveK done | wins=9 | FEM_solves=9/60 | FEM_saving=85% | MAE=1.630°C | L2=0.0133 | t=459 s
2026-05-28 16:52:48 [adaptive_k][circle][adaptive_k][k=adaptive][s=7] INFO k schedule: t=0.0s:k=1 → t=1.5s:k=1 → t=3.0s:k=1 → t=4.5s:k=1 → t=6.0s:k=2 → t=9.0s:k=3 → t=13.5s:k=4 → t=19.5s:k=5 → t=27.0s:k=5
2026-05-28 16:52:48 [adaptive_k][circle][adaptive_k][k=adaptive][s=7] INFO Saved → /home/coder/NAS-PINNS1/thermal_pinn/quenching_mswp/results/adaptive_k/circle/seed7_adaptive_nsga3_75
2026-05-28 16:52:50 [stage_adaptive_k][all][adaptive_k][k=-][s=-] INFO RESULT geo=circle   seed=7 | MAE=1.630°C | L2=0.0133 | FEM_solves=9/60 | FEM_saving=85%
2026-05-28 16:52:50 [stage_adaptive_k][all][adaptive_k][k=-][s=-] INFO AdaptiveK | geo=circle seed=8 arch=[75, 75, 75] thr_up=2.0 thr_dn=5.0
2026-05-28 16:52:50 [adaptive_k][circle][adaptive_k][k=adaptive][s=8] INFO AdaptiveK | arch=[75, 75, 75] | k=[1..5] | thr_up=2.0°C thr_dn=5.0°C | fourier=False
2026-05-28 16:52:50 [pinn_trainer][circle][ak_k1][k=-][s=-] INFO Training start: t=[0.0,1.5]s  epochs_adam=1000  epochs_lbfgs=300  params=11776
2026-05-28 16:52:52 [pinn_trainer][circle][ak_k1][k=-][s=-] INFO Adam     1/1000  loss=2.8366e+02  pde=2.7997e+02  bc=7.3624e-01  ic=0.0000e+00  fc=0.0000e+00
2026-05-28 16:53:12 [pinn_trainer][circle][ak_k1][k=-][s=-] INFO Adam   500/1000  loss=1.6439e+00  pde=8.2123e-01  bc=1.6454e-01  ic=0.0000e+00  fc=0.0000e+00
2026-05-28 16:53:33 [pinn_trainer][circle][ak_k1][k=-][s=-] INFO Adam  1000/1000  loss=9.0375e-01  pde=2.9933e-01  bc=1.2088e-01  ic=0.0000e+00  fc=0.0000e+00
2026-05-28 16:53:42 [pinn_trainer][circle][ak_k1][k=-][s=-] INFO L-BFGS  300/300  loss=1.0067e+00
2026-05-28 16:53:42 [pinn_trainer][circle][ak_k1][k=-][s=-] INFO Training done in 52.3 s
2026-05-28 16:53:42 [adaptive_k][circle][adaptive_k][k=adaptive][s=8] INFO   Win  1  k=1  [0.0→1.5 s]  interior_MAE=29.486°C  → k_next=1
2026-05-28 16:53:42 [pinn_trainer][circle][ak_k1][k=-][s=-] INFO Training start: t=[1.5,3.0]s  epochs_adam=1000  epochs_lbfgs=300  params=11776
2026-05-28 16:53:45 [pinn_trainer][circle][ak_k1][k=-][s=-] INFO Adam     1/1000  loss=5.9641e+02  pde=5.9544e+02  bc=1.9356e-01  ic=0.0000e+00  fc=0.0000e+00
2026-05-28 16:54:05 [pinn_trainer][circle][ak_k1][k=-][s=-] INFO Adam   500/1000  loss=2.0776e-01  pde=1.0907e-01  bc=1.9736e-02  ic=0.0000e+00  fc=0.0000e+00
2026-05-28 16:54:26 [pinn_trainer][circle][ak_k1][k=-][s=-] INFO Adam  1000/1000  loss=1.1805e-01  pde=4.8879e-02  bc=1.3833e-02  ic=0.0000e+00  fc=0.0000e+00
2026-05-28 16:54:35 [pinn_trainer][circle][ak_k1][k=-][s=-] INFO L-BFGS  300/300  loss=1.3205e-01
2026-05-28 16:54:35 [pinn_trainer][circle][ak_k1][k=-][s=-] INFO Training done in 53.1 s
2026-05-28 16:54:35 [adaptive_k][circle][adaptive_k][k=adaptive][s=8] INFO   Win  2  k=1  [1.5→3.0 s]  interior_MAE=11.301°C  → k_next=1
2026-05-28 16:54:35 [pinn_trainer][circle][ak_k1][k=-][s=-] INFO Training start: t=[3.0,4.5]s  epochs_adam=1000  epochs_lbfgs=300  params=11776
2026-05-28 16:54:38 [pinn_trainer][circle][ak_k1][k=-][s=-] INFO Adam     1/1000  loss=2.0777e+02  pde=2.0338e+02  bc=8.7882e-01  ic=0.0000e+00  fc=0.0000e+00
2026-05-28 16:54:58 [pinn_trainer][circle][ak_k1][k=-][s=-] INFO Adam   500/1000  loss=3.9558e-02  pde=2.8722e-02  bc=2.1671e-03  ic=0.0000e+00  fc=0.0000e+00
2026-05-28 16:55:18 [pinn_trainer][circle][ak_k1][k=-][s=-] INFO Adam  1000/1000  loss=2.4248e-02  pde=1.5434e-02  bc=1.7628e-03  ic=0.0000e+00  fc=0.0000e+00
2026-05-28 16:55:27 [pinn_trainer][circle][ak_k1][k=-][s=-] INFO L-BFGS  300/300  loss=2.5300e-02
2026-05-28 16:55:27 [pinn_trainer][circle][ak_k1][k=-][s=-] INFO Training done in 52.0 s
2026-05-28 16:55:27 [adaptive_k][circle][adaptive_k][k=adaptive][s=8] INFO   Win  3  k=1  [3.0→4.5 s]  interior_MAE=3.834°C  → k_next=1
2026-05-28 16:55:27 [pinn_trainer][circle][ak_k1][k=-][s=-] INFO Training start: t=[4.5,6.0]s  epochs_adam=1000  epochs_lbfgs=300  params=11776
2026-05-28 16:55:30 [pinn_trainer][circle][ak_k1][k=-][s=-] INFO Adam     1/1000  loss=5.5149e+01  pde=5.0942e+01  bc=8.4139e-01  ic=0.0000e+00  fc=0.0000e+00
2026-05-28 16:55:50 [pinn_trainer][circle][ak_k1][k=-][s=-] INFO Adam   500/1000  loss=2.9681e-02  pde=2.7633e-02  bc=4.0956e-04  ic=0.0000e+00  fc=0.0000e+00
2026-05-28 16:56:10 [pinn_trainer][circle][ak_k1][k=-][s=-] INFO Adam  1000/1000  loss=2.7367e-03  pde=1.4994e-03  bc=2.4746e-04  ic=0.0000e+00  fc=0.0000e+00
2026-05-28 16:56:19 [pinn_trainer][circle][ak_k1][k=-][s=-] INFO L-BFGS  300/300  loss=3.0096e-03
2026-05-28 16:56:19 [pinn_trainer][circle][ak_k1][k=-][s=-] INFO Training done in 51.7 s
2026-05-28 16:56:19 [adaptive_k][circle][adaptive_k][k=adaptive][s=8] INFO   Win  4  k=1  [4.5→6.0 s]  interior_MAE=1.323°C  → k_next=2
2026-05-28 16:56:19 [pinn_trainer][circle][ak_k2][k=-][s=-] INFO Training start: t=[6.0,9.0]s  epochs_adam=1000  epochs_lbfgs=300  params=11776
2026-05-28 16:56:21 [pinn_trainer][circle][ak_k2][k=-][s=-] INFO Adam     1/1000  loss=1.3011e+02  pde=1.2383e+02  bc=1.2571e+00  ic=0.0000e+00  fc=0.0000e+00
2026-05-28 16:56:42 [pinn_trainer][circle][ak_k2][k=-][s=-] INFO Adam   500/1000  loss=8.2360e-03  pde=7.6384e-03  bc=1.1952e-04  ic=0.0000e+00  fc=0.0000e+00
2026-05-28 16:57:02 [pinn_trainer][circle][ak_k2][k=-][s=-] INFO Adam  1000/1000  loss=3.6705e-04  pde=1.0266e-04  bc=5.2878e-05  ic=0.0000e+00  fc=0.0000e+00
2026-05-28 16:57:11 [pinn_trainer][circle][ak_k2][k=-][s=-] INFO L-BFGS  300/300  loss=4.0631e-04
2026-05-28 16:57:11 [pinn_trainer][circle][ak_k2][k=-][s=-] INFO Training done in 51.8 s
2026-05-28 16:57:11 [adaptive_k][circle][adaptive_k][k=adaptive][s=8] INFO   Win  5  k=2  [6.0→9.0 s]  interior_MAE=0.685°C  → k_next=3
2026-05-28 16:57:11 [pinn_trainer][circle][ak_k3][k=-][s=-] INFO Training start: t=[9.0,13.5]s  epochs_adam=1000  epochs_lbfgs=300  params=11776
2026-05-28 16:57:13 [pinn_trainer][circle][ak_k3][k=-][s=-] INFO Adam     1/1000  loss=2.3462e+01  pde=1.8677e+01  bc=9.5703e-01  ic=0.0000e+00  fc=0.0000e+00
2026-05-28 16:57:34 [pinn_trainer][circle][ak_k3][k=-][s=-] INFO Adam   500/1000  loss=3.7248e-03  pde=3.0935e-03  bc=1.2626e-04  ic=0.0000e+00  fc=0.0000e+00
2026-05-28 16:57:54 [pinn_trainer][circle][ak_k3][k=-][s=-] INFO Adam  1000/1000  loss=4.0353e-05  pde=2.8690e-05  bc=2.3325e-06  ic=0.0000e+00  fc=0.0000e+00
2026-05-28 16:58:01 [pinn_trainer][circle][ak_k3][k=-][s=-] INFO L-BFGS  300/300  loss=4.2280e-05
2026-05-28 16:58:01 [pinn_trainer][circle][ak_k3][k=-][s=-] INFO Training done in 49.4 s
2026-05-28 16:58:01 [adaptive_k][circle][adaptive_k][k=adaptive][s=8] INFO   Win  6  k=3  [9.0→13.5 s]  interior_MAE=0.117°C  → k_next=4
2026-05-28 16:58:01 [pinn_trainer][circle][ak_k4][k=-][s=-] INFO Training start: t=[13.5,19.5]s  epochs_adam=1000  epochs_lbfgs=300  params=11776
2026-05-28 16:58:03 [pinn_trainer][circle][ak_k4][k=-][s=-] INFO Adam     1/1000  loss=2.1786e+01  pde=1.7829e+01  bc=7.9145e-01  ic=0.0000e+00  fc=0.0000e+00
2026-05-28 16:58:23 [pinn_trainer][circle][ak_k4][k=-][s=-] INFO Adam   500/1000  loss=5.5037e-03  pde=5.3762e-03  bc=2.5490e-05  ic=0.0000e+00  fc=0.0000e+00
2026-05-28 16:58:43 [pinn_trainer][circle][ak_k4][k=-][s=-] INFO Adam  1000/1000  loss=2.1823e-05  pde=1.3069e-05  bc=1.7509e-06  ic=0.0000e+00  fc=0.0000e+00
2026-05-28 16:58:50 [pinn_trainer][circle][ak_k4][k=-][s=-] INFO L-BFGS  300/300  loss=2.1478e-05
2026-05-28 16:58:50 [pinn_trainer][circle][ak_k4][k=-][s=-] INFO Training done in 49.1 s
2026-05-28 16:58:50 [adaptive_k][circle][adaptive_k][k=adaptive][s=8] INFO   Win  7  k=4  [13.5→19.5 s]  interior_MAE=0.014°C  → k_next=5
2026-05-28 16:58:50 [pinn_trainer][circle][ak_k5][k=-][s=-] INFO Training start: t=[19.5,27.0]s  epochs_adam=1000  epochs_lbfgs=300  params=11776
2026-05-28 16:58:52 [pinn_trainer][circle][ak_k5][k=-][s=-] INFO Adam     1/1000  loss=4.4380e+01  pde=3.7112e+01  bc=1.4536e+00  ic=0.0000e+00  fc=0.0000e+00
2026-05-28 16:59:12 [pinn_trainer][circle][ak_k5][k=-][s=-] INFO Adam   500/1000  loss=1.6206e-03  pde=1.4281e-03  bc=3.8492e-05  ic=0.0000e+00  fc=0.0000e+00
2026-05-28 16:59:32 [pinn_trainer][circle][ak_k5][k=-][s=-] INFO Adam  1000/1000  loss=2.0756e-05  pde=1.3691e-05  bc=1.4132e-06  ic=0.0000e+00  fc=0.0000e+00
2026-05-28 16:59:39 [pinn_trainer][circle][ak_k5][k=-][s=-] INFO L-BFGS  300/300  loss=2.1271e-05
2026-05-28 16:59:39 [pinn_trainer][circle][ak_k5][k=-][s=-] INFO Training done in 49.4 s
2026-05-28 16:59:39 [adaptive_k][circle][adaptive_k][k=adaptive][s=8] INFO   Win  8  k=5  [19.5→27.0 s]  interior_MAE=0.012°C  → k_next=5
2026-05-28 16:59:39 [pinn_trainer][circle][ak_k5][k=-][s=-] INFO Training start: t=[27.0,30.0]s  epochs_adam=1000  epochs_lbfgs=300  params=11776
2026-05-28 16:59:42 [pinn_trainer][circle][ak_k5][k=-][s=-] INFO Adam     1/1000  loss=4.8429e+01  pde=3.9265e+01  bc=1.8326e+00  ic=0.0000e+00  fc=0.0000e+00
2026-05-28 17:00:02 [pinn_trainer][circle][ak_k5][k=-][s=-] INFO Adam   500/1000  loss=1.9346e-03  pde=1.6569e-03  bc=5.5537e-05  ic=0.0000e+00  fc=0.0000e+00
2026-05-28 17:00:22 [pinn_trainer][circle][ak_k5][k=-][s=-] INFO Adam  1000/1000  loss=6.1152e-05  pde=4.5111e-05  bc=3.2081e-06  ic=0.0000e+00  fc=0.0000e+00
2026-05-28 17:00:29 [pinn_trainer][circle][ak_k5][k=-][s=-] INFO L-BFGS  300/300  loss=5.8694e-05
2026-05-28 17:00:29 [pinn_trainer][circle][ak_k5][k=-][s=-] INFO Training done in 49.7 s
2026-05-28 17:00:29 [adaptive_k][circle][adaptive_k][k=adaptive][s=8] INFO   Win  9  k=5  [27.0→30.0 s]  interior_MAE=0.011°C  → k_next=5
2026-05-28 17:00:29 [adaptive_k][circle][adaptive_k][k=adaptive][s=8] INFO AdaptiveK done | wins=9 | FEM_solves=9/60 | FEM_saving=85% | MAE=1.610°C | L2=0.0127 | t=459 s
2026-05-28 17:00:29 [adaptive_k][circle][adaptive_k][k=adaptive][s=8] INFO k schedule: t=0.0s:k=1 → t=1.5s:k=1 → t=3.0s:k=1 → t=4.5s:k=1 → t=6.0s:k=2 → t=9.0s:k=3 → t=13.5s:k=4 → t=19.5s:k=5 → t=27.0s:k=5
2026-05-28 17:00:29 [adaptive_k][circle][adaptive_k][k=adaptive][s=8] INFO Saved → /home/coder/NAS-PINNS1/thermal_pinn/quenching_mswp/results/adaptive_k/circle/seed8_adaptive_nsga3_75
2026-05-28 17:00:31 [stage_adaptive_k][all][adaptive_k][k=-][s=-] INFO RESULT geo=circle   seed=8 | MAE=1.610°C | L2=0.0127 | FEM_solves=9/60 | FEM_saving=85%
2026-05-28 17:00:31 [stage_adaptive_k][all][adaptive_k][k=-][s=-] INFO AdaptiveK | geo=circle seed=9 arch=[75, 75, 75] thr_up=2.0 thr_dn=5.0
2026-05-28 17:00:31 [adaptive_k][circle][adaptive_k][k=adaptive][s=9] INFO AdaptiveK | arch=[75, 75, 75] | k=[1..5] | thr_up=2.0°C thr_dn=5.0°C | fourier=False
2026-05-28 17:00:31 [pinn_trainer][circle][ak_k1][k=-][s=-] INFO Training start: t=[0.0,1.5]s  epochs_adam=1000  epochs_lbfgs=300  params=11776
2026-05-28 17:00:33 [pinn_trainer][circle][ak_k1][k=-][s=-] INFO Adam     1/1000  loss=2.2131e+02  pde=2.1656e+02  bc=9.5054e-01  ic=0.0000e+00  fc=0.0000e+00
2026-05-28 17:00:54 [pinn_trainer][circle][ak_k1][k=-][s=-] INFO Adam   500/1000  loss=1.1876e+00  pde=4.4942e-01  bc=1.4763e-01  ic=0.0000e+00  fc=0.0000e+00
2026-05-28 17:01:14 [pinn_trainer][circle][ak_k1][k=-][s=-] INFO Adam  1000/1000  loss=9.3845e-01  pde=3.3689e-01  bc=1.2031e-01  ic=0.0000e+00  fc=0.0000e+00
2026-05-28 17:01:24 [pinn_trainer][circle][ak_k1][k=-][s=-] INFO L-BFGS  300/300  loss=1.0354e+00
2026-05-28 17:01:24 [pinn_trainer][circle][ak_k1][k=-][s=-] INFO Training done in 52.7 s
2026-05-28 17:01:24 [adaptive_k][circle][adaptive_k][k=adaptive][s=9] INFO   Win  1  k=1  [0.0→1.5 s]  interior_MAE=30.284°C  → k_next=1
2026-05-28 17:01:24 [pinn_trainer][circle][ak_k1][k=-][s=-] INFO Training start: t=[1.5,3.0]s  epochs_adam=1000  epochs_lbfgs=300  params=11776
2026-05-28 17:01:26 [pinn_trainer][circle][ak_k1][k=-][s=-] INFO Adam     1/1000  loss=4.9125e+01  pde=4.8206e+01  bc=1.8390e-01  ic=0.0000e+00  fc=0.0000e+00
2026-05-28 17:01:46 [pinn_trainer][circle][ak_k1][k=-][s=-] INFO Adam   500/1000  loss=1.6933e-01  pde=8.3789e-02  bc=1.7109e-02  ic=0.0000e+00  fc=0.0000e+00
2026-05-28 17:02:07 [pinn_trainer][circle][ak_k1][k=-][s=-] INFO Adam  1000/1000  loss=1.0700e-01  pde=4.1166e-02  bc=1.3166e-02  ic=0.0000e+00  fc=0.0000e+00
2026-05-28 17:02:16 [pinn_trainer][circle][ak_k1][k=-][s=-] INFO L-BFGS  300/300  loss=1.1901e-01
2026-05-28 17:02:16 [pinn_trainer][circle][ak_k1][k=-][s=-] INFO Training done in 52.6 s
2026-05-28 17:02:16 [adaptive_k][circle][adaptive_k][k=adaptive][s=9] INFO   Win  2  k=1  [1.5→3.0 s]  interior_MAE=11.469°C  → k_next=1
2026-05-28 17:02:16 [pinn_trainer][circle][ak_k1][k=-][s=-] INFO Training start: t=[3.0,4.5]s  epochs_adam=1000  epochs_lbfgs=300  params=11776
2026-05-28 17:02:19 [pinn_trainer][circle][ak_k1][k=-][s=-] INFO Adam     1/1000  loss=8.9503e+01  pde=8.6988e+01  bc=5.0287e-01  ic=0.0000e+00  fc=0.0000e+00
2026-05-28 17:02:39 [pinn_trainer][circle][ak_k1][k=-][s=-] INFO Adam   500/1000  loss=5.5583e-02  pde=4.3923e-02  bc=2.3319e-03  ic=0.0000e+00  fc=0.0000e+00
2026-05-28 17:02:59 [pinn_trainer][circle][ak_k1][k=-][s=-] INFO Adam  1000/1000  loss=1.6872e-02  pde=7.6135e-03  bc=1.8517e-03  ic=0.0000e+00  fc=0.0000e+00
2026-05-28 17:03:09 [pinn_trainer][circle][ak_k1][k=-][s=-] INFO L-BFGS  300/300  loss=1.8244e-02
2026-05-28 17:03:09 [pinn_trainer][circle][ak_k1][k=-][s=-] INFO Training done in 52.4 s
2026-05-28 17:03:09 [adaptive_k][circle][adaptive_k][k=adaptive][s=9] INFO   Win  3  k=1  [3.0→4.5 s]  interior_MAE=4.058°C  → k_next=1
2026-05-28 17:03:09 [pinn_trainer][circle][ak_k1][k=-][s=-] INFO Training start: t=[4.5,6.0]s  epochs_adam=1000  epochs_lbfgs=300  params=11776
2026-05-28 17:03:11 [pinn_trainer][circle][ak_k1][k=-][s=-] INFO Adam     1/1000  loss=3.5205e+01  pde=3.4746e+01  bc=9.1747e-02  ic=0.0000e+00  fc=0.0000e+00
2026-05-28 17:03:31 [pinn_trainer][circle][ak_k1][k=-][s=-] INFO Adam   500/1000  loss=4.2044e-02  pde=4.0117e-02  bc=3.8547e-04  ic=0.0000e+00  fc=0.0000e+00
2026-05-28 17:03:52 [pinn_trainer][circle][ak_k1][k=-][s=-] INFO Adam  1000/1000  loss=3.3860e-03  pde=2.2380e-03  bc=2.2959e-04  ic=0.0000e+00  fc=0.0000e+00
2026-05-28 17:04:01 [pinn_trainer][circle][ak_k1][k=-][s=-] INFO L-BFGS  300/300  loss=3.5962e-03
2026-05-28 17:04:01 [pinn_trainer][circle][ak_k1][k=-][s=-] INFO Training done in 52.4 s
2026-05-28 17:04:01 [adaptive_k][circle][adaptive_k][k=adaptive][s=9] INFO   Win  4  k=1  [4.5→6.0 s]  interior_MAE=1.387°C  → k_next=2
2026-05-28 17:04:01 [pinn_trainer][circle][ak_k2][k=-][s=-] INFO Training start: t=[6.0,9.0]s  epochs_adam=1000  epochs_lbfgs=300  params=11776
2026-05-28 17:04:03 [pinn_trainer][circle][ak_k2][k=-][s=-] INFO Adam     1/1000  loss=6.1723e+01  pde=5.4727e+01  bc=1.3992e+00  ic=0.0000e+00  fc=0.0000e+00
2026-05-28 17:04:23 [pinn_trainer][circle][ak_k2][k=-][s=-] INFO Adam   500/1000  loss=3.9308e-03  pde=3.4510e-03  bc=9.5964e-05  ic=0.0000e+00  fc=0.0000e+00
2026-05-28 17:04:43 [pinn_trainer][circle][ak_k2][k=-][s=-] INFO Adam  1000/1000  loss=2.4066e-04  pde=7.2978e-05  bc=3.3536e-05  ic=0.0000e+00  fc=0.0000e+00
2026-05-28 17:04:51 [pinn_trainer][circle][ak_k2][k=-][s=-] INFO L-BFGS  300/300  loss=2.7490e-04
2026-05-28 17:04:51 [pinn_trainer][circle][ak_k2][k=-][s=-] INFO Training done in 49.4 s
2026-05-28 17:04:51 [adaptive_k][circle][adaptive_k][k=adaptive][s=9] INFO   Win  5  k=2  [6.0→9.0 s]  interior_MAE=0.676°C  → k_next=3
2026-05-28 17:04:51 [pinn_trainer][circle][ak_k3][k=-][s=-] INFO Training start: t=[9.0,13.5]s  epochs_adam=1000  epochs_lbfgs=300  params=11776
2026-05-28 17:04:53 [pinn_trainer][circle][ak_k3][k=-][s=-] INFO Adam     1/1000  loss=3.4095e+01  pde=2.6484e+01  bc=1.5221e+00  ic=0.0000e+00  fc=0.0000e+00
2026-05-28 17:05:13 [pinn_trainer][circle][ak_k3][k=-][s=-] INFO Adam   500/1000  loss=3.2621e-03  pde=3.0392e-03  bc=4.4588e-05  ic=0.0000e+00  fc=0.0000e+00
2026-05-28 17:05:34 [pinn_trainer][circle][ak_k3][k=-][s=-] INFO Adam  1000/1000  loss=1.2549e-04  pde=8.6082e-05  bc=7.8808e-06  ic=0.0000e+00  fc=0.0000e+00
2026-05-28 17:05:41 [pinn_trainer][circle][ak_k3][k=-][s=-] INFO L-BFGS  300/300  loss=1.1989e-04
2026-05-28 17:05:41 [pinn_trainer][circle][ak_k3][k=-][s=-] INFO Training done in 50.6 s
2026-05-28 17:05:41 [adaptive_k][circle][adaptive_k][k=adaptive][s=9] INFO   Win  6  k=3  [9.0→13.5 s]  interior_MAE=0.122°C  → k_next=4
2026-05-28 17:05:41 [pinn_trainer][circle][ak_k4][k=-][s=-] INFO Training start: t=[13.5,19.5]s  epochs_adam=1000  epochs_lbfgs=300  params=11776
2026-05-28 17:05:44 [pinn_trainer][circle][ak_k4][k=-][s=-] INFO Adam     1/1000  loss=3.9178e+01  pde=3.2303e+01  bc=1.3750e+00  ic=0.0000e+00  fc=0.0000e+00
2026-05-28 17:06:04 [pinn_trainer][circle][ak_k4][k=-][s=-] INFO Adam   500/1000  loss=3.9525e-03  pde=2.8132e-03  bc=2.2787e-04  ic=0.0000e+00  fc=0.0000e+00
2026-05-28 17:06:24 [pinn_trainer][circle][ak_k4][k=-][s=-] INFO Adam  1000/1000  loss=6.0599e-05  pde=3.5344e-05  bc=5.0509e-06  ic=0.0000e+00  fc=0.0000e+00
2026-05-28 17:06:31 [pinn_trainer][circle][ak_k4][k=-][s=-] INFO L-BFGS  300/300  loss=6.1240e-05
2026-05-28 17:06:31 [pinn_trainer][circle][ak_k4][k=-][s=-] INFO Training done in 49.1 s
2026-05-28 17:06:31 [adaptive_k][circle][adaptive_k][k=adaptive][s=9] INFO   Win  7  k=4  [13.5→19.5 s]  interior_MAE=0.053°C  → k_next=5
2026-05-28 17:06:31 [pinn_trainer][circle][ak_k5][k=-][s=-] INFO Training start: t=[19.5,27.0]s  epochs_adam=1000  epochs_lbfgs=300  params=11776
2026-05-28 17:06:33 [pinn_trainer][circle][ak_k5][k=-][s=-] INFO Adam     1/1000  loss=3.5143e+01  pde=3.2388e+01  bc=5.5095e-01  ic=0.0000e+00  fc=0.0000e+00
2026-05-28 17:06:53 [pinn_trainer][circle][ak_k5][k=-][s=-] INFO Adam   500/1000  loss=2.7742e-03  pde=2.0648e-03  bc=1.4188e-04  ic=0.0000e+00  fc=0.0000e+00
2026-05-28 17:07:15 [pinn_trainer][circle][ak_k5][k=-][s=-] INFO Adam  1000/1000  loss=6.9168e-05  pde=4.0452e-05  bc=5.7433e-06  ic=0.0000e+00  fc=0.0000e+00
2026-05-28 17:07:21 [pinn_trainer][circle][ak_k5][k=-][s=-] INFO L-BFGS  300/300  loss=7.0002e-05
2026-05-28 17:07:21 [pinn_trainer][circle][ak_k5][k=-][s=-] INFO Training done in 50.7 s
2026-05-28 17:07:22 [adaptive_k][circle][adaptive_k][k=adaptive][s=9] INFO   Win  8  k=5  [19.5→27.0 s]  interior_MAE=0.023°C  → k_next=5
2026-05-28 17:07:22 [pinn_trainer][circle][ak_k5][k=-][s=-] INFO Training start: t=[27.0,30.0]s  epochs_adam=1000  epochs_lbfgs=300  params=11776
2026-05-28 17:07:24 [pinn_trainer][circle][ak_k5][k=-][s=-] INFO Adam     1/1000  loss=2.5854e+01  pde=2.2441e+01  bc=6.8265e-01  ic=0.0000e+00  fc=0.0000e+00
2026-05-28 17:07:44 [pinn_trainer][circle][ak_k5][k=-][s=-] INFO Adam   500/1000  loss=1.6992e-03  pde=1.6107e-03  bc=1.7705e-05  ic=0.0000e+00  fc=0.0000e+00
2026-05-28 17:08:05 [pinn_trainer][circle][ak_k5][k=-][s=-] INFO Adam  1000/1000  loss=1.0764e-04  pde=7.8853e-05  bc=5.7573e-06  ic=0.0000e+00  fc=0.0000e+00
2026-05-28 17:08:09 [pinn_trainer][circle][ak_k5][k=-][s=-] INFO L-BFGS  300/300  loss=1.0171e-04
2026-05-28 17:08:09 [pinn_trainer][circle][ak_k5][k=-][s=-] INFO Training done in 47.8 s
2026-05-28 17:08:09 [adaptive_k][circle][adaptive_k][k=adaptive][s=9] INFO   Win  9  k=5  [27.0→30.0 s]  interior_MAE=0.037°C  → k_next=5
2026-05-28 17:08:09 [adaptive_k][circle][adaptive_k][k=adaptive][s=9] INFO AdaptiveK done | wins=9 | FEM_solves=9/60 | FEM_saving=85% | MAE=1.664°C | L2=0.0136 | t=458 s
2026-05-28 17:08:09 [adaptive_k][circle][adaptive_k][k=adaptive][s=9] INFO k schedule: t=0.0s:k=1 → t=1.5s:k=1 → t=3.0s:k=1 → t=4.5s:k=1 → t=6.0s:k=2 → t=9.0s:k=3 → t=13.5s:k=4 → t=19.5s:k=5 → t=27.0s:k=5
2026-05-28 17:08:10 [adaptive_k][circle][adaptive_k][k=adaptive][s=9] INFO Saved → /home/coder/NAS-PINNS1/thermal_pinn/quenching_mswp/results/adaptive_k/circle/seed9_adaptive_nsga3_75
2026-05-28 17:08:11 [stage_adaptive_k][all][adaptive_k][k=-][s=-] INFO RESULT geo=circle   seed=9 | MAE=1.664°C | L2=0.0136 | FEM_solves=9/60 | FEM_saving=85%
2026-05-28 17:08:11 [stage_adaptive_k][all][adaptive_k][k=-][s=-] INFO AdaptiveK | geo=lshape seed=1 arch=[75, 75, 75] thr_up=2.0 thr_dn=5.0
2026-05-28 17:08:11 [adaptive_k][lshape][adaptive_k][k=adaptive][s=1] INFO AdaptiveK | arch=[75, 75, 75] | k=[1..5] | thr_up=2.0°C thr_dn=5.0°C | fourier=False
2026-05-28 17:08:11 [pinn_trainer][lshape][ak_k1][k=-][s=-] INFO Training start: t=[0.0,1.5]s  epochs_adam=1000  epochs_lbfgs=300  params=11776
2026-05-28 17:08:13 [pinn_trainer][lshape][ak_k1][k=-][s=-] INFO Adam     1/1000  loss=3.4296e+02  pde=3.3679e+02  bc=1.2336e+00  ic=0.0000e+00  fc=0.0000e+00
2026-05-28 17:08:33 [pinn_trainer][lshape][ak_k1][k=-][s=-] INFO Adam   500/1000  loss=6.2400e+00  pde=4.1275e+00  bc=4.2250e-01  ic=0.0000e+00  fc=0.0000e+00
2026-05-28 17:08:52 [pinn_trainer][lshape][ak_k1][k=-][s=-] INFO Adam  1000/1000  loss=4.7246e+00  pde=2.4823e+00  bc=4.4845e-01  ic=0.0000e+00  fc=0.0000e+00
2026-05-28 17:09:01 [pinn_trainer][lshape][ak_k1][k=-][s=-] INFO L-BFGS  300/300  loss=4.6713e+00
2026-05-28 17:09:01 [pinn_trainer][lshape][ak_k1][k=-][s=-] INFO Training done in 49.9 s
2026-05-28 17:09:01 [adaptive_k][lshape][adaptive_k][k=adaptive][s=1] INFO   Win  1  k=1  [0.0→1.5 s]  interior_MAE=30.213°C  → k_next=1
2026-05-28 17:09:01 [pinn_trainer][lshape][ak_k1][k=-][s=-] INFO Training start: t=[1.5,3.0]s  epochs_adam=1000  epochs_lbfgs=300  params=11776
2026-05-28 17:09:03 [pinn_trainer][lshape][ak_k1][k=-][s=-] INFO Adam     1/1000  loss=1.8921e+02  pde=1.8457e+02  bc=9.2766e-01  ic=0.0000e+00  fc=0.0000e+00
2026-05-28 17:09:22 [pinn_trainer][lshape][ak_k1][k=-][s=-] INFO Adam   500/1000  loss=2.1206e+00  pde=1.5558e+00  bc=1.1296e-01  ic=0.0000e+00  fc=0.0000e+00
2026-05-28 17:09:42 [pinn_trainer][lshape][ak_k1][k=-][s=-] INFO Adam  1000/1000  loss=1.5815e+00  pde=1.0448e+00  bc=1.0734e-01  ic=0.0000e+00  fc=0.0000e+00
2026-05-28 17:09:51 [pinn_trainer][lshape][ak_k1][k=-][s=-] INFO L-BFGS  300/300  loss=1.5732e+00
2026-05-28 17:09:51 [pinn_trainer][lshape][ak_k1][k=-][s=-] INFO Training done in 49.8 s
2026-05-28 17:09:51 [adaptive_k][lshape][adaptive_k][k=adaptive][s=1] INFO   Win  2  k=1  [1.5→3.0 s]  interior_MAE=20.182°C  → k_next=1
2026-05-28 17:09:51 [pinn_trainer][lshape][ak_k1][k=-][s=-] INFO Training start: t=[3.0,4.5]s  epochs_adam=1000  epochs_lbfgs=300  params=11776
2026-05-28 17:09:53 [pinn_trainer][lshape][ak_k1][k=-][s=-] INFO Adam     1/1000  loss=2.9467e+02  pde=2.8918e+02  bc=1.0966e+00  ic=0.0000e+00  fc=0.0000e+00
2026-05-28 17:10:12 [pinn_trainer][lshape][ak_k1][k=-][s=-] INFO Adam   500/1000  loss=5.3746e-01  pde=3.9249e-01  bc=2.8994e-02  ic=0.0000e+00  fc=0.0000e+00
2026-05-28 17:10:31 [pinn_trainer][lshape][ak_k1][k=-][s=-] INFO Adam  1000/1000  loss=4.0264e-01  pde=2.6590e-01  bc=2.7347e-02  ic=0.0000e+00  fc=0.0000e+00
2026-05-28 17:10:40 [pinn_trainer][lshape][ak_k1][k=-][s=-] INFO L-BFGS  300/300  loss=4.0727e-01
2026-05-28 17:10:40 [pinn_trainer][lshape][ak_k1][k=-][s=-] INFO Training done in 49.1 s
2026-05-28 17:10:40 [adaptive_k][lshape][adaptive_k][k=adaptive][s=1] INFO   Win  3  k=1  [3.0→4.5 s]  interior_MAE=9.412°C  → k_next=1
2026-05-28 17:10:40 [pinn_trainer][lshape][ak_k1][k=-][s=-] INFO Training start: t=[4.5,6.0]s  epochs_adam=1000  epochs_lbfgs=300  params=11776
2026-05-28 17:10:42 [pinn_trainer][lshape][ak_k1][k=-][s=-] INFO Adam     1/1000  loss=1.2234e+01  pde=1.1996e+01  bc=4.7605e-02  ic=0.0000e+00  fc=0.0000e+00
2026-05-28 17:11:01 [pinn_trainer][lshape][ak_k1][k=-][s=-] INFO Adam   500/1000  loss=1.5486e-01  pde=1.1975e-01  bc=7.0209e-03  ic=0.0000e+00  fc=0.0000e+00
2026-05-28 17:11:20 [pinn_trainer][lshape][ak_k1][k=-][s=-] INFO Adam  1000/1000  loss=1.1886e-01  pde=8.1646e-02  bc=7.4426e-03  ic=0.0000e+00  fc=0.0000e+00
2026-05-28 17:11:29 [pinn_trainer][lshape][ak_k1][k=-][s=-] INFO L-BFGS  300/300  loss=1.1723e-01
2026-05-28 17:11:29 [pinn_trainer][lshape][ak_k1][k=-][s=-] INFO Training done in 49.0 s
2026-05-28 17:11:29 [adaptive_k][lshape][adaptive_k][k=adaptive][s=1] INFO   Win  4  k=1  [4.5→6.0 s]  interior_MAE=4.507°C  → k_next=1
2026-05-28 17:11:29 [pinn_trainer][lshape][ak_k1][k=-][s=-] INFO Training start: t=[6.0,7.5]s  epochs_adam=1000  epochs_lbfgs=300  params=11776
2026-05-28 17:11:31 [pinn_trainer][lshape][ak_k1][k=-][s=-] INFO Adam     1/1000  loss=7.1132e+01  pde=6.9850e+01  bc=2.5628e-01  ic=0.0000e+00  fc=0.0000e+00
2026-05-28 17:11:51 [pinn_trainer][lshape][ak_k1][k=-][s=-] INFO Adam   500/1000  loss=4.3307e-02  pde=3.2799e-02  bc=2.1015e-03  ic=0.0000e+00  fc=0.0000e+00
2026-05-28 17:12:10 [pinn_trainer][lshape][ak_k1][k=-][s=-] INFO Adam  1000/1000  loss=3.5701e-02  pde=2.4247e-02  bc=2.2908e-03  ic=0.0000e+00  fc=0.0000e+00
2026-05-28 17:12:19 [pinn_trainer][lshape][ak_k1][k=-][s=-] INFO L-BFGS  300/300  loss=3.5340e-02
2026-05-28 17:12:19 [pinn_trainer][lshape][ak_k1][k=-][s=-] INFO Training done in 49.8 s
2026-05-28 17:12:19 [adaptive_k][lshape][adaptive_k][k=adaptive][s=1] INFO   Win  5  k=1  [6.0→7.5 s]  interior_MAE=2.128°C  → k_next=1
2026-05-28 17:12:19 [pinn_trainer][lshape][ak_k1][k=-][s=-] INFO Training start: t=[7.5,9.0]s  epochs_adam=1000  epochs_lbfgs=300  params=11776
2026-05-28 17:12:21 [pinn_trainer][lshape][ak_k1][k=-][s=-] INFO Adam     1/1000  loss=8.1364e+01  pde=8.1068e+01  bc=5.9198e-02  ic=0.0000e+00  fc=0.0000e+00
2026-05-28 17:12:40 [pinn_trainer][lshape][ak_k1][k=-][s=-] INFO Adam   500/1000  loss=9.1722e-02  pde=8.7830e-02  bc=7.7840e-04  ic=0.0000e+00  fc=0.0000e+00
2026-05-28 17:13:01 [pinn_trainer][lshape][ak_k1][k=-][s=-] INFO Adam  1000/1000  loss=8.9905e-03  pde=6.2208e-03  bc=5.5393e-04  ic=0.0000e+00  fc=0.0000e+00
2026-05-28 17:13:10 [pinn_trainer][lshape][ak_k1][k=-][s=-] INFO L-BFGS  300/300  loss=9.0213e-03
2026-05-28 17:13:10 [pinn_trainer][lshape][ak_k1][k=-][s=-] INFO Training done in 51.0 s
2026-05-28 17:13:10 [adaptive_k][lshape][adaptive_k][k=adaptive][s=1] INFO   Win  6  k=1  [7.5→9.0 s]  interior_MAE=1.087°C  → k_next=2
2026-05-28 17:13:10 [pinn_trainer][lshape][ak_k2][k=-][s=-] INFO Training start: t=[9.0,12.0]s  epochs_adam=1000  epochs_lbfgs=300  params=11776
2026-05-28 17:13:12 [pinn_trainer][lshape][ak_k2][k=-][s=-] INFO Adam     1/1000  loss=8.7920e+01  pde=8.6301e+01  bc=3.2378e-01  ic=0.0000e+00  fc=0.0000e+00
2026-05-28 17:13:32 [pinn_trainer][lshape][ak_k2][k=-][s=-] INFO Adam   500/1000  loss=4.2747e-03  pde=3.8729e-03  bc=8.0375e-05  ic=0.0000e+00  fc=0.0000e+00
2026-05-28 17:13:51 [pinn_trainer][lshape][ak_k2][k=-][s=-] INFO Adam  1000/1000  loss=6.6886e-04  pde=3.0794e-04  bc=7.2184e-05  ic=0.0000e+00  fc=0.0000e+00
2026-05-28 17:14:00 [pinn_trainer][lshape][ak_k2][k=-][s=-] INFO L-BFGS  300/300  loss=6.7169e-04
2026-05-28 17:14:00 [pinn_trainer][lshape][ak_k2][k=-][s=-] INFO Training done in 49.7 s
2026-05-28 17:14:00 [adaptive_k][lshape][adaptive_k][k=adaptive][s=1] INFO   Win  7  k=2  [9.0→12.0 s]  interior_MAE=0.697°C  → k_next=3
2026-05-28 17:14:00 [pinn_trainer][lshape][ak_k3][k=-][s=-] INFO Training start: t=[12.0,16.5]s  epochs_adam=1000  epochs_lbfgs=300  params=11776
2026-05-28 17:14:02 [pinn_trainer][lshape][ak_k3][k=-][s=-] INFO Adam     1/1000  loss=3.1214e+00  pde=2.5159e+00  bc=1.2110e-01  ic=0.0000e+00  fc=0.0000e+00
2026-05-28 17:14:22 [pinn_trainer][lshape][ak_k3][k=-][s=-] INFO Adam   500/1000  loss=1.6042e-03  pde=1.4558e-03  bc=2.9684e-05  ic=0.0000e+00  fc=0.0000e+00
2026-05-28 17:14:41 [pinn_trainer][lshape][ak_k3][k=-][s=-] INFO Adam  1000/1000  loss=4.2605e-05  pde=2.0070e-05  bc=4.5069e-06  ic=0.0000e+00  fc=0.0000e+00
2026-05-28 17:14:48 [pinn_trainer][lshape][ak_k3][k=-][s=-] INFO L-BFGS  300/300  loss=4.1888e-05
2026-05-28 17:14:48 [pinn_trainer][lshape][ak_k3][k=-][s=-] INFO Training done in 47.9 s
2026-05-28 17:14:48 [adaptive_k][lshape][adaptive_k][k=adaptive][s=1] INFO   Win  8  k=3  [12.0→16.5 s]  interior_MAE=0.233°C  → k_next=4
2026-05-28 17:14:48 [pinn_trainer][lshape][ak_k4][k=-][s=-] INFO Training start: t=[16.5,22.5]s  epochs_adam=1000  epochs_lbfgs=300  params=11776
2026-05-28 17:14:50 [pinn_trainer][lshape][ak_k4][k=-][s=-] INFO Adam     1/1000  loss=1.7191e+00  pde=1.6848e+00  bc=6.8558e-03  ic=0.0000e+00  fc=0.0000e+00
2026-05-28 17:15:09 [pinn_trainer][lshape][ak_k4][k=-][s=-] INFO Adam   500/1000  loss=1.9667e-03  pde=1.7573e-03  bc=4.1881e-05  ic=0.0000e+00  fc=0.0000e+00
2026-05-28 17:15:28 [pinn_trainer][lshape][ak_k4][k=-][s=-] INFO Adam  1000/1000  loss=5.8955e-05  pde=4.8710e-05  bc=2.0490e-06  ic=0.0000e+00  fc=0.0000e+00
2026-05-28 17:15:36 [pinn_trainer][lshape][ak_k4][k=-][s=-] INFO L-BFGS  300/300  loss=5.3344e-05
2026-05-28 17:15:36 [pinn_trainer][lshape][ak_k4][k=-][s=-] INFO Training done in 48.4 s
2026-05-28 17:15:36 [adaptive_k][lshape][adaptive_k][k=adaptive][s=1] INFO   Win  9  k=4  [16.5→22.5 s]  interior_MAE=0.044°C  → k_next=5
2026-05-28 17:15:36 [pinn_trainer][lshape][ak_k5][k=-][s=-] INFO Training start: t=[22.5,30.0]s  epochs_adam=1000  epochs_lbfgs=300  params=11776
2026-05-28 17:15:38 [pinn_trainer][lshape][ak_k5][k=-][s=-] INFO Adam     1/1000  loss=1.9659e+00  pde=1.7370e+00  bc=4.5798e-02  ic=0.0000e+00  fc=0.0000e+00
2026-05-28 17:15:57 [pinn_trainer][lshape][ak_k5][k=-][s=-] INFO Adam   500/1000  loss=5.2503e-05  pde=4.0492e-05  bc=2.4022e-06  ic=0.0000e+00  fc=0.0000e+00
2026-05-28 17:16:17 [pinn_trainer][lshape][ak_k5][k=-][s=-] INFO Adam  1000/1000  loss=1.0047e-05  pde=7.1540e-06  bc=5.7859e-07  ic=0.0000e+00  fc=0.0000e+00
2026-05-28 17:16:20 [pinn_trainer][lshape][ak_k5][k=-][s=-] INFO L-BFGS  300/300  loss=9.9940e-06
2026-05-28 17:16:20 [pinn_trainer][lshape][ak_k5][k=-][s=-] INFO Training done in 44.4 s
2026-05-28 17:16:20 [adaptive_k][lshape][adaptive_k][k=adaptive][s=1] INFO   Win 10  k=5  [22.5→30.0 s]  interior_MAE=0.042°C  → k_next=5
2026-05-28 17:16:20 [adaptive_k][lshape][adaptive_k][k=adaptive][s=1] INFO AdaptiveK done | wins=10 | FEM_solves=10/60 | FEM_saving=83% | MAE=2.358°C | L2=0.0217 | t=489 s
2026-05-28 17:16:20 [adaptive_k][lshape][adaptive_k][k=adaptive][s=1] INFO k schedule: t=0.0s:k=1 → t=1.5s:k=1 → t=3.0s:k=1 → t=4.5s:k=1 → t=6.0s:k=1 → t=7.5s:k=1 → t=9.0s:k=2 → t=12.0s:k=3 → t=16.5s:k=4 → t=22.5s:k=5
2026-05-28 17:16:21 [adaptive_k][lshape][adaptive_k][k=adaptive][s=1] INFO Saved → /home/coder/NAS-PINNS1/thermal_pinn/quenching_mswp/results/adaptive_k/lshape/seed1_adaptive_nsga3_75
2026-05-28 17:16:21 [stage_adaptive_k][all][adaptive_k][k=-][s=-] INFO RESULT geo=lshape   seed=1 | MAE=2.358°C | L2=0.0217 | FEM_solves=10/60 | FEM_saving=83%
2026-05-28 17:16:21 [stage_adaptive_k][all][adaptive_k][k=-][s=-] INFO AdaptiveK | geo=lshape seed=2 arch=[75, 75, 75] thr_up=2.0 thr_dn=5.0
2026-05-28 17:16:21 [adaptive_k][lshape][adaptive_k][k=adaptive][s=2] INFO AdaptiveK | arch=[75, 75, 75] | k=[1..5] | thr_up=2.0°C thr_dn=5.0°C | fourier=False
2026-05-28 17:16:21 [pinn_trainer][lshape][ak_k1][k=-][s=-] INFO Training start: t=[0.0,1.5]s  epochs_adam=1000  epochs_lbfgs=300  params=11776
2026-05-28 17:16:23 [pinn_trainer][lshape][ak_k1][k=-][s=-] INFO Adam     1/1000  loss=1.1739e+02  pde=1.1444e+02  bc=5.8938e-01  ic=0.0000e+00  fc=0.0000e+00
2026-05-28 17:16:42 [pinn_trainer][lshape][ak_k1][k=-][s=-] INFO Adam   500/1000  loss=6.2017e+00  pde=4.1420e+00  bc=4.1194e-01  ic=0.0000e+00  fc=0.0000e+00
2026-05-28 17:17:02 [pinn_trainer][lshape][ak_k1][k=-][s=-] INFO Adam  1000/1000  loss=5.0103e+00  pde=2.8436e+00  bc=4.3333e-01  ic=0.0000e+00  fc=0.0000e+00
2026-05-28 17:17:11 [pinn_trainer][lshape][ak_k1][k=-][s=-] INFO L-BFGS  300/300  loss=5.1384e+00
2026-05-28 17:17:11 [pinn_trainer][lshape][ak_k1][k=-][s=-] INFO Training done in 49.6 s
2026-05-28 17:17:11 [adaptive_k][lshape][adaptive_k][k=adaptive][s=2] INFO   Win  1  k=1  [0.0→1.5 s]  interior_MAE=31.225°C  → k_next=1
2026-05-28 17:17:11 [pinn_trainer][lshape][ak_k1][k=-][s=-] INFO Training start: t=[1.5,3.0]s  epochs_adam=1000  epochs_lbfgs=300  params=11776
2026-05-28 17:17:13 [pinn_trainer][lshape][ak_k1][k=-][s=-] INFO Adam     1/1000  loss=5.6488e+02  pde=5.5972e+02  bc=1.0304e+00  ic=0.0000e+00  fc=0.0000e+00
2026-05-28 17:17:32 [pinn_trainer][lshape][ak_k1][k=-][s=-] INFO Adam   500/1000  loss=2.2456e+00  pde=1.6943e+00  bc=1.1027e-01  ic=0.0000e+00  fc=0.0000e+00
2026-05-28 17:17:51 [pinn_trainer][lshape][ak_k1][k=-][s=-] INFO Adam  1000/1000  loss=1.8314e+00  pde=1.2539e+00  bc=1.1549e-01  ic=0.0000e+00  fc=0.0000e+00
2026-05-28 17:18:00 [pinn_trainer][lshape][ak_k1][k=-][s=-] INFO L-BFGS  300/300  loss=1.8627e+00
2026-05-28 17:18:00 [pinn_trainer][lshape][ak_k1][k=-][s=-] INFO Training done in 49.1 s
2026-05-28 17:18:00 [adaptive_k][lshape][adaptive_k][k=adaptive][s=2] INFO   Win  2  k=1  [1.5→3.0 s]  interior_MAE=18.539°C  → k_next=1
2026-05-28 17:18:00 [pinn_trainer][lshape][ak_k1][k=-][s=-] INFO Training start: t=[3.0,4.5]s  epochs_adam=1000  epochs_lbfgs=300  params=11776
2026-05-28 17:18:02 [pinn_trainer][lshape][ak_k1][k=-][s=-] INFO Adam     1/1000  loss=8.8794e+01  pde=8.8353e+01  bc=8.8055e-02  ic=0.0000e+00  fc=0.0000e+00
2026-05-28 17:18:21 [pinn_trainer][lshape][ak_k1][k=-][s=-] INFO Adam   500/1000  loss=4.9189e-01  pde=3.5845e-01  bc=2.6690e-02  ic=0.0000e+00  fc=0.0000e+00
2026-05-28 17:18:40 [pinn_trainer][lshape][ak_k1][k=-][s=-] INFO Adam  1000/1000  loss=4.0026e-01  pde=2.6547e-01  bc=2.6957e-02  ic=0.0000e+00  fc=0.0000e+00
2026-05-28 17:18:49 [pinn_trainer][lshape][ak_k1][k=-][s=-] INFO L-BFGS  300/300  loss=3.9400e-01
2026-05-28 17:18:49 [pinn_trainer][lshape][ak_k1][k=-][s=-] INFO Training done in 49.4 s
2026-05-28 17:18:49 [adaptive_k][lshape][adaptive_k][k=adaptive][s=2] INFO   Win  3  k=1  [3.0→4.5 s]  interior_MAE=9.307°C  → k_next=1
2026-05-28 17:18:49 [pinn_trainer][lshape][ak_k1][k=-][s=-] INFO Training start: t=[4.5,6.0]s  epochs_adam=1000  epochs_lbfgs=300  params=11776
2026-05-28 17:18:51 [pinn_trainer][lshape][ak_k1][k=-][s=-] INFO Adam     1/1000  loss=1.0135e+02  pde=9.9786e+01  bc=3.1271e-01  ic=0.0000e+00  fc=0.0000e+00
2026-05-28 17:19:11 [pinn_trainer][lshape][ak_k1][k=-][s=-] INFO Adam   500/1000  loss=1.7255e-01  pde=1.3616e-01  bc=7.2781e-03  ic=0.0000e+00  fc=0.0000e+00
2026-05-28 17:19:31 [pinn_trainer][lshape][ak_k1][k=-][s=-] INFO Adam  1000/1000  loss=1.1494e-01  pde=7.6287e-02  bc=7.7311e-03  ic=0.0000e+00  fc=0.0000e+00
2026-05-28 17:19:40 [pinn_trainer][lshape][ak_k1][k=-][s=-] INFO L-BFGS  300/300  loss=1.1503e-01
2026-05-28 17:19:40 [pinn_trainer][lshape][ak_k1][k=-][s=-] INFO Training done in 50.5 s
2026-05-28 17:19:40 [adaptive_k][lshape][adaptive_k][k=adaptive][s=2] INFO   Win  4  k=1  [4.5→6.0 s]  interior_MAE=4.674°C  → k_next=1
2026-05-28 17:19:40 [pinn_trainer][lshape][ak_k1][k=-][s=-] INFO Training start: t=[6.0,7.5]s  epochs_adam=1000  epochs_lbfgs=300  params=11776
2026-05-28 17:19:42 [pinn_trainer][lshape][ak_k1][k=-][s=-] INFO Adam     1/1000  loss=6.3946e+01  pde=6.2482e+01  bc=2.9278e-01  ic=0.0000e+00  fc=0.0000e+00
2026-05-28 17:20:01 [pinn_trainer][lshape][ak_k1][k=-][s=-] INFO Adam   500/1000  loss=5.2081e-02  pde=4.2127e-02  bc=1.9907e-03  ic=0.0000e+00  fc=0.0000e+00
2026-05-28 17:20:20 [pinn_trainer][lshape][ak_k1][k=-][s=-] INFO Adam  1000/1000  loss=3.3443e-02  pde=2.2945e-02  bc=2.0995e-03  ic=0.0000e+00  fc=0.0000e+00
2026-05-28 17:20:30 [pinn_trainer][lshape][ak_k1][k=-][s=-] INFO L-BFGS  300/300  loss=3.2804e-02
2026-05-28 17:20:30 [pinn_trainer][lshape][ak_k1][k=-][s=-] INFO Training done in 49.7 s
2026-05-28 17:20:30 [adaptive_k][lshape][adaptive_k][k=adaptive][s=2] INFO   Win  5  k=1  [6.0→7.5 s]  interior_MAE=2.221°C  → k_next=1
2026-05-28 17:20:30 [pinn_trainer][lshape][ak_k1][k=-][s=-] INFO Training start: t=[7.5,9.0]s  epochs_adam=1000  epochs_lbfgs=300  params=11776
2026-05-28 17:20:32 [pinn_trainer][lshape][ak_k1][k=-][s=-] INFO Adam     1/1000  loss=4.2213e+01  pde=4.1844e+01  bc=7.3738e-02  ic=0.0000e+00  fc=0.0000e+00
2026-05-28 17:20:51 [pinn_trainer][lshape][ak_k1][k=-][s=-] INFO Adam   500/1000  loss=2.9310e-02  pde=2.7126e-02  bc=4.3683e-04  ic=0.0000e+00  fc=0.0000e+00
2026-05-28 17:21:10 [pinn_trainer][lshape][ak_k1][k=-][s=-] INFO Adam  1000/1000  loss=9.1211e-03  pde=6.5743e-03  bc=5.0936e-04  ic=0.0000e+00  fc=0.0000e+00
2026-05-28 17:21:19 [pinn_trainer][lshape][ak_k1][k=-][s=-] INFO L-BFGS  300/300  loss=9.1430e-03
2026-05-28 17:21:19 [pinn_trainer][lshape][ak_k1][k=-][s=-] INFO Training done in 49.7 s
2026-05-28 17:21:19 [adaptive_k][lshape][adaptive_k][k=adaptive][s=2] INFO   Win  6  k=1  [7.5→9.0 s]  interior_MAE=0.992°C  → k_next=2
2026-05-28 17:21:19 [pinn_trainer][lshape][ak_k2][k=-][s=-] INFO Training start: t=[9.0,12.0]s  epochs_adam=1000  epochs_lbfgs=300  params=11776
2026-05-28 17:21:21 [pinn_trainer][lshape][ak_k2][k=-][s=-] INFO Adam     1/1000  loss=6.8604e+01  pde=6.7624e+01  bc=1.9595e-01  ic=0.0000e+00  fc=0.0000e+00
2026-05-28 17:21:41 [pinn_trainer][lshape][ak_k2][k=-][s=-] INFO Adam   500/1000  loss=7.2204e-03  pde=6.6647e-03  bc=1.1114e-04  ic=0.0000e+00  fc=0.0000e+00
2026-05-28 17:22:01 [pinn_trainer][lshape][ak_k2][k=-][s=-] INFO Adam  1000/1000  loss=7.3131e-04  pde=3.3816e-04  bc=7.8630e-05  ic=0.0000e+00  fc=0.0000e+00
2026-05-28 17:22:10 [pinn_trainer][lshape][ak_k2][k=-][s=-] INFO L-BFGS  300/300  loss=7.2136e-04
2026-05-28 17:22:10 [pinn_trainer][lshape][ak_k2][k=-][s=-] INFO Training done in 51.0 s
2026-05-28 17:22:10 [adaptive_k][lshape][adaptive_k][k=adaptive][s=2] INFO   Win  7  k=2  [9.0→12.0 s]  interior_MAE=0.661°C  → k_next=3
2026-05-28 17:22:10 [pinn_trainer][lshape][ak_k3][k=-][s=-] INFO Training start: t=[12.0,16.5]s  epochs_adam=1000  epochs_lbfgs=300  params=11776
2026-05-28 17:22:12 [pinn_trainer][lshape][ak_k3][k=-][s=-] INFO Adam     1/1000  loss=2.0342e+01  pde=2.0088e+01  bc=5.0863e-02  ic=0.0000e+00  fc=0.0000e+00
2026-05-28 17:22:32 [pinn_trainer][lshape][ak_k3][k=-][s=-] INFO Adam   500/1000  loss=8.7908e-03  pde=7.4622e-03  bc=2.6571e-04  ic=0.0000e+00  fc=0.0000e+00
2026-05-28 17:22:51 [pinn_trainer][lshape][ak_k3][k=-][s=-] INFO Adam  1000/1000  loss=8.6680e-05  pde=6.0408e-05  bc=5.2545e-06  ic=0.0000e+00  fc=0.0000e+00
2026-05-28 17:22:57 [pinn_trainer][lshape][ak_k3][k=-][s=-] INFO L-BFGS  300/300  loss=8.5467e-05
2026-05-28 17:22:57 [pinn_trainer][lshape][ak_k3][k=-][s=-] INFO Training done in 46.3 s
2026-05-28 17:22:57 [adaptive_k][lshape][adaptive_k][k=adaptive][s=2] INFO   Win  8  k=3  [12.0→16.5 s]  interior_MAE=0.187°C  → k_next=4
2026-05-28 17:22:57 [pinn_trainer][lshape][ak_k4][k=-][s=-] INFO Training start: t=[16.5,22.5]s  epochs_adam=1000  epochs_lbfgs=300  params=11776
2026-05-28 17:22:59 [pinn_trainer][lshape][ak_k4][k=-][s=-] INFO Adam     1/1000  loss=1.8729e+00  pde=1.7498e+00  bc=2.4631e-02  ic=0.0000e+00  fc=0.0000e+00
2026-05-28 17:23:18 [pinn_trainer][lshape][ak_k4][k=-][s=-] INFO Adam   500/1000  loss=1.4285e-03  pde=1.1551e-03  bc=5.4695e-05  ic=0.0000e+00  fc=0.0000e+00
2026-05-28 17:23:37 [pinn_trainer][lshape][ak_k4][k=-][s=-] INFO Adam  1000/1000  loss=2.2839e-05  pde=1.7656e-05  bc=1.0366e-06  ic=0.0000e+00  fc=0.0000e+00
2026-05-28 17:23:41 [pinn_trainer][lshape][ak_k4][k=-][s=-] INFO L-BFGS  300/300  loss=2.3360e-05
2026-05-28 17:23:41 [pinn_trainer][lshape][ak_k4][k=-][s=-] INFO Training done in 44.6 s
2026-05-28 17:23:41 [adaptive_k][lshape][adaptive_k][k=adaptive][s=2] INFO   Win  9  k=4  [16.5→22.5 s]  interior_MAE=0.059°C  → k_next=5
2026-05-28 17:23:41 [pinn_trainer][lshape][ak_k5][k=-][s=-] INFO Training start: t=[22.5,30.0]s  epochs_adam=1000  epochs_lbfgs=300  params=11776
2026-05-28 17:23:43 [pinn_trainer][lshape][ak_k5][k=-][s=-] INFO Adam     1/1000  loss=8.4693e+00  pde=8.1901e+00  bc=5.5851e-02  ic=0.0000e+00  fc=0.0000e+00
2026-05-28 17:24:02 [pinn_trainer][lshape][ak_k5][k=-][s=-] INFO Adam   500/1000  loss=1.6045e-05  pde=1.3185e-05  bc=5.7195e-07  ic=0.0000e+00  fc=0.0000e+00
2026-05-28 17:24:21 [pinn_trainer][lshape][ak_k5][k=-][s=-] INFO Adam  1000/1000  loss=6.1636e-06  pde=4.6786e-06  bc=2.9700e-07  ic=0.0000e+00  fc=0.0000e+00
2026-05-28 17:24:25 [pinn_trainer][lshape][ak_k5][k=-][s=-] INFO L-BFGS  300/300  loss=6.1533e-06
2026-05-28 17:24:25 [pinn_trainer][lshape][ak_k5][k=-][s=-] INFO Training done in 43.7 s
2026-05-28 17:24:25 [adaptive_k][lshape][adaptive_k][k=adaptive][s=2] INFO   Win 10  k=5  [22.5→30.0 s]  interior_MAE=0.011°C  → k_next=5
2026-05-28 17:24:25 [adaptive_k][lshape][adaptive_k][k=adaptive][s=2] INFO AdaptiveK done | wins=10 | FEM_solves=10/60 | FEM_saving=83% | MAE=2.325°C | L2=0.0208 | t=484 s
2026-05-28 17:24:25 [adaptive_k][lshape][adaptive_k][k=adaptive][s=2] INFO k schedule: t=0.0s:k=1 → t=1.5s:k=1 → t=3.0s:k=1 → t=4.5s:k=1 → t=6.0s:k=1 → t=7.5s:k=1 → t=9.0s:k=2 → t=12.0s:k=3 → t=16.5s:k=4 → t=22.5s:k=5
2026-05-28 17:24:25 [adaptive_k][lshape][adaptive_k][k=adaptive][s=2] INFO Saved → /home/coder/NAS-PINNS1/thermal_pinn/quenching_mswp/results/adaptive_k/lshape/seed2_adaptive_nsga3_75
2026-05-28 17:24:26 [stage_adaptive_k][all][adaptive_k][k=-][s=-] INFO RESULT geo=lshape   seed=2 | MAE=2.325°C | L2=0.0208 | FEM_solves=10/60 | FEM_saving=83%
2026-05-28 17:24:26 [stage_adaptive_k][all][adaptive_k][k=-][s=-] INFO AdaptiveK | geo=lshape seed=3 arch=[75, 75, 75] thr_up=2.0 thr_dn=5.0
2026-05-28 17:24:26 [adaptive_k][lshape][adaptive_k][k=adaptive][s=3] INFO AdaptiveK | arch=[75, 75, 75] | k=[1..5] | thr_up=2.0°C thr_dn=5.0°C | fourier=False
2026-05-28 17:24:26 [pinn_trainer][lshape][ak_k1][k=-][s=-] INFO Training start: t=[0.0,1.5]s  epochs_adam=1000  epochs_lbfgs=300  params=11776
2026-05-28 17:24:28 [pinn_trainer][lshape][ak_k1][k=-][s=-] INFO Adam     1/1000  loss=1.4813e+02  pde=1.4507e+02  bc=6.1054e-01  ic=0.0000e+00  fc=0.0000e+00
2026-05-28 17:24:47 [pinn_trainer][lshape][ak_k1][k=-][s=-] INFO Adam   500/1000  loss=5.6688e+00  pde=3.5443e+00  bc=4.2489e-01  ic=0.0000e+00  fc=0.0000e+00
2026-05-28 17:25:06 [pinn_trainer][lshape][ak_k1][k=-][s=-] INFO Adam  1000/1000  loss=4.4915e+00  pde=2.2575e+00  bc=4.4681e-01  ic=0.0000e+00  fc=0.0000e+00
2026-05-28 17:25:15 [pinn_trainer][lshape][ak_k1][k=-][s=-] INFO L-BFGS  300/300  loss=4.5672e+00
2026-05-28 17:25:15 [pinn_trainer][lshape][ak_k1][k=-][s=-] INFO Training done in 49.3 s
2026-05-28 17:25:15 [adaptive_k][lshape][adaptive_k][k=adaptive][s=3] INFO   Win  1  k=1  [0.0→1.5 s]  interior_MAE=31.125°C  → k_next=1
2026-05-28 17:25:15 [pinn_trainer][lshape][ak_k1][k=-][s=-] INFO Training start: t=[1.5,3.0]s  epochs_adam=1000  epochs_lbfgs=300  params=11776
2026-05-28 17:25:17 [pinn_trainer][lshape][ak_k1][k=-][s=-] INFO Adam     1/1000  loss=8.0551e+01  pde=7.9360e+01  bc=2.3829e-01  ic=0.0000e+00  fc=0.0000e+00
2026-05-28 17:25:36 [pinn_trainer][lshape][ak_k1][k=-][s=-] INFO Adam   500/1000  loss=2.3866e+00  pde=1.8240e+00  bc=1.1253e-01  ic=0.0000e+00  fc=0.0000e+00
2026-05-28 17:25:55 [pinn_trainer][lshape][ak_k1][k=-][s=-] INFO Adam  1000/1000  loss=1.6218e+00  pde=1.0758e+00  bc=1.0922e-01  ic=0.0000e+00  fc=0.0000e+00
2026-05-28 17:26:04 [pinn_trainer][lshape][ak_k1][k=-][s=-] INFO L-BFGS  300/300  loss=1.5968e+00
2026-05-28 17:26:04 [pinn_trainer][lshape][ak_k1][k=-][s=-] INFO Training done in 48.9 s
2026-05-28 17:26:04 [adaptive_k][lshape][adaptive_k][k=adaptive][s=3] INFO   Win  2  k=1  [1.5→3.0 s]  interior_MAE=19.000°C  → k_next=1
2026-05-28 17:26:04 [pinn_trainer][lshape][ak_k1][k=-][s=-] INFO Training start: t=[3.0,4.5]s  epochs_adam=1000  epochs_lbfgs=300  params=11776
2026-05-28 17:26:06 [pinn_trainer][lshape][ak_k1][k=-][s=-] INFO Adam     1/1000  loss=2.1997e+02  pde=2.1688e+02  bc=6.1839e-01  ic=0.0000e+00  fc=0.0000e+00
2026-05-28 17:26:24 [pinn_trainer][lshape][ak_k1][k=-][s=-] INFO Adam   500/1000  loss=5.7624e-01  pde=4.3643e-01  bc=2.7963e-02  ic=0.0000e+00  fc=0.0000e+00
2026-05-28 17:26:43 [pinn_trainer][lshape][ak_k1][k=-][s=-] INFO Adam  1000/1000  loss=4.1554e-01  pde=2.8013e-01  bc=2.7080e-02  ic=0.0000e+00  fc=0.0000e+00
2026-05-28 17:26:52 [pinn_trainer][lshape][ak_k1][k=-][s=-] INFO L-BFGS  300/300  loss=4.1011e-01
2026-05-28 17:26:52 [pinn_trainer][lshape][ak_k1][k=-][s=-] INFO Training done in 48.7 s
2026-05-28 17:26:52 [adaptive_k][lshape][adaptive_k][k=adaptive][s=3] INFO   Win  3  k=1  [3.0→4.5 s]  interior_MAE=9.631°C  → k_next=1
2026-05-28 17:26:52 [pinn_trainer][lshape][ak_k1][k=-][s=-] INFO Training start: t=[4.5,6.0]s  epochs_adam=1000  epochs_lbfgs=300  params=11776
2026-05-28 17:26:54 [pinn_trainer][lshape][ak_k1][k=-][s=-] INFO Adam     1/1000  loss=7.5313e+01  pde=7.4968e+01  bc=6.8895e-02  ic=0.0000e+00  fc=0.0000e+00
2026-05-28 17:27:13 [pinn_trainer][lshape][ak_k1][k=-][s=-] INFO Adam   500/1000  loss=2.0068e-01  pde=1.6673e-01  bc=6.7900e-03  ic=0.0000e+00  fc=0.0000e+00
2026-05-28 17:27:32 [pinn_trainer][lshape][ak_k1][k=-][s=-] INFO Adam  1000/1000  loss=1.3879e-01  pde=9.8637e-02  bc=8.0307e-03  ic=0.0000e+00  fc=0.0000e+00
2026-05-28 17:27:42 [pinn_trainer][lshape][ak_k1][k=-][s=-] INFO L-BFGS  300/300  loss=1.3754e-01
2026-05-28 17:27:42 [pinn_trainer][lshape][ak_k1][k=-][s=-] INFO Training done in 49.2 s
2026-05-28 17:27:42 [adaptive_k][lshape][adaptive_k][k=adaptive][s=3] INFO   Win  4  k=1  [4.5→6.0 s]  interior_MAE=4.620°C  → k_next=1
2026-05-28 17:27:42 [pinn_trainer][lshape][ak_k1][k=-][s=-] INFO Training start: t=[6.0,7.5]s  epochs_adam=1000  epochs_lbfgs=300  params=11776
2026-05-28 17:27:44 [pinn_trainer][lshape][ak_k1][k=-][s=-] INFO Adam     1/1000  loss=7.8680e+01  pde=7.7122e+01  bc=3.1154e-01  ic=0.0000e+00  fc=0.0000e+00
2026-05-28 17:28:03 [pinn_trainer][lshape][ak_k1][k=-][s=-] INFO Adam   500/1000  loss=5.1879e-02  pde=4.1553e-02  bc=2.0653e-03  ic=0.0000e+00  fc=0.0000e+00
2026-05-28 17:28:22 [pinn_trainer][lshape][ak_k1][k=-][s=-] INFO Adam  1000/1000  loss=3.3749e-02  pde=2.2975e-02  bc=2.1547e-03  ic=0.0000e+00  fc=0.0000e+00
2026-05-28 17:28:31 [pinn_trainer][lshape][ak_k1][k=-][s=-] INFO L-BFGS  300/300  loss=3.3274e-02
2026-05-28 17:28:31 [pinn_trainer][lshape][ak_k1][k=-][s=-] INFO Training done in 49.0 s
2026-05-28 17:28:31 [adaptive_k][lshape][adaptive_k][k=adaptive][s=3] INFO   Win  5  k=1  [6.0→7.5 s]  interior_MAE=2.270°C  → k_next=1
2026-05-28 17:28:31 [pinn_trainer][lshape][ak_k1][k=-][s=-] INFO Training start: t=[7.5,9.0]s  epochs_adam=1000  epochs_lbfgs=300  params=11776
2026-05-28 17:28:33 [pinn_trainer][lshape][ak_k1][k=-][s=-] INFO Adam     1/1000  loss=1.0033e+02  pde=9.9979e+01  bc=7.0462e-02  ic=0.0000e+00  fc=0.0000e+00
2026-05-28 17:28:52 [pinn_trainer][lshape][ak_k1][k=-][s=-] INFO Adam   500/1000  loss=3.1033e-02  pde=2.8269e-02  bc=5.5283e-04  ic=0.0000e+00  fc=0.0000e+00
2026-05-28 17:29:11 [pinn_trainer][lshape][ak_k1][k=-][s=-] INFO Adam  1000/1000  loss=9.7345e-03  pde=7.0193e-03  bc=5.4305e-04  ic=0.0000e+00  fc=0.0000e+00
2026-05-28 17:29:20 [pinn_trainer][lshape][ak_k1][k=-][s=-] INFO L-BFGS  300/300  loss=9.8671e-03
2026-05-28 17:29:20 [pinn_trainer][lshape][ak_k1][k=-][s=-] INFO Training done in 49.4 s
2026-05-28 17:29:20 [adaptive_k][lshape][adaptive_k][k=adaptive][s=3] INFO   Win  6  k=1  [7.5→9.0 s]  interior_MAE=1.063°C  → k_next=2
2026-05-28 17:29:20 [pinn_trainer][lshape][ak_k2][k=-][s=-] INFO Training start: t=[9.0,12.0]s  epochs_adam=1000  epochs_lbfgs=300  params=11776
2026-05-28 17:29:22 [pinn_trainer][lshape][ak_k2][k=-][s=-] INFO Adam     1/1000  loss=3.5825e+01  pde=3.2251e+01  bc=7.1479e-01  ic=0.0000e+00  fc=0.0000e+00
2026-05-28 17:29:41 [pinn_trainer][lshape][ak_k2][k=-][s=-] INFO Adam   500/1000  loss=3.1409e-02  pde=2.9382e-02  bc=4.0548e-04  ic=0.0000e+00  fc=0.0000e+00
2026-05-28 17:30:00 [pinn_trainer][lshape][ak_k2][k=-][s=-] INFO Adam  1000/1000  loss=7.4273e-04  pde=3.7310e-04  bc=7.3926e-05  ic=0.0000e+00  fc=0.0000e+00
2026-05-28 17:30:09 [pinn_trainer][lshape][ak_k2][k=-][s=-] INFO L-BFGS  300/300  loss=7.6131e-04
2026-05-28 17:30:09 [pinn_trainer][lshape][ak_k2][k=-][s=-] INFO Training done in 49.0 s
2026-05-28 17:30:09 [adaptive_k][lshape][adaptive_k][k=adaptive][s=3] INFO   Win  7  k=2  [9.0→12.0 s]  interior_MAE=0.687°C  → k_next=3
2026-05-28 17:30:09 [pinn_trainer][lshape][ak_k3][k=-][s=-] INFO Training start: t=[12.0,16.5]s  epochs_adam=1000  epochs_lbfgs=300  params=11776
2026-05-28 17:30:12 [pinn_trainer][lshape][ak_k3][k=-][s=-] INFO Adam     1/1000  loss=2.5200e+01  pde=2.4483e+01  bc=1.4329e-01  ic=0.0000e+00  fc=0.0000e+00
2026-05-28 17:30:30 [pinn_trainer][lshape][ak_k3][k=-][s=-] INFO Adam   500/1000  loss=1.9214e-03  pde=1.7366e-03  bc=3.6962e-05  ic=0.0000e+00  fc=0.0000e+00
2026-05-28 17:30:49 [pinn_trainer][lshape][ak_k3][k=-][s=-] INFO Adam  1000/1000  loss=4.1026e-05  pde=1.9233e-05  bc=4.3588e-06  ic=0.0000e+00  fc=0.0000e+00
2026-05-28 17:30:51 [pinn_trainer][lshape][ak_k3][k=-][s=-] INFO L-BFGS  300/300  loss=4.3697e-05
2026-05-28 17:30:51 [pinn_trainer][lshape][ak_k3][k=-][s=-] INFO Training done in 41.3 s
2026-05-28 17:30:51 [adaptive_k][lshape][adaptive_k][k=adaptive][s=3] INFO   Win  8  k=3  [12.0→16.5 s]  interior_MAE=0.310°C  → k_next=4
2026-05-28 17:30:51 [pinn_trainer][lshape][ak_k4][k=-][s=-] INFO Training start: t=[16.5,22.5]s  epochs_adam=1000  epochs_lbfgs=300  params=11776
2026-05-28 17:30:53 [pinn_trainer][lshape][ak_k4][k=-][s=-] INFO Adam     1/1000  loss=4.4568e+00  pde=3.5526e+00  bc=1.8083e-01  ic=0.0000e+00  fc=0.0000e+00
2026-05-28 17:31:11 [pinn_trainer][lshape][ak_k4][k=-][s=-] INFO Adam   500/1000  loss=2.9828e-05  pde=2.3746e-05  bc=1.2164e-06  ic=0.0000e+00  fc=0.0000e+00
2026-05-28 17:31:29 [pinn_trainer][lshape][ak_k4][k=-][s=-] INFO Adam  1000/1000  loss=1.5380e-05  pde=1.2835e-05  bc=5.0911e-07  ic=0.0000e+00  fc=0.0000e+00
2026-05-28 17:31:35 [pinn_trainer][lshape][ak_k4][k=-][s=-] INFO L-BFGS  300/300  loss=1.5590e-05
2026-05-28 17:31:35 [pinn_trainer][lshape][ak_k4][k=-][s=-] INFO Training done in 44.4 s
2026-05-28 17:31:35 [adaptive_k][lshape][adaptive_k][k=adaptive][s=3] INFO   Win  9  k=4  [16.5→22.5 s]  interior_MAE=0.028°C  → k_next=5
2026-05-28 17:31:35 [pinn_trainer][lshape][ak_k5][k=-][s=-] INFO Training start: t=[22.5,30.0]s  epochs_adam=1000  epochs_lbfgs=300  params=11776
2026-05-28 17:31:37 [pinn_trainer][lshape][ak_k5][k=-][s=-] INFO Adam     1/1000  loss=9.2623e-01  pde=8.4869e-01  bc=1.5508e-02  ic=0.0000e+00  fc=0.0000e+00
2026-05-28 17:31:56 [pinn_trainer][lshape][ak_k5][k=-][s=-] INFO Adam   500/1000  loss=9.3902e-05  pde=7.9059e-05  bc=2.9687e-06  ic=0.0000e+00  fc=0.0000e+00
2026-05-28 17:32:15 [pinn_trainer][lshape][ak_k5][k=-][s=-] INFO Adam  1000/1000  loss=9.4953e-06  pde=6.5993e-06  bc=5.7920e-07  ic=0.0000e+00  fc=0.0000e+00
2026-05-28 17:32:18 [pinn_trainer][lshape][ak_k5][k=-][s=-] INFO L-BFGS  300/300  loss=9.2579e-06
2026-05-28 17:32:18 [pinn_trainer][lshape][ak_k5][k=-][s=-] INFO Training done in 43.3 s
2026-05-28 17:32:18 [adaptive_k][lshape][adaptive_k][k=adaptive][s=3] INFO   Win 10  k=5  [22.5→30.0 s]  interior_MAE=0.064°C  → k_next=5
2026-05-28 17:32:18 [adaptive_k][lshape][adaptive_k][k=adaptive][s=3] INFO AdaptiveK done | wins=10 | FEM_solves=10/60 | FEM_saving=83% | MAE=2.376°C | L2=0.0223 | t=473 s
2026-05-28 17:32:18 [adaptive_k][lshape][adaptive_k][k=adaptive][s=3] INFO k schedule: t=0.0s:k=1 → t=1.5s:k=1 → t=3.0s:k=1 → t=4.5s:k=1 → t=6.0s:k=1 → t=7.5s:k=1 → t=9.0s:k=2 → t=12.0s:k=3 → t=16.5s:k=4 → t=22.5s:k=5
2026-05-28 17:32:18 [adaptive_k][lshape][adaptive_k][k=adaptive][s=3] INFO Saved → /home/coder/NAS-PINNS1/thermal_pinn/quenching_mswp/results/adaptive_k/lshape/seed3_adaptive_nsga3_75
2026-05-28 17:32:19 [stage_adaptive_k][all][adaptive_k][k=-][s=-] INFO RESULT geo=lshape   seed=3 | MAE=2.376°C | L2=0.0223 | FEM_solves=10/60 | FEM_saving=83%
2026-05-28 17:32:19 [stage_adaptive_k][all][adaptive_k][k=-][s=-] INFO AdaptiveK | geo=lshape seed=4 arch=[75, 75, 75] thr_up=2.0 thr_dn=5.0
2026-05-28 17:32:19 [adaptive_k][lshape][adaptive_k][k=adaptive][s=4] INFO AdaptiveK | arch=[75, 75, 75] | k=[1..5] | thr_up=2.0°C thr_dn=5.0°C | fourier=False
2026-05-28 17:32:19 [pinn_trainer][lshape][ak_k1][k=-][s=-] INFO Training start: t=[0.0,1.5]s  epochs_adam=1000  epochs_lbfgs=300  params=11776
2026-05-28 17:32:21 [pinn_trainer][lshape][ak_k1][k=-][s=-] INFO Adam     1/1000  loss=1.7239e+02  pde=1.6943e+02  bc=5.9092e-01  ic=0.0000e+00  fc=0.0000e+00
2026-05-28 17:32:40 [pinn_trainer][lshape][ak_k1][k=-][s=-] INFO Adam   500/1000  loss=7.0981e+00  pde=4.6528e+00  bc=4.8907e-01  ic=0.0000e+00  fc=0.0000e+00
2026-05-28 17:32:59 [pinn_trainer][lshape][ak_k1][k=-][s=-] INFO Adam  1000/1000  loss=5.0257e+00  pde=2.6977e+00  bc=4.6560e-01  ic=0.0000e+00  fc=0.0000e+00
2026-05-28 17:33:08 [pinn_trainer][lshape][ak_k1][k=-][s=-] INFO L-BFGS  300/300  loss=5.0322e+00
2026-05-28 17:33:08 [pinn_trainer][lshape][ak_k1][k=-][s=-] INFO Training done in 48.7 s
2026-05-28 17:33:08 [adaptive_k][lshape][adaptive_k][k=adaptive][s=4] INFO   Win  1  k=1  [0.0→1.5 s]  interior_MAE=30.925°C  → k_next=1
2026-05-28 17:33:08 [pinn_trainer][lshape][ak_k1][k=-][s=-] INFO Training start: t=[1.5,3.0]s  epochs_adam=1000  epochs_lbfgs=300  params=11776
2026-05-28 17:33:10 [pinn_trainer][lshape][ak_k1][k=-][s=-] INFO Adam     1/1000  loss=8.7726e+01  pde=8.5828e+01  bc=3.7957e-01  ic=0.0000e+00  fc=0.0000e+00
2026-05-28 17:33:29 [pinn_trainer][lshape][ak_k1][k=-][s=-] INFO Adam   500/1000  loss=1.8432e+00  pde=1.3232e+00  bc=1.0400e-01  ic=0.0000e+00  fc=0.0000e+00
2026-05-28 17:33:48 [pinn_trainer][lshape][ak_k1][k=-][s=-] INFO Adam  1000/1000  loss=1.4626e+00  pde=9.5919e-01  bc=1.0068e-01  ic=0.0000e+00  fc=0.0000e+00
2026-05-28 17:33:57 [pinn_trainer][lshape][ak_k1][k=-][s=-] INFO L-BFGS  300/300  loss=1.4548e+00
2026-05-28 17:33:57 [pinn_trainer][lshape][ak_k1][k=-][s=-] INFO Training done in 49.2 s
2026-05-28 17:33:57 [adaptive_k][lshape][adaptive_k][k=adaptive][s=4] INFO   Win  2  k=1  [1.5→3.0 s]  interior_MAE=19.105°C  → k_next=1
2026-05-28 17:33:57 [pinn_trainer][lshape][ak_k1][k=-][s=-] INFO Training start: t=[3.0,4.5]s  epochs_adam=1000  epochs_lbfgs=300  params=11776
2026-05-28 17:33:59 [pinn_trainer][lshape][ak_k1][k=-][s=-] INFO Adam     1/1000  loss=1.3771e+02  pde=1.3558e+02  bc=4.2750e-01  ic=0.0000e+00  fc=0.0000e+00
2026-05-28 17:34:17 [pinn_trainer][lshape][ak_k1][k=-][s=-] INFO Adam   500/1000  loss=5.6294e-01  pde=4.2531e-01  bc=2.7526e-02  ic=0.0000e+00  fc=0.0000e+00
2026-05-28 17:34:35 [pinn_trainer][lshape][ak_k1][k=-][s=-] INFO Adam  1000/1000  loss=4.1100e-01  pde=2.7856e-01  bc=2.6488e-02  ic=0.0000e+00  fc=0.0000e+00
2026-05-28 17:34:44 [pinn_trainer][lshape][ak_k1][k=-][s=-] INFO L-BFGS  300/300  loss=4.1223e-01
2026-05-28 17:34:44 [pinn_trainer][lshape][ak_k1][k=-][s=-] INFO Training done in 47.3 s
2026-05-28 17:34:44 [adaptive_k][lshape][adaptive_k][k=adaptive][s=4] INFO   Win  3  k=1  [3.0→4.5 s]  interior_MAE=9.358°C  → k_next=1
2026-05-28 17:34:44 [pinn_trainer][lshape][ak_k1][k=-][s=-] INFO Training start: t=[4.5,6.0]s  epochs_adam=1000  epochs_lbfgs=300  params=11776
2026-05-28 17:34:46 [pinn_trainer][lshape][ak_k1][k=-][s=-] INFO Adam     1/1000  loss=2.0522e+02  pde=2.0204e+02  bc=6.3618e-01  ic=0.0000e+00  fc=0.0000e+00
2026-05-28 17:35:05 [pinn_trainer][lshape][ak_k1][k=-][s=-] INFO Adam   500/1000  loss=1.4546e-01  pde=1.0839e-01  bc=7.4141e-03  ic=0.0000e+00  fc=0.0000e+00
2026-05-28 17:35:23 [pinn_trainer][lshape][ak_k1][k=-][s=-] INFO Adam  1000/1000  loss=1.0341e-01  pde=6.8116e-02  bc=7.0594e-03  ic=0.0000e+00  fc=0.0000e+00
2026-05-28 17:35:32 [pinn_trainer][lshape][ak_k1][k=-][s=-] INFO L-BFGS  300/300  loss=1.0476e-01
2026-05-28 17:35:32 [pinn_trainer][lshape][ak_k1][k=-][s=-] INFO Training done in 47.7 s
2026-05-28 17:35:32 [adaptive_k][lshape][adaptive_k][k=adaptive][s=4] INFO   Win  4  k=1  [4.5→6.0 s]  interior_MAE=4.790°C  → k_next=1
2026-05-28 17:35:32 [pinn_trainer][lshape][ak_k1][k=-][s=-] INFO Training start: t=[6.0,7.5]s  epochs_adam=1000  epochs_lbfgs=300  params=11776
2026-05-28 17:35:34 [pinn_trainer][lshape][ak_k1][k=-][s=-] INFO Adam     1/1000  loss=1.1994e+02  pde=1.1939e+02  bc=1.1028e-01  ic=0.0000e+00  fc=0.0000e+00
2026-05-28 17:35:52 [pinn_trainer][lshape][ak_k1][k=-][s=-] INFO Adam   500/1000  loss=5.4949e-02  pde=4.5772e-02  bc=1.8354e-03  ic=0.0000e+00  fc=0.0000e+00
2026-05-28 17:36:11 [pinn_trainer][lshape][ak_k1][k=-][s=-] INFO Adam  1000/1000  loss=3.5477e-02  pde=2.5152e-02  bc=2.0649e-03  ic=0.0000e+00  fc=0.0000e+00
2026-05-28 17:36:20 [pinn_trainer][lshape][ak_k1][k=-][s=-] INFO L-BFGS  300/300  loss=3.4937e-02
2026-05-28 17:36:20 [pinn_trainer][lshape][ak_k1][k=-][s=-] INFO Training done in 47.8 s
2026-05-28 17:36:20 [adaptive_k][lshape][adaptive_k][k=adaptive][s=4] INFO   Win  5  k=1  [6.0→7.5 s]  interior_MAE=2.272°C  → k_next=1
2026-05-28 17:36:20 [pinn_trainer][lshape][ak_k1][k=-][s=-] INFO Training start: t=[7.5,9.0]s  epochs_adam=1000  epochs_lbfgs=300  params=11776
2026-05-28 17:36:22 [pinn_trainer][lshape][ak_k1][k=-][s=-] INFO Adam     1/1000  loss=3.7619e+00  pde=3.6720e+00  bc=1.7984e-02  ic=0.0000e+00  fc=0.0000e+00
2026-05-28 17:36:40 [pinn_trainer][lshape][ak_k1][k=-][s=-] INFO Adam   500/1000  loss=2.4140e-02  pde=2.0546e-02  bc=7.1891e-04  ic=0.0000e+00  fc=0.0000e+00
2026-05-28 17:36:58 [pinn_trainer][lshape][ak_k1][k=-][s=-] INFO Adam  1000/1000  loss=9.8779e-03  pde=6.7741e-03  bc=6.2075e-04  ic=0.0000e+00  fc=0.0000e+00
2026-05-28 17:37:07 [pinn_trainer][lshape][ak_k1][k=-][s=-] INFO L-BFGS  300/300  loss=9.7503e-03
2026-05-28 17:37:07 [pinn_trainer][lshape][ak_k1][k=-][s=-] INFO Training done in 47.6 s
2026-05-28 17:37:07 [adaptive_k][lshape][adaptive_k][k=adaptive][s=4] INFO   Win  6  k=1  [7.5→9.0 s]  interior_MAE=1.018°C  → k_next=2
2026-05-28 17:37:07 [pinn_trainer][lshape][ak_k2][k=-][s=-] INFO Training start: t=[9.0,12.0]s  epochs_adam=1000  epochs_lbfgs=300  params=11776
2026-05-28 17:37:09 [pinn_trainer][lshape][ak_k2][k=-][s=-] INFO Adam     1/1000  loss=2.9252e+01  pde=2.9120e+01  bc=2.6344e-02  ic=0.0000e+00  fc=0.0000e+00
2026-05-28 17:37:28 [pinn_trainer][lshape][ak_k2][k=-][s=-] INFO Adam   500/1000  loss=7.5848e-03  pde=6.6394e-03  bc=1.8908e-04  ic=0.0000e+00  fc=0.0000e+00
2026-05-28 17:37:46 [pinn_trainer][lshape][ak_k2][k=-][s=-] INFO Adam  1000/1000  loss=8.0590e-04  pde=4.1855e-04  bc=7.7472e-05  ic=0.0000e+00  fc=0.0000e+00
2026-05-28 17:37:55 [pinn_trainer][lshape][ak_k2][k=-][s=-] INFO L-BFGS  300/300  loss=7.9933e-04
2026-05-28 17:37:55 [pinn_trainer][lshape][ak_k2][k=-][s=-] INFO Training done in 48.0 s
2026-05-28 17:37:55 [adaptive_k][lshape][adaptive_k][k=adaptive][s=4] INFO   Win  7  k=2  [9.0→12.0 s]  interior_MAE=0.664°C  → k_next=3
2026-05-28 17:37:55 [pinn_trainer][lshape][ak_k3][k=-][s=-] INFO Training start: t=[12.0,16.5]s  epochs_adam=1000  epochs_lbfgs=300  params=11776
2026-05-28 17:37:57 [pinn_trainer][lshape][ak_k3][k=-][s=-] INFO Adam     1/1000  loss=5.3331e+01  pde=4.6341e+01  bc=1.3980e+00  ic=0.0000e+00  fc=0.0000e+00
2026-05-28 17:38:16 [pinn_trainer][lshape][ak_k3][k=-][s=-] INFO Adam   500/1000  loss=3.4291e-03  pde=3.3036e-03  bc=2.5114e-05  ic=0.0000e+00  fc=0.0000e+00
2026-05-28 17:38:34 [pinn_trainer][lshape][ak_k3][k=-][s=-] INFO Adam  1000/1000  loss=6.0823e-05  pde=3.7667e-05  bc=4.6312e-06  ic=0.0000e+00  fc=0.0000e+00
2026-05-28 17:38:39 [pinn_trainer][lshape][ak_k3][k=-][s=-] INFO L-BFGS  300/300  loss=5.8848e-05
2026-05-28 17:38:39 [pinn_trainer][lshape][ak_k3][k=-][s=-] INFO Training done in 43.5 s
2026-05-28 17:38:39 [adaptive_k][lshape][adaptive_k][k=adaptive][s=4] INFO   Win  8  k=3  [12.0→16.5 s]  interior_MAE=0.226°C  → k_next=4
2026-05-28 17:38:39 [pinn_trainer][lshape][ak_k4][k=-][s=-] INFO Training start: t=[16.5,22.5]s  epochs_adam=1000  epochs_lbfgs=300  params=11776
2026-05-28 17:38:41 [pinn_trainer][lshape][ak_k4][k=-][s=-] INFO Adam     1/1000  loss=1.3878e+01  pde=1.1331e+01  bc=5.0948e-01  ic=0.0000e+00  fc=0.0000e+00
2026-05-28 17:38:59 [pinn_trainer][lshape][ak_k4][k=-][s=-] INFO Adam   500/1000  loss=1.3539e-03  pde=1.0627e-03  bc=5.8244e-05  ic=0.0000e+00  fc=0.0000e+00
2026-05-28 17:39:18 [pinn_trainer][lshape][ak_k4][k=-][s=-] INFO Adam  1000/1000  loss=2.3672e-05  pde=2.1383e-05  bc=4.5775e-07  ic=0.0000e+00  fc=0.0000e+00
2026-05-28 17:39:23 [pinn_trainer][lshape][ak_k4][k=-][s=-] INFO L-BFGS  300/300  loss=2.4302e-05
2026-05-28 17:39:23 [pinn_trainer][lshape][ak_k4][k=-][s=-] INFO Training done in 44.0 s
2026-05-28 17:39:23 [adaptive_k][lshape][adaptive_k][k=adaptive][s=4] INFO   Win  9  k=4  [16.5→22.5 s]  interior_MAE=0.036°C  → k_next=5
2026-05-28 17:39:23 [pinn_trainer][lshape][ak_k5][k=-][s=-] INFO Training start: t=[22.5,30.0]s  epochs_adam=1000  epochs_lbfgs=300  params=11776
2026-05-28 17:39:25 [pinn_trainer][lshape][ak_k5][k=-][s=-] INFO Adam     1/1000  loss=1.6909e+00  pde=1.3681e+00  bc=6.4561e-02  ic=0.0000e+00  fc=0.0000e+00
2026-05-28 17:39:43 [pinn_trainer][lshape][ak_k5][k=-][s=-] INFO Adam   500/1000  loss=3.1963e-05  pde=2.1127e-05  bc=2.1673e-06  ic=0.0000e+00  fc=0.0000e+00
2026-05-28 17:40:02 [pinn_trainer][lshape][ak_k5][k=-][s=-] INFO Adam  1000/1000  loss=2.0035e-05  pde=1.3846e-05  bc=1.2378e-06  ic=0.0000e+00  fc=0.0000e+00
2026-05-28 17:40:07 [pinn_trainer][lshape][ak_k5][k=-][s=-] INFO L-BFGS  300/300  loss=1.9550e-05
2026-05-28 17:40:07 [pinn_trainer][lshape][ak_k5][k=-][s=-] INFO Training done in 43.9 s
2026-05-28 17:40:07 [adaptive_k][lshape][adaptive_k][k=adaptive][s=4] INFO   Win 10  k=5  [22.5→30.0 s]  interior_MAE=0.015°C  → k_next=5
2026-05-28 17:40:07 [adaptive_k][lshape][adaptive_k][k=adaptive][s=4] INFO AdaptiveK done | wins=10 | FEM_solves=10/60 | FEM_saving=83% | MAE=2.345°C | L2=0.0211 | t=468 s
2026-05-28 17:40:07 [adaptive_k][lshape][adaptive_k][k=adaptive][s=4] INFO k schedule: t=0.0s:k=1 → t=1.5s:k=1 → t=3.0s:k=1 → t=4.5s:k=1 → t=6.0s:k=1 → t=7.5s:k=1 → t=9.0s:k=2 → t=12.0s:k=3 → t=16.5s:k=4 → t=22.5s:k=5
2026-05-28 17:40:07 [adaptive_k][lshape][adaptive_k][k=adaptive][s=4] INFO Saved → /home/coder/NAS-PINNS1/thermal_pinn/quenching_mswp/results/adaptive_k/lshape/seed4_adaptive_nsga3_75
2026-05-28 17:40:07 [stage_adaptive_k][all][adaptive_k][k=-][s=-] INFO RESULT geo=lshape   seed=4 | MAE=2.345°C | L2=0.0211 | FEM_solves=10/60 | FEM_saving=83%
2026-05-28 17:40:07 [stage_adaptive_k][all][adaptive_k][k=-][s=-] INFO AdaptiveK | geo=lshape seed=5 arch=[75, 75, 75] thr_up=2.0 thr_dn=5.0
2026-05-28 17:40:07 [adaptive_k][lshape][adaptive_k][k=adaptive][s=5] INFO AdaptiveK | arch=[75, 75, 75] | k=[1..5] | thr_up=2.0°C thr_dn=5.0°C | fourier=False
2026-05-28 17:40:07 [pinn_trainer][lshape][ak_k1][k=-][s=-] INFO Training start: t=[0.0,1.5]s  epochs_adam=1000  epochs_lbfgs=300  params=11776
2026-05-28 17:40:09 [pinn_trainer][lshape][ak_k1][k=-][s=-] INFO Adam     1/1000  loss=1.8364e+02  pde=1.8065e+02  bc=5.9795e-01  ic=0.0000e+00  fc=0.0000e+00
2026-05-28 17:40:29 [pinn_trainer][lshape][ak_k1][k=-][s=-] INFO Adam   500/1000  loss=6.6416e+00  pde=4.4325e+00  bc=4.4182e-01  ic=0.0000e+00  fc=0.0000e+00
2026-05-28 17:40:48 [pinn_trainer][lshape][ak_k1][k=-][s=-] INFO Adam  1000/1000  loss=4.9813e+00  pde=2.8517e+00  bc=4.2592e-01  ic=0.0000e+00  fc=0.0000e+00
2026-05-28 17:40:57 [pinn_trainer][lshape][ak_k1][k=-][s=-] INFO L-BFGS  300/300  loss=4.9697e+00
2026-05-28 17:40:57 [pinn_trainer][lshape][ak_k1][k=-][s=-] INFO Training done in 49.7 s
2026-05-28 17:40:57 [adaptive_k][lshape][adaptive_k][k=adaptive][s=5] INFO   Win  1  k=1  [0.0→1.5 s]  interior_MAE=31.182°C  → k_next=1
2026-05-28 17:40:57 [pinn_trainer][lshape][ak_k1][k=-][s=-] INFO Training start: t=[1.5,3.0]s  epochs_adam=1000  epochs_lbfgs=300  params=11776
2026-05-28 17:40:59 [pinn_trainer][lshape][ak_k1][k=-][s=-] INFO Adam     1/1000  loss=7.6934e+01  pde=7.4772e+01  bc=4.3247e-01  ic=0.0000e+00  fc=0.0000e+00
2026-05-28 17:41:18 [pinn_trainer][lshape][ak_k1][k=-][s=-] INFO Adam   500/1000  loss=2.1778e+00  pde=1.6020e+00  bc=1.1516e-01  ic=0.0000e+00  fc=0.0000e+00
2026-05-28 17:41:37 [pinn_trainer][lshape][ak_k1][k=-][s=-] INFO Adam  1000/1000  loss=1.8764e+00  pde=1.2558e+00  bc=1.2412e-01  ic=0.0000e+00  fc=0.0000e+00
2026-05-28 17:41:46 [pinn_trainer][lshape][ak_k1][k=-][s=-] INFO L-BFGS  300/300  loss=1.8956e+00
2026-05-28 17:41:46 [pinn_trainer][lshape][ak_k1][k=-][s=-] INFO Training done in 48.6 s
2026-05-28 17:41:46 [adaptive_k][lshape][adaptive_k][k=adaptive][s=5] INFO   Win  2  k=1  [1.5→3.0 s]  interior_MAE=18.337°C  → k_next=1
2026-05-28 17:41:46 [pinn_trainer][lshape][ak_k1][k=-][s=-] INFO Training start: t=[3.0,4.5]s  epochs_adam=1000  epochs_lbfgs=300  params=11776
2026-05-28 17:41:48 [pinn_trainer][lshape][ak_k1][k=-][s=-] INFO Adam     1/1000  loss=9.0620e+01  pde=8.9206e+01  bc=2.8289e-01  ic=0.0000e+00  fc=0.0000e+00
2026-05-28 17:42:06 [pinn_trainer][lshape][ak_k1][k=-][s=-] INFO Adam   500/1000  loss=5.7420e-01  pde=4.3911e-01  bc=2.7018e-02  ic=0.0000e+00  fc=0.0000e+00
2026-05-28 17:42:25 [pinn_trainer][lshape][ak_k1][k=-][s=-] INFO Adam  1000/1000  loss=4.5656e-01  pde=3.1354e-01  bc=2.8604e-02  ic=0.0000e+00  fc=0.0000e+00
2026-05-28 17:42:34 [pinn_trainer][lshape][ak_k1][k=-][s=-] INFO L-BFGS  300/300  loss=4.6199e-01
2026-05-28 17:42:34 [pinn_trainer][lshape][ak_k1][k=-][s=-] INFO Training done in 48.0 s
2026-05-28 17:42:34 [adaptive_k][lshape][adaptive_k][k=adaptive][s=5] INFO   Win  3  k=1  [3.0→4.5 s]  interior_MAE=9.576°C  → k_next=1
2026-05-28 17:42:34 [pinn_trainer][lshape][ak_k1][k=-][s=-] INFO Training start: t=[4.5,6.0]s  epochs_adam=1000  epochs_lbfgs=300  params=11776
2026-05-28 17:42:36 [pinn_trainer][lshape][ak_k1][k=-][s=-] INFO Adam     1/1000  loss=7.5520e+01  pde=7.5417e+01  bc=2.0658e-02  ic=0.0000e+00  fc=0.0000e+00
2026-05-28 17:42:54 [pinn_trainer][lshape][ak_k1][k=-][s=-] INFO Adam   500/1000  loss=2.9615e-01  pde=2.5950e-01  bc=7.3300e-03  ic=0.0000e+00  fc=0.0000e+00
2026-05-28 17:43:13 [pinn_trainer][lshape][ak_k1][k=-][s=-] INFO Adam  1000/1000  loss=1.0503e-01  pde=7.0091e-02  bc=6.9887e-03  ic=0.0000e+00  fc=0.0000e+00
2026-05-28 17:43:22 [pinn_trainer][lshape][ak_k1][k=-][s=-] INFO L-BFGS  300/300  loss=1.0402e-01
2026-05-28 17:43:22 [pinn_trainer][lshape][ak_k1][k=-][s=-] INFO Training done in 48.5 s
2026-05-28 17:43:22 [adaptive_k][lshape][adaptive_k][k=adaptive][s=5] INFO   Win  4  k=1  [4.5→6.0 s]  interior_MAE=4.650°C  → k_next=1
2026-05-28 17:43:22 [pinn_trainer][lshape][ak_k1][k=-][s=-] INFO Training start: t=[6.0,7.5]s  epochs_adam=1000  epochs_lbfgs=300  params=11776
2026-05-28 17:43:24 [pinn_trainer][lshape][ak_k1][k=-][s=-] INFO Adam     1/1000  loss=3.4232e+01  pde=3.3384e+01  bc=1.6948e-01  ic=0.0000e+00  fc=0.0000e+00
2026-05-28 17:43:43 [pinn_trainer][lshape][ak_k1][k=-][s=-] INFO Adam   500/1000  loss=4.7592e-02  pde=3.8312e-02  bc=1.8561e-03  ic=0.0000e+00  fc=0.0000e+00
2026-05-28 17:44:02 [pinn_trainer][lshape][ak_k1][k=-][s=-] INFO Adam  1000/1000  loss=3.6425e-02  pde=2.4894e-02  bc=2.3062e-03  ic=0.0000e+00  fc=0.0000e+00
2026-05-28 17:44:11 [pinn_trainer][lshape][ak_k1][k=-][s=-] INFO L-BFGS  300/300  loss=3.6028e-02
2026-05-28 17:44:11 [pinn_trainer][lshape][ak_k1][k=-][s=-] INFO Training done in 49.0 s
2026-05-28 17:44:11 [adaptive_k][lshape][adaptive_k][k=adaptive][s=5] INFO   Win  5  k=1  [6.0→7.5 s]  interior_MAE=2.145°C  → k_next=1
2026-05-28 17:44:11 [pinn_trainer][lshape][ak_k1][k=-][s=-] INFO Training start: t=[7.5,9.0]s  epochs_adam=1000  epochs_lbfgs=300  params=11776
2026-05-28 17:44:13 [pinn_trainer][lshape][ak_k1][k=-][s=-] INFO Adam     1/1000  loss=1.8693e+01  pde=1.8639e+01  bc=1.0816e-02  ic=0.0000e+00  fc=0.0000e+00
2026-05-28 17:44:32 [pinn_trainer][lshape][ak_k1][k=-][s=-] INFO Adam   500/1000  loss=3.6461e-02  pde=3.3988e-02  bc=4.9465e-04  ic=0.0000e+00  fc=0.0000e+00
2026-05-28 17:44:50 [pinn_trainer][lshape][ak_k1][k=-][s=-] INFO Adam  1000/1000  loss=9.3444e-03  pde=6.8525e-03  bc=4.9837e-04  ic=0.0000e+00  fc=0.0000e+00
2026-05-28 17:44:59 [pinn_trainer][lshape][ak_k1][k=-][s=-] INFO L-BFGS  300/300  loss=9.5394e-03
2026-05-28 17:44:59 [pinn_trainer][lshape][ak_k1][k=-][s=-] INFO Training done in 48.1 s
2026-05-28 17:44:59 [adaptive_k][lshape][adaptive_k][k=adaptive][s=5] INFO   Win  6  k=1  [7.5→9.0 s]  interior_MAE=1.051°C  → k_next=2
2026-05-28 17:44:59 [pinn_trainer][lshape][ak_k2][k=-][s=-] INFO Training start: t=[9.0,12.0]s  epochs_adam=1000  epochs_lbfgs=300  params=11776
2026-05-28 17:45:01 [pinn_trainer][lshape][ak_k2][k=-][s=-] INFO Adam     1/1000  loss=2.6827e+01  pde=2.5241e+01  bc=3.1718e-01  ic=0.0000e+00  fc=0.0000e+00
2026-05-28 17:45:21 [pinn_trainer][lshape][ak_k2][k=-][s=-] INFO Adam   500/1000  loss=4.2133e-03  pde=3.8342e-03  bc=7.5826e-05  ic=0.0000e+00  fc=0.0000e+00
2026-05-28 17:45:40 [pinn_trainer][lshape][ak_k2][k=-][s=-] INFO Adam  1000/1000  loss=6.2181e-04  pde=2.6011e-04  bc=7.2339e-05  ic=0.0000e+00  fc=0.0000e+00
2026-05-28 17:45:49 [pinn_trainer][lshape][ak_k2][k=-][s=-] INFO L-BFGS  300/300  loss=6.0971e-04
2026-05-28 17:45:49 [pinn_trainer][lshape][ak_k2][k=-][s=-] INFO Training done in 49.7 s
2026-05-28 17:45:49 [adaptive_k][lshape][adaptive_k][k=adaptive][s=5] INFO   Win  7  k=2  [9.0→12.0 s]  interior_MAE=0.656°C  → k_next=3
2026-05-28 17:45:49 [pinn_trainer][lshape][ak_k3][k=-][s=-] INFO Training start: t=[12.0,16.5]s  epochs_adam=1000  epochs_lbfgs=300  params=11776
2026-05-28 17:45:51 [pinn_trainer][lshape][ak_k3][k=-][s=-] INFO Adam     1/1000  loss=1.1650e+01  pde=9.9108e+00  bc=3.4782e-01  ic=0.0000e+00  fc=0.0000e+00
2026-05-28 17:46:10 [pinn_trainer][lshape][ak_k3][k=-][s=-] INFO Adam   500/1000  loss=6.6154e-03  pde=5.7617e-03  bc=1.7073e-04  ic=0.0000e+00  fc=0.0000e+00
2026-05-28 17:46:30 [pinn_trainer][lshape][ak_k3][k=-][s=-] INFO Adam  1000/1000  loss=7.2938e-05  pde=4.9175e-05  bc=4.7526e-06  ic=0.0000e+00  fc=0.0000e+00
2026-05-28 17:46:34 [pinn_trainer][lshape][ak_k3][k=-][s=-] INFO L-BFGS  300/300  loss=7.6611e-05
2026-05-28 17:46:34 [pinn_trainer][lshape][ak_k3][k=-][s=-] INFO Training done in 45.2 s
2026-05-28 17:46:34 [adaptive_k][lshape][adaptive_k][k=adaptive][s=5] INFO   Win  8  k=3  [12.0→16.5 s]  interior_MAE=0.204°C  → k_next=4
2026-05-28 17:46:34 [pinn_trainer][lshape][ak_k4][k=-][s=-] INFO Training start: t=[16.5,22.5]s  epochs_adam=1000  epochs_lbfgs=300  params=11776
2026-05-28 17:46:36 [pinn_trainer][lshape][ak_k4][k=-][s=-] INFO Adam     1/1000  loss=6.2209e+00  pde=5.0246e+00  bc=2.3926e-01  ic=0.0000e+00  fc=0.0000e+00
2026-05-28 17:46:55 [pinn_trainer][lshape][ak_k4][k=-][s=-] INFO Adam   500/1000  loss=7.8131e-03  pde=7.5546e-03  bc=5.1707e-05  ic=0.0000e+00  fc=0.0000e+00
2026-05-28 17:47:14 [pinn_trainer][lshape][ak_k4][k=-][s=-] INFO Adam  1000/1000  loss=2.5734e-05  pde=2.0953e-05  bc=9.5617e-07  ic=0.0000e+00  fc=0.0000e+00
2026-05-28 17:47:20 [pinn_trainer][lshape][ak_k4][k=-][s=-] INFO L-BFGS  300/300  loss=2.5872e-05
2026-05-28 17:47:20 [pinn_trainer][lshape][ak_k4][k=-][s=-] INFO Training done in 45.4 s
2026-05-28 17:47:20 [adaptive_k][lshape][adaptive_k][k=adaptive][s=5] INFO   Win  9  k=4  [16.5→22.5 s]  interior_MAE=0.038°C  → k_next=5
2026-05-28 17:47:20 [pinn_trainer][lshape][ak_k5][k=-][s=-] INFO Training start: t=[22.5,30.0]s  epochs_adam=1000  epochs_lbfgs=300  params=11776
2026-05-28 17:47:22 [pinn_trainer][lshape][ak_k5][k=-][s=-] INFO Adam     1/1000  loss=4.0902e+00  pde=3.2030e+00  bc=1.7744e-01  ic=0.0000e+00  fc=0.0000e+00
2026-05-28 17:47:40 [pinn_trainer][lshape][ak_k5][k=-][s=-] INFO Adam   500/1000  loss=1.0128e-03  pde=8.1815e-04  bc=3.8940e-05  ic=0.0000e+00  fc=0.0000e+00
2026-05-28 17:47:59 [pinn_trainer][lshape][ak_k5][k=-][s=-] INFO Adam  1000/1000  loss=4.1442e-05  pde=3.0866e-05  bc=2.1153e-06  ic=0.0000e+00  fc=0.0000e+00
2026-05-28 17:48:05 [pinn_trainer][lshape][ak_k5][k=-][s=-] INFO L-BFGS  300/300  loss=4.2313e-05
2026-05-28 17:48:05 [pinn_trainer][lshape][ak_k5][k=-][s=-] INFO Training done in 45.6 s
2026-05-28 17:48:05 [adaptive_k][lshape][adaptive_k][k=adaptive][s=5] INFO   Win 10  k=5  [22.5→30.0 s]  interior_MAE=0.041°C  → k_next=5
2026-05-28 17:48:05 [adaptive_k][lshape][adaptive_k][k=adaptive][s=5] INFO AdaptiveK done | wins=10 | FEM_solves=10/60 | FEM_saving=83% | MAE=2.330°C | L2=0.0210 | t=478 s
2026-05-28 17:48:05 [adaptive_k][lshape][adaptive_k][k=adaptive][s=5] INFO k schedule: t=0.0s:k=1 → t=1.5s:k=1 → t=3.0s:k=1 → t=4.5s:k=1 → t=6.0s:k=1 → t=7.5s:k=1 → t=9.0s:k=2 → t=12.0s:k=3 → t=16.5s:k=4 → t=22.5s:k=5
2026-05-28 17:48:05 [adaptive_k][lshape][adaptive_k][k=adaptive][s=5] INFO Saved → /home/coder/NAS-PINNS1/thermal_pinn/quenching_mswp/results/adaptive_k/lshape/seed5_adaptive_nsga3_75
2026-05-28 17:48:06 [stage_adaptive_k][all][adaptive_k][k=-][s=-] INFO RESULT geo=lshape   seed=5 | MAE=2.330°C | L2=0.0210 | FEM_solves=10/60 | FEM_saving=83%
2026-05-28 17:48:06 [stage_adaptive_k][all][adaptive_k][k=-][s=-] INFO AdaptiveK | geo=lshape seed=6 arch=[75, 75, 75] thr_up=2.0 thr_dn=5.0
2026-05-28 17:48:06 [adaptive_k][lshape][adaptive_k][k=adaptive][s=6] INFO AdaptiveK | arch=[75, 75, 75] | k=[1..5] | thr_up=2.0°C thr_dn=5.0°C | fourier=False
2026-05-28 17:48:06 [pinn_trainer][lshape][ak_k1][k=-][s=-] INFO Training start: t=[0.0,1.5]s  epochs_adam=1000  epochs_lbfgs=300  params=11776
2026-05-28 17:48:08 [pinn_trainer][lshape][ak_k1][k=-][s=-] INFO Adam     1/1000  loss=1.7464e+02  pde=1.6960e+02  bc=1.0082e+00  ic=0.0000e+00  fc=0.0000e+00
2026-05-28 17:48:26 [pinn_trainer][lshape][ak_k1][k=-][s=-] INFO Adam   500/1000  loss=6.6038e+00  pde=4.4339e+00  bc=4.3399e-01  ic=0.0000e+00  fc=0.0000e+00
2026-05-28 17:48:44 [pinn_trainer][lshape][ak_k1][k=-][s=-] INFO Adam  1000/1000  loss=4.6897e+00  pde=2.5037e+00  bc=4.3719e-01  ic=0.0000e+00  fc=0.0000e+00
2026-05-28 17:48:53 [pinn_trainer][lshape][ak_k1][k=-][s=-] INFO L-BFGS  300/300  loss=4.7484e+00
2026-05-28 17:48:53 [pinn_trainer][lshape][ak_k1][k=-][s=-] INFO Training done in 47.5 s
2026-05-28 17:48:53 [adaptive_k][lshape][adaptive_k][k=adaptive][s=6] INFO   Win  1  k=1  [0.0→1.5 s]  interior_MAE=31.448°C  → k_next=1
2026-05-28 17:48:53 [pinn_trainer][lshape][ak_k1][k=-][s=-] INFO Training start: t=[1.5,3.0]s  epochs_adam=1000  epochs_lbfgs=300  params=11776
2026-05-28 17:48:55 [pinn_trainer][lshape][ak_k1][k=-][s=-] INFO Adam     1/1000  loss=9.2240e+01  pde=9.0881e+01  bc=2.7194e-01  ic=0.0000e+00  fc=0.0000e+00
2026-05-28 17:49:14 [pinn_trainer][lshape][ak_k1][k=-][s=-] INFO Adam   500/1000  loss=2.0453e+00  pde=1.5310e+00  bc=1.0287e-01  ic=0.0000e+00  fc=0.0000e+00
2026-05-28 17:49:32 [pinn_trainer][lshape][ak_k1][k=-][s=-] INFO Adam  1000/1000  loss=1.7434e+00  pde=1.1762e+00  bc=1.1344e-01  ic=0.0000e+00  fc=0.0000e+00
2026-05-28 17:49:41 [pinn_trainer][lshape][ak_k1][k=-][s=-] INFO L-BFGS  300/300  loss=1.7346e+00
2026-05-28 17:49:41 [pinn_trainer][lshape][ak_k1][k=-][s=-] INFO Training done in 47.9 s
2026-05-28 17:49:41 [adaptive_k][lshape][adaptive_k][k=adaptive][s=6] INFO   Win  2  k=1  [1.5→3.0 s]  interior_MAE=20.059°C  → k_next=1
2026-05-28 17:49:41 [pinn_trainer][lshape][ak_k1][k=-][s=-] INFO Training start: t=[3.0,4.5]s  epochs_adam=1000  epochs_lbfgs=300  params=11776
2026-05-28 17:49:43 [pinn_trainer][lshape][ak_k1][k=-][s=-] INFO Adam     1/1000  loss=3.9419e+01  pde=3.8650e+01  bc=1.5369e-01  ic=0.0000e+00  fc=0.0000e+00
2026-05-28 17:50:02 [pinn_trainer][lshape][ak_k1][k=-][s=-] INFO Adam   500/1000  loss=6.0720e-01  pde=4.6591e-01  bc=2.8258e-02  ic=0.0000e+00  fc=0.0000e+00
2026-05-28 17:50:20 [pinn_trainer][lshape][ak_k1][k=-][s=-] INFO Adam  1000/1000  loss=4.3142e-01  pde=2.8700e-01  bc=2.8884e-02  ic=0.0000e+00  fc=0.0000e+00
2026-05-28 17:50:29 [pinn_trainer][lshape][ak_k1][k=-][s=-] INFO L-BFGS  300/300  loss=4.2956e-01
2026-05-28 17:50:29 [pinn_trainer][lshape][ak_k1][k=-][s=-] INFO Training done in 47.6 s
2026-05-28 17:50:29 [adaptive_k][lshape][adaptive_k][k=adaptive][s=6] INFO   Win  3  k=1  [3.0→4.5 s]  interior_MAE=9.588°C  → k_next=1
2026-05-28 17:50:29 [pinn_trainer][lshape][ak_k1][k=-][s=-] INFO Training start: t=[4.5,6.0]s  epochs_adam=1000  epochs_lbfgs=300  params=11776
2026-05-28 17:50:31 [pinn_trainer][lshape][ak_k1][k=-][s=-] INFO Adam     1/1000  loss=3.3508e+02  pde=3.2824e+02  bc=1.3689e+00  ic=0.0000e+00  fc=0.0000e+00
2026-05-28 17:50:49 [pinn_trainer][lshape][ak_k1][k=-][s=-] INFO Adam   500/1000  loss=1.6634e-01  pde=1.2986e-01  bc=7.2958e-03  ic=0.0000e+00  fc=0.0000e+00
2026-05-28 17:51:07 [pinn_trainer][lshape][ak_k1][k=-][s=-] INFO Adam  1000/1000  loss=1.3220e-01  pde=8.9499e-02  bc=8.5399e-03  ic=0.0000e+00  fc=0.0000e+00
2026-05-28 17:51:16 [pinn_trainer][lshape][ak_k1][k=-][s=-] INFO L-BFGS  300/300  loss=1.3086e-01
2026-05-28 17:51:16 [pinn_trainer][lshape][ak_k1][k=-][s=-] INFO Training done in 47.4 s
2026-05-28 17:51:16 [adaptive_k][lshape][adaptive_k][k=adaptive][s=6] INFO   Win  4  k=1  [4.5→6.0 s]  interior_MAE=4.659°C  → k_next=1
2026-05-28 17:51:16 [pinn_trainer][lshape][ak_k1][k=-][s=-] INFO Training start: t=[6.0,7.5]s  epochs_adam=1000  epochs_lbfgs=300  params=11776
2026-05-28 17:51:18 [pinn_trainer][lshape][ak_k1][k=-][s=-] INFO Adam     1/1000  loss=4.4694e+01  pde=4.4006e+01  bc=1.3759e-01  ic=0.0000e+00  fc=0.0000e+00
2026-05-28 17:51:37 [pinn_trainer][lshape][ak_k1][k=-][s=-] INFO Adam   500/1000  loss=9.2002e-02  pde=8.3244e-02  bc=1.7515e-03  ic=0.0000e+00  fc=0.0000e+00
2026-05-28 17:51:55 [pinn_trainer][lshape][ak_k1][k=-][s=-] INFO Adam  1000/1000  loss=3.6344e-02  pde=2.5311e-02  bc=2.2068e-03  ic=0.0000e+00  fc=0.0000e+00
2026-05-28 17:52:04 [pinn_trainer][lshape][ak_k1][k=-][s=-] INFO L-BFGS  300/300  loss=3.5655e-02
2026-05-28 17:52:04 [pinn_trainer][lshape][ak_k1][k=-][s=-] INFO Training done in 47.4 s
2026-05-28 17:52:04 [adaptive_k][lshape][adaptive_k][k=adaptive][s=6] INFO   Win  5  k=1  [6.0→7.5 s]  interior_MAE=2.364°C  → k_next=1
2026-05-28 17:52:04 [pinn_trainer][lshape][ak_k1][k=-][s=-] INFO Training start: t=[7.5,9.0]s  epochs_adam=1000  epochs_lbfgs=300  params=11776
2026-05-28 17:52:06 [pinn_trainer][lshape][ak_k1][k=-][s=-] INFO Adam     1/1000  loss=1.0662e+02  pde=1.0573e+02  bc=1.7845e-01  ic=0.0000e+00  fc=0.0000e+00
2026-05-28 17:52:24 [pinn_trainer][lshape][ak_k1][k=-][s=-] INFO Adam   500/1000  loss=1.8615e-02  pde=1.6438e-02  bc=4.3540e-04  ic=0.0000e+00  fc=0.0000e+00
2026-05-28 17:52:43 [pinn_trainer][lshape][ak_k1][k=-][s=-] INFO Adam  1000/1000  loss=8.9383e-03  pde=6.3435e-03  bc=5.1895e-04  ic=0.0000e+00  fc=0.0000e+00
2026-05-28 17:52:52 [pinn_trainer][lshape][ak_k1][k=-][s=-] INFO L-BFGS  300/300  loss=8.8919e-03
2026-05-28 17:52:52 [pinn_trainer][lshape][ak_k1][k=-][s=-] INFO Training done in 47.9 s
2026-05-28 17:52:52 [adaptive_k][lshape][adaptive_k][k=adaptive][s=6] INFO   Win  6  k=1  [7.5→9.0 s]  interior_MAE=1.101°C  → k_next=2
2026-05-28 17:52:52 [pinn_trainer][lshape][ak_k2][k=-][s=-] INFO Training start: t=[9.0,12.0]s  epochs_adam=1000  epochs_lbfgs=300  params=11776
2026-05-28 17:52:54 [pinn_trainer][lshape][ak_k2][k=-][s=-] INFO Adam     1/1000  loss=6.7572e+01  pde=6.4339e+01  bc=6.4665e-01  ic=0.0000e+00  fc=0.0000e+00
2026-05-28 17:53:12 [pinn_trainer][lshape][ak_k2][k=-][s=-] INFO Adam   500/1000  loss=6.5159e-03  pde=6.0423e-03  bc=9.4718e-05  ic=0.0000e+00  fc=0.0000e+00
2026-05-28 17:53:31 [pinn_trainer][lshape][ak_k2][k=-][s=-] INFO Adam  1000/1000  loss=6.3872e-04  pde=2.5915e-04  bc=7.5913e-05  ic=0.0000e+00  fc=0.0000e+00
2026-05-28 17:53:40 [pinn_trainer][lshape][ak_k2][k=-][s=-] INFO L-BFGS  300/300  loss=6.4748e-04
2026-05-28 17:53:40 [pinn_trainer][lshape][ak_k2][k=-][s=-] INFO Training done in 48.3 s
2026-05-28 17:53:40 [adaptive_k][lshape][adaptive_k][k=adaptive][s=6] INFO   Win  7  k=2  [9.0→12.0 s]  interior_MAE=0.682°C  → k_next=3
2026-05-28 17:53:40 [pinn_trainer][lshape][ak_k3][k=-][s=-] INFO Training start: t=[12.0,16.5]s  epochs_adam=1000  epochs_lbfgs=300  params=11776
2026-05-28 17:53:42 [pinn_trainer][lshape][ak_k3][k=-][s=-] INFO Adam     1/1000  loss=2.7055e+01  pde=2.3645e+01  bc=6.8211e-01  ic=0.0000e+00  fc=0.0000e+00
2026-05-28 17:54:00 [pinn_trainer][lshape][ak_k3][k=-][s=-] INFO Adam   500/1000  loss=1.2727e-03  pde=1.0555e-03  bc=4.3446e-05  ic=0.0000e+00  fc=0.0000e+00
2026-05-28 17:54:19 [pinn_trainer][lshape][ak_k3][k=-][s=-] INFO Adam  1000/1000  loss=5.1252e-05  pde=2.6454e-05  bc=4.9597e-06  ic=0.0000e+00  fc=0.0000e+00
2026-05-28 17:54:25 [pinn_trainer][lshape][ak_k3][k=-][s=-] INFO L-BFGS  300/300  loss=5.1017e-05
2026-05-28 17:54:25 [pinn_trainer][lshape][ak_k3][k=-][s=-] INFO Training done in 45.2 s
2026-05-28 17:54:25 [adaptive_k][lshape][adaptive_k][k=adaptive][s=6] INFO   Win  8  k=3  [12.0→16.5 s]  interior_MAE=0.224°C  → k_next=4
2026-05-28 17:54:25 [pinn_trainer][lshape][ak_k4][k=-][s=-] INFO Training start: t=[16.5,22.5]s  epochs_adam=1000  epochs_lbfgs=300  params=11776
2026-05-28 17:54:27 [pinn_trainer][lshape][ak_k4][k=-][s=-] INFO Adam     1/1000  loss=1.2049e+01  pde=1.1820e+01  bc=4.5901e-02  ic=0.0000e+00  fc=0.0000e+00
2026-05-28 17:54:46 [pinn_trainer][lshape][ak_k4][k=-][s=-] INFO Adam   500/1000  loss=8.5676e-04  pde=8.3209e-04  bc=4.9344e-06  ic=0.0000e+00  fc=0.0000e+00
2026-05-28 17:55:05 [pinn_trainer][lshape][ak_k4][k=-][s=-] INFO Adam  1000/1000  loss=1.6269e-05  pde=1.1385e-05  bc=9.7689e-07  ic=0.0000e+00  fc=0.0000e+00
2026-05-28 17:55:08 [pinn_trainer][lshape][ak_k4][k=-][s=-] INFO L-BFGS  300/300  loss=1.6283e-05
2026-05-28 17:55:08 [pinn_trainer][lshape][ak_k4][k=-][s=-] INFO Training done in 43.3 s
2026-05-28 17:55:08 [adaptive_k][lshape][adaptive_k][k=adaptive][s=6] INFO   Win  9  k=4  [16.5→22.5 s]  interior_MAE=0.042°C  → k_next=5
2026-05-28 17:55:08 [pinn_trainer][lshape][ak_k5][k=-][s=-] INFO Training start: t=[22.5,30.0]s  epochs_adam=1000  epochs_lbfgs=300  params=11776
2026-05-28 17:55:11 [pinn_trainer][lshape][ak_k5][k=-][s=-] INFO Adam     1/1000  loss=3.8362e+01  pde=3.1192e+01  bc=1.4339e+00  ic=0.0000e+00  fc=0.0000e+00
2026-05-28 17:55:29 [pinn_trainer][lshape][ak_k5][k=-][s=-] INFO Adam   500/1000  loss=8.8936e-04  pde=8.6439e-04  bc=4.9941e-06  ic=0.0000e+00  fc=0.0000e+00
2026-05-28 17:55:48 [pinn_trainer][lshape][ak_k5][k=-][s=-] INFO Adam  1000/1000  loss=4.7803e-05  pde=3.4643e-05  bc=2.6320e-06  ic=0.0000e+00  fc=0.0000e+00
2026-05-28 17:55:54 [pinn_trainer][lshape][ak_k5][k=-][s=-] INFO L-BFGS  300/300  loss=4.6105e-05
2026-05-28 17:55:54 [pinn_trainer][lshape][ak_k5][k=-][s=-] INFO Training done in 45.7 s
2026-05-28 17:55:54 [adaptive_k][lshape][adaptive_k][k=adaptive][s=6] INFO   Win 10  k=5  [22.5→30.0 s]  interior_MAE=0.028°C  → k_next=5
2026-05-28 17:55:54 [adaptive_k][lshape][adaptive_k][k=adaptive][s=6] INFO AdaptiveK done | wins=10 | FEM_solves=10/60 | FEM_saving=83% | MAE=2.408°C | L2=0.0219 | t=468 s
2026-05-28 17:55:54 [adaptive_k][lshape][adaptive_k][k=adaptive][s=6] INFO k schedule: t=0.0s:k=1 → t=1.5s:k=1 → t=3.0s:k=1 → t=4.5s:k=1 → t=6.0s:k=1 → t=7.5s:k=1 → t=9.0s:k=2 → t=12.0s:k=3 → t=16.5s:k=4 → t=22.5s:k=5
2026-05-28 17:55:54 [adaptive_k][lshape][adaptive_k][k=adaptive][s=6] INFO Saved → /home/coder/NAS-PINNS1/thermal_pinn/quenching_mswp/results/adaptive_k/lshape/seed6_adaptive_nsga3_75
2026-05-28 17:55:55 [stage_adaptive_k][all][adaptive_k][k=-][s=-] INFO RESULT geo=lshape   seed=6 | MAE=2.408°C | L2=0.0219 | FEM_solves=10/60 | FEM_saving=83%
2026-05-28 17:55:55 [stage_adaptive_k][all][adaptive_k][k=-][s=-] INFO AdaptiveK | geo=lshape seed=7 arch=[75, 75, 75] thr_up=2.0 thr_dn=5.0
2026-05-28 17:55:55 [adaptive_k][lshape][adaptive_k][k=adaptive][s=7] INFO AdaptiveK | arch=[75, 75, 75] | k=[1..5] | thr_up=2.0°C thr_dn=5.0°C | fourier=False
2026-05-28 17:55:55 [pinn_trainer][lshape][ak_k1][k=-][s=-] INFO Training start: t=[0.0,1.5]s  epochs_adam=1000  epochs_lbfgs=300  params=11776
2026-05-28 17:55:57 [pinn_trainer][lshape][ak_k1][k=-][s=-] INFO Adam     1/1000  loss=2.9043e+02  pde=2.8294e+02  bc=1.4976e+00  ic=0.0000e+00  fc=0.0000e+00
2026-05-28 17:56:15 [pinn_trainer][lshape][ak_k1][k=-][s=-] INFO Adam   500/1000  loss=5.9034e+00  pde=3.8111e+00  bc=4.1845e-01  ic=0.0000e+00  fc=0.0000e+00
2026-05-28 17:56:34 [pinn_trainer][lshape][ak_k1][k=-][s=-] INFO Adam  1000/1000  loss=4.4622e+00  pde=2.2468e+00  bc=4.4307e-01  ic=0.0000e+00  fc=0.0000e+00
2026-05-28 17:56:42 [pinn_trainer][lshape][ak_k1][k=-][s=-] INFO L-BFGS  300/300  loss=4.5167e+00
2026-05-28 17:56:42 [pinn_trainer][lshape][ak_k1][k=-][s=-] INFO Training done in 47.7 s
2026-05-28 17:56:42 [adaptive_k][lshape][adaptive_k][k=adaptive][s=7] INFO   Win  1  k=1  [0.0→1.5 s]  interior_MAE=30.758°C  → k_next=1
2026-05-28 17:56:42 [pinn_trainer][lshape][ak_k1][k=-][s=-] INFO Training start: t=[1.5,3.0]s  epochs_adam=1000  epochs_lbfgs=300  params=11776
2026-05-28 17:56:44 [pinn_trainer][lshape][ak_k1][k=-][s=-] INFO Adam     1/1000  loss=1.4907e+02  pde=1.4690e+02  bc=4.3427e-01  ic=0.0000e+00  fc=0.0000e+00
2026-05-28 17:57:03 [pinn_trainer][lshape][ak_k1][k=-][s=-] INFO Adam   500/1000  loss=1.9824e+00  pde=1.4704e+00  bc=1.0241e-01  ic=0.0000e+00  fc=0.0000e+00
2026-05-28 17:57:21 [pinn_trainer][lshape][ak_k1][k=-][s=-] INFO Adam  1000/1000  loss=1.6537e+00  pde=1.0987e+00  bc=1.1099e-01  ic=0.0000e+00  fc=0.0000e+00
2026-05-28 17:57:30 [pinn_trainer][lshape][ak_k1][k=-][s=-] INFO L-BFGS  300/300  loss=1.6457e+00
2026-05-28 17:57:30 [pinn_trainer][lshape][ak_k1][k=-][s=-] INFO Training done in 47.6 s
2026-05-28 17:57:30 [adaptive_k][lshape][adaptive_k][k=adaptive][s=7] INFO   Win  2  k=1  [1.5→3.0 s]  interior_MAE=18.809°C  → k_next=1
2026-05-28 17:57:30 [pinn_trainer][lshape][ak_k1][k=-][s=-] INFO Training start: t=[3.0,4.5]s  epochs_adam=1000  epochs_lbfgs=300  params=11776
2026-05-28 17:57:32 [pinn_trainer][lshape][ak_k1][k=-][s=-] INFO Adam     1/1000  loss=4.1759e+02  pde=4.0989e+02  bc=1.5416e+00  ic=0.0000e+00  fc=0.0000e+00
2026-05-28 17:57:50 [pinn_trainer][lshape][ak_k1][k=-][s=-] INFO Adam   500/1000  loss=5.7645e-01  pde=4.3324e-01  bc=2.8641e-02  ic=0.0000e+00  fc=0.0000e+00
2026-05-28 17:58:09 [pinn_trainer][lshape][ak_k1][k=-][s=-] INFO Adam  1000/1000  loss=4.2277e-01  pde=2.7936e-01  bc=2.8682e-02  ic=0.0000e+00  fc=0.0000e+00
2026-05-28 17:58:18 [pinn_trainer][lshape][ak_k1][k=-][s=-] INFO L-BFGS  300/300  loss=4.3115e-01
2026-05-28 17:58:18 [pinn_trainer][lshape][ak_k1][k=-][s=-] INFO Training done in 47.7 s
2026-05-28 17:58:18 [adaptive_k][lshape][adaptive_k][k=adaptive][s=7] INFO   Win  3  k=1  [3.0→4.5 s]  interior_MAE=9.549°C  → k_next=1
2026-05-28 17:58:18 [pinn_trainer][lshape][ak_k1][k=-][s=-] INFO Training start: t=[4.5,6.0]s  epochs_adam=1000  epochs_lbfgs=300  params=11776
2026-05-28 17:58:20 [pinn_trainer][lshape][ak_k1][k=-][s=-] INFO Adam     1/1000  loss=5.0142e+01  pde=4.9519e+01  bc=1.2458e-01  ic=0.0000e+00  fc=0.0000e+00
2026-05-28 17:58:38 [pinn_trainer][lshape][ak_k1][k=-][s=-] INFO Adam   500/1000  loss=1.7721e-01  pde=1.3593e-01  bc=8.2552e-03  ic=0.0000e+00  fc=0.0000e+00
2026-05-28 17:58:58 [pinn_trainer][lshape][ak_k1][k=-][s=-] INFO Adam  1000/1000  loss=1.2153e-01  pde=8.1897e-02  bc=7.9263e-03  ic=0.0000e+00  fc=0.0000e+00
2026-05-28 17:59:06 [pinn_trainer][lshape][ak_k1][k=-][s=-] INFO L-BFGS  300/300  loss=1.2216e-01
2026-05-28 17:59:06 [pinn_trainer][lshape][ak_k1][k=-][s=-] INFO Training done in 48.6 s
2026-05-28 17:59:06 [adaptive_k][lshape][adaptive_k][k=adaptive][s=7] INFO   Win  4  k=1  [4.5→6.0 s]  interior_MAE=4.286°C  → k_next=1
2026-05-28 17:59:06 [pinn_trainer][lshape][ak_k1][k=-][s=-] INFO Training start: t=[6.0,7.5]s  epochs_adam=1000  epochs_lbfgs=300  params=11776
2026-05-28 17:59:08 [pinn_trainer][lshape][ak_k1][k=-][s=-] INFO Adam     1/1000  loss=3.2004e+01  pde=3.1357e+01  bc=1.2950e-01  ic=0.0000e+00  fc=0.0000e+00
2026-05-28 17:59:27 [pinn_trainer][lshape][ak_k1][k=-][s=-] INFO Adam   500/1000  loss=4.6702e-02  pde=3.6183e-02  bc=2.1037e-03  ic=0.0000e+00  fc=0.0000e+00
2026-05-28 17:59:46 [pinn_trainer][lshape][ak_k1][k=-][s=-] INFO Adam  1000/1000  loss=3.7774e-02  pde=2.6399e-02  bc=2.2749e-03  ic=0.0000e+00  fc=0.0000e+00
2026-05-28 17:59:55 [pinn_trainer][lshape][ak_k1][k=-][s=-] INFO L-BFGS  300/300  loss=3.7482e-02
2026-05-28 17:59:55 [pinn_trainer][lshape][ak_k1][k=-][s=-] INFO Training done in 48.7 s
2026-05-28 17:59:55 [adaptive_k][lshape][adaptive_k][k=adaptive][s=7] INFO   Win  5  k=1  [6.0→7.5 s]  interior_MAE=2.060°C  → k_next=1
2026-05-28 17:59:55 [pinn_trainer][lshape][ak_k1][k=-][s=-] INFO Training start: t=[7.5,9.0]s  epochs_adam=1000  epochs_lbfgs=300  params=11776
2026-05-28 17:59:58 [pinn_trainer][lshape][ak_k1][k=-][s=-] INFO Adam     1/1000  loss=4.5390e+01  pde=4.4979e+01  bc=8.2137e-02  ic=0.0000e+00  fc=0.0000e+00
2026-05-28 18:00:16 [pinn_trainer][lshape][ak_k1][k=-][s=-] INFO Adam   500/1000  loss=3.3802e-02  pde=3.1149e-02  bc=5.3057e-04  ic=0.0000e+00  fc=0.0000e+00
2026-05-28 18:00:35 [pinn_trainer][lshape][ak_k1][k=-][s=-] INFO Adam  1000/1000  loss=9.4917e-03  pde=6.5232e-03  bc=5.9369e-04  ic=0.0000e+00  fc=0.0000e+00
2026-05-28 18:00:44 [pinn_trainer][lshape][ak_k1][k=-][s=-] INFO L-BFGS  300/300  loss=9.4279e-03
2026-05-28 18:00:44 [pinn_trainer][lshape][ak_k1][k=-][s=-] INFO Training done in 48.9 s
2026-05-28 18:00:44 [adaptive_k][lshape][adaptive_k][k=adaptive][s=7] INFO   Win  6  k=1  [7.5→9.0 s]  interior_MAE=1.028°C  → k_next=2
2026-05-28 18:00:44 [pinn_trainer][lshape][ak_k2][k=-][s=-] INFO Training start: t=[9.0,12.0]s  epochs_adam=1000  epochs_lbfgs=300  params=11776
2026-05-28 18:00:46 [pinn_trainer][lshape][ak_k2][k=-][s=-] INFO Adam     1/1000  loss=8.1750e+00  pde=8.1141e+00  bc=1.2175e-02  ic=0.0000e+00  fc=0.0000e+00
2026-05-28 18:01:05 [pinn_trainer][lshape][ak_k2][k=-][s=-] INFO Adam   500/1000  loss=5.9097e-03  pde=5.5114e-03  bc=7.9674e-05  ic=0.0000e+00  fc=0.0000e+00
2026-05-28 18:01:23 [pinn_trainer][lshape][ak_k2][k=-][s=-] INFO Adam  1000/1000  loss=7.5853e-04  pde=3.9394e-04  bc=7.2917e-05  ic=0.0000e+00  fc=0.0000e+00
2026-05-28 18:01:32 [pinn_trainer][lshape][ak_k2][k=-][s=-] INFO L-BFGS  300/300  loss=7.7323e-04
2026-05-28 18:01:32 [pinn_trainer][lshape][ak_k2][k=-][s=-] INFO Training done in 47.7 s
2026-05-28 18:01:32 [adaptive_k][lshape][adaptive_k][k=adaptive][s=7] INFO   Win  7  k=2  [9.0→12.0 s]  interior_MAE=0.669°C  → k_next=3
2026-05-28 18:01:32 [pinn_trainer][lshape][ak_k3][k=-][s=-] INFO Training start: t=[12.0,16.5]s  epochs_adam=1000  epochs_lbfgs=300  params=11776
2026-05-28 18:01:34 [pinn_trainer][lshape][ak_k3][k=-][s=-] INFO Adam     1/1000  loss=7.2903e+00  pde=6.9079e+00  bc=7.6476e-02  ic=0.0000e+00  fc=0.0000e+00
2026-05-28 18:01:52 [pinn_trainer][lshape][ak_k3][k=-][s=-] INFO Adam   500/1000  loss=1.8374e-03  pde=1.5697e-03  bc=5.3542e-05  ic=0.0000e+00  fc=0.0000e+00
2026-05-28 18:02:11 [pinn_trainer][lshape][ak_k3][k=-][s=-] INFO Adam  1000/1000  loss=1.1970e-04  pde=6.6475e-05  bc=1.0645e-05  ic=0.0000e+00  fc=0.0000e+00
2026-05-28 18:02:17 [pinn_trainer][lshape][ak_k3][k=-][s=-] INFO L-BFGS  300/300  loss=1.2198e-04
2026-05-28 18:02:17 [pinn_trainer][lshape][ak_k3][k=-][s=-] INFO Training done in 45.3 s
2026-05-28 18:02:17 [adaptive_k][lshape][adaptive_k][k=adaptive][s=7] INFO   Win  8  k=3  [12.0→16.5 s]  interior_MAE=0.204°C  → k_next=4
2026-05-28 18:02:17 [pinn_trainer][lshape][ak_k4][k=-][s=-] INFO Training start: t=[16.5,22.5]s  epochs_adam=1000  epochs_lbfgs=300  params=11776
2026-05-28 18:02:19 [pinn_trainer][lshape][ak_k4][k=-][s=-] INFO Adam     1/1000  loss=6.8727e+00  pde=5.7072e+00  bc=2.3309e-01  ic=0.0000e+00  fc=0.0000e+00
2026-05-28 18:02:38 [pinn_trainer][lshape][ak_k4][k=-][s=-] INFO Adam   500/1000  loss=1.0689e-03  pde=8.8816e-04  bc=3.6143e-05  ic=0.0000e+00  fc=0.0000e+00
2026-05-28 18:02:56 [pinn_trainer][lshape][ak_k4][k=-][s=-] INFO Adam  1000/1000  loss=9.8200e-06  pde=7.8594e-06  bc=3.9210e-07  ic=0.0000e+00  fc=0.0000e+00
2026-05-28 18:03:00 [pinn_trainer][lshape][ak_k4][k=-][s=-] INFO L-BFGS  300/300  loss=9.9299e-06
2026-05-28 18:03:00 [pinn_trainer][lshape][ak_k4][k=-][s=-] INFO Training done in 42.8 s
2026-05-28 18:03:00 [adaptive_k][lshape][adaptive_k][k=adaptive][s=7] INFO   Win  9  k=4  [16.5→22.5 s]  interior_MAE=0.032°C  → k_next=5
2026-05-28 18:03:00 [pinn_trainer][lshape][ak_k5][k=-][s=-] INFO Training start: t=[22.5,30.0]s  epochs_adam=1000  epochs_lbfgs=300  params=11776
2026-05-28 18:03:02 [pinn_trainer][lshape][ak_k5][k=-][s=-] INFO Adam     1/1000  loss=3.1920e+00  pde=2.2291e+00  bc=1.9259e-01  ic=0.0000e+00  fc=0.0000e+00
2026-05-28 18:03:21 [pinn_trainer][lshape][ak_k5][k=-][s=-] INFO Adam   500/1000  loss=1.0249e-03  pde=8.1679e-04  bc=4.1618e-05  ic=0.0000e+00  fc=0.0000e+00
2026-05-28 18:03:39 [pinn_trainer][lshape][ak_k5][k=-][s=-] INFO Adam  1000/1000  loss=1.8473e-05  pde=1.2956e-05  bc=1.1035e-06  ic=0.0000e+00  fc=0.0000e+00
2026-05-28 18:03:43 [pinn_trainer][lshape][ak_k5][k=-][s=-] INFO L-BFGS  300/300  loss=1.8591e-05
2026-05-28 18:03:43 [pinn_trainer][lshape][ak_k5][k=-][s=-] INFO Training done in 42.7 s
2026-05-28 18:03:43 [adaptive_k][lshape][adaptive_k][k=adaptive][s=7] INFO   Win 10  k=5  [22.5→30.0 s]  interior_MAE=0.017°C  → k_next=5
2026-05-28 18:03:43 [adaptive_k][lshape][adaptive_k][k=adaptive][s=7] INFO AdaptiveK done | wins=10 | FEM_solves=10/60 | FEM_saving=83% | MAE=2.309°C | L2=0.0204 | t=468 s
2026-05-28 18:03:43 [adaptive_k][lshape][adaptive_k][k=adaptive][s=7] INFO k schedule: t=0.0s:k=1 → t=1.5s:k=1 → t=3.0s:k=1 → t=4.5s:k=1 → t=6.0s:k=1 → t=7.5s:k=1 → t=9.0s:k=2 → t=12.0s:k=3 → t=16.5s:k=4 → t=22.5s:k=5
2026-05-28 18:03:43 [adaptive_k][lshape][adaptive_k][k=adaptive][s=7] INFO Saved → /home/coder/NAS-PINNS1/thermal_pinn/quenching_mswp/results/adaptive_k/lshape/seed7_adaptive_nsga3_75
2026-05-28 18:03:43 [stage_adaptive_k][all][adaptive_k][k=-][s=-] INFO RESULT geo=lshape   seed=7 | MAE=2.309°C | L2=0.0204 | FEM_solves=10/60 | FEM_saving=83%
2026-05-28 18:03:43 [stage_adaptive_k][all][adaptive_k][k=-][s=-] INFO AdaptiveK | geo=lshape seed=8 arch=[75, 75, 75] thr_up=2.0 thr_dn=5.0
2026-05-28 18:03:43 [adaptive_k][lshape][adaptive_k][k=adaptive][s=8] INFO AdaptiveK | arch=[75, 75, 75] | k=[1..5] | thr_up=2.0°C thr_dn=5.0°C | fourier=False
2026-05-28 18:03:43 [pinn_trainer][lshape][ak_k1][k=-][s=-] INFO Training start: t=[0.0,1.5]s  epochs_adam=1000  epochs_lbfgs=300  params=11776
2026-05-28 18:03:45 [pinn_trainer][lshape][ak_k1][k=-][s=-] INFO Adam     1/1000  loss=2.1592e+02  pde=2.1257e+02  bc=6.7090e-01  ic=0.0000e+00  fc=0.0000e+00
2026-05-28 18:04:04 [pinn_trainer][lshape][ak_k1][k=-][s=-] INFO Adam   500/1000  loss=8.2275e+00  pde=5.8741e+00  bc=4.7068e-01  ic=0.0000e+00  fc=0.0000e+00
2026-05-28 18:04:22 [pinn_trainer][lshape][ak_k1][k=-][s=-] INFO Adam  1000/1000  loss=5.3908e+00  pde=3.0613e+00  bc=4.6590e-01  ic=0.0000e+00  fc=0.0000e+00
2026-05-28 18:04:31 [pinn_trainer][lshape][ak_k1][k=-][s=-] INFO L-BFGS  300/300  loss=5.4726e+00
2026-05-28 18:04:31 [pinn_trainer][lshape][ak_k1][k=-][s=-] INFO Training done in 47.9 s
2026-05-28 18:04:31 [adaptive_k][lshape][adaptive_k][k=adaptive][s=8] INFO   Win  1  k=1  [0.0→1.5 s]  interior_MAE=30.371°C  → k_next=1
2026-05-28 18:04:31 [pinn_trainer][lshape][ak_k1][k=-][s=-] INFO Training start: t=[1.5,3.0]s  epochs_adam=1000  epochs_lbfgs=300  params=11776
2026-05-28 18:04:33 [pinn_trainer][lshape][ak_k1][k=-][s=-] INFO Adam     1/1000  loss=5.8341e+02  pde=5.8234e+02  bc=2.1437e-01  ic=0.0000e+00  fc=0.0000e+00
2026-05-28 18:04:52 [pinn_trainer][lshape][ak_k1][k=-][s=-] INFO Adam   500/1000  loss=1.9578e+00  pde=1.4012e+00  bc=1.1132e-01  ic=0.0000e+00  fc=0.0000e+00
2026-05-28 18:05:10 [pinn_trainer][lshape][ak_k1][k=-][s=-] INFO Adam  1000/1000  loss=1.5609e+00  pde=1.0111e+00  bc=1.0995e-01  ic=0.0000e+00  fc=0.0000e+00
2026-05-28 18:05:19 [pinn_trainer][lshape][ak_k1][k=-][s=-] INFO L-BFGS  300/300  loss=1.5613e+00
2026-05-28 18:05:19 [pinn_trainer][lshape][ak_k1][k=-][s=-] INFO Training done in 48.0 s
2026-05-28 18:05:19 [adaptive_k][lshape][adaptive_k][k=adaptive][s=8] INFO   Win  2  k=1  [1.5→3.0 s]  interior_MAE=19.223°C  → k_next=1
2026-05-28 18:05:19 [pinn_trainer][lshape][ak_k1][k=-][s=-] INFO Training start: t=[3.0,4.5]s  epochs_adam=1000  epochs_lbfgs=300  params=11776
2026-05-28 18:05:21 [pinn_trainer][lshape][ak_k1][k=-][s=-] INFO Adam     1/1000  loss=2.0079e+02  pde=1.9947e+02  bc=2.6507e-01  ic=0.0000e+00  fc=0.0000e+00
2026-05-28 18:05:40 [pinn_trainer][lshape][ak_k1][k=-][s=-] INFO Adam   500/1000  loss=8.5447e-01  pde=6.9225e-01  bc=3.2444e-02  ic=0.0000e+00  fc=0.0000e+00
2026-05-28 18:05:58 [pinn_trainer][lshape][ak_k1][k=-][s=-] INFO Adam  1000/1000  loss=4.3293e-01  pde=2.9231e-01  bc=2.8124e-02  ic=0.0000e+00  fc=0.0000e+00
2026-05-28 18:06:07 [pinn_trainer][lshape][ak_k1][k=-][s=-] INFO L-BFGS  300/300  loss=4.3730e-01
2026-05-28 18:06:07 [pinn_trainer][lshape][ak_k1][k=-][s=-] INFO Training done in 47.8 s
2026-05-28 18:06:07 [adaptive_k][lshape][adaptive_k][k=adaptive][s=8] INFO   Win  3  k=1  [3.0→4.5 s]  interior_MAE=9.655°C  → k_next=1
2026-05-28 18:06:07 [pinn_trainer][lshape][ak_k1][k=-][s=-] INFO Training start: t=[4.5,6.0]s  epochs_adam=1000  epochs_lbfgs=300  params=11776
2026-05-28 18:06:09 [pinn_trainer][lshape][ak_k1][k=-][s=-] INFO Adam     1/1000  loss=5.9559e+01  pde=5.8115e+01  bc=2.8874e-01  ic=0.0000e+00  fc=0.0000e+00
2026-05-28 18:06:27 [pinn_trainer][lshape][ak_k1][k=-][s=-] INFO Adam   500/1000  loss=1.6389e-01  pde=1.2672e-01  bc=7.4333e-03  ic=0.0000e+00  fc=0.0000e+00
2026-05-28 18:06:46 [pinn_trainer][lshape][ak_k1][k=-][s=-] INFO Adam  1000/1000  loss=1.2208e-01  pde=8.2731e-02  bc=7.8699e-03  ic=0.0000e+00  fc=0.0000e+00
2026-05-28 18:06:55 [pinn_trainer][lshape][ak_k1][k=-][s=-] INFO L-BFGS  300/300  loss=1.2105e-01
2026-05-28 18:06:55 [pinn_trainer][lshape][ak_k1][k=-][s=-] INFO Training done in 47.9 s
2026-05-28 18:06:55 [adaptive_k][lshape][adaptive_k][k=adaptive][s=8] INFO   Win  4  k=1  [4.5→6.0 s]  interior_MAE=4.647°C  → k_next=1
2026-05-28 18:06:55 [pinn_trainer][lshape][ak_k1][k=-][s=-] INFO Training start: t=[6.0,7.5]s  epochs_adam=1000  epochs_lbfgs=300  params=11776
2026-05-28 18:06:57 [pinn_trainer][lshape][ak_k1][k=-][s=-] INFO Adam     1/1000  loss=4.5728e+02  pde=4.5532e+02  bc=3.9227e-01  ic=0.0000e+00  fc=0.0000e+00
2026-05-28 18:07:15 [pinn_trainer][lshape][ak_k1][k=-][s=-] INFO Adam   500/1000  loss=5.3266e-02  pde=4.2980e-02  bc=2.0572e-03  ic=0.0000e+00  fc=0.0000e+00
2026-05-28 18:07:34 [pinn_trainer][lshape][ak_k1][k=-][s=-] INFO Adam  1000/1000  loss=3.7376e-02  pde=2.5748e-02  bc=2.3255e-03  ic=0.0000e+00  fc=0.0000e+00
2026-05-28 18:07:43 [pinn_trainer][lshape][ak_k1][k=-][s=-] INFO L-BFGS  300/300  loss=3.7491e-02
2026-05-28 18:07:43 [pinn_trainer][lshape][ak_k1][k=-][s=-] INFO Training done in 48.0 s
2026-05-28 18:07:43 [adaptive_k][lshape][adaptive_k][k=adaptive][s=8] INFO   Win  5  k=1  [6.0→7.5 s]  interior_MAE=2.334°C  → k_next=1
2026-05-28 18:07:43 [pinn_trainer][lshape][ak_k1][k=-][s=-] INFO Training start: t=[7.5,9.0]s  epochs_adam=1000  epochs_lbfgs=300  params=11776
2026-05-28 18:07:45 [pinn_trainer][lshape][ak_k1][k=-][s=-] INFO Adam     1/1000  loss=8.4191e+01  pde=8.2698e+01  bc=2.9861e-01  ic=0.0000e+00  fc=0.0000e+00
2026-05-28 18:08:04 [pinn_trainer][lshape][ak_k1][k=-][s=-] INFO Adam   500/1000  loss=9.0027e-02  pde=8.7262e-02  bc=5.5302e-04  ic=0.0000e+00  fc=0.0000e+00
2026-05-28 18:08:23 [pinn_trainer][lshape][ak_k1][k=-][s=-] INFO Adam  1000/1000  loss=8.6361e-03  pde=5.9450e-03  bc=5.3822e-04  ic=0.0000e+00  fc=0.0000e+00
2026-05-28 18:08:32 [pinn_trainer][lshape][ak_k1][k=-][s=-] INFO L-BFGS  300/300  loss=8.4864e-03
2026-05-28 18:08:32 [pinn_trainer][lshape][ak_k1][k=-][s=-] INFO Training done in 49.0 s
2026-05-28 18:08:32 [adaptive_k][lshape][adaptive_k][k=adaptive][s=8] INFO   Win  6  k=1  [7.5→9.0 s]  interior_MAE=1.120°C  → k_next=2
2026-05-28 18:08:32 [pinn_trainer][lshape][ak_k2][k=-][s=-] INFO Training start: t=[9.0,12.0]s  epochs_adam=1000  epochs_lbfgs=300  params=11776
2026-05-28 18:08:34 [pinn_trainer][lshape][ak_k2][k=-][s=-] INFO Adam     1/1000  loss=1.6676e+01  pde=1.5484e+01  bc=2.3842e-01  ic=0.0000e+00  fc=0.0000e+00
2026-05-28 18:08:52 [pinn_trainer][lshape][ak_k2][k=-][s=-] INFO Adam   500/1000  loss=4.1024e-03  pde=3.6975e-03  bc=8.0972e-05  ic=0.0000e+00  fc=0.0000e+00
2026-05-28 18:09:11 [pinn_trainer][lshape][ak_k2][k=-][s=-] INFO Adam  1000/1000  loss=6.7106e-04  pde=2.9296e-04  bc=7.5621e-05  ic=0.0000e+00  fc=0.0000e+00
2026-05-28 18:09:19 [pinn_trainer][lshape][ak_k2][k=-][s=-] INFO L-BFGS  300/300  loss=6.6633e-04
2026-05-28 18:09:19 [pinn_trainer][lshape][ak_k2][k=-][s=-] INFO Training done in 47.6 s
2026-05-28 18:09:19 [adaptive_k][lshape][adaptive_k][k=adaptive][s=8] INFO   Win  7  k=2  [9.0→12.0 s]  interior_MAE=0.694°C  → k_next=3
2026-05-28 18:09:19 [pinn_trainer][lshape][ak_k3][k=-][s=-] INFO Training start: t=[12.0,16.5]s  epochs_adam=1000  epochs_lbfgs=300  params=11776
2026-05-28 18:09:21 [pinn_trainer][lshape][ak_k3][k=-][s=-] INFO Adam     1/1000  loss=2.0379e+01  pde=1.8012e+01  bc=4.7353e-01  ic=0.0000e+00  fc=0.0000e+00
2026-05-28 18:09:40 [pinn_trainer][lshape][ak_k3][k=-][s=-] INFO Adam   500/1000  loss=1.6336e-03  pde=1.4610e-03  bc=3.4501e-05  ic=0.0000e+00  fc=0.0000e+00
2026-05-28 18:09:59 [pinn_trainer][lshape][ak_k3][k=-][s=-] INFO Adam  1000/1000  loss=4.6753e-05  pde=2.6072e-05  bc=4.1361e-06  ic=0.0000e+00  fc=0.0000e+00
2026-05-28 18:10:04 [pinn_trainer][lshape][ak_k3][k=-][s=-] INFO L-BFGS  300/300  loss=4.8928e-05
2026-05-28 18:10:04 [pinn_trainer][lshape][ak_k3][k=-][s=-] INFO Training done in 45.0 s
2026-05-28 18:10:04 [adaptive_k][lshape][adaptive_k][k=adaptive][s=8] INFO   Win  8  k=3  [12.0→16.5 s]  interior_MAE=0.196°C  → k_next=4
2026-05-28 18:10:04 [pinn_trainer][lshape][ak_k4][k=-][s=-] INFO Training start: t=[16.5,22.5]s  epochs_adam=1000  epochs_lbfgs=300  params=11776
2026-05-28 18:10:06 [pinn_trainer][lshape][ak_k4][k=-][s=-] INFO Adam     1/1000  loss=8.7948e+00  pde=6.3020e+00  bc=4.9855e-01  ic=0.0000e+00  fc=0.0000e+00
2026-05-28 18:10:25 [pinn_trainer][lshape][ak_k4][k=-][s=-] INFO Adam   500/1000  loss=3.6119e-03  pde=3.5393e-03  bc=1.4514e-05  ic=0.0000e+00  fc=0.0000e+00
2026-05-28 18:10:43 [pinn_trainer][lshape][ak_k4][k=-][s=-] INFO Adam  1000/1000  loss=1.5659e-05  pde=1.1040e-05  bc=9.2381e-07  ic=0.0000e+00  fc=0.0000e+00
2026-05-28 18:10:48 [pinn_trainer][lshape][ak_k4][k=-][s=-] INFO L-BFGS  300/300  loss=1.5047e-05
2026-05-28 18:10:48 [pinn_trainer][lshape][ak_k4][k=-][s=-] INFO Training done in 43.6 s
2026-05-28 18:10:48 [adaptive_k][lshape][adaptive_k][k=adaptive][s=8] INFO   Win  9  k=4  [16.5→22.5 s]  interior_MAE=0.032°C  → k_next=5
2026-05-28 18:10:48 [pinn_trainer][lshape][ak_k5][k=-][s=-] INFO Training start: t=[22.5,30.0]s  epochs_adam=1000  epochs_lbfgs=300  params=11776
2026-05-28 18:10:50 [pinn_trainer][lshape][ak_k5][k=-][s=-] INFO Adam     1/1000  loss=4.4430e+00  pde=3.2747e+00  bc=2.3365e-01  ic=0.0000e+00  fc=0.0000e+00
2026-05-28 18:11:09 [pinn_trainer][lshape][ak_k5][k=-][s=-] INFO Adam   500/1000  loss=1.4138e-03  pde=1.0814e-03  bc=6.6486e-05  ic=0.0000e+00  fc=0.0000e+00
2026-05-28 18:11:27 [pinn_trainer][lshape][ak_k5][k=-][s=-] INFO Adam  1000/1000  loss=2.3771e-05  pde=1.5803e-05  bc=1.5937e-06  ic=0.0000e+00  fc=0.0000e+00
2026-05-28 18:11:32 [pinn_trainer][lshape][ak_k5][k=-][s=-] INFO L-BFGS  300/300  loss=2.3966e-05
2026-05-28 18:11:32 [pinn_trainer][lshape][ak_k5][k=-][s=-] INFO Training done in 43.9 s
2026-05-28 18:11:32 [adaptive_k][lshape][adaptive_k][k=adaptive][s=8] INFO   Win 10  k=5  [22.5→30.0 s]  interior_MAE=0.029°C  → k_next=5
2026-05-28 18:11:32 [adaptive_k][lshape][adaptive_k][k=adaptive][s=8] INFO AdaptiveK done | wins=10 | FEM_solves=10/60 | FEM_saving=83% | MAE=2.342°C | L2=0.0214 | t=469 s
2026-05-28 18:11:32 [adaptive_k][lshape][adaptive_k][k=adaptive][s=8] INFO k schedule: t=0.0s:k=1 → t=1.5s:k=1 → t=3.0s:k=1 → t=4.5s:k=1 → t=6.0s:k=1 → t=7.5s:k=1 → t=9.0s:k=2 → t=12.0s:k=3 → t=16.5s:k=4 → t=22.5s:k=5
2026-05-28 18:11:32 [adaptive_k][lshape][adaptive_k][k=adaptive][s=8] INFO Saved → /home/coder/NAS-PINNS1/thermal_pinn/quenching_mswp/results/adaptive_k/lshape/seed8_adaptive_nsga3_75
2026-05-28 18:11:33 [stage_adaptive_k][all][adaptive_k][k=-][s=-] INFO RESULT geo=lshape   seed=8 | MAE=2.342°C | L2=0.0214 | FEM_solves=10/60 | FEM_saving=83%
2026-05-28 18:11:33 [stage_adaptive_k][all][adaptive_k][k=-][s=-] INFO AdaptiveK | geo=lshape seed=9 arch=[75, 75, 75] thr_up=2.0 thr_dn=5.0
2026-05-28 18:11:33 [adaptive_k][lshape][adaptive_k][k=adaptive][s=9] INFO AdaptiveK | arch=[75, 75, 75] | k=[1..5] | thr_up=2.0°C thr_dn=5.0°C | fourier=False
2026-05-28 18:11:33 [pinn_trainer][lshape][ak_k1][k=-][s=-] INFO Training start: t=[0.0,1.5]s  epochs_adam=1000  epochs_lbfgs=300  params=11776
2026-05-28 18:11:35 [pinn_trainer][lshape][ak_k1][k=-][s=-] INFO Adam     1/1000  loss=1.5552e+02  pde=1.5097e+02  bc=9.0925e-01  ic=0.0000e+00  fc=0.0000e+00
2026-05-28 18:11:54 [pinn_trainer][lshape][ak_k1][k=-][s=-] INFO Adam   500/1000  loss=6.9623e+00  pde=4.6406e+00  bc=4.6434e-01  ic=0.0000e+00  fc=0.0000e+00
2026-05-28 18:12:12 [pinn_trainer][lshape][ak_k1][k=-][s=-] INFO Adam  1000/1000  loss=5.1373e+00  pde=2.8651e+00  bc=4.5444e-01  ic=0.0000e+00  fc=0.0000e+00
2026-05-28 18:12:21 [pinn_trainer][lshape][ak_k1][k=-][s=-] INFO L-BFGS  300/300  loss=5.1140e+00
2026-05-28 18:12:21 [pinn_trainer][lshape][ak_k1][k=-][s=-] INFO Training done in 48.7 s
2026-05-28 18:12:21 [adaptive_k][lshape][adaptive_k][k=adaptive][s=9] INFO   Win  1  k=1  [0.0→1.5 s]  interior_MAE=28.533°C  → k_next=1
2026-05-28 18:12:21 [pinn_trainer][lshape][ak_k1][k=-][s=-] INFO Training start: t=[1.5,3.0]s  epochs_adam=1000  epochs_lbfgs=300  params=11776
2026-05-28 18:12:23 [pinn_trainer][lshape][ak_k1][k=-][s=-] INFO Adam     1/1000  loss=4.7492e+01  pde=4.6891e+01  bc=1.2010e-01  ic=0.0000e+00  fc=0.0000e+00
2026-05-28 18:12:42 [pinn_trainer][lshape][ak_k1][k=-][s=-] INFO Adam   500/1000  loss=2.5384e+00  pde=1.9412e+00  bc=1.1945e-01  ic=0.0000e+00  fc=0.0000e+00
2026-05-28 18:13:00 [pinn_trainer][lshape][ak_k1][k=-][s=-] INFO Adam  1000/1000  loss=1.4927e+00  pde=9.5707e-01  bc=1.0712e-01  ic=0.0000e+00  fc=0.0000e+00
2026-05-28 18:13:09 [pinn_trainer][lshape][ak_k1][k=-][s=-] INFO L-BFGS  300/300  loss=1.4797e+00
2026-05-28 18:13:09 [pinn_trainer][lshape][ak_k1][k=-][s=-] INFO Training done in 48.1 s
2026-05-28 18:13:09 [adaptive_k][lshape][adaptive_k][k=adaptive][s=9] INFO   Win  2  k=1  [1.5→3.0 s]  interior_MAE=19.955°C  → k_next=1
2026-05-28 18:13:09 [pinn_trainer][lshape][ak_k1][k=-][s=-] INFO Training start: t=[3.0,4.5]s  epochs_adam=1000  epochs_lbfgs=300  params=11776
2026-05-28 18:13:11 [pinn_trainer][lshape][ak_k1][k=-][s=-] INFO Adam     1/1000  loss=9.2993e+01  pde=9.1855e+01  bc=2.2760e-01  ic=0.0000e+00  fc=0.0000e+00
2026-05-28 18:13:30 [pinn_trainer][lshape][ak_k1][k=-][s=-] INFO Adam   500/1000  loss=4.8441e-01  pde=3.5446e-01  bc=2.5990e-02  ic=0.0000e+00  fc=0.0000e+00
2026-05-28 18:13:48 [pinn_trainer][lshape][ak_k1][k=-][s=-] INFO Adam  1000/1000  loss=4.0219e-01  pde=2.6774e-01  bc=2.6891e-02  ic=0.0000e+00  fc=0.0000e+00
2026-05-28 18:13:57 [pinn_trainer][lshape][ak_k1][k=-][s=-] INFO L-BFGS  300/300  loss=3.9908e-01
2026-05-28 18:13:57 [pinn_trainer][lshape][ak_k1][k=-][s=-] INFO Training done in 47.7 s
2026-05-28 18:13:57 [adaptive_k][lshape][adaptive_k][k=adaptive][s=9] INFO   Win  3  k=1  [3.0→4.5 s]  interior_MAE=9.640°C  → k_next=1
2026-05-28 18:13:57 [pinn_trainer][lshape][ak_k1][k=-][s=-] INFO Training start: t=[4.5,6.0]s  epochs_adam=1000  epochs_lbfgs=300  params=11776
2026-05-28 18:13:59 [pinn_trainer][lshape][ak_k1][k=-][s=-] INFO Adam     1/1000  loss=2.8872e+01  pde=2.8727e+01  bc=2.8938e-02  ic=0.0000e+00  fc=0.0000e+00
2026-05-28 18:14:18 [pinn_trainer][lshape][ak_k1][k=-][s=-] INFO Adam   500/1000  loss=1.6823e-01  pde=1.3217e-01  bc=7.2125e-03  ic=0.0000e+00  fc=0.0000e+00
2026-05-28 18:14:36 [pinn_trainer][lshape][ak_k1][k=-][s=-] INFO Adam  1000/1000  loss=1.2004e-01  pde=8.0485e-02  bc=7.9106e-03  ic=0.0000e+00  fc=0.0000e+00
2026-05-28 18:14:45 [pinn_trainer][lshape][ak_k1][k=-][s=-] INFO L-BFGS  300/300  loss=1.2016e-01
2026-05-28 18:14:45 [pinn_trainer][lshape][ak_k1][k=-][s=-] INFO Training done in 48.0 s
2026-05-28 18:14:45 [adaptive_k][lshape][adaptive_k][k=adaptive][s=9] INFO   Win  4  k=1  [4.5→6.0 s]  interior_MAE=4.568°C  → k_next=1
2026-05-28 18:14:45 [pinn_trainer][lshape][ak_k1][k=-][s=-] INFO Training start: t=[6.0,7.5]s  epochs_adam=1000  epochs_lbfgs=300  params=11776
2026-05-28 18:14:47 [pinn_trainer][lshape][ak_k1][k=-][s=-] INFO Adam     1/1000  loss=1.6600e+02  pde=1.6384e+02  bc=4.3065e-01  ic=0.0000e+00  fc=0.0000e+00
2026-05-28 18:15:06 [pinn_trainer][lshape][ak_k1][k=-][s=-] INFO Adam   500/1000  loss=4.7359e-02  pde=3.6992e-02  bc=2.0734e-03  ic=0.0000e+00  fc=0.0000e+00
2026-05-28 18:15:24 [pinn_trainer][lshape][ak_k1][k=-][s=-] INFO Adam  1000/1000  loss=3.5214e-02  pde=2.3774e-02  bc=2.2879e-03  ic=0.0000e+00  fc=0.0000e+00
2026-05-28 18:15:33 [pinn_trainer][lshape][ak_k1][k=-][s=-] INFO L-BFGS  300/300  loss=3.5197e-02
2026-05-28 18:15:33 [pinn_trainer][lshape][ak_k1][k=-][s=-] INFO Training done in 48.1 s
2026-05-28 18:15:33 [adaptive_k][lshape][adaptive_k][k=adaptive][s=9] INFO   Win  5  k=1  [6.0→7.5 s]  interior_MAE=2.136°C  → k_next=1
2026-05-28 18:15:33 [pinn_trainer][lshape][ak_k1][k=-][s=-] INFO Training start: t=[7.5,9.0]s  epochs_adam=1000  epochs_lbfgs=300  params=11776
2026-05-28 18:15:35 [pinn_trainer][lshape][ak_k1][k=-][s=-] INFO Adam     1/1000  loss=1.2477e+02  pde=1.2227e+02  bc=5.0092e-01  ic=0.0000e+00  fc=0.0000e+00
2026-05-28 18:15:54 [pinn_trainer][lshape][ak_k1][k=-][s=-] INFO Adam   500/1000  loss=2.8224e-02  pde=2.5242e-02  bc=5.9638e-04  ic=0.0000e+00  fc=0.0000e+00
2026-05-28 18:16:13 [pinn_trainer][lshape][ak_k1][k=-][s=-] INFO Adam  1000/1000  loss=9.3980e-03  pde=6.5436e-03  bc=5.7088e-04  ic=0.0000e+00  fc=0.0000e+00
2026-05-28 18:16:21 [pinn_trainer][lshape][ak_k1][k=-][s=-] INFO L-BFGS  300/300  loss=9.4190e-03
2026-05-28 18:16:21 [pinn_trainer][lshape][ak_k1][k=-][s=-] INFO Training done in 48.1 s
2026-05-28 18:16:21 [adaptive_k][lshape][adaptive_k][k=adaptive][s=9] INFO   Win  6  k=1  [7.5→9.0 s]  interior_MAE=1.080°C  → k_next=2
2026-05-28 18:16:21 [pinn_trainer][lshape][ak_k2][k=-][s=-] INFO Training start: t=[9.0,12.0]s  epochs_adam=1000  epochs_lbfgs=300  params=11776
2026-05-28 18:16:23 [pinn_trainer][lshape][ak_k2][k=-][s=-] INFO Adam     1/1000  loss=2.7357e+01  pde=2.5318e+01  bc=4.0796e-01  ic=0.0000e+00  fc=0.0000e+00
2026-05-28 18:16:42 [pinn_trainer][lshape][ak_k2][k=-][s=-] INFO Adam   500/1000  loss=4.6404e-03  pde=4.1573e-03  bc=9.6619e-05  ic=0.0000e+00  fc=0.0000e+00
2026-05-28 18:17:01 [pinn_trainer][lshape][ak_k2][k=-][s=-] INFO Adam  1000/1000  loss=8.4553e-04  pde=4.5254e-04  bc=7.8598e-05  ic=0.0000e+00  fc=0.0000e+00
2026-05-28 18:17:10 [pinn_trainer][lshape][ak_k2][k=-][s=-] INFO L-BFGS  300/300  loss=8.4582e-04
2026-05-28 18:17:10 [pinn_trainer][lshape][ak_k2][k=-][s=-] INFO Training done in 48.5 s
2026-05-28 18:17:10 [adaptive_k][lshape][adaptive_k][k=adaptive][s=9] INFO   Win  7  k=2  [9.0→12.0 s]  interior_MAE=0.660°C  → k_next=3
2026-05-28 18:17:10 [pinn_trainer][lshape][ak_k3][k=-][s=-] INFO Training start: t=[12.0,16.5]s  epochs_adam=1000  epochs_lbfgs=300  params=11776
2026-05-28 18:17:12 [pinn_trainer][lshape][ak_k3][k=-][s=-] INFO Adam     1/1000  loss=1.4711e+01  pde=1.3761e+01  bc=1.9009e-01  ic=0.0000e+00  fc=0.0000e+00
2026-05-28 18:17:30 [pinn_trainer][lshape][ak_k3][k=-][s=-] INFO Adam   500/1000  loss=9.6010e-04  pde=8.8801e-04  bc=1.4417e-05  ic=0.0000e+00  fc=0.0000e+00
2026-05-28 18:17:49 [pinn_trainer][lshape][ak_k3][k=-][s=-] INFO Adam  1000/1000  loss=6.8421e-05  pde=3.1119e-05  bc=7.4605e-06  ic=0.0000e+00  fc=0.0000e+00
2026-05-28 18:17:55 [pinn_trainer][lshape][ak_k3][k=-][s=-] INFO L-BFGS  300/300  loss=6.4774e-05
2026-05-28 18:17:55 [pinn_trainer][lshape][ak_k3][k=-][s=-] INFO Training done in 45.2 s
2026-05-28 18:17:55 [adaptive_k][lshape][adaptive_k][k=adaptive][s=9] INFO   Win  8  k=3  [12.0→16.5 s]  interior_MAE=0.208°C  → k_next=4
2026-05-28 18:17:55 [pinn_trainer][lshape][ak_k4][k=-][s=-] INFO Training start: t=[16.5,22.5]s  epochs_adam=1000  epochs_lbfgs=300  params=11776
2026-05-28 18:17:57 [pinn_trainer][lshape][ak_k4][k=-][s=-] INFO Adam     1/1000  loss=5.8233e+00  pde=4.7076e+00  bc=2.2314e-01  ic=0.0000e+00  fc=0.0000e+00
2026-05-28 18:18:16 [pinn_trainer][lshape][ak_k4][k=-][s=-] INFO Adam   500/1000  loss=1.3890e-03  pde=1.2702e-03  bc=2.3745e-05  ic=0.0000e+00  fc=0.0000e+00
2026-05-28 18:18:34 [pinn_trainer][lshape][ak_k4][k=-][s=-] INFO Adam  1000/1000  loss=2.4342e-05  pde=2.1403e-05  bc=5.8784e-07  ic=0.0000e+00  fc=0.0000e+00
2026-05-28 18:18:38 [pinn_trainer][lshape][ak_k4][k=-][s=-] INFO L-BFGS  300/300  loss=2.3299e-05
2026-05-28 18:18:38 [pinn_trainer][lshape][ak_k4][k=-][s=-] INFO Training done in 43.3 s
2026-05-28 18:18:38 [adaptive_k][lshape][adaptive_k][k=adaptive][s=9] INFO   Win  9  k=4  [16.5→22.5 s]  interior_MAE=0.064°C  → k_next=5
2026-05-28 18:18:38 [pinn_trainer][lshape][ak_k5][k=-][s=-] INFO Training start: t=[22.5,30.0]s  epochs_adam=1000  epochs_lbfgs=300  params=11776
2026-05-28 18:18:40 [pinn_trainer][lshape][ak_k5][k=-][s=-] INFO Adam     1/1000  loss=6.2465e-01  pde=4.8366e-01  bc=2.8199e-02  ic=0.0000e+00  fc=0.0000e+00
2026-05-28 18:19:00 [pinn_trainer][lshape][ak_k5][k=-][s=-] INFO Adam   500/1000  loss=3.4320e-05  pde=2.2190e-05  bc=2.4261e-06  ic=0.0000e+00  fc=0.0000e+00
2026-05-28 18:19:18 [pinn_trainer][lshape][ak_k5][k=-][s=-] INFO Adam  1000/1000  loss=1.7090e-05  pde=1.1534e-05  bc=1.1112e-06  ic=0.0000e+00  fc=0.0000e+00
2026-05-28 18:19:23 [pinn_trainer][lshape][ak_k5][k=-][s=-] INFO L-BFGS  300/300  loss=1.6231e-05
2026-05-28 18:19:23 [pinn_trainer][lshape][ak_k5][k=-][s=-] INFO Training done in 44.3 s
2026-05-28 18:19:23 [adaptive_k][lshape][adaptive_k][k=adaptive][s=9] INFO   Win 10  k=5  [22.5→30.0 s]  interior_MAE=0.019°C  → k_next=5
2026-05-28 18:19:23 [adaptive_k][lshape][adaptive_k][k=adaptive][s=9] INFO AdaptiveK done | wins=10 | FEM_solves=10/60 | FEM_saving=83% | MAE=2.296°C | L2=0.0211 | t=470 s
2026-05-28 18:19:23 [adaptive_k][lshape][adaptive_k][k=adaptive][s=9] INFO k schedule: t=0.0s:k=1 → t=1.5s:k=1 → t=3.0s:k=1 → t=4.5s:k=1 → t=6.0s:k=1 → t=7.5s:k=1 → t=9.0s:k=2 → t=12.0s:k=3 → t=16.5s:k=4 → t=22.5s:k=5
2026-05-28 18:19:23 [adaptive_k][lshape][adaptive_k][k=adaptive][s=9] INFO Saved → /home/coder/NAS-PINNS1/thermal_pinn/quenching_mswp/results/adaptive_k/lshape/seed9_adaptive_nsga3_75
2026-05-28 18:19:23 [stage_adaptive_k][all][adaptive_k][k=-][s=-] INFO RESULT geo=lshape   seed=9 | MAE=2.296°C | L2=0.0211 | FEM_solves=10/60 | FEM_saving=83%
2026-05-28 18:19:23 [stage_adaptive_k][all][adaptive_k][k=-][s=-] INFO AdaptiveK | geo=flower seed=1 arch=[75, 75, 75] thr_up=2.0 thr_dn=5.0
2026-05-28 18:19:23 [adaptive_k][flower][adaptive_k][k=adaptive][s=1] INFO AdaptiveK | arch=[75, 75, 75] | k=[1..5] | thr_up=2.0°C thr_dn=5.0°C | fourier=False
2026-05-28 18:19:23 [pinn_trainer][flower][ak_k1][k=-][s=-] INFO Training start: t=[0.0,1.5]s  epochs_adam=1000  epochs_lbfgs=300  params=11776
2026-05-28 18:19:28 [pinn_trainer][flower][ak_k1][k=-][s=-] INFO Adam     1/1000  loss=4.4187e+02  pde=4.3503e+02  bc=1.3692e+00  ic=0.0000e+00  fc=0.0000e+00
2026-05-28 18:19:57 [pinn_trainer][flower][ak_k1][k=-][s=-] INFO Adam   500/1000  loss=3.2187e+00  pde=1.9424e+00  bc=2.5527e-01  ic=0.0000e+00  fc=0.0000e+00
2026-05-28 18:20:27 [pinn_trainer][flower][ak_k1][k=-][s=-] INFO Adam  1000/1000  loss=2.1726e+00  pde=1.0474e+00  bc=2.2504e-01  ic=0.0000e+00  fc=0.0000e+00
2026-05-28 18:20:38 [pinn_trainer][flower][ak_k1][k=-][s=-] INFO L-BFGS  300/300  loss=2.2716e+00
2026-05-28 18:20:38 [pinn_trainer][flower][ak_k1][k=-][s=-] INFO Training done in 74.3 s
2026-05-28 18:20:38 [adaptive_k][flower][adaptive_k][k=adaptive][s=1] INFO   Win  1  k=1  [0.0→1.5 s]  interior_MAE=44.122°C  → k_next=1
2026-05-28 18:20:38 [pinn_trainer][flower][ak_k1][k=-][s=-] INFO Training start: t=[1.5,3.0]s  epochs_adam=1000  epochs_lbfgs=300  params=11776
2026-05-28 18:20:42 [pinn_trainer][flower][ak_k1][k=-][s=-] INFO Adam     1/1000  loss=1.0008e+02  pde=9.4784e+01  bc=1.0585e+00  ic=0.0000e+00  fc=0.0000e+00
2026-05-28 18:21:12 [pinn_trainer][flower][ak_k1][k=-][s=-] INFO Adam   500/1000  loss=2.3311e-01  pde=1.7194e-01  bc=1.2236e-02  ic=0.0000e+00  fc=0.0000e+00
2026-05-28 18:21:42 [pinn_trainer][flower][ak_k1][k=-][s=-] INFO Adam  1000/1000  loss=1.6250e-01  pde=1.0167e-01  bc=1.2166e-02  ic=0.0000e+00  fc=0.0000e+00
2026-05-28 18:21:54 [pinn_trainer][flower][ak_k1][k=-][s=-] INFO L-BFGS  300/300  loss=1.6756e-01
2026-05-28 18:21:54 [pinn_trainer][flower][ak_k1][k=-][s=-] INFO Training done in 76.0 s
2026-05-28 18:21:54 [adaptive_k][flower][adaptive_k][k=adaptive][s=1] INFO   Win  2  k=1  [1.5→3.0 s]  interior_MAE=11.297°C  → k_next=1
2026-05-28 18:21:54 [pinn_trainer][flower][ak_k1][k=-][s=-] INFO Training start: t=[3.0,4.5]s  epochs_adam=1000  epochs_lbfgs=300  params=11776
2026-05-28 18:21:58 [pinn_trainer][flower][ak_k1][k=-][s=-] INFO Adam     1/1000  loss=1.8568e+02  pde=1.7653e+02  bc=1.8302e+00  ic=0.0000e+00  fc=0.0000e+00
2026-05-28 18:22:28 [pinn_trainer][flower][ak_k1][k=-][s=-] INFO Adam   500/1000  loss=3.1949e-02  pde=2.8648e-02  bc=6.6018e-04  ic=0.0000e+00  fc=0.0000e+00
2026-05-28 18:22:58 [pinn_trainer][flower][ak_k1][k=-][s=-] INFO Adam  1000/1000  loss=1.0082e-02  pde=7.1489e-03  bc=5.8661e-04  ic=0.0000e+00  fc=0.0000e+00
2026-05-28 18:23:09 [pinn_trainer][flower][ak_k1][k=-][s=-] INFO L-BFGS  300/300  loss=1.0579e-02
2026-05-28 18:23:09 [pinn_trainer][flower][ak_k1][k=-][s=-] INFO Training done in 75.3 s
2026-05-28 18:23:09 [adaptive_k][flower][adaptive_k][k=adaptive][s=1] INFO   Win  3  k=1  [3.0→4.5 s]  interior_MAE=2.382°C  → k_next=1
2026-05-28 18:23:09 [pinn_trainer][flower][ak_k1][k=-][s=-] INFO Training start: t=[4.5,6.0]s  epochs_adam=1000  epochs_lbfgs=300  params=11776
2026-05-28 18:23:13 [pinn_trainer][flower][ak_k1][k=-][s=-] INFO Adam     1/1000  loss=1.1663e+01  pde=1.1154e+01  bc=1.0174e-01  ic=0.0000e+00  fc=0.0000e+00
2026-05-28 18:23:43 [pinn_trainer][flower][ak_k1][k=-][s=-] INFO Adam   500/1000  loss=5.0261e-03  pde=4.8407e-03  bc=3.7094e-05  ic=0.0000e+00  fc=0.0000e+00
2026-05-28 18:24:13 [pinn_trainer][flower][ak_k1][k=-][s=-] INFO Adam  1000/1000  loss=7.9705e-04  pde=6.4677e-04  bc=3.0056e-05  ic=0.0000e+00  fc=0.0000e+00
2026-05-28 18:24:24 [pinn_trainer][flower][ak_k1][k=-][s=-] INFO L-BFGS  300/300  loss=8.2166e-04
2026-05-28 18:24:24 [pinn_trainer][flower][ak_k1][k=-][s=-] INFO Training done in 75.5 s
2026-05-28 18:24:24 [adaptive_k][flower][adaptive_k][k=adaptive][s=1] INFO   Win  4  k=1  [4.5→6.0 s]  interior_MAE=0.559°C  → k_next=2
2026-05-28 18:24:24 [pinn_trainer][flower][ak_k2][k=-][s=-] INFO Training start: t=[6.0,9.0]s  epochs_adam=1000  epochs_lbfgs=300  params=11776
2026-05-28 18:24:29 [pinn_trainer][flower][ak_k2][k=-][s=-] INFO Adam     1/1000  loss=1.3351e+01  pde=1.1431e+01  bc=3.8410e-01  ic=0.0000e+00  fc=0.0000e+00
2026-05-28 18:24:58 [pinn_trainer][flower][ak_k2][k=-][s=-] INFO Adam   500/1000  loss=2.3005e-03  pde=2.1930e-03  bc=2.1493e-05  ic=0.0000e+00  fc=0.0000e+00
2026-05-28 18:25:28 [pinn_trainer][flower][ak_k2][k=-][s=-] INFO Adam  1000/1000  loss=5.8107e-05  pde=4.1309e-05  bc=3.3596e-06  ic=0.0000e+00  fc=0.0000e+00
2026-05-28 18:25:36 [pinn_trainer][flower][ak_k2][k=-][s=-] INFO L-BFGS  300/300  loss=6.2934e-05
2026-05-28 18:25:36 [pinn_trainer][flower][ak_k2][k=-][s=-] INFO Training done in 71.7 s
2026-05-28 18:25:36 [adaptive_k][flower][adaptive_k][k=adaptive][s=1] INFO   Win  5  k=2  [6.0→9.0 s]  interior_MAE=0.177°C  → k_next=3
2026-05-28 18:25:36 [pinn_trainer][flower][ak_k3][k=-][s=-] INFO Training start: t=[9.0,13.5]s  epochs_adam=1000  epochs_lbfgs=300  params=11776
2026-05-28 18:25:41 [pinn_trainer][flower][ak_k3][k=-][s=-] INFO Adam     1/1000  loss=9.6176e+00  pde=9.1018e+00  bc=1.0316e-01  ic=0.0000e+00  fc=0.0000e+00
2026-05-28 18:26:11 [pinn_trainer][flower][ak_k3][k=-][s=-] INFO Adam   500/1000  loss=2.3429e-03  pde=2.3059e-03  bc=7.3973e-06  ic=0.0000e+00  fc=0.0000e+00
2026-05-28 18:26:40 [pinn_trainer][flower][ak_k3][k=-][s=-] INFO Adam  1000/1000  loss=4.5760e-05  pde=3.1055e-05  bc=2.9409e-06  ic=0.0000e+00  fc=0.0000e+00
2026-05-28 18:26:47 [pinn_trainer][flower][ak_k3][k=-][s=-] INFO L-BFGS  300/300  loss=4.5129e-05
2026-05-28 18:26:47 [pinn_trainer][flower][ak_k3][k=-][s=-] INFO Training done in 70.5 s
2026-05-28 18:26:47 [adaptive_k][flower][adaptive_k][k=adaptive][s=1] INFO   Win  6  k=3  [9.0→13.5 s]  interior_MAE=0.037°C  → k_next=4
2026-05-28 18:26:47 [pinn_trainer][flower][ak_k4][k=-][s=-] INFO Training start: t=[13.5,19.5]s  epochs_adam=1000  epochs_lbfgs=300  params=11776
2026-05-28 18:26:51 [pinn_trainer][flower][ak_k4][k=-][s=-] INFO Adam     1/1000  loss=3.4319e+01  pde=3.0609e+01  bc=7.4186e-01  ic=0.0000e+00  fc=0.0000e+00
2026-05-28 18:27:21 [pinn_trainer][flower][ak_k4][k=-][s=-] INFO Adam   500/1000  loss=1.3959e-03  pde=9.6108e-04  bc=8.6959e-05  ic=0.0000e+00  fc=0.0000e+00
2026-05-28 18:27:50 [pinn_trainer][flower][ak_k4][k=-][s=-] INFO Adam  1000/1000  loss=2.9474e-05  pde=1.6778e-05  bc=2.5391e-06  ic=0.0000e+00  fc=0.0000e+00
2026-05-28 18:27:57 [pinn_trainer][flower][ak_k4][k=-][s=-] INFO L-BFGS  300/300  loss=3.0038e-05
2026-05-28 18:27:57 [pinn_trainer][flower][ak_k4][k=-][s=-] INFO Training done in 70.0 s
2026-05-28 18:27:57 [adaptive_k][flower][adaptive_k][k=adaptive][s=1] INFO   Win  7  k=4  [13.5→19.5 s]  interior_MAE=0.026°C  → k_next=5
2026-05-28 18:27:57 [pinn_trainer][flower][ak_k5][k=-][s=-] INFO Training start: t=[19.5,27.0]s  epochs_adam=1000  epochs_lbfgs=300  params=11776
2026-05-28 18:28:01 [pinn_trainer][flower][ak_k5][k=-][s=-] INFO Adam     1/1000  loss=2.6914e+00  pde=1.4973e+00  bc=2.3881e-01  ic=0.0000e+00  fc=0.0000e+00
2026-05-28 18:28:31 [pinn_trainer][flower][ak_k5][k=-][s=-] INFO Adam   500/1000  loss=8.4091e-04  pde=5.0998e-04  bc=6.6187e-05  ic=0.0000e+00  fc=0.0000e+00
2026-05-28 18:29:00 [pinn_trainer][flower][ak_k5][k=-][s=-] INFO Adam  1000/1000  loss=1.4773e-05  pde=1.0015e-05  bc=9.5155e-07  ic=0.0000e+00  fc=0.0000e+00
2026-05-28 18:29:06 [pinn_trainer][flower][ak_k5][k=-][s=-] INFO L-BFGS  300/300  loss=1.5615e-05
2026-05-28 18:29:06 [pinn_trainer][flower][ak_k5][k=-][s=-] INFO Training done in 69.8 s
2026-05-28 18:29:06 [adaptive_k][flower][adaptive_k][k=adaptive][s=1] INFO   Win  8  k=5  [19.5→27.0 s]  interior_MAE=0.031°C  → k_next=5
2026-05-28 18:29:06 [pinn_trainer][flower][ak_k5][k=-][s=-] INFO Training start: t=[27.0,30.0]s  epochs_adam=1000  epochs_lbfgs=300  params=11776
2026-05-28 18:29:11 [pinn_trainer][flower][ak_k5][k=-][s=-] INFO Adam     1/1000  loss=6.9727e+00  pde=6.9355e+00  bc=7.4375e-03  ic=0.0000e+00  fc=0.0000e+00
2026-05-28 18:29:40 [pinn_trainer][flower][ak_k5][k=-][s=-] INFO Adam   500/1000  loss=1.0129e-02  pde=9.1043e-03  bc=2.0498e-04  ic=0.0000e+00  fc=0.0000e+00
2026-05-28 18:30:10 [pinn_trainer][flower][ak_k5][k=-][s=-] INFO Adam  1000/1000  loss=1.8009e-04  pde=1.3422e-04  bc=9.1743e-06  ic=0.0000e+00  fc=0.0000e+00
2026-05-28 18:30:21 [pinn_trainer][flower][ak_k5][k=-][s=-] INFO L-BFGS  300/300  loss=1.7754e-04
2026-05-28 18:30:21 [pinn_trainer][flower][ak_k5][k=-][s=-] INFO Training done in 74.2 s
2026-05-28 18:30:21 [adaptive_k][flower][adaptive_k][k=adaptive][s=1] INFO   Win  9  k=5  [27.0→30.0 s]  interior_MAE=0.013°C  → k_next=5
2026-05-28 18:30:21 [adaptive_k][flower][adaptive_k][k=adaptive][s=1] INFO AdaptiveK done | wins=9 | FEM_solves=9/60 | FEM_saving=85% | MAE=1.978°C | L2=0.0157 | t=657 s
2026-05-28 18:30:21 [adaptive_k][flower][adaptive_k][k=adaptive][s=1] INFO k schedule: t=0.0s:k=1 → t=1.5s:k=1 → t=3.0s:k=1 → t=4.5s:k=1 → t=6.0s:k=2 → t=9.0s:k=3 → t=13.5s:k=4 → t=19.5s:k=5 → t=27.0s:k=5
2026-05-28 18:30:21 [adaptive_k][flower][adaptive_k][k=adaptive][s=1] INFO Saved → /home/coder/NAS-PINNS1/thermal_pinn/quenching_mswp/results/adaptive_k/flower/seed1_adaptive_nsga3_75
2026-05-28 18:30:22 [stage_adaptive_k][all][adaptive_k][k=-][s=-] INFO RESULT geo=flower   seed=1 | MAE=1.978°C | L2=0.0157 | FEM_solves=9/60 | FEM_saving=85%
2026-05-28 18:30:22 [stage_adaptive_k][all][adaptive_k][k=-][s=-] INFO AdaptiveK | geo=flower seed=2 arch=[75, 75, 75] thr_up=2.0 thr_dn=5.0
2026-05-28 18:30:22 [adaptive_k][flower][adaptive_k][k=adaptive][s=2] INFO AdaptiveK | arch=[75, 75, 75] | k=[1..5] | thr_up=2.0°C thr_dn=5.0°C | fourier=False
2026-05-28 18:30:22 [pinn_trainer][flower][ak_k1][k=-][s=-] INFO Training start: t=[0.0,1.5]s  epochs_adam=1000  epochs_lbfgs=300  params=11776
2026-05-28 18:30:26 [pinn_trainer][flower][ak_k1][k=-][s=-] INFO Adam     1/1000  loss=2.5729e+02  pde=2.5433e+02  bc=5.9189e-01  ic=0.0000e+00  fc=0.0000e+00
2026-05-28 18:30:56 [pinn_trainer][flower][ak_k1][k=-][s=-] INFO Adam   500/1000  loss=3.3572e+00  pde=2.0388e+00  bc=2.6368e-01  ic=0.0000e+00  fc=0.0000e+00
2026-05-28 18:31:25 [pinn_trainer][flower][ak_k1][k=-][s=-] INFO Adam  1000/1000  loss=2.4435e+00  pde=1.2441e+00  bc=2.3988e-01  ic=0.0000e+00  fc=0.0000e+00
2026-05-28 18:31:36 [pinn_trainer][flower][ak_k1][k=-][s=-] INFO L-BFGS  300/300  loss=2.5526e+00
2026-05-28 18:31:36 [pinn_trainer][flower][ak_k1][k=-][s=-] INFO Training done in 74.7 s
2026-05-28 18:31:36 [adaptive_k][flower][adaptive_k][k=adaptive][s=2] INFO   Win  1  k=1  [0.0→1.5 s]  interior_MAE=46.354°C  → k_next=1
2026-05-28 18:31:36 [pinn_trainer][flower][ak_k1][k=-][s=-] INFO Training start: t=[1.5,3.0]s  epochs_adam=1000  epochs_lbfgs=300  params=11776
2026-05-28 18:31:40 [pinn_trainer][flower][ak_k1][k=-][s=-] INFO Adam     1/1000  loss=4.8025e+02  pde=4.7331e+02  bc=1.3884e+00  ic=0.0000e+00  fc=0.0000e+00
2026-05-28 18:32:10 [pinn_trainer][flower][ak_k1][k=-][s=-] INFO Adam   500/1000  loss=2.9898e-01  pde=2.4200e-01  bc=1.1395e-02  ic=0.0000e+00  fc=0.0000e+00
2026-05-28 18:32:39 [pinn_trainer][flower][ak_k1][k=-][s=-] INFO Adam  1000/1000  loss=1.8913e-01  pde=1.3107e-01  bc=1.1612e-02  ic=0.0000e+00  fc=0.0000e+00
2026-05-28 18:32:50 [pinn_trainer][flower][ak_k1][k=-][s=-] INFO L-BFGS  300/300  loss=1.9836e-01
2026-05-28 18:32:50 [pinn_trainer][flower][ak_k1][k=-][s=-] INFO Training done in 74.0 s
2026-05-28 18:32:50 [adaptive_k][flower][adaptive_k][k=adaptive][s=2] INFO   Win  2  k=1  [1.5→3.0 s]  interior_MAE=11.109°C  → k_next=1
2026-05-28 18:32:50 [pinn_trainer][flower][ak_k1][k=-][s=-] INFO Training start: t=[3.0,4.5]s  epochs_adam=1000  epochs_lbfgs=300  params=11776
2026-05-28 18:32:54 [pinn_trainer][flower][ak_k1][k=-][s=-] INFO Adam     1/1000  loss=7.8570e+01  pde=7.8218e+01  bc=7.0333e-02  ic=0.0000e+00  fc=0.0000e+00
2026-05-28 18:33:24 [pinn_trainer][flower][ak_k1][k=-][s=-] INFO Adam   500/1000  loss=3.6271e-02  pde=3.2883e-02  bc=6.7749e-04  ic=0.0000e+00  fc=0.0000e+00
2026-05-28 18:33:53 [pinn_trainer][flower][ak_k1][k=-][s=-] INFO Adam  1000/1000  loss=9.8083e-03  pde=6.8453e-03  bc=5.9260e-04  ic=0.0000e+00  fc=0.0000e+00
2026-05-28 18:34:05 [pinn_trainer][flower][ak_k1][k=-][s=-] INFO L-BFGS  300/300  loss=1.0174e-02
2026-05-28 18:34:05 [pinn_trainer][flower][ak_k1][k=-][s=-] INFO Training done in 74.4 s
2026-05-28 18:34:05 [adaptive_k][flower][adaptive_k][k=adaptive][s=2] INFO   Win  3  k=1  [3.0→4.5 s]  interior_MAE=2.302°C  → k_next=1
2026-05-28 18:34:05 [pinn_trainer][flower][ak_k1][k=-][s=-] INFO Training start: t=[4.5,6.0]s  epochs_adam=1000  epochs_lbfgs=300  params=11776
2026-05-28 18:34:09 [pinn_trainer][flower][ak_k1][k=-][s=-] INFO Adam     1/1000  loss=6.5286e+01  pde=6.2860e+01  bc=4.8517e-01  ic=0.0000e+00  fc=0.0000e+00
2026-05-28 18:34:39 [pinn_trainer][flower][ak_k1][k=-][s=-] INFO Adam   500/1000  loss=1.7332e-02  pde=1.6900e-02  bc=8.6448e-05  ic=0.0000e+00  fc=0.0000e+00
2026-05-28 18:35:08 [pinn_trainer][flower][ak_k1][k=-][s=-] INFO Adam  1000/1000  loss=9.4080e-04  pde=7.7276e-04  bc=3.3607e-05  ic=0.0000e+00  fc=0.0000e+00
2026-05-28 18:35:20 [pinn_trainer][flower][ak_k1][k=-][s=-] INFO L-BFGS  300/300  loss=9.6378e-04
2026-05-28 18:35:20 [pinn_trainer][flower][ak_k1][k=-][s=-] INFO Training done in 75.1 s
2026-05-28 18:35:20 [adaptive_k][flower][adaptive_k][k=adaptive][s=2] INFO   Win  4  k=1  [4.5→6.0 s]  interior_MAE=0.543°C  → k_next=2
2026-05-28 18:35:20 [pinn_trainer][flower][ak_k2][k=-][s=-] INFO Training start: t=[6.0,9.0]s  epochs_adam=1000  epochs_lbfgs=300  params=11776
2026-05-28 18:35:24 [pinn_trainer][flower][ak_k2][k=-][s=-] INFO Adam     1/1000  loss=1.2760e+01  pde=1.0333e+01  bc=4.8528e-01  ic=0.0000e+00  fc=0.0000e+00
2026-05-28 18:35:53 [pinn_trainer][flower][ak_k2][k=-][s=-] INFO Adam   500/1000  loss=2.9657e-03  pde=2.4663e-03  bc=9.9883e-05  ic=0.0000e+00  fc=0.0000e+00
2026-05-28 18:36:23 [pinn_trainer][flower][ak_k2][k=-][s=-] INFO Adam  1000/1000  loss=5.9694e-05  pde=4.4683e-05  bc=3.0022e-06  ic=0.0000e+00  fc=0.0000e+00
2026-05-28 18:36:29 [pinn_trainer][flower][ak_k2][k=-][s=-] INFO L-BFGS  300/300  loss=6.0107e-05
2026-05-28 18:36:29 [pinn_trainer][flower][ak_k2][k=-][s=-] INFO Training done in 69.6 s
2026-05-28 18:36:29 [adaptive_k][flower][adaptive_k][k=adaptive][s=2] INFO   Win  5  k=2  [6.0→9.0 s]  interior_MAE=0.200°C  → k_next=3
2026-05-28 18:36:29 [pinn_trainer][flower][ak_k3][k=-][s=-] INFO Training start: t=[9.0,13.5]s  epochs_adam=1000  epochs_lbfgs=300  params=11776
2026-05-28 18:36:34 [pinn_trainer][flower][ak_k3][k=-][s=-] INFO Adam     1/1000  loss=5.8982e+00  pde=5.1727e+00  bc=1.4511e-01  ic=0.0000e+00  fc=0.0000e+00
2026-05-28 18:37:03 [pinn_trainer][flower][ak_k3][k=-][s=-] INFO Adam   500/1000  loss=3.0633e-03  pde=2.0699e-03  bc=1.9870e-04  ic=0.0000e+00  fc=0.0000e+00
2026-05-28 18:37:32 [pinn_trainer][flower][ak_k3][k=-][s=-] INFO Adam  1000/1000  loss=6.8506e-05  pde=4.6101e-05  bc=4.4810e-06  ic=0.0000e+00  fc=0.0000e+00
2026-05-28 18:37:40 [pinn_trainer][flower][ak_k3][k=-][s=-] INFO L-BFGS  300/300  loss=6.6121e-05
2026-05-28 18:37:40 [pinn_trainer][flower][ak_k3][k=-][s=-] INFO Training done in 70.3 s
2026-05-28 18:37:40 [adaptive_k][flower][adaptive_k][k=adaptive][s=2] INFO   Win  6  k=3  [9.0→13.5 s]  interior_MAE=0.017°C  → k_next=4
2026-05-28 18:37:40 [pinn_trainer][flower][ak_k4][k=-][s=-] INFO Training start: t=[13.5,19.5]s  epochs_adam=1000  epochs_lbfgs=300  params=11776
2026-05-28 18:37:44 [pinn_trainer][flower][ak_k4][k=-][s=-] INFO Adam     1/1000  loss=2.0107e+01  pde=1.8350e+01  bc=3.5145e-01  ic=0.0000e+00  fc=0.0000e+00
2026-05-28 18:38:13 [pinn_trainer][flower][ak_k4][k=-][s=-] INFO Adam   500/1000  loss=1.2037e-03  pde=9.8609e-04  bc=4.3532e-05  ic=0.0000e+00  fc=0.0000e+00
2026-05-28 18:38:43 [pinn_trainer][flower][ak_k4][k=-][s=-] INFO Adam  1000/1000  loss=3.6486e-05  pde=2.3240e-05  bc=2.6493e-06  ic=0.0000e+00  fc=0.0000e+00
2026-05-28 18:38:49 [pinn_trainer][flower][ak_k4][k=-][s=-] INFO L-BFGS  300/300  loss=3.6587e-05
2026-05-28 18:38:49 [pinn_trainer][flower][ak_k4][k=-][s=-] INFO Training done in 69.5 s
2026-05-28 18:38:49 [adaptive_k][flower][adaptive_k][k=adaptive][s=2] INFO   Win  7  k=4  [13.5→19.5 s]  interior_MAE=0.015°C  → k_next=5
2026-05-28 18:38:49 [pinn_trainer][flower][ak_k5][k=-][s=-] INFO Training start: t=[19.5,27.0]s  epochs_adam=1000  epochs_lbfgs=300  params=11776
2026-05-28 18:38:53 [pinn_trainer][flower][ak_k5][k=-][s=-] INFO Adam     1/1000  loss=1.0319e+01  pde=9.8684e+00  bc=9.0216e-02  ic=0.0000e+00  fc=0.0000e+00
2026-05-28 18:39:23 [pinn_trainer][flower][ak_k5][k=-][s=-] INFO Adam   500/1000  loss=1.0707e-03  pde=5.8287e-04  bc=9.7563e-05  ic=0.0000e+00  fc=0.0000e+00
2026-05-28 18:39:52 [pinn_trainer][flower][ak_k5][k=-][s=-] INFO Adam  1000/1000  loss=3.7428e-05  pde=2.3050e-05  bc=2.8755e-06  ic=0.0000e+00  fc=0.0000e+00
2026-05-28 18:39:59 [pinn_trainer][flower][ak_k5][k=-][s=-] INFO L-BFGS  300/300  loss=3.8126e-05
2026-05-28 18:39:59 [pinn_trainer][flower][ak_k5][k=-][s=-] INFO Training done in 70.1 s
2026-05-28 18:39:59 [adaptive_k][flower][adaptive_k][k=adaptive][s=2] INFO   Win  8  k=5  [19.5→27.0 s]  interior_MAE=0.051°C  → k_next=5
2026-05-28 18:39:59 [pinn_trainer][flower][ak_k5][k=-][s=-] INFO Training start: t=[27.0,30.0]s  epochs_adam=1000  epochs_lbfgs=300  params=11776
2026-05-28 18:40:04 [pinn_trainer][flower][ak_k5][k=-][s=-] INFO Adam     1/1000  loss=5.2906e+00  pde=4.9753e+00  bc=6.3061e-02  ic=0.0000e+00  fc=0.0000e+00
2026-05-28 18:40:33 [pinn_trainer][flower][ak_k5][k=-][s=-] INFO Adam   500/1000  loss=8.4725e-03  pde=8.3544e-03  bc=2.3623e-05  ic=0.0000e+00  fc=0.0000e+00
2026-05-28 18:41:02 [pinn_trainer][flower][ak_k5][k=-][s=-] INFO Adam  1000/1000  loss=6.8930e-05  pde=4.9618e-05  bc=3.8624e-06  ic=0.0000e+00  fc=0.0000e+00
2026-05-28 18:41:07 [pinn_trainer][flower][ak_k5][k=-][s=-] INFO L-BFGS  300/300  loss=7.0709e-05
2026-05-28 18:41:07 [pinn_trainer][flower][ak_k5][k=-][s=-] INFO Training done in 68.1 s
2026-05-28 18:41:07 [adaptive_k][flower][adaptive_k][k=adaptive][s=2] INFO   Win  9  k=5  [27.0→30.0 s]  interior_MAE=0.040°C  → k_next=5
2026-05-28 18:41:07 [adaptive_k][flower][adaptive_k][k=adaptive][s=2] INFO AdaptiveK done | wins=9 | FEM_solves=9/60 | FEM_saving=85% | MAE=2.047°C | L2=0.0157 | t=646 s
2026-05-28 18:41:07 [adaptive_k][flower][adaptive_k][k=adaptive][s=2] INFO k schedule: t=0.0s:k=1 → t=1.5s:k=1 → t=3.0s:k=1 → t=4.5s:k=1 → t=6.0s:k=2 → t=9.0s:k=3 → t=13.5s:k=4 → t=19.5s:k=5 → t=27.0s:k=5
2026-05-28 18:41:08 [adaptive_k][flower][adaptive_k][k=adaptive][s=2] INFO Saved → /home/coder/NAS-PINNS1/thermal_pinn/quenching_mswp/results/adaptive_k/flower/seed2_adaptive_nsga3_75
2026-05-28 18:41:08 [stage_adaptive_k][all][adaptive_k][k=-][s=-] INFO RESULT geo=flower   seed=2 | MAE=2.047°C | L2=0.0157 | FEM_solves=9/60 | FEM_saving=85%
2026-05-28 18:41:08 [stage_adaptive_k][all][adaptive_k][k=-][s=-] INFO AdaptiveK | geo=flower seed=3 arch=[75, 75, 75] thr_up=2.0 thr_dn=5.0
2026-05-28 18:41:08 [adaptive_k][flower][adaptive_k][k=adaptive][s=3] INFO AdaptiveK | arch=[75, 75, 75] | k=[1..5] | thr_up=2.0°C thr_dn=5.0°C | fourier=False
2026-05-28 18:41:08 [pinn_trainer][flower][ak_k1][k=-][s=-] INFO Training start: t=[0.0,1.5]s  epochs_adam=1000  epochs_lbfgs=300  params=11776
2026-05-28 18:41:12 [pinn_trainer][flower][ak_k1][k=-][s=-] INFO Adam     1/1000  loss=2.8993e+02  pde=2.8722e+02  bc=5.4077e-01  ic=0.0000e+00  fc=0.0000e+00
2026-05-28 18:41:41 [pinn_trainer][flower][ak_k1][k=-][s=-] INFO Adam   500/1000  loss=3.5073e+00  pde=2.1560e+00  bc=2.7025e-01  ic=0.0000e+00  fc=0.0000e+00
2026-05-28 18:42:11 [pinn_trainer][flower][ak_k1][k=-][s=-] INFO Adam  1000/1000  loss=2.6526e+00  pde=1.4703e+00  bc=2.3647e-01  ic=0.0000e+00  fc=0.0000e+00
2026-05-28 18:42:22 [pinn_trainer][flower][ak_k1][k=-][s=-] INFO L-BFGS  300/300  loss=2.7896e+00
2026-05-28 18:42:22 [pinn_trainer][flower][ak_k1][k=-][s=-] INFO Training done in 74.3 s
2026-05-28 18:42:22 [adaptive_k][flower][adaptive_k][k=adaptive][s=3] INFO   Win  1  k=1  [0.0→1.5 s]  interior_MAE=47.375°C  → k_next=1
2026-05-28 18:42:22 [pinn_trainer][flower][ak_k1][k=-][s=-] INFO Training start: t=[1.5,3.0]s  epochs_adam=1000  epochs_lbfgs=300  params=11776
2026-05-28 18:42:27 [pinn_trainer][flower][ak_k1][k=-][s=-] INFO Adam     1/1000  loss=6.6200e+01  pde=6.5609e+01  bc=1.1819e-01  ic=0.0000e+00  fc=0.0000e+00
2026-05-28 18:42:56 [pinn_trainer][flower][ak_k1][k=-][s=-] INFO Adam   500/1000  loss=2.3861e-01  pde=1.8023e-01  bc=1.1676e-02  ic=0.0000e+00  fc=0.0000e+00
2026-05-28 18:43:25 [pinn_trainer][flower][ak_k1][k=-][s=-] INFO Adam  1000/1000  loss=1.5485e-01  pde=9.7537e-02  bc=1.1462e-02  ic=0.0000e+00  fc=0.0000e+00
2026-05-28 18:43:36 [pinn_trainer][flower][ak_k1][k=-][s=-] INFO L-BFGS  300/300  loss=1.6062e-01
2026-05-28 18:43:36 [pinn_trainer][flower][ak_k1][k=-][s=-] INFO Training done in 74.1 s
2026-05-28 18:43:36 [adaptive_k][flower][adaptive_k][k=adaptive][s=3] INFO   Win  2  k=1  [1.5→3.0 s]  interior_MAE=11.108°C  → k_next=1
2026-05-28 18:43:36 [pinn_trainer][flower][ak_k1][k=-][s=-] INFO Training start: t=[3.0,4.5]s  epochs_adam=1000  epochs_lbfgs=300  params=11776
2026-05-28 18:43:41 [pinn_trainer][flower][ak_k1][k=-][s=-] INFO Adam     1/1000  loss=1.5598e+02  pde=1.5148e+02  bc=9.0018e-01  ic=0.0000e+00  fc=0.0000e+00
2026-05-28 18:44:10 [pinn_trainer][flower][ak_k1][k=-][s=-] INFO Adam   500/1000  loss=2.8184e-02  pde=2.4579e-02  bc=7.2084e-04  ic=0.0000e+00  fc=0.0000e+00
2026-05-28 18:44:39 [pinn_trainer][flower][ak_k1][k=-][s=-] INFO Adam  1000/1000  loss=1.1241e-02  pde=8.1418e-03  bc=6.1975e-04  ic=0.0000e+00  fc=0.0000e+00
2026-05-28 18:44:51 [pinn_trainer][flower][ak_k1][k=-][s=-] INFO L-BFGS  300/300  loss=1.1987e-02
2026-05-28 18:44:51 [pinn_trainer][flower][ak_k1][k=-][s=-] INFO Training done in 74.1 s
2026-05-28 18:44:51 [adaptive_k][flower][adaptive_k][k=adaptive][s=3] INFO   Win  3  k=1  [3.0→4.5 s]  interior_MAE=2.323°C  → k_next=1
2026-05-28 18:44:51 [pinn_trainer][flower][ak_k1][k=-][s=-] INFO Training start: t=[4.5,6.0]s  epochs_adam=1000  epochs_lbfgs=300  params=11776
2026-05-28 18:44:55 [pinn_trainer][flower][ak_k1][k=-][s=-] INFO Adam     1/1000  loss=7.2392e+01  pde=7.1768e+01  bc=1.2485e-01  ic=0.0000e+00  fc=0.0000e+00
2026-05-28 18:45:24 [pinn_trainer][flower][ak_k1][k=-][s=-] INFO Adam   500/1000  loss=1.0787e-02  pde=1.0509e-02  bc=5.5462e-05  ic=0.0000e+00  fc=0.0000e+00
2026-05-28 18:45:55 [pinn_trainer][flower][ak_k1][k=-][s=-] INFO Adam  1000/1000  loss=7.9974e-04  pde=6.1265e-04  bc=3.7418e-05  ic=0.0000e+00  fc=0.0000e+00
2026-05-28 18:46:07 [pinn_trainer][flower][ak_k1][k=-][s=-] INFO L-BFGS  300/300  loss=8.1583e-04
2026-05-28 18:46:07 [pinn_trainer][flower][ak_k1][k=-][s=-] INFO Training done in 76.1 s
2026-05-28 18:46:07 [adaptive_k][flower][adaptive_k][k=adaptive][s=3] INFO   Win  4  k=1  [4.5→6.0 s]  interior_MAE=0.557°C  → k_next=2
2026-05-28 18:46:07 [pinn_trainer][flower][ak_k2][k=-][s=-] INFO Training start: t=[6.0,9.0]s  epochs_adam=1000  epochs_lbfgs=300  params=11776
2026-05-28 18:46:11 [pinn_trainer][flower][ak_k2][k=-][s=-] INFO Adam     1/1000  loss=1.5287e+01  pde=1.2772e+01  bc=5.0306e-01  ic=0.0000e+00  fc=0.0000e+00
2026-05-28 18:46:41 [pinn_trainer][flower][ak_k2][k=-][s=-] INFO Adam   500/1000  loss=3.0246e-03  pde=2.7243e-03  bc=6.0059e-05  ic=0.0000e+00  fc=0.0000e+00
2026-05-28 18:47:11 [pinn_trainer][flower][ak_k2][k=-][s=-] INFO Adam  1000/1000  loss=5.1085e-05  pde=3.2801e-05  bc=3.6567e-06  ic=0.0000e+00  fc=0.0000e+00
2026-05-28 18:47:18 [pinn_trainer][flower][ak_k2][k=-][s=-] INFO L-BFGS  300/300  loss=5.2674e-05
2026-05-28 18:47:18 [pinn_trainer][flower][ak_k2][k=-][s=-] INFO Training done in 71.6 s
2026-05-28 18:47:18 [adaptive_k][flower][adaptive_k][k=adaptive][s=3] INFO   Win  5  k=2  [6.0→9.0 s]  interior_MAE=0.189°C  → k_next=3
2026-05-28 18:47:18 [pinn_trainer][flower][ak_k3][k=-][s=-] INFO Training start: t=[9.0,13.5]s  epochs_adam=1000  epochs_lbfgs=300  params=11776
2026-05-28 18:47:22 [pinn_trainer][flower][ak_k3][k=-][s=-] INFO Adam     1/1000  loss=1.5481e+01  pde=1.4761e+01  bc=1.4403e-01  ic=0.0000e+00  fc=0.0000e+00
2026-05-28 18:47:52 [pinn_trainer][flower][ak_k3][k=-][s=-] INFO Adam   500/1000  loss=2.2807e-03  pde=2.2030e-03  bc=1.5532e-05  ic=0.0000e+00  fc=0.0000e+00
2026-05-28 18:48:21 [pinn_trainer][flower][ak_k3][k=-][s=-] INFO Adam  1000/1000  loss=3.6098e-05  pde=2.6382e-05  bc=1.9432e-06  ic=0.0000e+00  fc=0.0000e+00
2026-05-28 18:48:28 [pinn_trainer][flower][ak_k3][k=-][s=-] INFO L-BFGS  300/300  loss=3.6288e-05
2026-05-28 18:48:28 [pinn_trainer][flower][ak_k3][k=-][s=-] INFO Training done in 69.9 s
2026-05-28 18:48:28 [adaptive_k][flower][adaptive_k][k=adaptive][s=3] INFO   Win  6  k=3  [9.0→13.5 s]  interior_MAE=0.023°C  → k_next=4
2026-05-28 18:48:28 [pinn_trainer][flower][ak_k4][k=-][s=-] INFO Training start: t=[13.5,19.5]s  epochs_adam=1000  epochs_lbfgs=300  params=11776
2026-05-28 18:48:32 [pinn_trainer][flower][ak_k4][k=-][s=-] INFO Adam     1/1000  loss=1.8682e+01  pde=1.1494e+01  bc=1.4376e+00  ic=0.0000e+00  fc=0.0000e+00
2026-05-28 18:49:02 [pinn_trainer][flower][ak_k4][k=-][s=-] INFO Adam   500/1000  loss=1.4230e-03  pde=1.3454e-03  bc=1.5523e-05  ic=0.0000e+00  fc=0.0000e+00
2026-05-28 18:49:31 [pinn_trainer][flower][ak_k4][k=-][s=-] INFO Adam  1000/1000  loss=3.5920e-05  pde=2.1543e-05  bc=2.8753e-06  ic=0.0000e+00  fc=0.0000e+00
2026-05-28 18:49:37 [pinn_trainer][flower][ak_k4][k=-][s=-] INFO L-BFGS  300/300  loss=3.6604e-05
2026-05-28 18:49:37 [pinn_trainer][flower][ak_k4][k=-][s=-] INFO Training done in 68.9 s
2026-05-28 18:49:37 [adaptive_k][flower][adaptive_k][k=adaptive][s=3] INFO   Win  7  k=4  [13.5→19.5 s]  interior_MAE=0.037°C  → k_next=5
2026-05-28 18:49:37 [pinn_trainer][flower][ak_k5][k=-][s=-] INFO Training start: t=[19.5,27.0]s  epochs_adam=1000  epochs_lbfgs=300  params=11776
2026-05-28 18:49:41 [pinn_trainer][flower][ak_k5][k=-][s=-] INFO Adam     1/1000  loss=1.3297e+01  pde=1.2153e+01  bc=2.2893e-01  ic=0.0000e+00  fc=0.0000e+00
2026-05-28 18:50:11 [pinn_trainer][flower][ak_k5][k=-][s=-] INFO Adam   500/1000  loss=7.9559e-04  pde=4.4841e-04  bc=6.9437e-05  ic=0.0000e+00  fc=0.0000e+00
2026-05-28 18:50:40 [pinn_trainer][flower][ak_k5][k=-][s=-] INFO Adam  1000/1000  loss=1.5800e-05  pde=1.0873e-05  bc=9.8530e-07  ic=0.0000e+00  fc=0.0000e+00
2026-05-28 18:50:46 [pinn_trainer][flower][ak_k5][k=-][s=-] INFO L-BFGS  300/300  loss=1.6249e-05
2026-05-28 18:50:46 [pinn_trainer][flower][ak_k5][k=-][s=-] INFO Training done in 69.1 s
2026-05-28 18:50:46 [adaptive_k][flower][adaptive_k][k=adaptive][s=3] INFO   Win  8  k=5  [19.5→27.0 s]  interior_MAE=0.026°C  → k_next=5
2026-05-28 18:50:46 [pinn_trainer][flower][ak_k5][k=-][s=-] INFO Training start: t=[27.0,30.0]s  epochs_adam=1000  epochs_lbfgs=300  params=11776
2026-05-28 18:50:50 [pinn_trainer][flower][ak_k5][k=-][s=-] INFO Adam     1/1000  loss=9.9058e+00  pde=8.5125e+00  bc=2.7866e-01  ic=0.0000e+00  fc=0.0000e+00
2026-05-28 18:51:20 [pinn_trainer][flower][ak_k5][k=-][s=-] INFO Adam   500/1000  loss=2.6842e-03  pde=2.6508e-03  bc=6.6835e-06  ic=0.0000e+00  fc=0.0000e+00
2026-05-28 18:51:49 [pinn_trainer][flower][ak_k5][k=-][s=-] INFO Adam  1000/1000  loss=3.4190e-05  pde=2.5553e-05  bc=1.7274e-06  ic=0.0000e+00  fc=0.0000e+00
2026-05-28 18:51:56 [pinn_trainer][flower][ak_k5][k=-][s=-] INFO L-BFGS  300/300  loss=3.2244e-05
2026-05-28 18:51:56 [pinn_trainer][flower][ak_k5][k=-][s=-] INFO Training done in 69.4 s
2026-05-28 18:51:56 [adaptive_k][flower][adaptive_k][k=adaptive][s=3] INFO   Win  9  k=5  [27.0→30.0 s]  interior_MAE=0.035°C  → k_next=5
2026-05-28 18:51:56 [adaptive_k][flower][adaptive_k][k=adaptive][s=3] INFO AdaptiveK done | wins=9 | FEM_solves=9/60 | FEM_saving=85% | MAE=2.080°C | L2=0.0158 | t=648 s
2026-05-28 18:51:56 [adaptive_k][flower][adaptive_k][k=adaptive][s=3] INFO k schedule: t=0.0s:k=1 → t=1.5s:k=1 → t=3.0s:k=1 → t=4.5s:k=1 → t=6.0s:k=2 → t=9.0s:k=3 → t=13.5s:k=4 → t=19.5s:k=5 → t=27.0s:k=5
2026-05-28 18:51:56 [adaptive_k][flower][adaptive_k][k=adaptive][s=3] INFO Saved → /home/coder/NAS-PINNS1/thermal_pinn/quenching_mswp/results/adaptive_k/flower/seed3_adaptive_nsga3_75
2026-05-28 18:51:56 [stage_adaptive_k][all][adaptive_k][k=-][s=-] INFO RESULT geo=flower   seed=3 | MAE=2.080°C | L2=0.0158 | FEM_solves=9/60 | FEM_saving=85%
2026-05-28 18:51:56 [stage_adaptive_k][all][adaptive_k][k=-][s=-] INFO AdaptiveK | geo=flower seed=4 arch=[75, 75, 75] thr_up=2.0 thr_dn=5.0
2026-05-28 18:51:56 [adaptive_k][flower][adaptive_k][k=adaptive][s=4] INFO AdaptiveK | arch=[75, 75, 75] | k=[1..5] | thr_up=2.0°C thr_dn=5.0°C | fourier=False
2026-05-28 18:51:56 [pinn_trainer][flower][ak_k1][k=-][s=-] INFO Training start: t=[0.0,1.5]s  epochs_adam=1000  epochs_lbfgs=300  params=11776
2026-05-28 18:52:00 [pinn_trainer][flower][ak_k1][k=-][s=-] INFO Adam     1/1000  loss=2.8757e+02  pde=2.8342e+02  bc=8.3107e-01  ic=0.0000e+00  fc=0.0000e+00
2026-05-28 18:52:30 [pinn_trainer][flower][ak_k1][k=-][s=-] INFO Adam   500/1000  loss=3.7298e+00  pde=2.3991e+00  bc=2.6615e-01  ic=0.0000e+00  fc=0.0000e+00
2026-05-28 18:52:59 [pinn_trainer][flower][ak_k1][k=-][s=-] INFO Adam  1000/1000  loss=2.3739e+00  pde=1.2217e+00  bc=2.3043e-01  ic=0.0000e+00  fc=0.0000e+00
2026-05-28 18:53:10 [pinn_trainer][flower][ak_k1][k=-][s=-] INFO L-BFGS  300/300  loss=2.5119e+00
2026-05-28 18:53:10 [pinn_trainer][flower][ak_k1][k=-][s=-] INFO Training done in 74.1 s
2026-05-28 18:53:10 [adaptive_k][flower][adaptive_k][k=adaptive][s=4] INFO   Win  1  k=1  [0.0→1.5 s]  interior_MAE=44.689°C  → k_next=1
2026-05-28 18:53:10 [pinn_trainer][flower][ak_k1][k=-][s=-] INFO Training start: t=[1.5,3.0]s  epochs_adam=1000  epochs_lbfgs=300  params=11776
2026-05-28 18:53:15 [pinn_trainer][flower][ak_k1][k=-][s=-] INFO Adam     1/1000  loss=6.2952e+01  pde=5.9887e+01  bc=6.1318e-01  ic=0.0000e+00  fc=0.0000e+00
2026-05-28 18:53:44 [pinn_trainer][flower][ak_k1][k=-][s=-] INFO Adam   500/1000  loss=3.6673e-01  pde=3.0446e-01  bc=1.2454e-02  ic=0.0000e+00  fc=0.0000e+00
2026-05-28 18:54:14 [pinn_trainer][flower][ak_k1][k=-][s=-] INFO Adam  1000/1000  loss=1.3257e-01  pde=7.7211e-02  bc=1.1072e-02  ic=0.0000e+00  fc=0.0000e+00
2026-05-28 18:54:25 [pinn_trainer][flower][ak_k1][k=-][s=-] INFO L-BFGS  300/300  loss=1.3532e-01
2026-05-28 18:54:25 [pinn_trainer][flower][ak_k1][k=-][s=-] INFO Training done in 74.4 s
2026-05-28 18:54:25 [adaptive_k][flower][adaptive_k][k=adaptive][s=4] INFO   Win  2  k=1  [1.5→3.0 s]  interior_MAE=10.988°C  → k_next=1
2026-05-28 18:54:25 [pinn_trainer][flower][ak_k1][k=-][s=-] INFO Training start: t=[3.0,4.5]s  epochs_adam=1000  epochs_lbfgs=300  params=11776
2026-05-28 18:54:29 [pinn_trainer][flower][ak_k1][k=-][s=-] INFO Adam     1/1000  loss=1.2348e+02  pde=1.1919e+02  bc=8.5759e-01  ic=0.0000e+00  fc=0.0000e+00
2026-05-28 18:54:58 [pinn_trainer][flower][ak_k1][k=-][s=-] INFO Adam   500/1000  loss=4.2865e-02  pde=3.9160e-02  bc=7.4097e-04  ic=0.0000e+00  fc=0.0000e+00
2026-05-28 18:55:29 [pinn_trainer][flower][ak_k1][k=-][s=-] INFO Adam  1000/1000  loss=1.2245e-02  pde=9.3033e-03  bc=5.8835e-04  ic=0.0000e+00  fc=0.0000e+00
2026-05-28 18:55:40 [pinn_trainer][flower][ak_k1][k=-][s=-] INFO L-BFGS  300/300  loss=1.2683e-02
2026-05-28 18:55:40 [pinn_trainer][flower][ak_k1][k=-][s=-] INFO Training done in 75.3 s
2026-05-28 18:55:40 [adaptive_k][flower][adaptive_k][k=adaptive][s=4] INFO   Win  3  k=1  [3.0→4.5 s]  interior_MAE=2.427°C  → k_next=1
2026-05-28 18:55:40 [pinn_trainer][flower][ak_k1][k=-][s=-] INFO Training start: t=[4.5,6.0]s  epochs_adam=1000  epochs_lbfgs=300  params=11776
2026-05-28 18:55:44 [pinn_trainer][flower][ak_k1][k=-][s=-] INFO Adam     1/1000  loss=1.1418e+02  pde=1.0840e+02  bc=1.1552e+00  ic=0.0000e+00  fc=0.0000e+00
2026-05-28 18:56:14 [pinn_trainer][flower][ak_k1][k=-][s=-] INFO Adam   500/1000  loss=1.4209e-02  pde=1.3953e-02  bc=5.1148e-05  ic=0.0000e+00  fc=0.0000e+00
2026-05-28 18:56:43 [pinn_trainer][flower][ak_k1][k=-][s=-] INFO Adam  1000/1000  loss=6.9586e-04  pde=5.4436e-04  bc=3.0300e-05  ic=0.0000e+00  fc=0.0000e+00
2026-05-28 18:56:55 [pinn_trainer][flower][ak_k1][k=-][s=-] INFO L-BFGS  300/300  loss=7.2352e-04
2026-05-28 18:56:55 [pinn_trainer][flower][ak_k1][k=-][s=-] INFO Training done in 74.5 s
2026-05-28 18:56:55 [adaptive_k][flower][adaptive_k][k=adaptive][s=4] INFO   Win  4  k=1  [4.5→6.0 s]  interior_MAE=0.540°C  → k_next=2
2026-05-28 18:56:55 [pinn_trainer][flower][ak_k2][k=-][s=-] INFO Training start: t=[6.0,9.0]s  epochs_adam=1000  epochs_lbfgs=300  params=11776
2026-05-28 18:56:59 [pinn_trainer][flower][ak_k2][k=-][s=-] INFO Adam     1/1000  loss=2.8586e+01  pde=2.7576e+01  bc=2.0191e-01  ic=0.0000e+00  fc=0.0000e+00
2026-05-28 18:57:28 [pinn_trainer][flower][ak_k2][k=-][s=-] INFO Adam   500/1000  loss=2.4877e-03  pde=2.3834e-03  bc=2.0850e-05  ic=0.0000e+00  fc=0.0000e+00
2026-05-28 18:57:58 [pinn_trainer][flower][ak_k2][k=-][s=-] INFO Adam  1000/1000  loss=5.2398e-05  pde=3.5606e-05  bc=3.3585e-06  ic=0.0000e+00  fc=0.0000e+00
2026-05-28 18:58:06 [pinn_trainer][flower][ak_k2][k=-][s=-] INFO L-BFGS  300/300  loss=5.2843e-05
2026-05-28 18:58:06 [pinn_trainer][flower][ak_k2][k=-][s=-] INFO Training done in 71.3 s
2026-05-28 18:58:06 [adaptive_k][flower][adaptive_k][k=adaptive][s=4] INFO   Win  5  k=2  [6.0→9.0 s]  interior_MAE=0.201°C  → k_next=3
2026-05-28 18:58:06 [pinn_trainer][flower][ak_k3][k=-][s=-] INFO Training start: t=[9.0,13.5]s  epochs_adam=1000  epochs_lbfgs=300  params=11776
2026-05-28 18:58:10 [pinn_trainer][flower][ak_k3][k=-][s=-] INFO Adam     1/1000  loss=1.2681e+00  pde=1.0943e+00  bc=3.4759e-02  ic=0.0000e+00  fc=0.0000e+00
2026-05-28 18:58:39 [pinn_trainer][flower][ak_k3][k=-][s=-] INFO Adam   500/1000  loss=1.8764e-03  pde=1.6742e-03  bc=4.0431e-05  ic=0.0000e+00  fc=0.0000e+00
2026-05-28 18:59:09 [pinn_trainer][flower][ak_k3][k=-][s=-] INFO Adam  1000/1000  loss=3.9995e-05  pde=2.9172e-05  bc=2.1647e-06  ic=0.0000e+00  fc=0.0000e+00
2026-05-28 18:59:17 [pinn_trainer][flower][ak_k3][k=-][s=-] INFO L-BFGS  300/300  loss=4.2253e-05
2026-05-28 18:59:17 [pinn_trainer][flower][ak_k3][k=-][s=-] INFO Training done in 70.9 s
2026-05-28 18:59:17 [adaptive_k][flower][adaptive_k][k=adaptive][s=4] INFO   Win  6  k=3  [9.0→13.5 s]  interior_MAE=0.016°C  → k_next=4
2026-05-28 18:59:17 [pinn_trainer][flower][ak_k4][k=-][s=-] INFO Training start: t=[13.5,19.5]s  epochs_adam=1000  epochs_lbfgs=300  params=11776
2026-05-28 18:59:21 [pinn_trainer][flower][ak_k4][k=-][s=-] INFO Adam     1/1000  loss=8.0687e+00  pde=7.8185e+00  bc=5.0056e-02  ic=0.0000e+00  fc=0.0000e+00
2026-05-28 18:59:50 [pinn_trainer][flower][ak_k4][k=-][s=-] INFO Adam   500/1000  loss=3.4880e-04  pde=2.4417e-04  bc=2.0925e-05  ic=0.0000e+00  fc=0.0000e+00
2026-05-28 19:00:19 [pinn_trainer][flower][ak_k4][k=-][s=-] INFO Adam  1000/1000  loss=3.0870e-05  pde=2.1976e-05  bc=1.7789e-06  ic=0.0000e+00  fc=0.0000e+00
2026-05-28 19:00:25 [pinn_trainer][flower][ak_k4][k=-][s=-] INFO L-BFGS  300/300  loss=3.2818e-05
2026-05-28 19:00:25 [pinn_trainer][flower][ak_k4][k=-][s=-] INFO Training done in 68.5 s
2026-05-28 19:00:25 [adaptive_k][flower][adaptive_k][k=adaptive][s=4] INFO   Win  7  k=4  [13.5→19.5 s]  interior_MAE=0.013°C  → k_next=5
2026-05-28 19:00:25 [pinn_trainer][flower][ak_k5][k=-][s=-] INFO Training start: t=[19.5,27.0]s  epochs_adam=1000  epochs_lbfgs=300  params=11776
2026-05-28 19:00:29 [pinn_trainer][flower][ak_k5][k=-][s=-] INFO Adam     1/1000  loss=5.6079e+01  pde=4.1296e+01  bc=2.9566e+00  ic=0.0000e+00  fc=0.0000e+00
2026-05-28 19:00:59 [pinn_trainer][flower][ak_k5][k=-][s=-] INFO Adam   500/1000  loss=1.3201e-04  pde=1.0071e-04  bc=6.2612e-06  ic=0.0000e+00  fc=0.0000e+00
2026-05-28 19:01:28 [pinn_trainer][flower][ak_k5][k=-][s=-] INFO Adam  1000/1000  loss=2.3934e-05  pde=1.5618e-05  bc=1.6633e-06  ic=0.0000e+00  fc=0.0000e+00
2026-05-28 19:01:34 [pinn_trainer][flower][ak_k5][k=-][s=-] INFO L-BFGS  300/300  loss=2.2326e-05
2026-05-28 19:01:34 [pinn_trainer][flower][ak_k5][k=-][s=-] INFO Training done in 69.2 s
2026-05-28 19:01:35 [adaptive_k][flower][adaptive_k][k=adaptive][s=4] INFO   Win  8  k=5  [19.5→27.0 s]  interior_MAE=0.049°C  → k_next=5
2026-05-28 19:01:35 [pinn_trainer][flower][ak_k5][k=-][s=-] INFO Training start: t=[27.0,30.0]s  epochs_adam=1000  epochs_lbfgs=300  params=11776
2026-05-28 19:01:39 [pinn_trainer][flower][ak_k5][k=-][s=-] INFO Adam     1/1000  loss=4.2809e+01  pde=3.7390e+01  bc=1.0838e+00  ic=0.0000e+00  fc=0.0000e+00
2026-05-28 19:02:08 [pinn_trainer][flower][ak_k5][k=-][s=-] INFO Adam   500/1000  loss=5.7644e-03  pde=5.7403e-03  bc=4.8044e-06  ic=0.0000e+00  fc=0.0000e+00
2026-05-28 19:02:38 [pinn_trainer][flower][ak_k5][k=-][s=-] INFO Adam  1000/1000  loss=6.2738e-05  pde=5.8677e-05  bc=8.1214e-07  ic=0.0000e+00  fc=0.0000e+00
2026-05-28 19:02:46 [pinn_trainer][flower][ak_k5][k=-][s=-] INFO L-BFGS  300/300  loss=6.3496e-05
2026-05-28 19:02:46 [pinn_trainer][flower][ak_k5][k=-][s=-] INFO Training done in 71.0 s
2026-05-28 19:02:46 [adaptive_k][flower][adaptive_k][k=adaptive][s=4] INFO   Win  9  k=5  [27.0→30.0 s]  interior_MAE=0.015°C  → k_next=5
2026-05-28 19:02:46 [adaptive_k][flower][adaptive_k][k=adaptive][s=4] INFO AdaptiveK done | wins=9 | FEM_solves=9/60 | FEM_saving=85% | MAE=1.989°C | L2=0.0158 | t=649 s
2026-05-28 19:02:46 [adaptive_k][flower][adaptive_k][k=adaptive][s=4] INFO k schedule: t=0.0s:k=1 → t=1.5s:k=1 → t=3.0s:k=1 → t=4.5s:k=1 → t=6.0s:k=2 → t=9.0s:k=3 → t=13.5s:k=4 → t=19.5s:k=5 → t=27.0s:k=5
2026-05-28 19:02:46 [adaptive_k][flower][adaptive_k][k=adaptive][s=4] INFO Saved → /home/coder/NAS-PINNS1/thermal_pinn/quenching_mswp/results/adaptive_k/flower/seed4_adaptive_nsga3_75
2026-05-28 19:02:46 [stage_adaptive_k][all][adaptive_k][k=-][s=-] INFO RESULT geo=flower   seed=4 | MAE=1.989°C | L2=0.0158 | FEM_solves=9/60 | FEM_saving=85%
2026-05-28 19:02:46 [stage_adaptive_k][all][adaptive_k][k=-][s=-] INFO AdaptiveK | geo=flower seed=5 arch=[75, 75, 75] thr_up=2.0 thr_dn=5.0
2026-05-28 19:02:46 [adaptive_k][flower][adaptive_k][k=adaptive][s=5] INFO AdaptiveK | arch=[75, 75, 75] | k=[1..5] | thr_up=2.0°C thr_dn=5.0°C | fourier=False
2026-05-28 19:02:46 [pinn_trainer][flower][ak_k1][k=-][s=-] INFO Training start: t=[0.0,1.5]s  epochs_adam=1000  epochs_lbfgs=300  params=11776
2026-05-28 19:02:50 [pinn_trainer][flower][ak_k1][k=-][s=-] INFO Adam     1/1000  loss=3.2454e+02  pde=3.2142e+02  bc=6.2552e-01  ic=0.0000e+00  fc=0.0000e+00
2026-05-28 19:03:20 [pinn_trainer][flower][ak_k1][k=-][s=-] INFO Adam   500/1000  loss=3.5139e+00  pde=2.2803e+00  bc=2.4671e-01  ic=0.0000e+00  fc=0.0000e+00
2026-05-28 19:03:51 [pinn_trainer][flower][ak_k1][k=-][s=-] INFO Adam  1000/1000  loss=2.6129e+00  pde=1.4163e+00  bc=2.3932e-01  ic=0.0000e+00  fc=0.0000e+00
2026-05-28 19:04:02 [pinn_trainer][flower][ak_k1][k=-][s=-] INFO L-BFGS  300/300  loss=2.7504e+00
2026-05-28 19:04:02 [pinn_trainer][flower][ak_k1][k=-][s=-] INFO Training done in 75.9 s
2026-05-28 19:04:02 [adaptive_k][flower][adaptive_k][k=adaptive][s=5] INFO   Win  1  k=1  [0.0→1.5 s]  interior_MAE=45.741°C  → k_next=1
2026-05-28 19:04:02 [pinn_trainer][flower][ak_k1][k=-][s=-] INFO Training start: t=[1.5,3.0]s  epochs_adam=1000  epochs_lbfgs=300  params=11776
2026-05-28 19:04:06 [pinn_trainer][flower][ak_k1][k=-][s=-] INFO Adam     1/1000  loss=6.0287e+01  pde=5.6951e+01  bc=6.6724e-01  ic=0.0000e+00  fc=0.0000e+00
2026-05-28 19:04:36 [pinn_trainer][flower][ak_k1][k=-][s=-] INFO Adam   500/1000  loss=3.2132e-01  pde=2.6336e-01  bc=1.1592e-02  ic=0.0000e+00  fc=0.0000e+00
2026-05-28 19:05:05 [pinn_trainer][flower][ak_k1][k=-][s=-] INFO Adam  1000/1000  loss=1.9906e-01  pde=1.4404e-01  bc=1.1005e-02  ic=0.0000e+00  fc=0.0000e+00
2026-05-28 19:05:17 [pinn_trainer][flower][ak_k1][k=-][s=-] INFO L-BFGS  300/300  loss=2.0734e-01
2026-05-28 19:05:17 [pinn_trainer][flower][ak_k1][k=-][s=-] INFO Training done in 74.8 s
2026-05-28 19:05:17 [adaptive_k][flower][adaptive_k][k=adaptive][s=5] INFO   Win  2  k=1  [1.5→3.0 s]  interior_MAE=11.119°C  → k_next=1
2026-05-28 19:05:17 [pinn_trainer][flower][ak_k1][k=-][s=-] INFO Training start: t=[3.0,4.5]s  epochs_adam=1000  epochs_lbfgs=300  params=11776
2026-05-28 19:05:21 [pinn_trainer][flower][ak_k1][k=-][s=-] INFO Adam     1/1000  loss=7.7473e+01  pde=7.4889e+01  bc=5.1673e-01  ic=0.0000e+00  fc=0.0000e+00
2026-05-28 19:05:51 [pinn_trainer][flower][ak_k1][k=-][s=-] INFO Adam   500/1000  loss=3.2948e-02  pde=2.9810e-02  bc=6.2767e-04  ic=0.0000e+00  fc=0.0000e+00
2026-05-28 19:06:20 [pinn_trainer][flower][ak_k1][k=-][s=-] INFO Adam  1000/1000  loss=1.0573e-02  pde=7.6340e-03  bc=5.8784e-04  ic=0.0000e+00  fc=0.0000e+00
2026-05-28 19:06:31 [pinn_trainer][flower][ak_k1][k=-][s=-] INFO L-BFGS  300/300  loss=1.1048e-02
2026-05-28 19:06:31 [pinn_trainer][flower][ak_k1][k=-][s=-] INFO Training done in 74.4 s
2026-05-28 19:06:31 [adaptive_k][flower][adaptive_k][k=adaptive][s=5] INFO   Win  3  k=1  [3.0→4.5 s]  interior_MAE=2.268°C  → k_next=1
2026-05-28 19:06:31 [pinn_trainer][flower][ak_k1][k=-][s=-] INFO Training start: t=[4.5,6.0]s  epochs_adam=1000  epochs_lbfgs=300  params=11776
2026-05-28 19:06:35 [pinn_trainer][flower][ak_k1][k=-][s=-] INFO Adam     1/1000  loss=7.6590e+01  pde=7.6492e+01  bc=1.9584e-02  ic=0.0000e+00  fc=0.0000e+00
2026-05-28 19:07:05 [pinn_trainer][flower][ak_k1][k=-][s=-] INFO Adam   500/1000  loss=1.0106e-02  pde=9.8923e-03  bc=4.2773e-05  ic=0.0000e+00  fc=0.0000e+00
2026-05-28 19:07:36 [pinn_trainer][flower][ak_k1][k=-][s=-] INFO Adam  1000/1000  loss=7.4286e-04  pde=5.7703e-04  bc=3.3165e-05  ic=0.0000e+00  fc=0.0000e+00
2026-05-28 19:07:47 [pinn_trainer][flower][ak_k1][k=-][s=-] INFO L-BFGS  300/300  loss=7.5025e-04
2026-05-28 19:07:47 [pinn_trainer][flower][ak_k1][k=-][s=-] INFO Training done in 75.9 s
2026-05-28 19:07:47 [adaptive_k][flower][adaptive_k][k=adaptive][s=5] INFO   Win  4  k=1  [4.5→6.0 s]  interior_MAE=0.527°C  → k_next=2
2026-05-28 19:07:47 [pinn_trainer][flower][ak_k2][k=-][s=-] INFO Training start: t=[6.0,9.0]s  epochs_adam=1000  epochs_lbfgs=300  params=11776
2026-05-28 19:07:52 [pinn_trainer][flower][ak_k2][k=-][s=-] INFO Adam     1/1000  loss=9.6773e+00  pde=7.8879e+00  bc=3.5789e-01  ic=0.0000e+00  fc=0.0000e+00
2026-05-28 19:08:22 [pinn_trainer][flower][ak_k2][k=-][s=-] INFO Adam   500/1000  loss=3.5863e-03  pde=3.1266e-03  bc=9.1944e-05  ic=0.0000e+00  fc=0.0000e+00
2026-05-28 19:08:52 [pinn_trainer][flower][ak_k2][k=-][s=-] INFO Adam  1000/1000  loss=1.3557e-04  pde=1.0502e-04  bc=6.1104e-06  ic=0.0000e+00  fc=0.0000e+00
2026-05-28 19:09:01 [pinn_trainer][flower][ak_k2][k=-][s=-] INFO L-BFGS  300/300  loss=1.3634e-04
2026-05-28 19:09:01 [pinn_trainer][flower][ak_k2][k=-][s=-] INFO Training done in 73.8 s
2026-05-28 19:09:01 [adaptive_k][flower][adaptive_k][k=adaptive][s=5] INFO   Win  5  k=2  [6.0→9.0 s]  interior_MAE=0.176°C  → k_next=3
2026-05-28 19:09:01 [pinn_trainer][flower][ak_k3][k=-][s=-] INFO Training start: t=[9.0,13.5]s  epochs_adam=1000  epochs_lbfgs=300  params=11776
2026-05-28 19:09:05 [pinn_trainer][flower][ak_k3][k=-][s=-] INFO Adam     1/1000  loss=4.3050e+00  pde=4.1624e+00  bc=2.8515e-02  ic=0.0000e+00  fc=0.0000e+00
2026-05-28 19:09:35 [pinn_trainer][flower][ak_k3][k=-][s=-] INFO Adam   500/1000  loss=4.7614e-03  pde=4.2789e-03  bc=9.6508e-05  ic=0.0000e+00  fc=0.0000e+00
2026-05-28 19:10:04 [pinn_trainer][flower][ak_k3][k=-][s=-] INFO Adam  1000/1000  loss=7.6009e-05  pde=5.2106e-05  bc=4.7805e-06  ic=0.0000e+00  fc=0.0000e+00
2026-05-28 19:10:12 [pinn_trainer][flower][ak_k3][k=-][s=-] INFO L-BFGS  300/300  loss=7.6709e-05
2026-05-28 19:10:12 [pinn_trainer][flower][ak_k3][k=-][s=-] INFO Training done in 71.0 s
2026-05-28 19:10:12 [adaptive_k][flower][adaptive_k][k=adaptive][s=5] INFO   Win  6  k=3  [9.0→13.5 s]  interior_MAE=0.035°C  → k_next=4
2026-05-28 19:10:12 [pinn_trainer][flower][ak_k4][k=-][s=-] INFO Training start: t=[13.5,19.5]s  epochs_adam=1000  epochs_lbfgs=300  params=11776
2026-05-28 19:10:16 [pinn_trainer][flower][ak_k4][k=-][s=-] INFO Adam     1/1000  loss=1.2092e+01  pde=9.2679e+00  bc=5.6487e-01  ic=0.0000e+00  fc=0.0000e+00
2026-05-28 19:10:46 [pinn_trainer][flower][ak_k4][k=-][s=-] INFO Adam   500/1000  loss=1.2505e-04  pde=1.1368e-04  bc=2.2742e-06  ic=0.0000e+00  fc=0.0000e+00
2026-05-28 19:11:16 [pinn_trainer][flower][ak_k4][k=-][s=-] INFO Adam  1000/1000  loss=1.1331e-05  pde=7.9819e-06  bc=6.6980e-07  ic=0.0000e+00  fc=0.0000e+00
2026-05-28 19:11:22 [pinn_trainer][flower][ak_k4][k=-][s=-] INFO L-BFGS  300/300  loss=1.1803e-05
2026-05-28 19:11:22 [pinn_trainer][flower][ak_k4][k=-][s=-] INFO Training done in 70.2 s
2026-05-28 19:11:22 [adaptive_k][flower][adaptive_k][k=adaptive][s=5] INFO   Win  7  k=4  [13.5→19.5 s]  interior_MAE=0.030°C  → k_next=5
2026-05-28 19:11:22 [pinn_trainer][flower][ak_k5][k=-][s=-] INFO Training start: t=[19.5,27.0]s  epochs_adam=1000  epochs_lbfgs=300  params=11776
2026-05-28 19:11:27 [pinn_trainer][flower][ak_k5][k=-][s=-] INFO Adam     1/1000  loss=1.6036e+01  pde=1.2607e+01  bc=6.8587e-01  ic=0.0000e+00  fc=0.0000e+00
2026-05-28 19:11:57 [pinn_trainer][flower][ak_k5][k=-][s=-] INFO Adam   500/1000  loss=5.0239e-05  pde=3.2857e-05  bc=3.4764e-06  ic=0.0000e+00  fc=0.0000e+00
2026-05-28 19:12:27 [pinn_trainer][flower][ak_k5][k=-][s=-] INFO Adam  1000/1000  loss=2.5694e-05  pde=1.5467e-05  bc=2.0453e-06  ic=0.0000e+00  fc=0.0000e+00
2026-05-28 19:12:33 [pinn_trainer][flower][ak_k5][k=-][s=-] INFO L-BFGS  300/300  loss=2.6477e-05
2026-05-28 19:12:33 [pinn_trainer][flower][ak_k5][k=-][s=-] INFO Training done in 71.2 s
2026-05-28 19:12:33 [adaptive_k][flower][adaptive_k][k=adaptive][s=5] INFO   Win  8  k=5  [19.5→27.0 s]  interior_MAE=0.013°C  → k_next=5
2026-05-28 19:12:33 [pinn_trainer][flower][ak_k5][k=-][s=-] INFO Training start: t=[27.0,30.0]s  epochs_adam=1000  epochs_lbfgs=300  params=11776
2026-05-28 19:12:38 [pinn_trainer][flower][ak_k5][k=-][s=-] INFO Adam     1/1000  loss=1.2814e+01  pde=1.0770e+01  bc=4.0889e-01  ic=0.0000e+00  fc=0.0000e+00
2026-05-28 19:13:08 [pinn_trainer][flower][ak_k5][k=-][s=-] INFO Adam   500/1000  loss=5.6140e-03  pde=5.3446e-03  bc=5.3882e-05  ic=0.0000e+00  fc=0.0000e+00
2026-05-28 19:13:38 [pinn_trainer][flower][ak_k5][k=-][s=-] INFO Adam  1000/1000  loss=1.1160e-04  pde=8.3196e-05  bc=5.6805e-06  ic=0.0000e+00  fc=0.0000e+00
2026-05-28 19:13:46 [pinn_trainer][flower][ak_k5][k=-][s=-] INFO L-BFGS  300/300  loss=1.0679e-04
2026-05-28 19:13:46 [pinn_trainer][flower][ak_k5][k=-][s=-] INFO Training done in 72.5 s
2026-05-28 19:13:46 [adaptive_k][flower][adaptive_k][k=adaptive][s=5] INFO   Win  9  k=5  [27.0→30.0 s]  interior_MAE=0.050°C  → k_next=5
2026-05-28 19:13:46 [adaptive_k][flower][adaptive_k][k=adaptive][s=5] INFO AdaptiveK done | wins=9 | FEM_solves=9/60 | FEM_saving=85% | MAE=2.020°C | L2=0.0155 | t=660 s
2026-05-28 19:13:46 [adaptive_k][flower][adaptive_k][k=adaptive][s=5] INFO k schedule: t=0.0s:k=1 → t=1.5s:k=1 → t=3.0s:k=1 → t=4.5s:k=1 → t=6.0s:k=2 → t=9.0s:k=3 → t=13.5s:k=4 → t=19.5s:k=5 → t=27.0s:k=5
2026-05-28 19:13:46 [adaptive_k][flower][adaptive_k][k=adaptive][s=5] INFO Saved → /home/coder/NAS-PINNS1/thermal_pinn/quenching_mswp/results/adaptive_k/flower/seed5_adaptive_nsga3_75
2026-05-28 19:13:46 [stage_adaptive_k][all][adaptive_k][k=-][s=-] INFO RESULT geo=flower   seed=5 | MAE=2.020°C | L2=0.0155 | FEM_solves=9/60 | FEM_saving=85%
2026-05-28 19:13:46 [stage_adaptive_k][all][adaptive_k][k=-][s=-] INFO AdaptiveK | geo=flower seed=6 arch=[75, 75, 75] thr_up=2.0 thr_dn=5.0
2026-05-28 19:13:46 [adaptive_k][flower][adaptive_k][k=adaptive][s=6] INFO AdaptiveK | arch=[75, 75, 75] | k=[1..5] | thr_up=2.0°C thr_dn=5.0°C | fourier=False
2026-05-28 19:13:46 [pinn_trainer][flower][ak_k1][k=-][s=-] INFO Training start: t=[0.0,1.5]s  epochs_adam=1000  epochs_lbfgs=300  params=11776
2026-05-28 19:13:51 [pinn_trainer][flower][ak_k1][k=-][s=-] INFO Adam     1/1000  loss=2.9212e+02  pde=2.8732e+02  bc=9.5871e-01  ic=0.0000e+00  fc=0.0000e+00
2026-05-28 19:14:20 [pinn_trainer][flower][ak_k1][k=-][s=-] INFO Adam   500/1000  loss=3.9997e+00  pde=2.7149e+00  bc=2.5696e-01  ic=0.0000e+00  fc=0.0000e+00
2026-05-28 19:14:50 [pinn_trainer][flower][ak_k1][k=-][s=-] INFO Adam  1000/1000  loss=2.4775e+00  pde=1.2696e+00  bc=2.4157e-01  ic=0.0000e+00  fc=0.0000e+00
2026-05-28 19:15:01 [pinn_trainer][flower][ak_k1][k=-][s=-] INFO L-BFGS  300/300  loss=2.6171e+00
2026-05-28 19:15:01 [pinn_trainer][flower][ak_k1][k=-][s=-] INFO Training done in 74.3 s
2026-05-28 19:15:01 [adaptive_k][flower][adaptive_k][k=adaptive][s=6] INFO   Win  1  k=1  [0.0→1.5 s]  interior_MAE=43.993°C  → k_next=1
2026-05-28 19:15:01 [pinn_trainer][flower][ak_k1][k=-][s=-] INFO Training start: t=[1.5,3.0]s  epochs_adam=1000  epochs_lbfgs=300  params=11776
2026-05-28 19:15:06 [pinn_trainer][flower][ak_k1][k=-][s=-] INFO Adam     1/1000  loss=5.5600e+01  pde=5.3457e+01  bc=4.2866e-01  ic=0.0000e+00  fc=0.0000e+00
2026-05-28 19:15:37 [pinn_trainer][flower][ak_k1][k=-][s=-] INFO Adam   500/1000  loss=2.2618e-01  pde=1.6490e-01  bc=1.2256e-02  ic=0.0000e+00  fc=0.0000e+00
2026-05-28 19:16:07 [pinn_trainer][flower][ak_k1][k=-][s=-] INFO Adam  1000/1000  loss=1.5054e-01  pde=9.4445e-02  bc=1.1218e-02  ic=0.0000e+00  fc=0.0000e+00
2026-05-28 19:16:18 [pinn_trainer][flower][ak_k1][k=-][s=-] INFO L-BFGS  300/300  loss=1.5973e-01
2026-05-28 19:16:18 [pinn_trainer][flower][ak_k1][k=-][s=-] INFO Training done in 77.1 s
2026-05-28 19:16:18 [adaptive_k][flower][adaptive_k][k=adaptive][s=6] INFO   Win  2  k=1  [1.5→3.0 s]  interior_MAE=11.042°C  → k_next=1
2026-05-28 19:16:18 [pinn_trainer][flower][ak_k1][k=-][s=-] INFO Training start: t=[3.0,4.5]s  epochs_adam=1000  epochs_lbfgs=300  params=11776
2026-05-28 19:16:22 [pinn_trainer][flower][ak_k1][k=-][s=-] INFO Adam     1/1000  loss=2.2341e+01  pde=2.0880e+01  bc=2.9221e-01  ic=0.0000e+00  fc=0.0000e+00
2026-05-28 19:16:52 [pinn_trainer][flower][ak_k1][k=-][s=-] INFO Adam   500/1000  loss=2.1493e-02  pde=1.8259e-02  bc=6.4686e-04  ic=0.0000e+00  fc=0.0000e+00
2026-05-28 19:17:22 [pinn_trainer][flower][ak_k1][k=-][s=-] INFO Adam  1000/1000  loss=1.3238e-02  pde=1.0299e-02  bc=5.8788e-04  ic=0.0000e+00  fc=0.0000e+00
2026-05-28 19:17:33 [pinn_trainer][flower][ak_k1][k=-][s=-] INFO L-BFGS  300/300  loss=1.3664e-02
2026-05-28 19:17:33 [pinn_trainer][flower][ak_k1][k=-][s=-] INFO Training done in 74.7 s
2026-05-28 19:17:33 [adaptive_k][flower][adaptive_k][k=adaptive][s=6] INFO   Win  3  k=1  [3.0→4.5 s]  interior_MAE=2.319°C  → k_next=1
2026-05-28 19:17:33 [pinn_trainer][flower][ak_k1][k=-][s=-] INFO Training start: t=[4.5,6.0]s  epochs_adam=1000  epochs_lbfgs=300  params=11776
2026-05-28 19:17:37 [pinn_trainer][flower][ak_k1][k=-][s=-] INFO Adam     1/1000  loss=2.5076e+02  pde=2.3727e+02  bc=2.6963e+00  ic=0.0000e+00  fc=0.0000e+00
2026-05-28 19:18:07 [pinn_trainer][flower][ak_k1][k=-][s=-] INFO Adam   500/1000  loss=1.8138e-02  pde=1.7898e-02  bc=4.8116e-05  ic=0.0000e+00  fc=0.0000e+00
2026-05-28 19:18:36 [pinn_trainer][flower][ak_k1][k=-][s=-] INFO Adam  1000/1000  loss=6.7339e-04  pde=5.0181e-04  bc=3.4316e-05  ic=0.0000e+00  fc=0.0000e+00
2026-05-28 19:18:47 [pinn_trainer][flower][ak_k1][k=-][s=-] INFO L-BFGS  300/300  loss=6.9269e-04
2026-05-28 19:18:47 [pinn_trainer][flower][ak_k1][k=-][s=-] INFO Training done in 74.5 s
2026-05-28 19:18:47 [adaptive_k][flower][adaptive_k][k=adaptive][s=6] INFO   Win  4  k=1  [4.5→6.0 s]  interior_MAE=0.555°C  → k_next=2
2026-05-28 19:18:47 [pinn_trainer][flower][ak_k2][k=-][s=-] INFO Training start: t=[6.0,9.0]s  epochs_adam=1000  epochs_lbfgs=300  params=11776
2026-05-28 19:18:51 [pinn_trainer][flower][ak_k2][k=-][s=-] INFO Adam     1/1000  loss=9.1081e+00  pde=7.8578e+00  bc=2.5007e-01  ic=0.0000e+00  fc=0.0000e+00
2026-05-28 19:19:21 [pinn_trainer][flower][ak_k2][k=-][s=-] INFO Adam   500/1000  loss=1.8765e-02  pde=1.8651e-02  bc=2.2853e-05  ic=0.0000e+00  fc=0.0000e+00
2026-05-28 19:19:51 [pinn_trainer][flower][ak_k2][k=-][s=-] INFO Adam  1000/1000  loss=1.4679e-04  pde=1.1044e-04  bc=7.2686e-06  ic=0.0000e+00  fc=0.0000e+00
2026-05-28 19:19:59 [pinn_trainer][flower][ak_k2][k=-][s=-] INFO L-BFGS  300/300  loss=1.4839e-04
2026-05-28 19:19:59 [pinn_trainer][flower][ak_k2][k=-][s=-] INFO Training done in 72.3 s
2026-05-28 19:19:59 [adaptive_k][flower][adaptive_k][k=adaptive][s=6] INFO   Win  5  k=2  [6.0→9.0 s]  interior_MAE=0.201°C  → k_next=3
2026-05-28 19:19:59 [pinn_trainer][flower][ak_k3][k=-][s=-] INFO Training start: t=[9.0,13.5]s  epochs_adam=1000  epochs_lbfgs=300  params=11776
2026-05-28 19:20:04 [pinn_trainer][flower][ak_k3][k=-][s=-] INFO Adam     1/1000  loss=1.5290e+01  pde=1.3598e+01  bc=3.3834e-01  ic=0.0000e+00  fc=0.0000e+00
2026-05-28 19:20:33 [pinn_trainer][flower][ak_k3][k=-][s=-] INFO Adam   500/1000  loss=2.1580e-03  pde=1.8391e-03  bc=6.3780e-05  ic=0.0000e+00  fc=0.0000e+00
2026-05-28 19:21:03 [pinn_trainer][flower][ak_k3][k=-][s=-] INFO Adam  1000/1000  loss=4.4653e-05  pde=3.3837e-05  bc=2.1632e-06  ic=0.0000e+00  fc=0.0000e+00
2026-05-28 19:21:10 [pinn_trainer][flower][ak_k3][k=-][s=-] INFO L-BFGS  300/300  loss=4.4549e-05
2026-05-28 19:21:10 [pinn_trainer][flower][ak_k3][k=-][s=-] INFO Training done in 70.1 s
2026-05-28 19:21:10 [adaptive_k][flower][adaptive_k][k=adaptive][s=6] INFO   Win  6  k=3  [9.0→13.5 s]  interior_MAE=0.019°C  → k_next=4
2026-05-28 19:21:10 [pinn_trainer][flower][ak_k4][k=-][s=-] INFO Training start: t=[13.5,19.5]s  epochs_adam=1000  epochs_lbfgs=300  params=11776
2026-05-28 19:21:14 [pinn_trainer][flower][ak_k4][k=-][s=-] INFO Adam     1/1000  loss=2.5082e+01  pde=1.9310e+01  bc=1.1545e+00  ic=0.0000e+00  fc=0.0000e+00
2026-05-28 19:21:43 [pinn_trainer][flower][ak_k4][k=-][s=-] INFO Adam   500/1000  loss=1.6441e-03  pde=1.5281e-03  bc=2.3206e-05  ic=0.0000e+00  fc=0.0000e+00
2026-05-28 19:22:13 [pinn_trainer][flower][ak_k4][k=-][s=-] INFO Adam  1000/1000  loss=3.9996e-05  pde=2.6147e-05  bc=2.7699e-06  ic=0.0000e+00  fc=0.0000e+00
2026-05-28 19:22:21 [pinn_trainer][flower][ak_k4][k=-][s=-] INFO L-BFGS  300/300  loss=4.0425e-05
2026-05-28 19:22:21 [pinn_trainer][flower][ak_k4][k=-][s=-] INFO Training done in 71.2 s
2026-05-28 19:22:21 [adaptive_k][flower][adaptive_k][k=adaptive][s=6] INFO   Win  7  k=4  [13.5→19.5 s]  interior_MAE=0.035°C  → k_next=5
2026-05-28 19:22:21 [pinn_trainer][flower][ak_k5][k=-][s=-] INFO Training start: t=[19.5,27.0]s  epochs_adam=1000  epochs_lbfgs=300  params=11776
2026-05-28 19:22:25 [pinn_trainer][flower][ak_k5][k=-][s=-] INFO Adam     1/1000  loss=1.9205e+01  pde=1.3167e+01  bc=1.2076e+00  ic=0.0000e+00  fc=0.0000e+00
2026-05-28 19:22:54 [pinn_trainer][flower][ak_k5][k=-][s=-] INFO Adam   500/1000  loss=3.3049e-04  pde=1.8006e-04  bc=3.0086e-05  ic=0.0000e+00  fc=0.0000e+00
2026-05-28 19:23:24 [pinn_trainer][flower][ak_k5][k=-][s=-] INFO Adam  1000/1000  loss=2.2601e-05  pde=1.5428e-05  bc=1.4345e-06  ic=0.0000e+00  fc=0.0000e+00
2026-05-28 19:23:30 [pinn_trainer][flower][ak_k5][k=-][s=-] INFO L-BFGS  300/300  loss=2.2699e-05
2026-05-28 19:23:30 [pinn_trainer][flower][ak_k5][k=-][s=-] INFO Training done in 69.4 s
2026-05-28 19:23:30 [adaptive_k][flower][adaptive_k][k=adaptive][s=6] INFO   Win  8  k=5  [19.5→27.0 s]  interior_MAE=0.028°C  → k_next=5
2026-05-28 19:23:30 [pinn_trainer][flower][ak_k5][k=-][s=-] INFO Training start: t=[27.0,30.0]s  epochs_adam=1000  epochs_lbfgs=300  params=11776
2026-05-28 19:23:35 [pinn_trainer][flower][ak_k5][k=-][s=-] INFO Adam     1/1000  loss=4.9879e+01  pde=4.9454e+01  bc=8.4915e-02  ic=0.0000e+00  fc=0.0000e+00
2026-05-28 19:24:04 [pinn_trainer][flower][ak_k5][k=-][s=-] INFO Adam   500/1000  loss=2.7023e-03  pde=2.3778e-03  bc=6.4896e-05  ic=0.0000e+00  fc=0.0000e+00
2026-05-28 19:24:34 [pinn_trainer][flower][ak_k5][k=-][s=-] INFO Adam  1000/1000  loss=3.3337e-05  pde=2.2642e-05  bc=2.1390e-06  ic=0.0000e+00  fc=0.0000e+00
2026-05-28 19:24:40 [pinn_trainer][flower][ak_k5][k=-][s=-] INFO L-BFGS  300/300  loss=3.3896e-05
2026-05-28 19:24:40 [pinn_trainer][flower][ak_k5][k=-][s=-] INFO Training done in 69.6 s
2026-05-28 19:24:40 [adaptive_k][flower][adaptive_k][k=adaptive][s=6] INFO   Win  9  k=5  [27.0→30.0 s]  interior_MAE=0.096°C  → k_next=5
2026-05-28 19:24:40 [adaptive_k][flower][adaptive_k][k=adaptive][s=6] INFO AdaptiveK done | wins=9 | FEM_solves=9/60 | FEM_saving=85% | MAE=1.970°C | L2=0.0158 | t=653 s
2026-05-28 19:24:40 [adaptive_k][flower][adaptive_k][k=adaptive][s=6] INFO k schedule: t=0.0s:k=1 → t=1.5s:k=1 → t=3.0s:k=1 → t=4.5s:k=1 → t=6.0s:k=2 → t=9.0s:k=3 → t=13.5s:k=4 → t=19.5s:k=5 → t=27.0s:k=5
2026-05-28 19:24:40 [adaptive_k][flower][adaptive_k][k=adaptive][s=6] INFO Saved → /home/coder/NAS-PINNS1/thermal_pinn/quenching_mswp/results/adaptive_k/flower/seed6_adaptive_nsga3_75
2026-05-28 19:24:40 [stage_adaptive_k][all][adaptive_k][k=-][s=-] INFO RESULT geo=flower   seed=6 | MAE=1.970°C | L2=0.0158 | FEM_solves=9/60 | FEM_saving=85%
2026-05-28 19:24:40 [stage_adaptive_k][all][adaptive_k][k=-][s=-] INFO AdaptiveK | geo=flower seed=7 arch=[75, 75, 75] thr_up=2.0 thr_dn=5.0
2026-05-28 19:24:40 [adaptive_k][flower][adaptive_k][k=adaptive][s=7] INFO AdaptiveK | arch=[75, 75, 75] | k=[1..5] | thr_up=2.0°C thr_dn=5.0°C | fourier=False
2026-05-28 19:24:40 [pinn_trainer][flower][ak_k1][k=-][s=-] INFO Training start: t=[0.0,1.5]s  epochs_adam=1000  epochs_lbfgs=300  params=11776
2026-05-28 19:24:45 [pinn_trainer][flower][ak_k1][k=-][s=-] INFO Adam     1/1000  loss=3.6025e+02  pde=3.5184e+02  bc=1.6820e+00  ic=0.0000e+00  fc=0.0000e+00
2026-05-28 19:25:15 [pinn_trainer][flower][ak_k1][k=-][s=-] INFO Adam   500/1000  loss=2.9135e+00  pde=1.5741e+00  bc=2.6787e-01  ic=0.0000e+00  fc=0.0000e+00
2026-05-28 19:25:45 [pinn_trainer][flower][ak_k1][k=-][s=-] INFO Adam  1000/1000  loss=2.3625e+00  pde=1.1532e+00  bc=2.4185e-01  ic=0.0000e+00  fc=0.0000e+00
2026-05-28 19:25:56 [pinn_trainer][flower][ak_k1][k=-][s=-] INFO L-BFGS  300/300  loss=2.4799e+00
2026-05-28 19:25:56 [pinn_trainer][flower][ak_k1][k=-][s=-] INFO Training done in 75.7 s
2026-05-28 19:25:56 [adaptive_k][flower][adaptive_k][k=adaptive][s=7] INFO   Win  1  k=1  [0.0→1.5 s]  interior_MAE=41.522°C  → k_next=1
2026-05-28 19:25:56 [pinn_trainer][flower][ak_k1][k=-][s=-] INFO Training start: t=[1.5,3.0]s  epochs_adam=1000  epochs_lbfgs=300  params=11776
2026-05-28 19:26:00 [pinn_trainer][flower][ak_k1][k=-][s=-] INFO Adam     1/1000  loss=8.4101e+01  pde=8.0065e+01  bc=8.0710e-01  ic=0.0000e+00  fc=0.0000e+00
2026-05-28 19:26:30 [pinn_trainer][flower][ak_k1][k=-][s=-] INFO Adam   500/1000  loss=2.9906e-01  pde=2.4334e-01  bc=1.1145e-02  ic=0.0000e+00  fc=0.0000e+00
2026-05-28 19:27:00 [pinn_trainer][flower][ak_k1][k=-][s=-] INFO Adam  1000/1000  loss=2.1865e-01  pde=1.6495e-01  bc=1.0739e-02  ic=0.0000e+00  fc=0.0000e+00
2026-05-28 19:27:11 [pinn_trainer][flower][ak_k1][k=-][s=-] INFO L-BFGS  300/300  loss=2.2724e-01
2026-05-28 19:27:11 [pinn_trainer][flower][ak_k1][k=-][s=-] INFO Training done in 75.4 s
2026-05-28 19:27:11 [adaptive_k][flower][adaptive_k][k=adaptive][s=7] INFO   Win  2  k=1  [1.5→3.0 s]  interior_MAE=11.639°C  → k_next=1
2026-05-28 19:27:11 [pinn_trainer][flower][ak_k1][k=-][s=-] INFO Training start: t=[3.0,4.5]s  epochs_adam=1000  epochs_lbfgs=300  params=11776
2026-05-28 19:27:16 [pinn_trainer][flower][ak_k1][k=-][s=-] INFO Adam     1/1000  loss=2.3815e+02  pde=2.2345e+02  bc=2.9398e+00  ic=0.0000e+00  fc=0.0000e+00
2026-05-28 19:27:45 [pinn_trainer][flower][ak_k1][k=-][s=-] INFO Adam   500/1000  loss=4.5465e-02  pde=4.0528e-02  bc=9.8756e-04  ic=0.0000e+00  fc=0.0000e+00
2026-05-28 19:28:18 [pinn_trainer][flower][ak_k1][k=-][s=-] INFO Adam  1000/1000  loss=1.1577e-02  pde=8.7565e-03  bc=5.6404e-04  ic=0.0000e+00  fc=0.0000e+00
2026-05-28 19:28:30 [pinn_trainer][flower][ak_k1][k=-][s=-] INFO L-BFGS  300/300  loss=1.2080e-02
2026-05-28 19:28:30 [pinn_trainer][flower][ak_k1][k=-][s=-] INFO Training done in 78.1 s
2026-05-28 19:28:30 [adaptive_k][flower][adaptive_k][k=adaptive][s=7] INFO   Win  3  k=1  [3.0→4.5 s]  interior_MAE=2.506°C  → k_next=1
2026-05-28 19:28:30 [pinn_trainer][flower][ak_k1][k=-][s=-] INFO Training start: t=[4.5,6.0]s  epochs_adam=1000  epochs_lbfgs=300  params=11776
2026-05-28 19:28:34 [pinn_trainer][flower][ak_k1][k=-][s=-] INFO Adam     1/1000  loss=4.5615e+01  pde=4.4289e+01  bc=2.6524e-01  ic=0.0000e+00  fc=0.0000e+00
2026-05-28 19:29:04 [pinn_trainer][flower][ak_k1][k=-][s=-] INFO Adam   500/1000  loss=1.3678e-02  pde=1.3411e-02  bc=5.3477e-05  ic=0.0000e+00  fc=0.0000e+00
2026-05-28 19:29:34 [pinn_trainer][flower][ak_k1][k=-][s=-] INFO Adam  1000/1000  loss=9.5254e-04  pde=7.7781e-04  bc=3.4946e-05  ic=0.0000e+00  fc=0.0000e+00
2026-05-28 19:29:44 [pinn_trainer][flower][ak_k1][k=-][s=-] INFO L-BFGS  300/300  loss=9.7838e-04
2026-05-28 19:29:44 [pinn_trainer][flower][ak_k1][k=-][s=-] INFO Training done in 74.9 s
2026-05-28 19:29:44 [adaptive_k][flower][adaptive_k][k=adaptive][s=7] INFO   Win  4  k=1  [4.5→6.0 s]  interior_MAE=0.537°C  → k_next=2
2026-05-28 19:29:44 [pinn_trainer][flower][ak_k2][k=-][s=-] INFO Training start: t=[6.0,9.0]s  epochs_adam=1000  epochs_lbfgs=300  params=11776
2026-05-28 19:29:49 [pinn_trainer][flower][ak_k2][k=-][s=-] INFO Adam     1/1000  loss=5.6627e+00  pde=4.6956e+00  bc=1.9343e-01  ic=0.0000e+00  fc=0.0000e+00
2026-05-28 19:30:19 [pinn_trainer][flower][ak_k2][k=-][s=-] INFO Adam   500/1000  loss=4.7828e-03  pde=4.7383e-03  bc=8.8989e-06  ic=0.0000e+00  fc=0.0000e+00
2026-05-28 19:30:48 [pinn_trainer][flower][ak_k2][k=-][s=-] INFO Adam  1000/1000  loss=5.7558e-05  pde=4.1692e-05  bc=3.1733e-06  ic=0.0000e+00  fc=0.0000e+00
2026-05-28 19:30:57 [pinn_trainer][flower][ak_k2][k=-][s=-] INFO L-BFGS  300/300  loss=5.8500e-05
2026-05-28 19:30:57 [pinn_trainer][flower][ak_k2][k=-][s=-] INFO Training done in 72.8 s
2026-05-28 19:30:57 [adaptive_k][flower][adaptive_k][k=adaptive][s=7] INFO   Win  5  k=2  [6.0→9.0 s]  interior_MAE=0.191°C  → k_next=3
2026-05-28 19:30:57 [pinn_trainer][flower][ak_k3][k=-][s=-] INFO Training start: t=[9.0,13.5]s  epochs_adam=1000  epochs_lbfgs=300  params=11776
2026-05-28 19:31:01 [pinn_trainer][flower][ak_k3][k=-][s=-] INFO Adam     1/1000  loss=7.9012e+00  pde=7.0287e+00  bc=1.7449e-01  ic=0.0000e+00  fc=0.0000e+00
2026-05-28 19:31:31 [pinn_trainer][flower][ak_k3][k=-][s=-] INFO Adam   500/1000  loss=3.7865e-03  pde=3.4680e-03  bc=6.3696e-05  ic=0.0000e+00  fc=0.0000e+00
2026-05-28 19:32:01 [pinn_trainer][flower][ak_k3][k=-][s=-] INFO Adam  1000/1000  loss=1.6852e-05  pde=1.1224e-05  bc=1.1255e-06  ic=0.0000e+00  fc=0.0000e+00
2026-05-28 19:32:07 [pinn_trainer][flower][ak_k3][k=-][s=-] INFO L-BFGS  300/300  loss=1.6359e-05
2026-05-28 19:32:07 [pinn_trainer][flower][ak_k3][k=-][s=-] INFO Training done in 69.5 s
2026-05-28 19:32:07 [adaptive_k][flower][adaptive_k][k=adaptive][s=7] INFO   Win  6  k=3  [9.0→13.5 s]  interior_MAE=0.025°C  → k_next=4
2026-05-28 19:32:07 [pinn_trainer][flower][ak_k4][k=-][s=-] INFO Training start: t=[13.5,19.5]s  epochs_adam=1000  epochs_lbfgs=300  params=11776
2026-05-28 19:32:11 [pinn_trainer][flower][ak_k4][k=-][s=-] INFO Adam     1/1000  loss=2.6540e+00  pde=2.5009e+00  bc=3.0611e-02  ic=0.0000e+00  fc=0.0000e+00
2026-05-28 19:32:41 [pinn_trainer][flower][ak_k4][k=-][s=-] INFO Adam   500/1000  loss=1.2600e-03  pde=8.6464e-04  bc=7.9081e-05  ic=0.0000e+00  fc=0.0000e+00
2026-05-28 19:33:11 [pinn_trainer][flower][ak_k4][k=-][s=-] INFO Adam  1000/1000  loss=3.5882e-05  pde=2.2662e-05  bc=2.6439e-06  ic=0.0000e+00  fc=0.0000e+00
2026-05-28 19:33:18 [pinn_trainer][flower][ak_k4][k=-][s=-] INFO L-BFGS  300/300  loss=3.4443e-05
2026-05-28 19:33:18 [pinn_trainer][flower][ak_k4][k=-][s=-] INFO Training done in 70.8 s
2026-05-28 19:33:18 [adaptive_k][flower][adaptive_k][k=adaptive][s=7] INFO   Win  7  k=4  [13.5→19.5 s]  interior_MAE=0.017°C  → k_next=5
2026-05-28 19:33:18 [pinn_trainer][flower][ak_k5][k=-][s=-] INFO Training start: t=[19.5,27.0]s  epochs_adam=1000  epochs_lbfgs=300  params=11776
2026-05-28 19:33:22 [pinn_trainer][flower][ak_k5][k=-][s=-] INFO Adam     1/1000  loss=4.5866e+00  pde=3.8023e+00  bc=1.5686e-01  ic=0.0000e+00  fc=0.0000e+00
2026-05-28 19:33:52 [pinn_trainer][flower][ak_k5][k=-][s=-] INFO Adam   500/1000  loss=7.3066e-04  pde=4.4372e-04  bc=5.7388e-05  ic=0.0000e+00  fc=0.0000e+00
2026-05-28 19:34:22 [pinn_trainer][flower][ak_k5][k=-][s=-] INFO Adam  1000/1000  loss=5.3952e-05  pde=2.5307e-05  bc=5.7291e-06  ic=0.0000e+00  fc=0.0000e+00
2026-05-28 19:34:31 [pinn_trainer][flower][ak_k5][k=-][s=-] INFO L-BFGS  300/300  loss=5.2609e-05
2026-05-28 19:34:31 [pinn_trainer][flower][ak_k5][k=-][s=-] INFO Training done in 73.7 s
2026-05-28 19:34:31 [adaptive_k][flower][adaptive_k][k=adaptive][s=7] INFO   Win  8  k=5  [19.5→27.0 s]  interior_MAE=0.011°C  → k_next=5
2026-05-28 19:34:31 [pinn_trainer][flower][ak_k5][k=-][s=-] INFO Training start: t=[27.0,30.0]s  epochs_adam=1000  epochs_lbfgs=300  params=11776
2026-05-28 19:34:36 [pinn_trainer][flower][ak_k5][k=-][s=-] INFO Adam     1/1000  loss=1.3668e+01  pde=1.1486e+01  bc=4.3641e-01  ic=0.0000e+00  fc=0.0000e+00
2026-05-28 19:35:05 [pinn_trainer][flower][ak_k5][k=-][s=-] INFO Adam   500/1000  loss=1.7050e-02  pde=1.4041e-02  bc=6.0184e-04  ic=0.0000e+00  fc=0.0000e+00
2026-05-28 19:35:35 [pinn_trainer][flower][ak_k5][k=-][s=-] INFO Adam  1000/1000  loss=1.8776e-05  pde=1.7341e-05  bc=2.8688e-07  ic=0.0000e+00  fc=0.0000e+00
2026-05-28 19:35:41 [pinn_trainer][flower][ak_k5][k=-][s=-] INFO L-BFGS  300/300  loss=1.9498e-05
2026-05-28 19:35:41 [pinn_trainer][flower][ak_k5][k=-][s=-] INFO Training done in 69.5 s
2026-05-28 19:35:41 [adaptive_k][flower][adaptive_k][k=adaptive][s=7] INFO   Win  9  k=5  [27.0→30.0 s]  interior_MAE=0.028°C  → k_next=5
2026-05-28 19:35:41 [adaptive_k][flower][adaptive_k][k=adaptive][s=7] INFO AdaptiveK done | wins=9 | FEM_solves=9/60 | FEM_saving=85% | MAE=1.901°C | L2=0.0154 | t=661 s
2026-05-28 19:35:41 [adaptive_k][flower][adaptive_k][k=adaptive][s=7] INFO k schedule: t=0.0s:k=1 → t=1.5s:k=1 → t=3.0s:k=1 → t=4.5s:k=1 → t=6.0s:k=2 → t=9.0s:k=3 → t=13.5s:k=4 → t=19.5s:k=5 → t=27.0s:k=5
2026-05-28 19:35:41 [adaptive_k][flower][adaptive_k][k=adaptive][s=7] INFO Saved → /home/coder/NAS-PINNS1/thermal_pinn/quenching_mswp/results/adaptive_k/flower/seed7_adaptive_nsga3_75
2026-05-28 19:35:41 [stage_adaptive_k][all][adaptive_k][k=-][s=-] INFO RESULT geo=flower   seed=7 | MAE=1.901°C | L2=0.0154 | FEM_solves=9/60 | FEM_saving=85%
2026-05-28 19:35:41 [stage_adaptive_k][all][adaptive_k][k=-][s=-] INFO AdaptiveK | geo=flower seed=8 arch=[75, 75, 75] thr_up=2.0 thr_dn=5.0
2026-05-28 19:35:41 [adaptive_k][flower][adaptive_k][k=adaptive][s=8] INFO AdaptiveK | arch=[75, 75, 75] | k=[1..5] | thr_up=2.0°C thr_dn=5.0°C | fourier=False
2026-05-28 19:35:41 [pinn_trainer][flower][ak_k1][k=-][s=-] INFO Training start: t=[0.0,1.5]s  epochs_adam=1000  epochs_lbfgs=300  params=11776
2026-05-28 19:35:46 [pinn_trainer][flower][ak_k1][k=-][s=-] INFO Adam     1/1000  loss=3.5029e+02  pde=3.4749e+02  bc=5.6084e-01  ic=0.0000e+00  fc=0.0000e+00
2026-05-28 19:36:15 [pinn_trainer][flower][ak_k1][k=-][s=-] INFO Adam   500/1000  loss=3.0205e+00  pde=1.7107e+00  bc=2.6197e-01  ic=0.0000e+00  fc=0.0000e+00
2026-05-28 19:36:45 [pinn_trainer][flower][ak_k1][k=-][s=-] INFO Adam  1000/1000  loss=2.2827e+00  pde=1.1342e+00  bc=2.2970e-01  ic=0.0000e+00  fc=0.0000e+00
2026-05-28 19:36:56 [pinn_trainer][flower][ak_k1][k=-][s=-] INFO L-BFGS  300/300  loss=2.4105e+00
2026-05-28 19:36:56 [pinn_trainer][flower][ak_k1][k=-][s=-] INFO Training done in 74.9 s
2026-05-28 19:36:56 [adaptive_k][flower][adaptive_k][k=adaptive][s=8] INFO   Win  1  k=1  [0.0→1.5 s]  interior_MAE=43.406°C  → k_next=1
2026-05-28 19:36:56 [pinn_trainer][flower][ak_k1][k=-][s=-] INFO Training start: t=[1.5,3.0]s  epochs_adam=1000  epochs_lbfgs=300  params=11776
2026-05-28 19:37:01 [pinn_trainer][flower][ak_k1][k=-][s=-] INFO Adam     1/1000  loss=5.8172e+02  pde=5.8105e+02  bc=1.3553e-01  ic=0.0000e+00  fc=0.0000e+00
2026-05-28 19:37:31 [pinn_trainer][flower][ak_k1][k=-][s=-] INFO Adam   500/1000  loss=2.2160e-01  pde=1.5904e-01  bc=1.2512e-02  ic=0.0000e+00  fc=0.0000e+00
2026-05-28 19:38:01 [pinn_trainer][flower][ak_k1][k=-][s=-] INFO Adam  1000/1000  loss=1.6516e-01  pde=1.0771e-01  bc=1.1489e-02  ic=0.0000e+00  fc=0.0000e+00
2026-05-28 19:38:12 [pinn_trainer][flower][ak_k1][k=-][s=-] INFO L-BFGS  300/300  loss=1.7528e-01
2026-05-28 19:38:12 [pinn_trainer][flower][ak_k1][k=-][s=-] INFO Training done in 75.7 s
2026-05-28 19:38:12 [adaptive_k][flower][adaptive_k][k=adaptive][s=8] INFO   Win  2  k=1  [1.5→3.0 s]  interior_MAE=11.053°C  → k_next=1
2026-05-28 19:38:12 [pinn_trainer][flower][ak_k1][k=-][s=-] INFO Training start: t=[3.0,4.5]s  epochs_adam=1000  epochs_lbfgs=300  params=11776
2026-05-28 19:38:16 [pinn_trainer][flower][ak_k1][k=-][s=-] INFO Adam     1/1000  loss=1.8361e+02  pde=1.8110e+02  bc=5.0144e-01  ic=0.0000e+00  fc=0.0000e+00
2026-05-28 19:38:46 [pinn_trainer][flower][ak_k1][k=-][s=-] INFO Adam   500/1000  loss=2.2622e-02  pde=1.9300e-02  bc=6.6450e-04  ic=0.0000e+00  fc=0.0000e+00
2026-05-28 19:39:16 [pinn_trainer][flower][ak_k1][k=-][s=-] INFO Adam  1000/1000  loss=1.3915e-02  pde=1.1068e-02  bc=5.6927e-04  ic=0.0000e+00  fc=0.0000e+00
2026-05-28 19:39:27 [pinn_trainer][flower][ak_k1][k=-][s=-] INFO L-BFGS  300/300  loss=1.4461e-02
2026-05-28 19:39:27 [pinn_trainer][flower][ak_k1][k=-][s=-] INFO Training done in 75.1 s
2026-05-28 19:39:27 [adaptive_k][flower][adaptive_k][k=adaptive][s=8] INFO   Win  3  k=1  [3.0→4.5 s]  interior_MAE=2.372°C  → k_next=1
2026-05-28 19:39:27 [pinn_trainer][flower][ak_k1][k=-][s=-] INFO Training start: t=[4.5,6.0]s  epochs_adam=1000  epochs_lbfgs=300  params=11776
2026-05-28 19:39:32 [pinn_trainer][flower][ak_k1][k=-][s=-] INFO Adam     1/1000  loss=3.3373e+01  pde=3.1235e+01  bc=4.2762e-01  ic=0.0000e+00  fc=0.0000e+00
2026-05-28 19:40:01 [pinn_trainer][flower][ak_k1][k=-][s=-] INFO Adam   500/1000  loss=3.3372e-02  pde=3.1552e-02  bc=3.6400e-04  ic=0.0000e+00  fc=0.0000e+00
2026-05-28 19:40:31 [pinn_trainer][flower][ak_k1][k=-][s=-] INFO Adam  1000/1000  loss=9.8372e-04  pde=8.1561e-04  bc=3.3622e-05  ic=0.0000e+00  fc=0.0000e+00
2026-05-28 19:40:43 [pinn_trainer][flower][ak_k1][k=-][s=-] INFO L-BFGS  300/300  loss=9.7836e-04
2026-05-28 19:40:43 [pinn_trainer][flower][ak_k1][k=-][s=-] INFO Training done in 75.5 s
2026-05-28 19:40:43 [adaptive_k][flower][adaptive_k][k=adaptive][s=8] INFO   Win  4  k=1  [4.5→6.0 s]  interior_MAE=0.534°C  → k_next=2
2026-05-28 19:40:43 [pinn_trainer][flower][ak_k2][k=-][s=-] INFO Training start: t=[6.0,9.0]s  epochs_adam=1000  epochs_lbfgs=300  params=11776
2026-05-28 19:40:47 [pinn_trainer][flower][ak_k2][k=-][s=-] INFO Adam     1/1000  loss=1.1023e+02  pde=1.0682e+02  bc=6.8142e-01  ic=0.0000e+00  fc=0.0000e+00
2026-05-28 19:41:17 [pinn_trainer][flower][ak_k2][k=-][s=-] INFO Adam   500/1000  loss=8.2586e-03  pde=7.7946e-03  bc=9.2796e-05  ic=0.0000e+00  fc=0.0000e+00
2026-05-28 19:41:46 [pinn_trainer][flower][ak_k2][k=-][s=-] INFO Adam  1000/1000  loss=1.4408e-04  pde=8.5600e-05  bc=1.1695e-05  ic=0.0000e+00  fc=0.0000e+00
2026-05-28 19:41:54 [pinn_trainer][flower][ak_k2][k=-][s=-] INFO L-BFGS  300/300  loss=1.4361e-04
2026-05-28 19:41:54 [pinn_trainer][flower][ak_k2][k=-][s=-] INFO Training done in 71.7 s
2026-05-28 19:41:54 [adaptive_k][flower][adaptive_k][k=adaptive][s=8] INFO   Win  5  k=2  [6.0→9.0 s]  interior_MAE=0.182°C  → k_next=3
2026-05-28 19:41:54 [pinn_trainer][flower][ak_k3][k=-][s=-] INFO Training start: t=[9.0,13.5]s  epochs_adam=1000  epochs_lbfgs=300  params=11776
2026-05-28 19:41:59 [pinn_trainer][flower][ak_k3][k=-][s=-] INFO Adam     1/1000  loss=1.0403e+01  pde=7.8302e+00  bc=5.1454e-01  ic=0.0000e+00  fc=0.0000e+00
2026-05-28 19:42:29 [pinn_trainer][flower][ak_k3][k=-][s=-] INFO Adam   500/1000  loss=2.0749e-03  pde=1.4967e-03  bc=1.1563e-04  ic=0.0000e+00  fc=0.0000e+00
2026-05-28 19:42:59 [pinn_trainer][flower][ak_k3][k=-][s=-] INFO Adam  1000/1000  loss=1.8641e-05  pde=1.4536e-05  bc=8.2102e-07  ic=0.0000e+00  fc=0.0000e+00
2026-05-28 19:43:05 [pinn_trainer][flower][ak_k3][k=-][s=-] INFO L-BFGS  300/300  loss=1.8448e-05
2026-05-28 19:43:05 [pinn_trainer][flower][ak_k3][k=-][s=-] INFO Training done in 70.9 s
2026-05-28 19:43:05 [adaptive_k][flower][adaptive_k][k=adaptive][s=8] INFO   Win  6  k=3  [9.0→13.5 s]  interior_MAE=0.019°C  → k_next=4
2026-05-28 19:43:05 [pinn_trainer][flower][ak_k4][k=-][s=-] INFO Training start: t=[13.5,19.5]s  epochs_adam=1000  epochs_lbfgs=300  params=11776
2026-05-28 19:43:09 [pinn_trainer][flower][ak_k4][k=-][s=-] INFO Adam     1/1000  loss=7.5143e+00  pde=5.2236e+00  bc=4.5815e-01  ic=0.0000e+00  fc=0.0000e+00
2026-05-28 19:43:39 [pinn_trainer][flower][ak_k4][k=-][s=-] INFO Adam   500/1000  loss=9.7418e-04  pde=9.0654e-04  bc=1.3527e-05  ic=0.0000e+00  fc=0.0000e+00
2026-05-28 19:44:09 [pinn_trainer][flower][ak_k4][k=-][s=-] INFO Adam  1000/1000  loss=8.7732e-06  pde=5.6663e-06  bc=6.2138e-07  ic=0.0000e+00  fc=0.0000e+00
2026-05-28 19:44:14 [pinn_trainer][flower][ak_k4][k=-][s=-] INFO L-BFGS  300/300  loss=8.5796e-06
2026-05-28 19:44:14 [pinn_trainer][flower][ak_k4][k=-][s=-] INFO Training done in 69.2 s
2026-05-28 19:44:14 [adaptive_k][flower][adaptive_k][k=adaptive][s=8] INFO   Win  7  k=4  [13.5→19.5 s]  interior_MAE=0.020°C  → k_next=5
2026-05-28 19:44:14 [pinn_trainer][flower][ak_k5][k=-][s=-] INFO Training start: t=[19.5,27.0]s  epochs_adam=1000  epochs_lbfgs=300  params=11776
2026-05-28 19:44:19 [pinn_trainer][flower][ak_k5][k=-][s=-] INFO Adam     1/1000  loss=1.3855e+01  pde=9.7316e+00  bc=8.2460e-01  ic=0.0000e+00  fc=0.0000e+00
2026-05-28 19:44:49 [pinn_trainer][flower][ak_k5][k=-][s=-] INFO Adam   500/1000  loss=5.0876e-04  pde=3.8387e-04  bc=2.4977e-05  ic=0.0000e+00  fc=0.0000e+00
2026-05-28 19:45:18 [pinn_trainer][flower][ak_k5][k=-][s=-] INFO Adam  1000/1000  loss=1.4560e-05  pde=9.6041e-06  bc=9.9125e-07  ic=0.0000e+00  fc=0.0000e+00
2026-05-28 19:45:24 [pinn_trainer][flower][ak_k5][k=-][s=-] INFO L-BFGS  300/300  loss=1.5425e-05
2026-05-28 19:45:24 [pinn_trainer][flower][ak_k5][k=-][s=-] INFO Training done in 69.3 s
2026-05-28 19:45:24 [adaptive_k][flower][adaptive_k][k=adaptive][s=8] INFO   Win  8  k=5  [19.5→27.0 s]  interior_MAE=0.038°C  → k_next=5
2026-05-28 19:45:24 [pinn_trainer][flower][ak_k5][k=-][s=-] INFO Training start: t=[27.0,30.0]s  epochs_adam=1000  epochs_lbfgs=300  params=11776
2026-05-28 19:45:28 [pinn_trainer][flower][ak_k5][k=-][s=-] INFO Adam     1/1000  loss=2.4394e+01  pde=1.9089e+01  bc=1.0610e+00  ic=0.0000e+00  fc=0.0000e+00
2026-05-28 19:45:57 [pinn_trainer][flower][ak_k5][k=-][s=-] INFO Adam   500/1000  loss=9.0136e-03  pde=8.9980e-03  bc=3.1014e-06  ic=0.0000e+00  fc=0.0000e+00
2026-05-28 19:46:27 [pinn_trainer][flower][ak_k5][k=-][s=-] INFO Adam  1000/1000  loss=5.3573e-05  pde=4.3788e-05  bc=1.9569e-06  ic=0.0000e+00  fc=0.0000e+00
2026-05-28 19:46:35 [pinn_trainer][flower][ak_k5][k=-][s=-] INFO L-BFGS  300/300  loss=5.2453e-05
2026-05-28 19:46:35 [pinn_trainer][flower][ak_k5][k=-][s=-] INFO Training done in 71.1 s
2026-05-28 19:46:35 [adaptive_k][flower][adaptive_k][k=adaptive][s=8] INFO   Win  9  k=5  [27.0→30.0 s]  interior_MAE=0.011°C  → k_next=5
2026-05-28 19:46:35 [adaptive_k][flower][adaptive_k][k=adaptive][s=8] INFO AdaptiveK done | wins=9 | FEM_solves=9/60 | FEM_saving=85% | MAE=1.943°C | L2=0.0153 | t=654 s
2026-05-28 19:46:35 [adaptive_k][flower][adaptive_k][k=adaptive][s=8] INFO k schedule: t=0.0s:k=1 → t=1.5s:k=1 → t=3.0s:k=1 → t=4.5s:k=1 → t=6.0s:k=2 → t=9.0s:k=3 → t=13.5s:k=4 → t=19.5s:k=5 → t=27.0s:k=5
2026-05-28 19:46:35 [adaptive_k][flower][adaptive_k][k=adaptive][s=8] INFO Saved → /home/coder/NAS-PINNS1/thermal_pinn/quenching_mswp/results/adaptive_k/flower/seed8_adaptive_nsga3_75
2026-05-28 19:46:35 [stage_adaptive_k][all][adaptive_k][k=-][s=-] INFO RESULT geo=flower   seed=8 | MAE=1.943°C | L2=0.0153 | FEM_solves=9/60 | FEM_saving=85%
2026-05-28 19:46:35 [stage_adaptive_k][all][adaptive_k][k=-][s=-] INFO AdaptiveK | geo=flower seed=9 arch=[75, 75, 75] thr_up=2.0 thr_dn=5.0
2026-05-28 19:46:35 [adaptive_k][flower][adaptive_k][k=adaptive][s=9] INFO AdaptiveK | arch=[75, 75, 75] | k=[1..5] | thr_up=2.0°C thr_dn=5.0°C | fourier=False
2026-05-28 19:46:35 [pinn_trainer][flower][ak_k1][k=-][s=-] INFO Training start: t=[0.0,1.5]s  epochs_adam=1000  epochs_lbfgs=300  params=11776
2026-05-28 19:46:40 [pinn_trainer][flower][ak_k1][k=-][s=-] INFO Adam     1/1000  loss=2.6551e+02  pde=2.6184e+02  bc=7.3395e-01  ic=0.0000e+00  fc=0.0000e+00
2026-05-28 19:47:10 [pinn_trainer][flower][ak_k1][k=-][s=-] INFO Adam   500/1000  loss=3.4032e+00  pde=2.0905e+00  bc=2.6254e-01  ic=0.0000e+00  fc=0.0000e+00
2026-05-28 19:47:39 [pinn_trainer][flower][ak_k1][k=-][s=-] INFO Adam  1000/1000  loss=2.3166e+00  pde=1.1689e+00  bc=2.2953e-01  ic=0.0000e+00  fc=0.0000e+00
2026-05-28 19:47:51 [pinn_trainer][flower][ak_k1][k=-][s=-] INFO L-BFGS  300/300  loss=2.4614e+00
2026-05-28 19:47:51 [pinn_trainer][flower][ak_k1][k=-][s=-] INFO Training done in 75.2 s
2026-05-28 19:47:51 [adaptive_k][flower][adaptive_k][k=adaptive][s=9] INFO   Win  1  k=1  [0.0→1.5 s]  interior_MAE=46.471°C  → k_next=1
2026-05-28 19:47:51 [pinn_trainer][flower][ak_k1][k=-][s=-] INFO Training start: t=[1.5,3.0]s  epochs_adam=1000  epochs_lbfgs=300  params=11776
2026-05-28 19:47:55 [pinn_trainer][flower][ak_k1][k=-][s=-] INFO Adam     1/1000  loss=2.9462e+01  pde=2.8920e+01  bc=1.0826e-01  ic=0.0000e+00  fc=0.0000e+00
2026-05-28 19:48:25 [pinn_trainer][flower][ak_k1][k=-][s=-] INFO Adam   500/1000  loss=2.4530e-01  pde=1.8209e-01  bc=1.2641e-02  ic=0.0000e+00  fc=0.0000e+00
2026-05-28 19:48:54 [pinn_trainer][flower][ak_k1][k=-][s=-] INFO Adam  1000/1000  loss=1.1766e-01  pde=6.5733e-02  bc=1.0385e-02  ic=0.0000e+00  fc=0.0000e+00
2026-05-28 19:49:05 [pinn_trainer][flower][ak_k1][k=-][s=-] INFO L-BFGS  300/300  loss=1.2148e-01
2026-05-28 19:49:05 [pinn_trainer][flower][ak_k1][k=-][s=-] INFO Training done in 74.5 s
2026-05-28 19:49:05 [adaptive_k][flower][adaptive_k][k=adaptive][s=9] INFO   Win  2  k=1  [1.5→3.0 s]  interior_MAE=10.884°C  → k_next=1
2026-05-28 19:49:05 [pinn_trainer][flower][ak_k1][k=-][s=-] INFO Training start: t=[3.0,4.5]s  epochs_adam=1000  epochs_lbfgs=300  params=11776
2026-05-28 19:49:10 [pinn_trainer][flower][ak_k1][k=-][s=-] INFO Adam     1/1000  loss=7.5105e+01  pde=7.3829e+01  bc=2.5508e-01  ic=0.0000e+00  fc=0.0000e+00
2026-05-28 19:49:39 [pinn_trainer][flower][ak_k1][k=-][s=-] INFO Adam   500/1000  loss=2.0362e-02  pde=1.7179e-02  bc=6.3664e-04  ic=0.0000e+00  fc=0.0000e+00
2026-05-28 19:50:09 [pinn_trainer][flower][ak_k1][k=-][s=-] INFO Adam  1000/1000  loss=1.0712e-02  pde=7.9509e-03  bc=5.5231e-04  ic=0.0000e+00  fc=0.0000e+00
2026-05-28 19:50:21 [pinn_trainer][flower][ak_k1][k=-][s=-] INFO L-BFGS  300/300  loss=1.1169e-02
2026-05-28 19:50:21 [pinn_trainer][flower][ak_k1][k=-][s=-] INFO Training done in 75.4 s
2026-05-28 19:50:21 [adaptive_k][flower][adaptive_k][k=adaptive][s=9] INFO   Win  3  k=1  [3.0→4.5 s]  interior_MAE=2.528°C  → k_next=1
2026-05-28 19:50:21 [pinn_trainer][flower][ak_k1][k=-][s=-] INFO Training start: t=[4.5,6.0]s  epochs_adam=1000  epochs_lbfgs=300  params=11776
2026-05-28 19:50:25 [pinn_trainer][flower][ak_k1][k=-][s=-] INFO Adam     1/1000  loss=2.7089e+01  pde=2.6759e+01  bc=6.5972e-02  ic=0.0000e+00  fc=0.0000e+00
2026-05-28 19:50:54 [pinn_trainer][flower][ak_k1][k=-][s=-] INFO Adam   500/1000  loss=2.5932e-02  pde=2.5553e-02  bc=7.5707e-05  ic=0.0000e+00  fc=0.0000e+00
2026-05-28 19:51:24 [pinn_trainer][flower][ak_k1][k=-][s=-] INFO Adam  1000/1000  loss=1.1436e-03  pde=9.5420e-04  bc=3.7885e-05  ic=0.0000e+00  fc=0.0000e+00
2026-05-28 19:51:35 [pinn_trainer][flower][ak_k1][k=-][s=-] INFO L-BFGS  300/300  loss=1.1682e-03
2026-05-28 19:51:35 [pinn_trainer][flower][ak_k1][k=-][s=-] INFO Training done in 74.5 s
2026-05-28 19:51:35 [adaptive_k][flower][adaptive_k][k=adaptive][s=9] INFO   Win  4  k=1  [4.5→6.0 s]  interior_MAE=0.528°C  → k_next=2
2026-05-28 19:51:35 [pinn_trainer][flower][ak_k2][k=-][s=-] INFO Training start: t=[6.0,9.0]s  epochs_adam=1000  epochs_lbfgs=300  params=11776
2026-05-28 19:51:39 [pinn_trainer][flower][ak_k2][k=-][s=-] INFO Adam     1/1000  loss=3.5158e+01  pde=3.1441e+01  bc=7.4327e-01  ic=0.0000e+00  fc=0.0000e+00
2026-05-28 19:52:09 [pinn_trainer][flower][ak_k2][k=-][s=-] INFO Adam   500/1000  loss=2.8835e-03  pde=2.3810e-03  bc=1.0051e-04  ic=0.0000e+00  fc=0.0000e+00
2026-05-28 19:52:38 [pinn_trainer][flower][ak_k2][k=-][s=-] INFO Adam  1000/1000  loss=3.2999e-05  pde=2.1308e-05  bc=2.3382e-06  ic=0.0000e+00  fc=0.0000e+00
2026-05-28 19:52:45 [pinn_trainer][flower][ak_k2][k=-][s=-] INFO L-BFGS  300/300  loss=3.4907e-05
2026-05-28 19:52:45 [pinn_trainer][flower][ak_k2][k=-][s=-] INFO Training done in 69.4 s
2026-05-28 19:52:45 [adaptive_k][flower][adaptive_k][k=adaptive][s=9] INFO   Win  5  k=2  [6.0→9.0 s]  interior_MAE=0.181°C  → k_next=3
2026-05-28 19:52:45 [pinn_trainer][flower][ak_k3][k=-][s=-] INFO Training start: t=[9.0,13.5]s  epochs_adam=1000  epochs_lbfgs=300  params=11776
2026-05-28 19:52:49 [pinn_trainer][flower][ak_k3][k=-][s=-] INFO Adam     1/1000  loss=1.3678e+01  pde=9.7052e+00  bc=7.9459e-01  ic=0.0000e+00  fc=0.0000e+00
2026-05-28 19:53:18 [pinn_trainer][flower][ak_k3][k=-][s=-] INFO Adam   500/1000  loss=3.2932e-03  pde=3.1297e-03  bc=3.2699e-05  ic=0.0000e+00  fc=0.0000e+00
2026-05-28 19:53:48 [pinn_trainer][flower][ak_k3][k=-][s=-] INFO Adam  1000/1000  loss=5.1832e-05  pde=4.1516e-05  bc=2.0633e-06  ic=0.0000e+00  fc=0.0000e+00
2026-05-28 19:53:57 [pinn_trainer][flower][ak_k3][k=-][s=-] INFO L-BFGS  300/300  loss=5.3071e-05
2026-05-28 19:53:57 [pinn_trainer][flower][ak_k3][k=-][s=-] INFO Training done in 72.2 s
2026-05-28 19:53:57 [adaptive_k][flower][adaptive_k][k=adaptive][s=9] INFO   Win  6  k=3  [9.0→13.5 s]  interior_MAE=0.063°C  → k_next=4
2026-05-28 19:53:57 [pinn_trainer][flower][ak_k4][k=-][s=-] INFO Training start: t=[13.5,19.5]s  epochs_adam=1000  epochs_lbfgs=300  params=11776
2026-05-28 19:54:01 [pinn_trainer][flower][ak_k4][k=-][s=-] INFO Adam     1/1000  loss=1.4002e+01  pde=9.7667e+00  bc=8.4705e-01  ic=0.0000e+00  fc=0.0000e+00
2026-05-28 19:54:31 [pinn_trainer][flower][ak_k4][k=-][s=-] INFO Adam   500/1000  loss=1.5230e-03  pde=1.3003e-03  bc=4.4547e-05  ic=0.0000e+00  fc=0.0000e+00
2026-05-28 19:55:00 [pinn_trainer][flower][ak_k4][k=-][s=-] INFO Adam  1000/1000  loss=3.6712e-05  pde=2.1263e-05  bc=3.0899e-06  ic=0.0000e+00  fc=0.0000e+00
2026-05-28 19:55:06 [pinn_trainer][flower][ak_k4][k=-][s=-] INFO L-BFGS  300/300  loss=3.6906e-05
2026-05-28 19:55:06 [pinn_trainer][flower][ak_k4][k=-][s=-] INFO Training done in 69.3 s
2026-05-28 19:55:06 [adaptive_k][flower][adaptive_k][k=adaptive][s=9] INFO   Win  7  k=4  [13.5→19.5 s]  interior_MAE=0.017°C  → k_next=5
2026-05-28 19:55:06 [pinn_trainer][flower][ak_k5][k=-][s=-] INFO Training start: t=[19.5,27.0]s  epochs_adam=1000  epochs_lbfgs=300  params=11776
2026-05-28 19:55:11 [pinn_trainer][flower][ak_k5][k=-][s=-] INFO Adam     1/1000  loss=1.2479e+01  pde=1.0738e+01  bc=3.4821e-01  ic=0.0000e+00  fc=0.0000e+00
2026-05-28 19:55:40 [pinn_trainer][flower][ak_k5][k=-][s=-] INFO Adam   500/1000  loss=5.8624e-04  pde=5.0083e-04  bc=1.7082e-05  ic=0.0000e+00  fc=0.0000e+00
2026-05-28 19:56:09 [pinn_trainer][flower][ak_k5][k=-][s=-] INFO Adam  1000/1000  loss=2.6481e-05  pde=1.5627e-05  bc=2.1707e-06  ic=0.0000e+00  fc=0.0000e+00
2026-05-28 19:56:15 [pinn_trainer][flower][ak_k5][k=-][s=-] INFO L-BFGS  300/300  loss=2.6919e-05
2026-05-28 19:56:15 [pinn_trainer][flower][ak_k5][k=-][s=-] INFO Training done in 69.3 s
2026-05-28 19:56:16 [adaptive_k][flower][adaptive_k][k=adaptive][s=9] INFO   Win  8  k=5  [19.5→27.0 s]  interior_MAE=0.047°C  → k_next=5
2026-05-28 19:56:16 [pinn_trainer][flower][ak_k5][k=-][s=-] INFO Training start: t=[27.0,30.0]s  epochs_adam=1000  epochs_lbfgs=300  params=11776
2026-05-28 19:56:20 [pinn_trainer][flower][ak_k5][k=-][s=-] INFO Adam     1/1000  loss=1.0787e+01  pde=8.8967e+00  bc=3.7809e-01  ic=0.0000e+00  fc=0.0000e+00
2026-05-28 19:56:50 [pinn_trainer][flower][ak_k5][k=-][s=-] INFO Adam   500/1000  loss=3.7547e-03  pde=2.9238e-03  bc=1.6618e-04  ic=0.0000e+00  fc=0.0000e+00
2026-05-28 19:57:19 [pinn_trainer][flower][ak_k5][k=-][s=-] INFO Adam  1000/1000  loss=6.8928e-05  pde=5.7417e-05  bc=2.3023e-06  ic=0.0000e+00  fc=0.0000e+00
2026-05-28 19:57:26 [pinn_trainer][flower][ak_k5][k=-][s=-] INFO L-BFGS  300/300  loss=6.9678e-05
2026-05-28 19:57:26 [pinn_trainer][flower][ak_k5][k=-][s=-] INFO Training done in 70.3 s
2026-05-28 19:57:26 [adaptive_k][flower][adaptive_k][k=adaptive][s=9] INFO   Win  9  k=5  [27.0→30.0 s]  interior_MAE=0.022°C  → k_next=5
2026-05-28 19:57:26 [adaptive_k][flower][adaptive_k][k=adaptive][s=9] INFO AdaptiveK done | wins=9 | FEM_solves=9/60 | FEM_saving=85% | MAE=2.053°C | L2=0.0160 | t=650 s
2026-05-28 19:57:26 [adaptive_k][flower][adaptive_k][k=adaptive][s=9] INFO k schedule: t=0.0s:k=1 → t=1.5s:k=1 → t=3.0s:k=1 → t=4.5s:k=1 → t=6.0s:k=2 → t=9.0s:k=3 → t=13.5s:k=4 → t=19.5s:k=5 → t=27.0s:k=5
2026-05-28 19:57:26 [adaptive_k][flower][adaptive_k][k=adaptive][s=9] INFO Saved → /home/coder/NAS-PINNS1/thermal_pinn/quenching_mswp/results/adaptive_k/flower/seed9_adaptive_nsga3_75
2026-05-28 19:57:26 [stage_adaptive_k][all][adaptive_k][k=-][s=-] INFO RESULT geo=flower   seed=9 | MAE=2.053°C | L2=0.0160 | FEM_solves=9/60 | FEM_saving=85%

========================================================================
  FEM vs AdaptiveK — SQUARE
========================================================================
  t(s)    FEM mean(°C)  AdaptiveK mean(°C)    MAE(°C)    FEM max  AdaptiveK max
------------------------------------------------------------------------
     5           38.61               40.42      1.818      39.69         42.82
    10           20.67               20.93      0.259      20.71         21.03
    15           20.02               20.00      0.020      20.03         20.03
    20           20.00               20.02      0.015      20.00         20.03
    25           20.00               20.02      0.017      20.00         20.05
    30           20.00               20.00      0.000      20.00         20.00

Figure saved → /home/coder/NAS-PINNS1/thermal_pinn/quenching_mswp/figures/adaptive_k/adaptive_k_square_adaptive_nsga3_75.png

========================================================================
  FEM vs AdaptiveK — SQUARE
========================================================================
  t(s)    FEM mean(°C)  AdaptiveK mean(°C)    MAE(°C)    FEM max  AdaptiveK max
------------------------------------------------------------------------
     5           38.61               40.43      1.830      39.69         42.88
    10           20.67               20.86      0.195      20.71         20.97
    15           20.02               20.04      0.024      20.03         20.10
    20           20.00               19.99      0.010      20.00         20.01
    25           20.00               19.98      0.024      20.00         19.99
    30           20.00               20.00      0.000      20.00         20.00

Figure saved → /home/coder/NAS-PINNS1/thermal_pinn/quenching_mswp/figures/adaptive_k/adaptive_k_square_adaptive_nsga3_75.png

========================================================================
  FEM vs AdaptiveK — SQUARE
========================================================================
  t(s)    FEM mean(°C)  AdaptiveK mean(°C)    MAE(°C)    FEM max  AdaptiveK max
------------------------------------------------------------------------
     5           38.61               40.35      1.757      39.69         42.82
    10           20.67               20.97      0.305      20.71         21.07
    15           20.02               20.05      0.022      20.03         20.06
    20           20.00               20.00      0.005      20.00         20.01
    25           20.00               20.02      0.016      20.00         20.04
    30           20.00               20.00      0.000      20.00         20.00

Figure saved → /home/coder/NAS-PINNS1/thermal_pinn/quenching_mswp/figures/adaptive_k/adaptive_k_square_adaptive_nsga3_75.png

========================================================================
  FEM vs AdaptiveK — SQUARE
========================================================================
  t(s)    FEM mean(°C)  AdaptiveK mean(°C)    MAE(°C)    FEM max  AdaptiveK max
------------------------------------------------------------------------
     5           38.61               40.31      1.717      39.69         42.75
    10           20.67               20.94      0.272      20.71         21.04
    15           20.02               20.00      0.029      20.03         20.02
    20           20.00               20.00      0.009      20.00         20.02
    25           20.00               19.97      0.028      20.00         20.03
    30           20.00               20.00      0.000      20.00         20.00

Figure saved → /home/coder/NAS-PINNS1/thermal_pinn/quenching_mswp/figures/adaptive_k/adaptive_k_square_adaptive_nsga3_75.png

========================================================================
  FEM vs AdaptiveK — SQUARE
========================================================================
  t(s)    FEM mean(°C)  AdaptiveK mean(°C)    MAE(°C)    FEM max  AdaptiveK max
------------------------------------------------------------------------
     5           38.61               40.32      1.735      39.69         42.77
    10           20.67               20.93      0.260      20.71         21.03
    15           20.02               20.05      0.023      20.03         20.06
    20           20.00               20.01      0.014      20.00         20.06
    25           20.00               20.02      0.027      20.00         20.05
    30           20.00               20.00      0.000      20.00         20.00

Figure saved → /home/coder/NAS-PINNS1/thermal_pinn/quenching_mswp/figures/adaptive_k/adaptive_k_square_adaptive_nsga3_75.png

========================================================================
  FEM vs AdaptiveK — SQUARE
========================================================================
  t(s)    FEM mean(°C)  AdaptiveK mean(°C)    MAE(°C)    FEM max  AdaptiveK max
------------------------------------------------------------------------
     5           38.61               40.37      1.779      39.69         42.81
    10           20.67               20.92      0.255      20.71         21.02
    15           20.02               20.02      0.014      20.03         20.05
    20           20.00               20.01      0.009      20.00         20.03
    25           20.00               20.06      0.063      20.00         20.08
    30           20.00               20.00      0.000      20.00         20.00

Figure saved → /home/coder/NAS-PINNS1/thermal_pinn/quenching_mswp/figures/adaptive_k/adaptive_k_square_adaptive_nsga3_75.png

========================================================================
  FEM vs AdaptiveK — SQUARE
========================================================================
  t(s)    FEM mean(°C)  AdaptiveK mean(°C)    MAE(°C)    FEM max  AdaptiveK max
------------------------------------------------------------------------
     5           38.61               40.51      1.907      39.69         42.88
    10           20.67               20.94      0.274      20.71         21.04
    15           20.02               20.04      0.020      20.03         20.10
    20           20.00               20.00      0.004      20.00         20.02
    25           20.00               19.98      0.020      20.00         20.02
    30           20.00               20.00      0.000      20.00         20.00

Figure saved → /home/coder/NAS-PINNS1/thermal_pinn/quenching_mswp/figures/adaptive_k/adaptive_k_square_adaptive_nsga3_75.png

========================================================================
  FEM vs AdaptiveK — SQUARE
========================================================================
  t(s)    FEM mean(°C)  AdaptiveK mean(°C)    MAE(°C)    FEM max  AdaptiveK max
------------------------------------------------------------------------
     5           38.61               40.56      1.951      39.69         42.93
    10           20.67               20.92      0.247      20.71         21.02
    15           20.02               20.03      0.006      20.03         20.04
    20           20.00               19.99      0.007      20.00         20.00
    25           20.00               19.99      0.010      20.00         20.00
    30           20.00               20.00      0.000      20.00         20.00

Figure saved → /home/coder/NAS-PINNS1/thermal_pinn/quenching_mswp/figures/adaptive_k/adaptive_k_square_adaptive_nsga3_75.png

========================================================================
  FEM vs AdaptiveK — SQUARE
========================================================================
  t(s)    FEM mean(°C)  AdaptiveK mean(°C)    MAE(°C)    FEM max  AdaptiveK max
------------------------------------------------------------------------
     5           38.61               40.54      1.945      39.69         42.92
    10           20.67               20.91      0.240      20.71         21.01
    15           20.02               20.05      0.027      20.03         20.07
    20           20.00               20.01      0.011      20.00         20.03
    25           20.00               19.96      0.041      20.00         20.00
    30           20.00               20.00      0.000      20.00         20.00

Figure saved → /home/coder/NAS-PINNS1/thermal_pinn/quenching_mswp/figures/adaptive_k/adaptive_k_square_adaptive_nsga3_75.png

========================================================================
  FEM vs AdaptiveK — CIRCLE
========================================================================
  t(s)    FEM mean(°C)  AdaptiveK mean(°C)    MAE(°C)    FEM max  AdaptiveK max
------------------------------------------------------------------------
     5           37.80               39.80      1.999      38.47         41.28
    10           20.61               20.88      0.268      20.63         20.94
    15           20.02               19.98      0.045      20.02         20.00
    20           20.00               20.02      0.016      20.00         20.02
    25           20.00               20.00      0.004      20.00         20.01
    30           20.00               20.00      0.000      20.00         20.00

Figure saved → /home/coder/NAS-PINNS1/thermal_pinn/quenching_mswp/figures/adaptive_k/adaptive_k_circle_adaptive_nsga3_75.png

========================================================================
  FEM vs AdaptiveK — CIRCLE
========================================================================
  t(s)    FEM mean(°C)  AdaptiveK mean(°C)    MAE(°C)    FEM max  AdaptiveK max
------------------------------------------------------------------------
     5           37.80               39.77      1.972      38.47         41.27
    10           20.61               20.76      0.156      20.63         20.83
    15           20.02               20.02      0.019      20.02         20.08
    20           20.00               20.01      0.013      20.00         20.04
    25           20.00               20.06      0.059      20.00         20.09
    30           20.00               20.00      0.000      20.00         20.00

Figure saved → /home/coder/NAS-PINNS1/thermal_pinn/quenching_mswp/figures/adaptive_k/adaptive_k_circle_adaptive_nsga3_75.png

========================================================================
  FEM vs AdaptiveK — CIRCLE
========================================================================
  t(s)    FEM mean(°C)  AdaptiveK mean(°C)    MAE(°C)    FEM max  AdaptiveK max
------------------------------------------------------------------------
     5           37.80               39.83      2.026      38.47         41.34
    10           20.61               20.86      0.247      20.63         20.92
    15           20.02               20.02      0.011      20.02         20.05
    20           20.00               19.99      0.009      20.00         20.01
    25           20.00               20.05      0.053      20.00         20.07
    30           20.00               20.00      0.000      20.00         20.00

Figure saved → /home/coder/NAS-PINNS1/thermal_pinn/quenching_mswp/figures/adaptive_k/adaptive_k_circle_adaptive_nsga3_75.png

========================================================================
  FEM vs AdaptiveK — CIRCLE
========================================================================
  t(s)    FEM mean(°C)  AdaptiveK mean(°C)    MAE(°C)    FEM max  AdaptiveK max
------------------------------------------------------------------------
     5           37.80               39.75      1.945      38.47         41.24
    10           20.61               20.83      0.226      20.63         20.90
    15           20.02               19.97      0.053      20.02         19.98
    20           20.00               20.00      0.005      20.00         20.02
    25           20.00               20.00      0.006      20.00         20.02
    30           20.00               20.00      0.000      20.00         20.00

Figure saved → /home/coder/NAS-PINNS1/thermal_pinn/quenching_mswp/figures/adaptive_k/adaptive_k_circle_adaptive_nsga3_75.png

========================================================================
  FEM vs AdaptiveK — CIRCLE
========================================================================
  t(s)    FEM mean(°C)  AdaptiveK mean(°C)    MAE(°C)    FEM max  AdaptiveK max
------------------------------------------------------------------------
     5           37.80               39.72      1.916      38.47         41.23
    10           20.61               20.88      0.273      20.63         20.94
    15           20.02               20.04      0.019      20.02         20.07
    20           20.00               20.01      0.010      20.00         20.03
    25           20.00               20.01      0.012      20.00         20.02
    30           20.00               20.00      0.000      20.00         20.00

Figure saved → /home/coder/NAS-PINNS1/thermal_pinn/quenching_mswp/figures/adaptive_k/adaptive_k_circle_adaptive_nsga3_75.png

========================================================================
  FEM vs AdaptiveK — CIRCLE
========================================================================
  t(s)    FEM mean(°C)  AdaptiveK mean(°C)    MAE(°C)    FEM max  AdaptiveK max
------------------------------------------------------------------------
     5           37.80               39.73      1.924      38.47         41.24
    10           20.61               20.81      0.202      20.63         20.87
    15           20.02               20.05      0.025      20.02         20.07
    20           20.00               20.01      0.013      20.00         20.03
    25           20.00               20.05      0.050      20.00         20.08
    30           20.00               20.00      0.000      20.00         20.00

Figure saved → /home/coder/NAS-PINNS1/thermal_pinn/quenching_mswp/figures/adaptive_k/adaptive_k_circle_adaptive_nsga3_75.png

========================================================================
  FEM vs AdaptiveK — CIRCLE
========================================================================
  t(s)    FEM mean(°C)  AdaptiveK mean(°C)    MAE(°C)    FEM max  AdaptiveK max
------------------------------------------------------------------------
     5           37.80               39.70      1.901      38.47         41.19
    10           20.61               20.83      0.225      20.63         20.90
    15           20.02               20.11      0.088      20.02         20.15
    20           20.00               20.01      0.009      20.00         20.03
    25           20.00               19.96      0.041      20.00         19.99
    30           20.00               20.00      0.000      20.00         20.00

Figure saved → /home/coder/NAS-PINNS1/thermal_pinn/quenching_mswp/figures/adaptive_k/adaptive_k_circle_adaptive_nsga3_75.png

========================================================================
  FEM vs AdaptiveK — CIRCLE
========================================================================
  t(s)    FEM mean(°C)  AdaptiveK mean(°C)    MAE(°C)    FEM max  AdaptiveK max
------------------------------------------------------------------------
     5           37.80               39.77      1.965      38.47         41.25
    10           20.61               20.89      0.280      20.63         20.95
    15           20.02               20.05      0.030      20.02         20.07
    20           20.00               19.99      0.006      20.00         20.01
    25           20.00               20.00      0.005      20.00         20.02
    30           20.00               20.00      0.000      20.00         20.00

Figure saved → /home/coder/NAS-PINNS1/thermal_pinn/quenching_mswp/figures/adaptive_k/adaptive_k_circle_adaptive_nsga3_75.png

========================================================================
  FEM vs AdaptiveK — CIRCLE
========================================================================
  t(s)    FEM mean(°C)  AdaptiveK mean(°C)    MAE(°C)    FEM max  AdaptiveK max
------------------------------------------------------------------------
     5           37.80               39.79      1.990      38.47         41.29
    10           20.61               20.87      0.261      20.63         20.93
    15           20.02               20.11      0.089      20.02         20.15
    20           20.00               20.01      0.011      20.00         20.03
    25           20.00               19.97      0.032      20.00         19.99
    30           20.00               20.00      0.000      20.00         20.00

Figure saved → /home/coder/NAS-PINNS1/thermal_pinn/quenching_mswp/figures/adaptive_k/adaptive_k_circle_adaptive_nsga3_75.png

========================================================================
  FEM vs AdaptiveK — LSHAPE
========================================================================
  t(s)    FEM mean(°C)  AdaptiveK mean(°C)    MAE(°C)    FEM max  AdaptiveK max
------------------------------------------------------------------------
     5           73.01               75.76      4.389      78.96         87.91
    10           25.46               26.48      1.042      26.08         27.88
    15           20.56               20.57      0.085      20.63         20.80
    20           20.06               20.08      0.024      20.06         20.11
    25           20.01               19.95      0.060      20.01         19.99
    30           20.00               20.00      0.000      20.00         20.00

Figure saved → /home/coder/NAS-PINNS1/thermal_pinn/quenching_mswp/figures/adaptive_k/adaptive_k_lshape_adaptive_nsga3_75.png

========================================================================
  FEM vs AdaptiveK — LSHAPE
========================================================================
  t(s)    FEM mean(°C)  AdaptiveK mean(°C)    MAE(°C)    FEM max  AdaptiveK max
------------------------------------------------------------------------
     5           73.01               75.87      4.538      78.96         88.19
    10           25.46               26.36      0.930      26.08         27.78
    15           20.56               20.46      0.108      20.63         20.66
    20           20.06               19.95      0.107      20.06         19.99
    25           20.01               20.01      0.007      20.01         20.03
    30           20.00               20.00      0.000      20.00         20.00

Figure saved → /home/coder/NAS-PINNS1/thermal_pinn/quenching_mswp/figures/adaptive_k/adaptive_k_lshape_adaptive_nsga3_75.png

========================================================================
  FEM vs AdaptiveK — LSHAPE
========================================================================
  t(s)    FEM mean(°C)  AdaptiveK mean(°C)    MAE(°C)    FEM max  AdaptiveK max
------------------------------------------------------------------------
     5           73.01               75.67      4.406      78.96         87.82
    10           25.46               26.42      1.001      26.08         27.85
    15           20.56               20.69      0.158      20.63         20.90
    20           20.06               20.03      0.029      20.06         20.06
    25           20.01               19.90      0.102      20.01         19.95
    30           20.00               20.00      0.000      20.00         20.00

Figure saved → /home/coder/NAS-PINNS1/thermal_pinn/quenching_mswp/figures/adaptive_k/adaptive_k_lshape_adaptive_nsga3_75.png

========================================================================
  FEM vs AdaptiveK — LSHAPE
========================================================================
  t(s)    FEM mean(°C)  AdaptiveK mean(°C)    MAE(°C)    FEM max  AdaptiveK max
------------------------------------------------------------------------
     5           73.01               75.49      4.460      78.96         87.85
    10           25.46               26.36      0.949      26.08         27.78
    15           20.56               20.59      0.086      20.63         20.81
    20           20.06               20.05      0.015      20.06         20.08
    25           20.01               19.99      0.014      20.01         20.03
    30           20.00               20.00      0.000      20.00         20.00

Figure saved → /home/coder/NAS-PINNS1/thermal_pinn/quenching_mswp/figures/adaptive_k/adaptive_k_lshape_adaptive_nsga3_75.png

========================================================================
  FEM vs AdaptiveK — LSHAPE
========================================================================
  t(s)    FEM mean(°C)  AdaptiveK mean(°C)    MAE(°C)    FEM max  AdaptiveK max
------------------------------------------------------------------------
     5           73.01               75.81      4.504      78.96         88.10
    10           25.46               26.40      0.955      26.08         27.81
    15           20.56               20.57      0.079      20.63         20.78
    20           20.06               20.09      0.033      20.06         20.11
    25           20.01               20.07      0.065      20.01         20.10
    30           20.00               20.00      0.000      20.00         20.00

Figure saved → /home/coder/NAS-PINNS1/thermal_pinn/quenching_mswp/figures/adaptive_k/adaptive_k_lshape_adaptive_nsga3_75.png

========================================================================
  FEM vs AdaptiveK — LSHAPE
========================================================================
  t(s)    FEM mean(°C)  AdaptiveK mean(°C)    MAE(°C)    FEM max  AdaptiveK max
------------------------------------------------------------------------
     5           73.01               75.75      4.521      78.96         87.98
    10           25.46               26.40      0.972      26.08         27.85
    15           20.56               20.58      0.087      20.63         20.80
    20           20.06               19.99      0.067      20.06         20.06
    25           20.01               20.05      0.048      20.01         20.07
    30           20.00               20.00      0.000      20.00         20.00

Figure saved → /home/coder/NAS-PINNS1/thermal_pinn/quenching_mswp/figures/adaptive_k/adaptive_k_lshape_adaptive_nsga3_75.png

========================================================================
  FEM vs AdaptiveK — LSHAPE
========================================================================
  t(s)    FEM mean(°C)  AdaptiveK mean(°C)    MAE(°C)    FEM max  AdaptiveK max
------------------------------------------------------------------------
     5           73.01               75.78      4.364      78.96         87.80
    10           25.46               26.39      0.963      26.08         27.79
    15           20.56               20.55      0.076      20.63         20.75
    20           20.06               20.05      0.015      20.06         20.09
    25           20.01               20.00      0.014      20.01         20.05
    30           20.00               20.00      0.000      20.00         20.00

Figure saved → /home/coder/NAS-PINNS1/thermal_pinn/quenching_mswp/figures/adaptive_k/adaptive_k_lshape_adaptive_nsga3_75.png

========================================================================
  FEM vs AdaptiveK — LSHAPE
========================================================================
  t(s)    FEM mean(°C)  AdaptiveK mean(°C)    MAE(°C)    FEM max  AdaptiveK max
------------------------------------------------------------------------
     5           73.01               75.60      4.460      78.96         87.96
    10           25.46               26.38      0.983      26.08         27.84
    15           20.56               20.53      0.077      20.63         20.73
    20           20.06               20.04      0.020      20.06         20.07
    25           20.01               20.04      0.040      20.01         20.18
    30           20.00               20.00      0.000      20.00         20.00

Figure saved → /home/coder/NAS-PINNS1/thermal_pinn/quenching_mswp/figures/adaptive_k/adaptive_k_lshape_adaptive_nsga3_75.png

========================================================================
  FEM vs AdaptiveK — LSHAPE
========================================================================
  t(s)    FEM mean(°C)  AdaptiveK mean(°C)    MAE(°C)    FEM max  AdaptiveK max
------------------------------------------------------------------------
     5           73.01               75.87      4.640      78.96         88.05
    10           25.46               26.42      0.979      26.08         27.80
    15           20.56               20.54      0.092      20.63         20.77
    20           20.06               20.13      0.073      20.06         20.18
    25           20.01               20.04      0.029      20.01         20.08
    30           20.00               20.00      0.000      20.00         20.00

Figure saved → /home/coder/NAS-PINNS1/thermal_pinn/quenching_mswp/figures/adaptive_k/adaptive_k_lshape_adaptive_nsga3_75.png

========================================================================
  FEM vs AdaptiveK — FLOWER
========================================================================
  t(s)    FEM mean(°C)  AdaptiveK mean(°C)    MAE(°C)    FEM max  AdaptiveK max
------------------------------------------------------------------------
     5           24.01               24.91      0.900      24.37         25.77
    10           20.03               20.03      0.015      20.03         20.09
    15           20.00               19.97      0.034      20.00         19.99
    20           20.00               19.99      0.012      20.00         20.02
    25           20.00               19.99      0.017      20.00         20.04
    30           20.00               20.00      0.000      20.00         20.00

Figure saved → /home/coder/NAS-PINNS1/thermal_pinn/quenching_mswp/figures/adaptive_k/adaptive_k_flower_adaptive_nsga3_75.png

========================================================================
  FEM vs AdaptiveK — FLOWER
========================================================================
  t(s)    FEM mean(°C)  AdaptiveK mean(°C)    MAE(°C)    FEM max  AdaptiveK max
------------------------------------------------------------------------
     5           24.01               24.88      0.862      24.37         25.75
    10           20.03               20.07      0.034      20.03         20.08
    15           20.00               20.00      0.018      20.00         20.07
    20           20.00               19.99      0.011      20.00         20.00
    25           20.00               19.93      0.069      20.00         19.96
    30           20.00               20.00      0.000      20.00         20.00

Figure saved → /home/coder/NAS-PINNS1/thermal_pinn/quenching_mswp/figures/adaptive_k/adaptive_k_flower_adaptive_nsga3_75.png

========================================================================
  FEM vs AdaptiveK — FLOWER
========================================================================
  t(s)    FEM mean(°C)  AdaptiveK mean(°C)    MAE(°C)    FEM max  AdaptiveK max
------------------------------------------------------------------------
     5           24.01               24.90      0.882      24.37         25.78
    10           20.03               20.06      0.025      20.03         20.08
    15           20.00               19.96      0.041      20.00         20.04
    20           20.00               20.01      0.011      20.00         20.04
    25           20.00               20.02      0.020      20.00         20.06
    30           20.00               20.00      0.000      20.00         20.00

Figure saved → /home/coder/NAS-PINNS1/thermal_pinn/quenching_mswp/figures/adaptive_k/adaptive_k_flower_adaptive_nsga3_75.png

========================================================================
  FEM vs AdaptiveK — FLOWER
========================================================================
  t(s)    FEM mean(°C)  AdaptiveK mean(°C)    MAE(°C)    FEM max  AdaptiveK max
------------------------------------------------------------------------
     5           24.01               24.87      0.854      24.37         25.75
    10           20.03               20.05      0.025      20.03         20.09
    15           20.00               20.00      0.005      20.00         20.03
    20           20.00               19.99      0.009      20.00         20.02
    25           20.00               20.01      0.017      20.00         20.06
    30           20.00               20.00      0.000      20.00         20.00

Figure saved → /home/coder/NAS-PINNS1/thermal_pinn/quenching_mswp/figures/adaptive_k/adaptive_k_flower_adaptive_nsga3_75.png

========================================================================
  FEM vs AdaptiveK — FLOWER
========================================================================
  t(s)    FEM mean(°C)  AdaptiveK mean(°C)    MAE(°C)    FEM max  AdaptiveK max
------------------------------------------------------------------------
     5           24.01               24.84      0.830      24.37         25.72
    10           20.03               20.07      0.043      20.03         20.14
    15           20.00               19.98      0.020      20.00         20.00
    20           20.00               20.01      0.010      20.00         20.02
    25           20.00               20.01      0.015      20.00         20.04
    30           20.00               20.00      0.000      20.00         20.00

Figure saved → /home/coder/NAS-PINNS1/thermal_pinn/quenching_mswp/figures/adaptive_k/adaptive_k_flower_adaptive_nsga3_75.png

========================================================================
  FEM vs AdaptiveK — FLOWER
========================================================================
  t(s)    FEM mean(°C)  AdaptiveK mean(°C)    MAE(°C)    FEM max  AdaptiveK max
------------------------------------------------------------------------
     5           24.01               24.87      0.858      24.37         25.76
    10           20.03               20.05      0.015      20.03         20.06
    15           20.00               19.95      0.049      20.00         19.98
    20           20.00               20.00      0.012      20.00         20.04
    25           20.00               20.04      0.042      20.00         20.07
    30           20.00               20.00      0.000      20.00         20.00

Figure saved → /home/coder/NAS-PINNS1/thermal_pinn/quenching_mswp/figures/adaptive_k/adaptive_k_flower_adaptive_nsga3_75.png

========================================================================
  FEM vs AdaptiveK — FLOWER
========================================================================
  t(s)    FEM mean(°C)  AdaptiveK mean(°C)    MAE(°C)    FEM max  AdaptiveK max
------------------------------------------------------------------------
     5           24.01               24.87      0.852      24.37         25.73
    10           20.03               20.06      0.033      20.03         20.09
    15           20.00               20.02      0.020      20.00         20.04
    20           20.00               20.01      0.011      20.00         20.04
    25           20.00               20.00      0.011      20.00         20.04
    30           20.00               20.00      0.000      20.00         20.00

Figure saved → /home/coder/NAS-PINNS1/thermal_pinn/quenching_mswp/figures/adaptive_k/adaptive_k_flower_adaptive_nsga3_75.png

========================================================================
  FEM vs AdaptiveK — FLOWER
========================================================================
  t(s)    FEM mean(°C)  AdaptiveK mean(°C)    MAE(°C)    FEM max  AdaptiveK max
------------------------------------------------------------------------
     5           24.01               24.86      0.842      24.37         25.73
    10           20.03               20.04      0.011      20.03         20.08
    15           20.00               20.02      0.024      20.00         20.05
    20           20.00               20.01      0.015      20.00         20.05
    25           20.00               20.03      0.030      20.00         20.05
    30           20.00               20.00      0.000      20.00         20.00

Figure saved → /home/coder/NAS-PINNS1/thermal_pinn/quenching_mswp/figures/adaptive_k/adaptive_k_flower_adaptive_nsga3_75.png

========================================================================
  FEM vs AdaptiveK — FLOWER
========================================================================
  t(s)    FEM mean(°C)  AdaptiveK mean(°C)    MAE(°C)    FEM max  AdaptiveK max
------------------------------------------------------------------------
     5           24.01               24.84      0.828      24.37         25.73
    10           20.03               20.00      0.029      20.03         20.02
    15           20.00               20.01      0.014      20.00         20.04
    20           20.00               20.00      0.015      20.00         20.03
    25           20.00               20.02      0.025      20.00         20.05
    30           20.00               20.00      0.000      20.00         20.00

Figure saved → /home/coder/NAS-PINNS1/thermal_pinn/quenching_mswp/figures/adaptive_k/adaptive_k_flower_adaptive_nsga3_75.png
