2026-05-27 21:59:21 [stage_adaptive_k][all][adaptive_k][k=-][s=-] INFO AdaptiveK | geo=square seed=1 arch=[151, 151, 151, 151, 151] thr_up=2.0 thr_dn=5.0
2026-05-27 21:59:21 [adaptive_k][square][adaptive_k][k=adaptive][s=1] INFO AdaptiveK | arch=[151, 151, 151, 151, 151] | k=[1..5] | thr_up=2.0°C thr_dn=5.0°C | fourier=True
2026-05-27 21:59:21 [pinn_trainer][square][ak_k1][k=-][s=-] INFO Training start: t=[0.0,1.5]s  epochs_adam=1000  epochs_lbfgs=300  params=111439
2026-05-27 21:59:25 [pinn_trainer][square][ak_k1][k=-][s=-] INFO Adam     1/1000  loss=9.3935e+05  pde=9.3921e+05  bc=2.8616e+01  ic=0.0000e+00  fc=0.0000e+00
2026-05-27 21:59:51 [pinn_trainer][square][ak_k1][k=-][s=-] INFO Adam   500/1000  loss=2.5520e+01  pde=2.3058e+01  bc=4.9247e-01  ic=0.0000e+00  fc=0.0000e+00
2026-05-27 22:00:16 [pinn_trainer][square][ak_k1][k=-][s=-] INFO Adam  1000/1000  loss=1.3991e+01  pde=1.1793e+01  bc=4.3961e-01  ic=0.0000e+00  fc=0.0000e+00
2026-05-27 22:00:20 [pinn_trainer][square][ak_k1][k=-][s=-] INFO L-BFGS  300/300  loss=1.4239e+01
2026-05-27 22:00:20 [pinn_trainer][square][ak_k1][k=-][s=-] INFO Training done in 59.1 s
2026-05-27 22:00:20 [adaptive_k][square][adaptive_k][k=adaptive][s=1] INFO   Win  1  k=1  [0.0→1.5 s]  interior_MAE=24.467°C  → k_next=1
2026-05-27 22:00:20 [pinn_trainer][square][ak_k1][k=-][s=-] INFO Training start: t=[1.5,3.0]s  epochs_adam=1000  epochs_lbfgs=300  params=111439
2026-05-27 22:00:22 [pinn_trainer][square][ak_k1][k=-][s=-] INFO Adam     1/1000  loss=1.3749e+06  pde=1.3747e+06  bc=2.7483e+01  ic=0.0000e+00  fc=0.0000e+00
2026-05-27 22:00:46 [pinn_trainer][square][ak_k1][k=-][s=-] INFO Adam   500/1000  loss=4.6091e+00  pde=4.2933e+00  bc=6.3152e-02  ic=0.0000e+00  fc=0.0000e+00
2026-05-27 22:01:09 [pinn_trainer][square][ak_k1][k=-][s=-] INFO Adam  1000/1000  loss=2.4847e+00  pde=2.1890e+00  bc=5.9149e-02  ic=0.0000e+00  fc=0.0000e+00
2026-05-27 22:01:13 [pinn_trainer][square][ak_k1][k=-][s=-] INFO L-BFGS  300/300  loss=2.5000e+00
2026-05-27 22:01:13 [pinn_trainer][square][ak_k1][k=-][s=-] INFO Training done in 53.2 s
2026-05-27 22:01:13 [adaptive_k][square][adaptive_k][k=adaptive][s=1] INFO   Win  2  k=1  [1.5→3.0 s]  interior_MAE=11.735°C  → k_next=1
2026-05-27 22:01:13 [pinn_trainer][square][ak_k1][k=-][s=-] INFO Training start: t=[3.0,4.5]s  epochs_adam=1000  epochs_lbfgs=300  params=111439
2026-05-27 22:01:16 [pinn_trainer][square][ak_k1][k=-][s=-] INFO Adam     1/1000  loss=1.0295e+06  pde=1.0294e+06  bc=2.9886e+01  ic=0.0000e+00  fc=0.0000e+00
2026-05-27 22:01:39 [pinn_trainer][square][ak_k1][k=-][s=-] INFO Adam   500/1000  loss=1.6314e+00  pde=1.5880e+00  bc=8.6926e-03  ic=0.0000e+00  fc=0.0000e+00
2026-05-27 22:02:03 [pinn_trainer][square][ak_k1][k=-][s=-] INFO Adam  1000/1000  loss=1.0492e+00  pde=1.0083e+00  bc=8.1697e-03  ic=0.0000e+00  fc=0.0000e+00
2026-05-27 22:02:08 [pinn_trainer][square][ak_k1][k=-][s=-] INFO L-BFGS  300/300  loss=1.0962e+00
2026-05-27 22:02:08 [pinn_trainer][square][ak_k1][k=-][s=-] INFO Training done in 55.1 s
2026-05-27 22:02:08 [adaptive_k][square][adaptive_k][k=adaptive][s=1] INFO   Win  3  k=1  [3.0→4.5 s]  interior_MAE=5.013°C  → k_next=1
2026-05-27 22:02:08 [pinn_trainer][square][ak_k1][k=-][s=-] INFO Training start: t=[4.5,6.0]s  epochs_adam=1000  epochs_lbfgs=300  params=111439
2026-05-27 22:02:11 [pinn_trainer][square][ak_k1][k=-][s=-] INFO Adam     1/1000  loss=5.9138e+05  pde=5.9128e+05  bc=1.9518e+01  ic=0.0000e+00  fc=0.0000e+00
2026-05-27 22:02:34 [pinn_trainer][square][ak_k1][k=-][s=-] INFO Adam   500/1000  loss=2.2923e-01  pde=2.2353e-01  bc=1.1396e-03  ic=0.0000e+00  fc=0.0000e+00
2026-05-27 22:02:57 [pinn_trainer][square][ak_k1][k=-][s=-] INFO Adam  1000/1000  loss=9.4118e-02  pde=8.8658e-02  bc=1.0920e-03  ic=0.0000e+00  fc=0.0000e+00
2026-05-27 22:03:01 [pinn_trainer][square][ak_k1][k=-][s=-] INFO L-BFGS  300/300  loss=1.6058e-01
2026-05-27 22:03:01 [pinn_trainer][square][ak_k1][k=-][s=-] INFO Training done in 53.0 s
2026-05-27 22:03:01 [adaptive_k][square][adaptive_k][k=adaptive][s=1] INFO   Win  4  k=1  [4.5→6.0 s]  interior_MAE=1.890°C  → k_next=2
2026-05-27 22:03:01 [pinn_trainer][square][ak_k2][k=-][s=-] INFO Training start: t=[6.0,9.0]s  epochs_adam=1000  epochs_lbfgs=300  params=111439
2026-05-27 22:03:04 [pinn_trainer][square][ak_k2][k=-][s=-] INFO Adam     1/1000  loss=7.8168e+05  pde=7.8156e+05  bc=2.4192e+01  ic=0.0000e+00  fc=0.0000e+00
2026-05-27 22:03:27 [pinn_trainer][square][ak_k2][k=-][s=-] INFO Adam   500/1000  loss=1.7596e-01  pde=1.7535e-01  bc=1.2165e-04  ic=0.0000e+00  fc=0.0000e+00
2026-05-27 22:03:50 [pinn_trainer][square][ak_k2][k=-][s=-] INFO Adam  1000/1000  loss=1.1523e-02  pde=1.0961e-02  bc=1.1234e-04  ic=0.0000e+00  fc=0.0000e+00
2026-05-27 22:04:01 [pinn_trainer][square][ak_k2][k=-][s=-] INFO L-BFGS  300/300  loss=5.9945e-03
2026-05-27 22:04:01 [pinn_trainer][square][ak_k2][k=-][s=-] INFO Training done in 59.1 s
2026-05-27 22:04:01 [adaptive_k][square][adaptive_k][k=adaptive][s=1] INFO   Win  5  k=2  [6.0→9.0 s]  interior_MAE=1.508°C  → k_next=3
2026-05-27 22:04:01 [pinn_trainer][square][ak_k3][k=-][s=-] INFO Training start: t=[9.0,13.5]s  epochs_adam=1000  epochs_lbfgs=300  params=111439
2026-05-27 22:04:03 [pinn_trainer][square][ak_k3][k=-][s=-] INFO Adam     1/1000  loss=9.0749e+05  pde=9.0738e+05  bc=2.1807e+01  ic=0.0000e+00  fc=0.0000e+00
2026-05-27 22:04:26 [pinn_trainer][square][ak_k3][k=-][s=-] INFO Adam   500/1000  loss=3.5923e-01  pde=3.5916e-01  bc=1.4353e-05  ic=0.0000e+00  fc=0.0000e+00
2026-05-27 22:04:49 [pinn_trainer][square][ak_k3][k=-][s=-] INFO Adam  1000/1000  loss=2.6113e-02  pde=2.6099e-02  bc=2.7128e-06  ic=0.0000e+00  fc=0.0000e+00
2026-05-27 22:05:01 [pinn_trainer][square][ak_k3][k=-][s=-] INFO L-BFGS  300/300  loss=5.5701e-02
2026-05-27 22:05:01 [pinn_trainer][square][ak_k3][k=-][s=-] INFO Training done in 60.3 s
2026-05-27 22:05:01 [adaptive_k][square][adaptive_k][k=adaptive][s=1] INFO   Win  6  k=3  [9.0→13.5 s]  interior_MAE=0.304°C  → k_next=4
2026-05-27 22:05:01 [pinn_trainer][square][ak_k4][k=-][s=-] INFO Training start: t=[13.5,19.5]s  epochs_adam=1000  epochs_lbfgs=300  params=111439
2026-05-27 22:05:03 [pinn_trainer][square][ak_k4][k=-][s=-] INFO Adam     1/1000  loss=8.6136e+05  pde=8.6123e+05  bc=2.5666e+01  ic=0.0000e+00  fc=0.0000e+00
2026-05-27 22:05:26 [pinn_trainer][square][ak_k4][k=-][s=-] INFO Adam   500/1000  loss=4.5307e-02  pde=4.5292e-02  bc=2.8503e-06  ic=0.0000e+00  fc=0.0000e+00
2026-05-27 22:05:49 [pinn_trainer][square][ak_k4][k=-][s=-] INFO Adam  1000/1000  loss=6.2592e-04  pde=6.2547e-04  bc=9.0913e-08  ic=0.0000e+00  fc=0.0000e+00
2026-05-27 22:05:57 [pinn_trainer][square][ak_k4][k=-][s=-] INFO L-BFGS  300/300  loss=1.0018e-03
2026-05-27 22:05:57 [pinn_trainer][square][ak_k4][k=-][s=-] INFO Training done in 55.6 s
2026-05-27 22:05:57 [adaptive_k][square][adaptive_k][k=adaptive][s=1] INFO   Win  7  k=4  [13.5→19.5 s]  interior_MAE=0.017°C  → k_next=5
2026-05-27 22:05:57 [pinn_trainer][square][ak_k5][k=-][s=-] INFO Training start: t=[19.5,27.0]s  epochs_adam=1000  epochs_lbfgs=300  params=111439
2026-05-27 22:05:59 [pinn_trainer][square][ak_k5][k=-][s=-] INFO Adam     1/1000  loss=5.7950e+05  pde=5.7942e+05  bc=1.5358e+01  ic=0.0000e+00  fc=0.0000e+00
2026-05-27 22:06:22 [pinn_trainer][square][ak_k5][k=-][s=-] INFO Adam   500/1000  loss=5.2891e-02  pde=5.2871e-02  bc=4.1624e-06  ic=0.0000e+00  fc=0.0000e+00
2026-05-27 22:06:45 [pinn_trainer][square][ak_k5][k=-][s=-] INFO Adam  1000/1000  loss=5.4164e-03  pde=5.4151e-03  bc=2.6139e-07  ic=0.0000e+00  fc=0.0000e+00
2026-05-27 22:06:51 [pinn_trainer][square][ak_k5][k=-][s=-] INFO L-BFGS  300/300  loss=8.6551e-04
2026-05-27 22:06:51 [pinn_trainer][square][ak_k5][k=-][s=-] INFO Training done in 54.7 s
2026-05-27 22:06:51 [adaptive_k][square][adaptive_k][k=adaptive][s=1] INFO   Win  8  k=5  [19.5→27.0 s]  interior_MAE=0.011°C  → k_next=5
2026-05-27 22:06:51 [pinn_trainer][square][ak_k5][k=-][s=-] INFO Training start: t=[27.0,30.0]s  epochs_adam=1000  epochs_lbfgs=300  params=111439
2026-05-27 22:06:54 [pinn_trainer][square][ak_k5][k=-][s=-] INFO Adam     1/1000  loss=1.9815e+06  pde=1.9813e+06  bc=2.6943e+01  ic=0.0000e+00  fc=0.0000e+00
2026-05-27 22:07:17 [pinn_trainer][square][ak_k5][k=-][s=-] INFO Adam   500/1000  loss=1.8953e-02  pde=1.8948e-02  bc=1.1621e-06  ic=0.0000e+00  fc=0.0000e+00
2026-05-27 22:07:40 [pinn_trainer][square][ak_k5][k=-][s=-] INFO Adam  1000/1000  loss=1.8053e-04  pde=1.8051e-04  bc=5.0975e-09  ic=0.0000e+00  fc=0.0000e+00
2026-05-27 22:07:45 [pinn_trainer][square][ak_k5][k=-][s=-] INFO L-BFGS  300/300  loss=6.6858e-04
2026-05-27 22:07:45 [pinn_trainer][square][ak_k5][k=-][s=-] INFO Training done in 53.8 s
2026-05-27 22:07:45 [adaptive_k][square][adaptive_k][k=adaptive][s=1] INFO   Win  9  k=5  [27.0→30.0 s]  interior_MAE=0.001°C  → k_next=5
2026-05-27 22:07:45 [adaptive_k][square][adaptive_k][k=adaptive][s=1] INFO AdaptiveK done | wins=9 | FEM_solves=9/60 | FEM_saving=85% | MAE=1.609°C | L2=0.0174 | t=505 s
2026-05-27 22:07:45 [adaptive_k][square][adaptive_k][k=adaptive][s=1] INFO k schedule: t=0.0s:k=1 → t=1.5s:k=1 → t=3.0s:k=1 → t=4.5s:k=1 → t=6.0s:k=2 → t=9.0s:k=3 → t=13.5s:k=4 → t=19.5s:k=5 → t=27.0s:k=5
2026-05-27 22:07:45 [adaptive_k][square][adaptive_k][k=adaptive][s=1] INFO Saved → /home/coder/NAS-PINNS1/thermal_pinn/quenching_mswp/results/adaptive_k/square/seed1_adaptive
2026-05-27 22:07:46 [stage_adaptive_k][all][adaptive_k][k=-][s=-] INFO RESULT geo=square   seed=1 | MAE=1.609°C | L2=0.0174 | FEM_solves=9/60 | FEM_saving=85%
2026-05-27 22:07:46 [stage_adaptive_k][all][adaptive_k][k=-][s=-] INFO AdaptiveK | geo=square seed=2 arch=[151, 151, 151, 151, 151] thr_up=2.0 thr_dn=5.0
2026-05-27 22:07:46 [adaptive_k][square][adaptive_k][k=adaptive][s=2] INFO AdaptiveK | arch=[151, 151, 151, 151, 151] | k=[1..5] | thr_up=2.0°C thr_dn=5.0°C | fourier=True
2026-05-27 22:07:46 [pinn_trainer][square][ak_k1][k=-][s=-] INFO Training start: t=[0.0,1.5]s  epochs_adam=1000  epochs_lbfgs=300  params=111439
2026-05-27 22:07:48 [pinn_trainer][square][ak_k1][k=-][s=-] INFO Adam     1/1000  loss=9.0084e+05  pde=9.0071e+05  bc=2.5828e+01  ic=0.0000e+00  fc=0.0000e+00
2026-05-27 22:08:11 [pinn_trainer][square][ak_k1][k=-][s=-] INFO Adam   500/1000  loss=2.4063e+01  pde=2.1594e+01  bc=4.9364e-01  ic=0.0000e+00  fc=0.0000e+00
2026-05-27 22:08:35 [pinn_trainer][square][ak_k1][k=-][s=-] INFO Adam  1000/1000  loss=1.3381e+01  pde=1.1117e+01  bc=4.5267e-01  ic=0.0000e+00  fc=0.0000e+00
2026-05-27 22:08:39 [pinn_trainer][square][ak_k1][k=-][s=-] INFO L-BFGS  300/300  loss=1.2954e+01
2026-05-27 22:08:39 [pinn_trainer][square][ak_k1][k=-][s=-] INFO Training done in 53.4 s
2026-05-27 22:08:39 [adaptive_k][square][adaptive_k][k=adaptive][s=2] INFO   Win  1  k=1  [0.0→1.5 s]  interior_MAE=27.677°C  → k_next=1
2026-05-27 22:08:39 [pinn_trainer][square][ak_k1][k=-][s=-] INFO Training start: t=[1.5,3.0]s  epochs_adam=1000  epochs_lbfgs=300  params=111439
2026-05-27 22:08:41 [pinn_trainer][square][ak_k1][k=-][s=-] INFO Adam     1/1000  loss=8.3411e+05  pde=8.3398e+05  bc=2.5091e+01  ic=0.0000e+00  fc=0.0000e+00
2026-05-27 22:09:05 [pinn_trainer][square][ak_k1][k=-][s=-] INFO Adam   500/1000  loss=4.4207e+00  pde=4.1119e+00  bc=6.1750e-02  ic=0.0000e+00  fc=0.0000e+00
2026-05-27 22:09:28 [pinn_trainer][square][ak_k1][k=-][s=-] INFO Adam  1000/1000  loss=2.3245e+00  pde=2.0344e+00  bc=5.8028e-02  ic=0.0000e+00  fc=0.0000e+00
2026-05-27 22:09:33 [pinn_trainer][square][ak_k1][k=-][s=-] INFO L-BFGS  300/300  loss=2.3651e+00
2026-05-27 22:09:33 [pinn_trainer][square][ak_k1][k=-][s=-] INFO Training done in 54.1 s
2026-05-27 22:09:33 [adaptive_k][square][adaptive_k][k=adaptive][s=2] INFO   Win  2  k=1  [1.5→3.0 s]  interior_MAE=11.322°C  → k_next=1
2026-05-27 22:09:33 [pinn_trainer][square][ak_k1][k=-][s=-] INFO Training start: t=[3.0,4.5]s  epochs_adam=1000  epochs_lbfgs=300  params=111439
2026-05-27 22:09:36 [pinn_trainer][square][ak_k1][k=-][s=-] INFO Adam     1/1000  loss=7.1041e+05  pde=7.1029e+05  bc=2.2924e+01  ic=0.0000e+00  fc=0.0000e+00
2026-05-27 22:09:59 [pinn_trainer][square][ak_k1][k=-][s=-] INFO Adam   500/1000  loss=1.3006e+00  pde=1.2586e+00  bc=8.4023e-03  ic=0.0000e+00  fc=0.0000e+00
2026-05-27 22:10:22 [pinn_trainer][square][ak_k1][k=-][s=-] INFO Adam  1000/1000  loss=5.5697e-01  pde=5.1634e-01  bc=8.1260e-03  ic=0.0000e+00  fc=0.0000e+00
2026-05-27 22:10:27 [pinn_trainer][square][ak_k1][k=-][s=-] INFO L-BFGS  300/300  loss=5.5101e-01
2026-05-27 22:10:27 [pinn_trainer][square][ak_k1][k=-][s=-] INFO Training done in 54.1 s
2026-05-27 22:10:27 [adaptive_k][square][adaptive_k][k=adaptive][s=2] INFO   Win  3  k=1  [3.0→4.5 s]  interior_MAE=4.652°C  → k_next=1
2026-05-27 22:10:27 [pinn_trainer][square][ak_k1][k=-][s=-] INFO Training start: t=[4.5,6.0]s  epochs_adam=1000  epochs_lbfgs=300  params=111439
2026-05-27 22:10:30 [pinn_trainer][square][ak_k1][k=-][s=-] INFO Adam     1/1000  loss=1.4296e+06  pde=1.4295e+06  bc=3.1652e+01  ic=0.0000e+00  fc=0.0000e+00
2026-05-27 22:10:53 [pinn_trainer][square][ak_k1][k=-][s=-] INFO Adam   500/1000  loss=6.1572e-01  pde=6.0992e-01  bc=1.1603e-03  ic=0.0000e+00  fc=0.0000e+00
2026-05-27 22:11:16 [pinn_trainer][square][ak_k1][k=-][s=-] INFO Adam  1000/1000  loss=8.5422e-02  pde=7.9881e-02  bc=1.1081e-03  ic=0.0000e+00  fc=0.0000e+00
2026-05-27 22:11:22 [pinn_trainer][square][ak_k1][k=-][s=-] INFO L-BFGS  300/300  loss=7.4672e-02
2026-05-27 22:11:22 [pinn_trainer][square][ak_k1][k=-][s=-] INFO Training done in 54.3 s
2026-05-27 22:11:22 [adaptive_k][square][adaptive_k][k=adaptive][s=2] INFO   Win  4  k=1  [4.5→6.0 s]  interior_MAE=1.903°C  → k_next=2
2026-05-27 22:11:22 [pinn_trainer][square][ak_k2][k=-][s=-] INFO Training start: t=[6.0,9.0]s  epochs_adam=1000  epochs_lbfgs=300  params=111439
2026-05-27 22:11:24 [pinn_trainer][square][ak_k2][k=-][s=-] INFO Adam     1/1000  loss=1.0810e+06  pde=1.0809e+06  bc=2.8976e+01  ic=0.0000e+00  fc=0.0000e+00
2026-05-27 22:11:47 [pinn_trainer][square][ak_k2][k=-][s=-] INFO Adam   500/1000  loss=2.3611e-01  pde=2.3524e-01  bc=1.7347e-04  ic=0.0000e+00  fc=0.0000e+00
2026-05-27 22:12:11 [pinn_trainer][square][ak_k2][k=-][s=-] INFO Adam  1000/1000  loss=1.3026e-02  pde=1.2481e-02  bc=1.0901e-04  ic=0.0000e+00  fc=0.0000e+00
2026-05-27 22:12:18 [pinn_trainer][square][ak_k2][k=-][s=-] INFO L-BFGS  300/300  loss=9.9165e-03
2026-05-27 22:12:18 [pinn_trainer][square][ak_k2][k=-][s=-] INFO Training done in 56.5 s
2026-05-27 22:12:18 [adaptive_k][square][adaptive_k][k=adaptive][s=2] INFO   Win  5  k=2  [6.0→9.0 s]  interior_MAE=1.520°C  → k_next=3
2026-05-27 22:12:18 [pinn_trainer][square][ak_k3][k=-][s=-] INFO Training start: t=[9.0,13.5]s  epochs_adam=1000  epochs_lbfgs=300  params=111439
2026-05-27 22:12:21 [pinn_trainer][square][ak_k3][k=-][s=-] INFO Adam     1/1000  loss=5.7747e+05  pde=5.7740e+05  bc=1.5578e+01  ic=0.0000e+00  fc=0.0000e+00
2026-05-27 22:12:44 [pinn_trainer][square][ak_k3][k=-][s=-] INFO Adam   500/1000  loss=5.2325e-02  pde=5.2312e-02  bc=2.5525e-06  ic=0.0000e+00  fc=0.0000e+00
2026-05-27 22:13:08 [pinn_trainer][square][ak_k3][k=-][s=-] INFO Adam  1000/1000  loss=9.2964e-04  pde=9.2012e-04  bc=1.9042e-06  ic=0.0000e+00  fc=0.0000e+00
2026-05-27 22:13:12 [pinn_trainer][square][ak_k3][k=-][s=-] INFO L-BFGS  300/300  loss=1.2186e-03
2026-05-27 22:13:12 [pinn_trainer][square][ak_k3][k=-][s=-] INFO Training done in 53.4 s
2026-05-27 22:13:12 [adaptive_k][square][adaptive_k][k=adaptive][s=2] INFO   Win  6  k=3  [9.0→13.5 s]  interior_MAE=0.293°C  → k_next=4
2026-05-27 22:13:12 [pinn_trainer][square][ak_k4][k=-][s=-] INFO Training start: t=[13.5,19.5]s  epochs_adam=1000  epochs_lbfgs=300  params=111439
2026-05-27 22:13:14 [pinn_trainer][square][ak_k4][k=-][s=-] INFO Adam     1/1000  loss=5.4912e+06  pde=5.4911e+06  bc=2.9017e+01  ic=0.0000e+00  fc=0.0000e+00
2026-05-27 22:13:38 [pinn_trainer][square][ak_k4][k=-][s=-] INFO Adam   500/1000  loss=6.9668e-02  pde=6.9617e-02  bc=1.0186e-05  ic=0.0000e+00  fc=0.0000e+00
2026-05-27 22:14:01 [pinn_trainer][square][ak_k4][k=-][s=-] INFO Adam  1000/1000  loss=6.2789e-04  pde=6.2786e-04  bc=6.3721e-09  ic=0.0000e+00  fc=0.0000e+00
2026-05-27 22:14:05 [pinn_trainer][square][ak_k4][k=-][s=-] INFO L-BFGS  300/300  loss=2.8434e-02
2026-05-27 22:14:05 [pinn_trainer][square][ak_k4][k=-][s=-] INFO Training done in 53.5 s
2026-05-27 22:14:05 [adaptive_k][square][adaptive_k][k=adaptive][s=2] INFO   Win  7  k=4  [13.5→19.5 s]  interior_MAE=0.013°C  → k_next=5
2026-05-27 22:14:05 [pinn_trainer][square][ak_k5][k=-][s=-] INFO Training start: t=[19.5,27.0]s  epochs_adam=1000  epochs_lbfgs=300  params=111439
2026-05-27 22:14:08 [pinn_trainer][square][ak_k5][k=-][s=-] INFO Adam     1/1000  loss=2.1589e+06  pde=2.1588e+06  bc=2.9166e+01  ic=0.0000e+00  fc=0.0000e+00
2026-05-27 22:14:31 [pinn_trainer][square][ak_k5][k=-][s=-] INFO Adam   500/1000  loss=2.9532e-01  pde=2.9519e-01  bc=2.5989e-05  ic=0.0000e+00  fc=0.0000e+00
2026-05-27 22:14:54 [pinn_trainer][square][ak_k5][k=-][s=-] INFO Adam  1000/1000  loss=4.1576e-03  pde=4.1535e-03  bc=8.1027e-07  ic=0.0000e+00  fc=0.0000e+00
2026-05-27 22:14:59 [pinn_trainer][square][ak_k5][k=-][s=-] INFO L-BFGS  300/300  loss=5.8220e-03
2026-05-27 22:14:59 [pinn_trainer][square][ak_k5][k=-][s=-] INFO Training done in 53.9 s
2026-05-27 22:14:59 [adaptive_k][square][adaptive_k][k=adaptive][s=2] INFO   Win  8  k=5  [19.5→27.0 s]  interior_MAE=0.021°C  → k_next=5
2026-05-27 22:14:59 [pinn_trainer][square][ak_k5][k=-][s=-] INFO Training start: t=[27.0,30.0]s  epochs_adam=1000  epochs_lbfgs=300  params=111439
2026-05-27 22:15:02 [pinn_trainer][square][ak_k5][k=-][s=-] INFO Adam     1/1000  loss=8.0825e+05  pde=8.0815e+05  bc=1.9786e+01  ic=0.0000e+00  fc=0.0000e+00
2026-05-27 22:15:25 [pinn_trainer][square][ak_k5][k=-][s=-] INFO Adam   500/1000  loss=4.5318e-02  pde=4.5314e-02  bc=7.5763e-07  ic=0.0000e+00  fc=0.0000e+00
2026-05-27 22:15:48 [pinn_trainer][square][ak_k5][k=-][s=-] INFO Adam  1000/1000  loss=2.3714e-01  pde=2.3703e-01  bc=2.2884e-05  ic=0.0000e+00  fc=0.0000e+00
2026-05-27 22:15:54 [pinn_trainer][square][ak_k5][k=-][s=-] INFO L-BFGS  300/300  loss=2.6063e-01
2026-05-27 22:15:54 [pinn_trainer][square][ak_k5][k=-][s=-] INFO Training done in 54.6 s
2026-05-27 22:15:54 [adaptive_k][square][adaptive_k][k=adaptive][s=2] INFO   Win  9  k=5  [27.0→30.0 s]  interior_MAE=0.053°C  → k_next=5
2026-05-27 22:15:54 [adaptive_k][square][adaptive_k][k=adaptive][s=2] INFO AdaptiveK done | wins=9 | FEM_solves=9/60 | FEM_saving=85% | MAE=1.696°C | L2=0.0177 | t=488 s
2026-05-27 22:15:54 [adaptive_k][square][adaptive_k][k=adaptive][s=2] INFO k schedule: t=0.0s:k=1 → t=1.5s:k=1 → t=3.0s:k=1 → t=4.5s:k=1 → t=6.0s:k=2 → t=9.0s:k=3 → t=13.5s:k=4 → t=19.5s:k=5 → t=27.0s:k=5
2026-05-27 22:15:54 [adaptive_k][square][adaptive_k][k=adaptive][s=2] INFO Saved → /home/coder/NAS-PINNS1/thermal_pinn/quenching_mswp/results/adaptive_k/square/seed2_adaptive
2026-05-27 22:15:55 [stage_adaptive_k][all][adaptive_k][k=-][s=-] INFO RESULT geo=square   seed=2 | MAE=1.696°C | L2=0.0177 | FEM_solves=9/60 | FEM_saving=85%
2026-05-27 22:15:55 [stage_adaptive_k][all][adaptive_k][k=-][s=-] INFO AdaptiveK | geo=square seed=3 arch=[151, 151, 151, 151, 151] thr_up=2.0 thr_dn=5.0
2026-05-27 22:15:55 [adaptive_k][square][adaptive_k][k=adaptive][s=3] INFO AdaptiveK | arch=[151, 151, 151, 151, 151] | k=[1..5] | thr_up=2.0°C thr_dn=5.0°C | fourier=True
2026-05-27 22:15:55 [pinn_trainer][square][ak_k1][k=-][s=-] INFO Training start: t=[0.0,1.5]s  epochs_adam=1000  epochs_lbfgs=300  params=111439
2026-05-27 22:15:57 [pinn_trainer][square][ak_k1][k=-][s=-] INFO Adam     1/1000  loss=9.5696e+05  pde=9.5684e+05  bc=2.4596e+01  ic=0.0000e+00  fc=0.0000e+00
2026-05-27 22:16:20 [pinn_trainer][square][ak_k1][k=-][s=-] INFO Adam   500/1000  loss=2.6312e+01  pde=2.3833e+01  bc=4.9590e-01  ic=0.0000e+00  fc=0.0000e+00
2026-05-27 22:16:43 [pinn_trainer][square][ak_k1][k=-][s=-] INFO Adam  1000/1000  loss=1.8692e+01  pde=1.6380e+01  bc=4.6247e-01  ic=0.0000e+00  fc=0.0000e+00
2026-05-27 22:16:48 [pinn_trainer][square][ak_k1][k=-][s=-] INFO L-BFGS  300/300  loss=1.8744e+01
2026-05-27 22:16:48 [pinn_trainer][square][ak_k1][k=-][s=-] INFO Training done in 53.1 s
2026-05-27 22:16:48 [adaptive_k][square][adaptive_k][k=adaptive][s=3] INFO   Win  1  k=1  [0.0→1.5 s]  interior_MAE=31.040°C  → k_next=1
2026-05-27 22:16:48 [pinn_trainer][square][ak_k1][k=-][s=-] INFO Training start: t=[1.5,3.0]s  epochs_adam=1000  epochs_lbfgs=300  params=111439
2026-05-27 22:16:50 [pinn_trainer][square][ak_k1][k=-][s=-] INFO Adam     1/1000  loss=2.3703e+06  pde=2.3700e+06  bc=5.1466e+01  ic=0.0000e+00  fc=0.0000e+00
2026-05-27 22:17:14 [pinn_trainer][square][ak_k1][k=-][s=-] INFO Adam   500/1000  loss=4.9343e+00  pde=4.6177e+00  bc=6.3313e-02  ic=0.0000e+00  fc=0.0000e+00
2026-05-27 22:17:38 [pinn_trainer][square][ak_k1][k=-][s=-] INFO Adam  1000/1000  loss=2.7263e+00  pde=2.4311e+00  bc=5.9048e-02  ic=0.0000e+00  fc=0.0000e+00
2026-05-27 22:17:42 [pinn_trainer][square][ak_k1][k=-][s=-] INFO L-BFGS  300/300  loss=2.7505e+00
2026-05-27 22:17:42 [pinn_trainer][square][ak_k1][k=-][s=-] INFO Training done in 54.2 s
2026-05-27 22:17:42 [adaptive_k][square][adaptive_k][k=adaptive][s=3] INFO   Win  2  k=1  [1.5→3.0 s]  interior_MAE=12.829°C  → k_next=1
2026-05-27 22:17:42 [pinn_trainer][square][ak_k1][k=-][s=-] INFO Training start: t=[3.0,4.5]s  epochs_adam=1000  epochs_lbfgs=300  params=111439
2026-05-27 22:17:44 [pinn_trainer][square][ak_k1][k=-][s=-] INFO Adam     1/1000  loss=9.3393e+05  pde=9.3383e+05  bc=1.8740e+01  ic=0.0000e+00  fc=0.0000e+00
2026-05-27 22:18:08 [pinn_trainer][square][ak_k1][k=-][s=-] INFO Adam   500/1000  loss=1.4241e+00  pde=1.3815e+00  bc=8.5199e-03  ic=0.0000e+00  fc=0.0000e+00
2026-05-27 22:18:31 [pinn_trainer][square][ak_k1][k=-][s=-] INFO Adam  1000/1000  loss=6.4704e-01  pde=6.0689e-01  bc=8.0307e-03  ic=0.0000e+00  fc=0.0000e+00
2026-05-27 22:18:36 [pinn_trainer][square][ak_k1][k=-][s=-] INFO L-BFGS  300/300  loss=6.0040e-01
2026-05-27 22:18:36 [pinn_trainer][square][ak_k1][k=-][s=-] INFO Training done in 53.7 s
2026-05-27 22:18:36 [adaptive_k][square][adaptive_k][k=adaptive][s=3] INFO   Win  3  k=1  [3.0→4.5 s]  interior_MAE=4.856°C  → k_next=1
2026-05-27 22:18:36 [pinn_trainer][square][ak_k1][k=-][s=-] INFO Training start: t=[4.5,6.0]s  epochs_adam=1000  epochs_lbfgs=300  params=111439
2026-05-27 22:18:38 [pinn_trainer][square][ak_k1][k=-][s=-] INFO Adam     1/1000  loss=8.3649e+05  pde=8.3640e+05  bc=1.6510e+01  ic=0.0000e+00  fc=0.0000e+00
2026-05-27 22:19:02 [pinn_trainer][square][ak_k1][k=-][s=-] INFO Adam   500/1000  loss=1.0875e-01  pde=1.0313e-01  bc=1.1233e-03  ic=0.0000e+00  fc=0.0000e+00
2026-05-27 22:19:25 [pinn_trainer][square][ak_k1][k=-][s=-] INFO Adam  1000/1000  loss=8.4071e-02  pde=7.8573e-02  bc=1.0995e-03  ic=0.0000e+00  fc=0.0000e+00
2026-05-27 22:19:30 [pinn_trainer][square][ak_k1][k=-][s=-] INFO L-BFGS  300/300  loss=7.5547e-02
2026-05-27 22:19:30 [pinn_trainer][square][ak_k1][k=-][s=-] INFO Training done in 54.5 s
2026-05-27 22:19:30 [adaptive_k][square][adaptive_k][k=adaptive][s=3] INFO   Win  4  k=1  [4.5→6.0 s]  interior_MAE=1.891°C  → k_next=2
2026-05-27 22:19:30 [pinn_trainer][square][ak_k2][k=-][s=-] INFO Training start: t=[6.0,9.0]s  epochs_adam=1000  epochs_lbfgs=300  params=111439
2026-05-27 22:19:33 [pinn_trainer][square][ak_k2][k=-][s=-] INFO Adam     1/1000  loss=1.0123e+06  pde=1.0122e+06  bc=3.0224e+01  ic=0.0000e+00  fc=0.0000e+00
2026-05-27 22:19:56 [pinn_trainer][square][ak_k2][k=-][s=-] INFO Adam   500/1000  loss=1.9365e-01  pde=1.9297e-01  bc=1.3681e-04  ic=0.0000e+00  fc=0.0000e+00
2026-05-27 22:20:19 [pinn_trainer][square][ak_k2][k=-][s=-] INFO Adam  1000/1000  loss=7.7765e-03  pde=7.2174e-03  bc=1.1182e-04  ic=0.0000e+00  fc=0.0000e+00
2026-05-27 22:20:27 [pinn_trainer][square][ak_k2][k=-][s=-] INFO L-BFGS  300/300  loss=7.7826e-03
2026-05-27 22:20:27 [pinn_trainer][square][ak_k2][k=-][s=-] INFO Training done in 56.4 s
2026-05-27 22:20:27 [adaptive_k][square][adaptive_k][k=adaptive][s=3] INFO   Win  5  k=2  [6.0→9.0 s]  interior_MAE=1.521°C  → k_next=3
2026-05-27 22:20:27 [pinn_trainer][square][ak_k3][k=-][s=-] INFO Training start: t=[9.0,13.5]s  epochs_adam=1000  epochs_lbfgs=300  params=111439
2026-05-27 22:20:29 [pinn_trainer][square][ak_k3][k=-][s=-] INFO Adam     1/1000  loss=1.8323e+06  pde=1.8321e+06  bc=3.7694e+01  ic=0.0000e+00  fc=0.0000e+00
2026-05-27 22:20:53 [pinn_trainer][square][ak_k3][k=-][s=-] INFO Adam   500/1000  loss=8.4427e-01  pde=8.4391e-01  bc=7.3201e-05  ic=0.0000e+00  fc=0.0000e+00
2026-05-27 22:21:16 [pinn_trainer][square][ak_k3][k=-][s=-] INFO Adam  1000/1000  loss=1.5438e-03  pde=1.5247e-03  bc=3.8092e-06  ic=0.0000e+00  fc=0.0000e+00
2026-05-27 22:21:20 [pinn_trainer][square][ak_k3][k=-][s=-] INFO L-BFGS  300/300  loss=3.6345e-04
2026-05-27 22:21:20 [pinn_trainer][square][ak_k3][k=-][s=-] INFO Training done in 52.7 s
2026-05-27 22:21:20 [adaptive_k][square][adaptive_k][k=adaptive][s=3] INFO   Win  6  k=3  [9.0→13.5 s]  interior_MAE=0.297°C  → k_next=4
2026-05-27 22:21:20 [pinn_trainer][square][ak_k4][k=-][s=-] INFO Training start: t=[13.5,19.5]s  epochs_adam=1000  epochs_lbfgs=300  params=111439
2026-05-27 22:21:22 [pinn_trainer][square][ak_k4][k=-][s=-] INFO Adam     1/1000  loss=1.6148e+06  pde=1.6146e+06  bc=2.3423e+01  ic=0.0000e+00  fc=0.0000e+00
2026-05-27 22:21:45 [pinn_trainer][square][ak_k4][k=-][s=-] INFO Adam   500/1000  loss=1.7597e-01  pde=1.7593e-01  bc=8.5192e-06  ic=0.0000e+00  fc=0.0000e+00
2026-05-27 22:22:08 [pinn_trainer][square][ak_k4][k=-][s=-] INFO Adam  1000/1000  loss=2.2160e-01  pde=2.2148e-01  bc=2.4099e-05  ic=0.0000e+00  fc=0.0000e+00
2026-05-27 22:22:17 [pinn_trainer][square][ak_k4][k=-][s=-] INFO L-BFGS  300/300  loss=2.3419e-01
2026-05-27 22:22:17 [pinn_trainer][square][ak_k4][k=-][s=-] INFO Training done in 57.3 s
2026-05-27 22:22:17 [adaptive_k][square][adaptive_k][k=adaptive][s=3] INFO   Win  7  k=4  [13.5→19.5 s]  interior_MAE=0.009°C  → k_next=5
2026-05-27 22:22:17 [pinn_trainer][square][ak_k5][k=-][s=-] INFO Training start: t=[19.5,27.0]s  epochs_adam=1000  epochs_lbfgs=300  params=111439
2026-05-27 22:22:19 [pinn_trainer][square][ak_k5][k=-][s=-] INFO Adam     1/1000  loss=9.6230e+05  pde=9.6215e+05  bc=2.9864e+01  ic=0.0000e+00  fc=0.0000e+00
2026-05-27 22:22:43 [pinn_trainer][square][ak_k5][k=-][s=-] INFO Adam   500/1000  loss=1.3565e+00  pde=1.3558e+00  bc=1.3807e-04  ic=0.0000e+00  fc=0.0000e+00
2026-05-27 22:23:06 [pinn_trainer][square][ak_k5][k=-][s=-] INFO Adam  1000/1000  loss=4.3366e-04  pde=4.3361e-04  bc=8.6876e-09  ic=0.0000e+00  fc=0.0000e+00
2026-05-27 22:23:12 [pinn_trainer][square][ak_k5][k=-][s=-] INFO L-BFGS  300/300  loss=1.7513e-03
2026-05-27 22:23:12 [pinn_trainer][square][ak_k5][k=-][s=-] INFO Training done in 54.9 s
2026-05-27 22:23:12 [adaptive_k][square][adaptive_k][k=adaptive][s=3] INFO   Win  8  k=5  [19.5→27.0 s]  interior_MAE=0.001°C  → k_next=5
2026-05-27 22:23:12 [pinn_trainer][square][ak_k5][k=-][s=-] INFO Training start: t=[27.0,30.0]s  epochs_adam=1000  epochs_lbfgs=300  params=111439
2026-05-27 22:23:14 [pinn_trainer][square][ak_k5][k=-][s=-] INFO Adam     1/1000  loss=6.9637e+05  pde=6.9626e+05  bc=2.3368e+01  ic=0.0000e+00  fc=0.0000e+00
2026-05-27 22:23:38 [pinn_trainer][square][ak_k5][k=-][s=-] INFO Adam   500/1000  loss=3.6590e+00  pde=3.6579e+00  bc=2.2973e-04  ic=0.0000e+00  fc=0.0000e+00
2026-05-27 22:24:01 [pinn_trainer][square][ak_k5][k=-][s=-] INFO Adam  1000/1000  loss=1.8243e-03  pde=1.8243e-03  bc=6.1876e-10  ic=0.0000e+00  fc=0.0000e+00
2026-05-27 22:24:07 [pinn_trainer][square][ak_k5][k=-][s=-] INFO L-BFGS  300/300  loss=8.6880e-04
2026-05-27 22:24:07 [pinn_trainer][square][ak_k5][k=-][s=-] INFO Training done in 55.4 s
2026-05-27 22:24:07 [adaptive_k][square][adaptive_k][k=adaptive][s=3] INFO   Win  9  k=5  [27.0→30.0 s]  interior_MAE=0.002°C  → k_next=5
2026-05-27 22:24:07 [adaptive_k][square][adaptive_k][k=adaptive][s=3] INFO AdaptiveK done | wins=9 | FEM_solves=9/60 | FEM_saving=85% | MAE=1.856°C | L2=0.0180 | t=492 s
2026-05-27 22:24:07 [adaptive_k][square][adaptive_k][k=adaptive][s=3] INFO k schedule: t=0.0s:k=1 → t=1.5s:k=1 → t=3.0s:k=1 → t=4.5s:k=1 → t=6.0s:k=2 → t=9.0s:k=3 → t=13.5s:k=4 → t=19.5s:k=5 → t=27.0s:k=5
2026-05-27 22:24:07 [adaptive_k][square][adaptive_k][k=adaptive][s=3] INFO Saved → /home/coder/NAS-PINNS1/thermal_pinn/quenching_mswp/results/adaptive_k/square/seed3_adaptive
2026-05-27 22:24:08 [stage_adaptive_k][all][adaptive_k][k=-][s=-] INFO RESULT geo=square   seed=3 | MAE=1.856°C | L2=0.0180 | FEM_solves=9/60 | FEM_saving=85%
2026-05-27 22:24:08 [stage_adaptive_k][all][adaptive_k][k=-][s=-] INFO AdaptiveK | geo=square seed=4 arch=[151, 151, 151, 151, 151] thr_up=2.0 thr_dn=5.0
2026-05-27 22:24:08 [adaptive_k][square][adaptive_k][k=adaptive][s=4] INFO AdaptiveK | arch=[151, 151, 151, 151, 151] | k=[1..5] | thr_up=2.0°C thr_dn=5.0°C | fourier=True
2026-05-27 22:24:08 [pinn_trainer][square][ak_k1][k=-][s=-] INFO Training start: t=[0.0,1.5]s  epochs_adam=1000  epochs_lbfgs=300  params=111439
2026-05-27 22:24:10 [pinn_trainer][square][ak_k1][k=-][s=-] INFO Adam     1/1000  loss=1.3433e+06  pde=1.3431e+06  bc=3.9346e+01  ic=0.0000e+00  fc=0.0000e+00
2026-05-27 22:24:34 [pinn_trainer][square][ak_k1][k=-][s=-] INFO Adam   500/1000  loss=5.3578e+01  pde=5.1087e+01  bc=4.9815e-01  ic=0.0000e+00  fc=0.0000e+00
2026-05-27 22:24:58 [pinn_trainer][square][ak_k1][k=-][s=-] INFO Adam  1000/1000  loss=1.5118e+01  pde=1.2883e+01  bc=4.4717e-01  ic=0.0000e+00  fc=0.0000e+00
2026-05-27 22:25:04 [pinn_trainer][square][ak_k1][k=-][s=-] INFO L-BFGS  300/300  loss=1.5258e+01
2026-05-27 22:25:04 [pinn_trainer][square][ak_k1][k=-][s=-] INFO Training done in 56.3 s
2026-05-27 22:25:04 [adaptive_k][square][adaptive_k][k=adaptive][s=4] INFO   Win  1  k=1  [0.0→1.5 s]  interior_MAE=25.877°C  → k_next=1
2026-05-27 22:25:04 [pinn_trainer][square][ak_k1][k=-][s=-] INFO Training start: t=[1.5,3.0]s  epochs_adam=1000  epochs_lbfgs=300  params=111439
2026-05-27 22:25:06 [pinn_trainer][square][ak_k1][k=-][s=-] INFO Adam     1/1000  loss=1.2091e+06  pde=1.2090e+06  bc=2.7664e+01  ic=0.0000e+00  fc=0.0000e+00
2026-05-27 22:25:31 [pinn_trainer][square][ak_k1][k=-][s=-] INFO Adam   500/1000  loss=3.9394e+00  pde=3.6254e+00  bc=6.2801e-02  ic=0.0000e+00  fc=0.0000e+00
2026-05-27 22:25:55 [pinn_trainer][square][ak_k1][k=-][s=-] INFO Adam  1000/1000  loss=2.6576e+00  pde=2.3645e+00  bc=5.8632e-02  ic=0.0000e+00  fc=0.0000e+00
2026-05-27 22:26:00 [pinn_trainer][square][ak_k1][k=-][s=-] INFO L-BFGS  300/300  loss=2.7897e+00
2026-05-27 22:26:00 [pinn_trainer][square][ak_k1][k=-][s=-] INFO Training done in 55.9 s
2026-05-27 22:26:00 [adaptive_k][square][adaptive_k][k=adaptive][s=4] INFO   Win  2  k=1  [1.5→3.0 s]  interior_MAE=11.399°C  → k_next=1
2026-05-27 22:26:00 [pinn_trainer][square][ak_k1][k=-][s=-] INFO Training start: t=[3.0,4.5]s  epochs_adam=1000  epochs_lbfgs=300  params=111439
2026-05-27 22:26:02 [pinn_trainer][square][ak_k1][k=-][s=-] INFO Adam     1/1000  loss=7.8331e+05  pde=7.8319e+05  bc=2.4469e+01  ic=0.0000e+00  fc=0.0000e+00
2026-05-27 22:26:27 [pinn_trainer][square][ak_k1][k=-][s=-] INFO Adam   500/1000  loss=1.3538e+00  pde=1.3093e+00  bc=8.8913e-03  ic=0.0000e+00  fc=0.0000e+00
2026-05-27 22:26:51 [pinn_trainer][square][ak_k1][k=-][s=-] INFO Adam  1000/1000  loss=4.7439e-01  pde=4.3336e-01  bc=8.2061e-03  ic=0.0000e+00  fc=0.0000e+00
2026-05-27 22:26:56 [pinn_trainer][square][ak_k1][k=-][s=-] INFO L-BFGS  300/300  loss=4.8600e-01
2026-05-27 22:26:56 [pinn_trainer][square][ak_k1][k=-][s=-] INFO Training done in 56.1 s
2026-05-27 22:26:56 [adaptive_k][square][adaptive_k][k=adaptive][s=4] INFO   Win  3  k=1  [3.0→4.5 s]  interior_MAE=4.769°C  → k_next=1
2026-05-27 22:26:56 [pinn_trainer][square][ak_k1][k=-][s=-] INFO Training start: t=[4.5,6.0]s  epochs_adam=1000  epochs_lbfgs=300  params=111439
2026-05-27 22:26:58 [pinn_trainer][square][ak_k1][k=-][s=-] INFO Adam     1/1000  loss=7.9149e+05  pde=7.9140e+05  bc=1.8652e+01  ic=0.0000e+00  fc=0.0000e+00
2026-05-27 22:27:22 [pinn_trainer][square][ak_k1][k=-][s=-] INFO Adam   500/1000  loss=1.4128e-01  pde=1.3556e-01  bc=1.1444e-03  ic=0.0000e+00  fc=0.0000e+00
2026-05-27 22:27:46 [pinn_trainer][square][ak_k1][k=-][s=-] INFO Adam  1000/1000  loss=1.0175e-01  pde=9.6275e-02  bc=1.0958e-03  ic=0.0000e+00  fc=0.0000e+00
2026-05-27 22:27:54 [pinn_trainer][square][ak_k1][k=-][s=-] INFO L-BFGS  300/300  loss=9.4332e-02
2026-05-27 22:27:54 [pinn_trainer][square][ak_k1][k=-][s=-] INFO Training done in 57.6 s
2026-05-27 22:27:54 [adaptive_k][square][adaptive_k][k=adaptive][s=4] INFO   Win  4  k=1  [4.5→6.0 s]  interior_MAE=1.759°C  → k_next=2
2026-05-27 22:27:54 [pinn_trainer][square][ak_k2][k=-][s=-] INFO Training start: t=[6.0,9.0]s  epochs_adam=1000  epochs_lbfgs=300  params=111439
2026-05-27 22:27:56 [pinn_trainer][square][ak_k2][k=-][s=-] INFO Adam     1/1000  loss=7.2300e+05  pde=7.2292e+05  bc=1.6250e+01  ic=0.0000e+00  fc=0.0000e+00
2026-05-27 22:28:20 [pinn_trainer][square][ak_k2][k=-][s=-] INFO Adam   500/1000  loss=5.3479e-01  pde=5.3412e-01  bc=1.3440e-04  ic=0.0000e+00  fc=0.0000e+00
2026-05-27 22:28:44 [pinn_trainer][square][ak_k2][k=-][s=-] INFO Adam  1000/1000  loss=1.9057e-02  pde=1.8498e-02  bc=1.1194e-04  ic=0.0000e+00  fc=0.0000e+00
2026-05-27 22:28:48 [pinn_trainer][square][ak_k2][k=-][s=-] INFO L-BFGS  300/300  loss=1.9721e-02
2026-05-27 22:28:48 [pinn_trainer][square][ak_k2][k=-][s=-] INFO Training done in 54.6 s
2026-05-27 22:28:48 [adaptive_k][square][adaptive_k][k=adaptive][s=4] INFO   Win  5  k=2  [6.0→9.0 s]  interior_MAE=1.599°C  → k_next=3
2026-05-27 22:28:48 [pinn_trainer][square][ak_k3][k=-][s=-] INFO Training start: t=[9.0,13.5]s  epochs_adam=1000  epochs_lbfgs=300  params=111439
2026-05-27 22:28:51 [pinn_trainer][square][ak_k3][k=-][s=-] INFO Adam     1/1000  loss=6.4752e+05  pde=6.4742e+05  bc=1.9666e+01  ic=0.0000e+00  fc=0.0000e+00
2026-05-27 22:29:15 [pinn_trainer][square][ak_k3][k=-][s=-] INFO Adam   500/1000  loss=3.4660e-02  pde=3.4617e-02  bc=8.7252e-06  ic=0.0000e+00  fc=0.0000e+00
2026-05-27 22:29:39 [pinn_trainer][square][ak_k3][k=-][s=-] INFO Adam  1000/1000  loss=2.5351e-04  pde=2.4395e-04  bc=1.9135e-06  ic=0.0000e+00  fc=0.0000e+00
2026-05-27 22:29:44 [pinn_trainer][square][ak_k3][k=-][s=-] INFO L-BFGS  300/300  loss=3.7031e-04
2026-05-27 22:29:44 [pinn_trainer][square][ak_k3][k=-][s=-] INFO Training done in 56.1 s
2026-05-27 22:29:44 [adaptive_k][square][adaptive_k][k=adaptive][s=4] INFO   Win  6  k=3  [9.0→13.5 s]  interior_MAE=0.301°C  → k_next=4
2026-05-27 22:29:44 [pinn_trainer][square][ak_k4][k=-][s=-] INFO Training start: t=[13.5,19.5]s  epochs_adam=1000  epochs_lbfgs=300  params=111439
2026-05-27 22:29:47 [pinn_trainer][square][ak_k4][k=-][s=-] INFO Adam     1/1000  loss=8.4133e+05  pde=8.4123e+05  bc=1.9952e+01  ic=0.0000e+00  fc=0.0000e+00
2026-05-27 22:30:11 [pinn_trainer][square][ak_k4][k=-][s=-] INFO Adam   500/1000  loss=1.9242e-01  pde=1.9229e-01  bc=2.4786e-05  ic=0.0000e+00  fc=0.0000e+00
2026-05-27 22:30:35 [pinn_trainer][square][ak_k4][k=-][s=-] INFO Adam  1000/1000  loss=2.2357e-02  pde=2.2355e-02  bc=2.9247e-07  ic=0.0000e+00  fc=0.0000e+00
2026-05-27 22:30:39 [pinn_trainer][square][ak_k4][k=-][s=-] INFO L-BFGS  300/300  loss=7.1529e-03
2026-05-27 22:30:39 [pinn_trainer][square][ak_k4][k=-][s=-] INFO Training done in 54.6 s
2026-05-27 22:30:39 [adaptive_k][square][adaptive_k][k=adaptive][s=4] INFO   Win  7  k=4  [13.5→19.5 s]  interior_MAE=0.073°C  → k_next=5
2026-05-27 22:30:39 [pinn_trainer][square][ak_k5][k=-][s=-] INFO Training start: t=[19.5,27.0]s  epochs_adam=1000  epochs_lbfgs=300  params=111439
2026-05-27 22:30:41 [pinn_trainer][square][ak_k5][k=-][s=-] INFO Adam     1/1000  loss=2.0253e+06  pde=2.0251e+06  bc=3.5701e+01  ic=0.0000e+00  fc=0.0000e+00
2026-05-27 22:31:06 [pinn_trainer][square][ak_k5][k=-][s=-] INFO Adam   500/1000  loss=1.6679e+00  pde=1.6672e+00  bc=1.3816e-04  ic=0.0000e+00  fc=0.0000e+00
2026-05-27 22:31:29 [pinn_trainer][square][ak_k5][k=-][s=-] INFO Adam  1000/1000  loss=1.0145e-02  pde=1.0138e-02  bc=1.3537e-06  ic=0.0000e+00  fc=0.0000e+00
2026-05-27 22:31:35 [pinn_trainer][square][ak_k5][k=-][s=-] INFO L-BFGS  300/300  loss=6.4370e-03
2026-05-27 22:31:35 [pinn_trainer][square][ak_k5][k=-][s=-] INFO Training done in 56.1 s
2026-05-27 22:31:35 [adaptive_k][square][adaptive_k][k=adaptive][s=4] INFO   Win  8  k=5  [19.5→27.0 s]  interior_MAE=0.036°C  → k_next=5
2026-05-27 22:31:35 [pinn_trainer][square][ak_k5][k=-][s=-] INFO Training start: t=[27.0,30.0]s  epochs_adam=1000  epochs_lbfgs=300  params=111439
2026-05-27 22:31:38 [pinn_trainer][square][ak_k5][k=-][s=-] INFO Adam     1/1000  loss=9.1321e+05  pde=9.1310e+05  bc=2.0214e+01  ic=0.0000e+00  fc=0.0000e+00
2026-05-27 22:32:02 [pinn_trainer][square][ak_k5][k=-][s=-] INFO Adam   500/1000  loss=1.0182e-01  pde=1.0180e-01  bc=2.6297e-06  ic=0.0000e+00  fc=0.0000e+00
2026-05-27 22:32:26 [pinn_trainer][square][ak_k5][k=-][s=-] INFO Adam  1000/1000  loss=4.8052e-04  pde=4.8049e-04  bc=5.5796e-09  ic=0.0000e+00  fc=0.0000e+00
2026-05-27 22:32:30 [pinn_trainer][square][ak_k5][k=-][s=-] INFO L-BFGS  300/300  loss=4.8358e-04
2026-05-27 22:32:30 [pinn_trainer][square][ak_k5][k=-][s=-] INFO Training done in 55.2 s
2026-05-27 22:32:30 [adaptive_k][square][adaptive_k][k=adaptive][s=4] INFO   Win  9  k=5  [27.0→30.0 s]  interior_MAE=0.006°C  → k_next=5
2026-05-27 22:32:30 [adaptive_k][square][adaptive_k][k=adaptive][s=4] INFO AdaptiveK done | wins=9 | FEM_solves=9/60 | FEM_saving=85% | MAE=1.656°C | L2=0.0183 | t=503 s
2026-05-27 22:32:30 [adaptive_k][square][adaptive_k][k=adaptive][s=4] INFO k schedule: t=0.0s:k=1 → t=1.5s:k=1 → t=3.0s:k=1 → t=4.5s:k=1 → t=6.0s:k=2 → t=9.0s:k=3 → t=13.5s:k=4 → t=19.5s:k=5 → t=27.0s:k=5
2026-05-27 22:32:30 [adaptive_k][square][adaptive_k][k=adaptive][s=4] INFO Saved → /home/coder/NAS-PINNS1/thermal_pinn/quenching_mswp/results/adaptive_k/square/seed4_adaptive
2026-05-27 22:32:31 [stage_adaptive_k][all][adaptive_k][k=-][s=-] INFO RESULT geo=square   seed=4 | MAE=1.656°C | L2=0.0183 | FEM_solves=9/60 | FEM_saving=85%
2026-05-27 22:32:31 [stage_adaptive_k][all][adaptive_k][k=-][s=-] INFO AdaptiveK | geo=square seed=5 arch=[151, 151, 151, 151, 151] thr_up=2.0 thr_dn=5.0
2026-05-27 22:32:31 [adaptive_k][square][adaptive_k][k=adaptive][s=5] INFO AdaptiveK | arch=[151, 151, 151, 151, 151] | k=[1..5] | thr_up=2.0°C thr_dn=5.0°C | fourier=True
2026-05-27 22:32:31 [pinn_trainer][square][ak_k1][k=-][s=-] INFO Training start: t=[0.0,1.5]s  epochs_adam=1000  epochs_lbfgs=300  params=111439
2026-05-27 22:32:33 [pinn_trainer][square][ak_k1][k=-][s=-] INFO Adam     1/1000  loss=9.2224e+05  pde=9.2210e+05  bc=2.7451e+01  ic=0.0000e+00  fc=0.0000e+00
2026-05-27 22:32:57 [pinn_trainer][square][ak_k1][k=-][s=-] INFO Adam   500/1000  loss=2.1330e+01  pde=1.8874e+01  bc=4.9118e-01  ic=0.0000e+00  fc=0.0000e+00
2026-05-27 22:33:20 [pinn_trainer][square][ak_k1][k=-][s=-] INFO Adam  1000/1000  loss=1.6019e+01  pde=1.3801e+01  bc=4.4368e-01  ic=0.0000e+00  fc=0.0000e+00
2026-05-27 22:33:27 [pinn_trainer][square][ak_k1][k=-][s=-] INFO L-BFGS  300/300  loss=1.6575e+01
2026-05-27 22:33:27 [pinn_trainer][square][ak_k1][k=-][s=-] INFO Training done in 56.5 s
2026-05-27 22:33:27 [adaptive_k][square][adaptive_k][k=adaptive][s=5] INFO   Win  1  k=1  [0.0→1.5 s]  interior_MAE=26.145°C  → k_next=1
2026-05-27 22:33:27 [pinn_trainer][square][ak_k1][k=-][s=-] INFO Training start: t=[1.5,3.0]s  epochs_adam=1000  epochs_lbfgs=300  params=111439
2026-05-27 22:33:30 [pinn_trainer][square][ak_k1][k=-][s=-] INFO Adam     1/1000  loss=6.1702e+05  pde=6.1693e+05  bc=1.9071e+01  ic=0.0000e+00  fc=0.0000e+00
2026-05-27 22:33:53 [pinn_trainer][square][ak_k1][k=-][s=-] INFO Adam   500/1000  loss=5.9254e+00  pde=5.6167e+00  bc=6.1743e-02  ic=0.0000e+00  fc=0.0000e+00
2026-05-27 22:34:17 [pinn_trainer][square][ak_k1][k=-][s=-] INFO Adam  1000/1000  loss=5.7941e+00  pde=5.4932e+00  bc=6.0182e-02  ic=0.0000e+00  fc=0.0000e+00
2026-05-27 22:34:22 [pinn_trainer][square][ak_k1][k=-][s=-] INFO L-BFGS  300/300  loss=5.5643e+00
2026-05-27 22:34:22 [pinn_trainer][square][ak_k1][k=-][s=-] INFO Training done in 54.5 s
2026-05-27 22:34:22 [adaptive_k][square][adaptive_k][k=adaptive][s=5] INFO   Win  2  k=1  [1.5→3.0 s]  interior_MAE=11.635°C  → k_next=1
2026-05-27 22:34:22 [pinn_trainer][square][ak_k1][k=-][s=-] INFO Training start: t=[3.0,4.5]s  epochs_adam=1000  epochs_lbfgs=300  params=111439
2026-05-27 22:34:24 [pinn_trainer][square][ak_k1][k=-][s=-] INFO Adam     1/1000  loss=1.2419e+06  pde=1.2417e+06  bc=2.2592e+01  ic=0.0000e+00  fc=0.0000e+00
2026-05-27 22:34:48 [pinn_trainer][square][ak_k1][k=-][s=-] INFO Adam   500/1000  loss=1.9978e+00  pde=1.9550e+00  bc=8.5710e-03  ic=0.0000e+00  fc=0.0000e+00
2026-05-27 22:35:13 [pinn_trainer][square][ak_k1][k=-][s=-] INFO Adam  1000/1000  loss=3.1895e+00  pde=3.1473e+00  bc=8.4436e-03  ic=0.0000e+00  fc=0.0000e+00
2026-05-27 22:35:21 [pinn_trainer][square][ak_k1][k=-][s=-] INFO L-BFGS  300/300  loss=2.8277e+00
2026-05-27 22:35:21 [pinn_trainer][square][ak_k1][k=-][s=-] INFO Training done in 59.0 s
2026-05-27 22:35:21 [adaptive_k][square][adaptive_k][k=adaptive][s=5] INFO   Win  3  k=1  [3.0→4.5 s]  interior_MAE=5.161°C  → k_next=1
2026-05-27 22:35:21 [pinn_trainer][square][ak_k1][k=-][s=-] INFO Training start: t=[4.5,6.0]s  epochs_adam=1000  epochs_lbfgs=300  params=111439
2026-05-27 22:35:23 [pinn_trainer][square][ak_k1][k=-][s=-] INFO Adam     1/1000  loss=8.0037e+05  pde=8.0027e+05  bc=2.0960e+01  ic=0.0000e+00  fc=0.0000e+00
2026-05-27 22:35:52 [pinn_trainer][square][ak_k1][k=-][s=-] INFO Adam   500/1000  loss=1.9838e-01  pde=1.9275e-01  bc=1.1266e-03  ic=0.0000e+00  fc=0.0000e+00
2026-05-27 22:36:20 [pinn_trainer][square][ak_k1][k=-][s=-] INFO Adam  1000/1000  loss=8.1890e-02  pde=7.6358e-02  bc=1.1064e-03  ic=0.0000e+00  fc=0.0000e+00
2026-05-27 22:36:26 [pinn_trainer][square][ak_k1][k=-][s=-] INFO L-BFGS  300/300  loss=7.5328e-02
2026-05-27 22:36:26 [pinn_trainer][square][ak_k1][k=-][s=-] INFO Training done in 64.9 s
2026-05-27 22:36:26 [adaptive_k][square][adaptive_k][k=adaptive][s=5] INFO   Win  4  k=1  [4.5→6.0 s]  interior_MAE=1.895°C  → k_next=2
2026-05-27 22:36:26 [pinn_trainer][square][ak_k2][k=-][s=-] INFO Training start: t=[6.0,9.0]s  epochs_adam=1000  epochs_lbfgs=300  params=111439
2026-05-27 22:36:28 [pinn_trainer][square][ak_k2][k=-][s=-] INFO Adam     1/1000  loss=6.4393e+05  pde=6.4385e+05  bc=1.6768e+01  ic=0.0000e+00  fc=0.0000e+00
2026-05-27 22:37:00 [pinn_trainer][square][ak_k2][k=-][s=-] INFO Adam   500/1000  loss=2.0017e-02  pde=1.9415e-02  bc=1.2042e-04  ic=0.0000e+00  fc=0.0000e+00
2026-05-27 22:37:28 [pinn_trainer][square][ak_k2][k=-][s=-] INFO Adam  1000/1000  loss=2.8337e-02  pde=2.7739e-02  bc=1.1968e-04  ic=0.0000e+00  fc=0.0000e+00
2026-05-27 22:37:33 [pinn_trainer][square][ak_k2][k=-][s=-] INFO L-BFGS  300/300  loss=7.9798e-03
2026-05-27 22:37:33 [pinn_trainer][square][ak_k2][k=-][s=-] INFO Training done in 66.7 s
2026-05-27 22:37:33 [adaptive_k][square][adaptive_k][k=adaptive][s=5] INFO   Win  5  k=2  [6.0→9.0 s]  interior_MAE=1.526°C  → k_next=3
2026-05-27 22:37:33 [pinn_trainer][square][ak_k3][k=-][s=-] INFO Training start: t=[9.0,13.5]s  epochs_adam=1000  epochs_lbfgs=300  params=111439
2026-05-27 22:37:35 [pinn_trainer][square][ak_k3][k=-][s=-] INFO Adam     1/1000  loss=1.8755e+06  pde=1.8753e+06  bc=3.7316e+01  ic=0.0000e+00  fc=0.0000e+00
2026-05-27 22:38:01 [pinn_trainer][square][ak_k3][k=-][s=-] INFO Adam   500/1000  loss=2.8999e-01  pde=2.8996e-01  bc=6.1076e-06  ic=0.0000e+00  fc=0.0000e+00
2026-05-27 22:38:35 [pinn_trainer][square][ak_k3][k=-][s=-] INFO Adam  1000/1000  loss=3.7176e-01  pde=3.7175e-01  bc=2.2180e-06  ic=0.0000e+00  fc=0.0000e+00
2026-05-27 22:38:39 [pinn_trainer][square][ak_k3][k=-][s=-] INFO L-BFGS  300/300  loss=1.2275e-02
2026-05-27 22:38:39 [pinn_trainer][square][ak_k3][k=-][s=-] INFO Training done in 66.5 s
2026-05-27 22:38:39 [adaptive_k][square][adaptive_k][k=adaptive][s=5] INFO   Win  6  k=3  [9.0→13.5 s]  interior_MAE=0.217°C  → k_next=4
2026-05-27 22:38:39 [pinn_trainer][square][ak_k4][k=-][s=-] INFO Training start: t=[13.5,19.5]s  epochs_adam=1000  epochs_lbfgs=300  params=111439
2026-05-27 22:38:41 [pinn_trainer][square][ak_k4][k=-][s=-] INFO Adam     1/1000  loss=5.7421e+05  pde=5.7411e+05  bc=1.9482e+01  ic=0.0000e+00  fc=0.0000e+00
2026-05-27 22:39:05 [pinn_trainer][square][ak_k4][k=-][s=-] INFO Adam   500/1000  loss=3.1579e-01  pde=3.1570e-01  bc=1.7034e-05  ic=0.0000e+00  fc=0.0000e+00
2026-05-27 22:39:29 [pinn_trainer][square][ak_k4][k=-][s=-] INFO Adam  1000/1000  loss=6.0620e-04  pde=6.0312e-04  bc=6.1560e-07  ic=0.0000e+00  fc=0.0000e+00
2026-05-27 22:39:33 [pinn_trainer][square][ak_k4][k=-][s=-] INFO L-BFGS  300/300  loss=1.4893e-03
2026-05-27 22:39:33 [pinn_trainer][square][ak_k4][k=-][s=-] INFO Training done in 54.2 s
2026-05-27 22:39:33 [adaptive_k][square][adaptive_k][k=adaptive][s=5] INFO   Win  7  k=4  [13.5→19.5 s]  interior_MAE=0.004°C  → k_next=5
2026-05-27 22:39:33 [pinn_trainer][square][ak_k5][k=-][s=-] INFO Training start: t=[19.5,27.0]s  epochs_adam=1000  epochs_lbfgs=300  params=111439
2026-05-27 22:39:36 [pinn_trainer][square][ak_k5][k=-][s=-] INFO Adam     1/1000  loss=1.2500e+06  pde=1.2498e+06  bc=2.9243e+01  ic=0.0000e+00  fc=0.0000e+00
2026-05-27 22:40:03 [pinn_trainer][square][ak_k5][k=-][s=-] INFO Adam   500/1000  loss=3.9622e-01  pde=3.9610e-01  bc=2.4098e-05  ic=0.0000e+00  fc=0.0000e+00
2026-05-27 22:40:27 [pinn_trainer][square][ak_k5][k=-][s=-] INFO Adam  1000/1000  loss=5.1129e-03  pde=5.1124e-03  bc=1.1342e-07  ic=0.0000e+00  fc=0.0000e+00
2026-05-27 22:40:32 [pinn_trainer][square][ak_k5][k=-][s=-] INFO L-BFGS  300/300  loss=3.2015e-03
2026-05-27 22:40:32 [pinn_trainer][square][ak_k5][k=-][s=-] INFO Training done in 58.9 s
2026-05-27 22:40:32 [adaptive_k][square][adaptive_k][k=adaptive][s=5] INFO   Win  8  k=5  [19.5→27.0 s]  interior_MAE=0.012°C  → k_next=5
2026-05-27 22:40:32 [pinn_trainer][square][ak_k5][k=-][s=-] INFO Training start: t=[27.0,30.0]s  epochs_adam=1000  epochs_lbfgs=300  params=111439
2026-05-27 22:40:35 [pinn_trainer][square][ak_k5][k=-][s=-] INFO Adam     1/1000  loss=5.3438e+05  pde=5.3430e+05  bc=1.6951e+01  ic=0.0000e+00  fc=0.0000e+00
2026-05-27 22:40:58 [pinn_trainer][square][ak_k5][k=-][s=-] INFO Adam   500/1000  loss=4.6086e-01  pde=4.6061e-01  bc=5.0393e-05  ic=0.0000e+00  fc=0.0000e+00
2026-05-27 22:41:22 [pinn_trainer][square][ak_k5][k=-][s=-] INFO Adam  1000/1000  loss=3.8074e-03  pde=3.8074e-03  bc=7.4831e-09  ic=0.0000e+00  fc=0.0000e+00
2026-05-27 22:41:26 [pinn_trainer][square][ak_k5][k=-][s=-] INFO L-BFGS  300/300  loss=3.2684e-03
2026-05-27 22:41:26 [pinn_trainer][square][ak_k5][k=-][s=-] INFO Training done in 53.6 s
2026-05-27 22:41:26 [adaptive_k][square][adaptive_k][k=adaptive][s=5] INFO   Win  9  k=5  [27.0→30.0 s]  interior_MAE=0.007°C  → k_next=5
2026-05-27 22:41:26 [adaptive_k][square][adaptive_k][k=adaptive][s=5] INFO AdaptiveK done | wins=9 | FEM_solves=9/60 | FEM_saving=85% | MAE=1.655°C | L2=0.0170 | t=535 s
2026-05-27 22:41:26 [adaptive_k][square][adaptive_k][k=adaptive][s=5] INFO k schedule: t=0.0s:k=1 → t=1.5s:k=1 → t=3.0s:k=1 → t=4.5s:k=1 → t=6.0s:k=2 → t=9.0s:k=3 → t=13.5s:k=4 → t=19.5s:k=5 → t=27.0s:k=5
2026-05-27 22:41:26 [adaptive_k][square][adaptive_k][k=adaptive][s=5] INFO Saved → /home/coder/NAS-PINNS1/thermal_pinn/quenching_mswp/results/adaptive_k/square/seed5_adaptive
2026-05-27 22:41:26 [stage_adaptive_k][all][adaptive_k][k=-][s=-] INFO RESULT geo=square   seed=5 | MAE=1.655°C | L2=0.0170 | FEM_solves=9/60 | FEM_saving=85%
2026-05-27 22:41:26 [stage_adaptive_k][all][adaptive_k][k=-][s=-] INFO AdaptiveK | geo=square seed=6 arch=[151, 151, 151, 151, 151] thr_up=2.0 thr_dn=5.0
2026-05-27 22:41:26 [adaptive_k][square][adaptive_k][k=adaptive][s=6] INFO AdaptiveK | arch=[151, 151, 151, 151, 151] | k=[1..5] | thr_up=2.0°C thr_dn=5.0°C | fourier=True
2026-05-27 22:41:26 [pinn_trainer][square][ak_k1][k=-][s=-] INFO Training start: t=[0.0,1.5]s  epochs_adam=1000  epochs_lbfgs=300  params=111439
2026-05-27 22:41:29 [pinn_trainer][square][ak_k1][k=-][s=-] INFO Adam     1/1000  loss=8.1560e+05  pde=8.1546e+05  bc=2.7888e+01  ic=0.0000e+00  fc=0.0000e+00
2026-05-27 22:41:52 [pinn_trainer][square][ak_k1][k=-][s=-] INFO Adam   500/1000  loss=2.3384e+01  pde=2.0949e+01  bc=4.8709e-01  ic=0.0000e+00  fc=0.0000e+00
2026-05-27 22:42:16 [pinn_trainer][square][ak_k1][k=-][s=-] INFO Adam  1000/1000  loss=1.3021e+01  pde=1.0767e+01  bc=4.5076e-01  ic=0.0000e+00  fc=0.0000e+00
2026-05-27 22:42:20 [pinn_trainer][square][ak_k1][k=-][s=-] INFO L-BFGS  300/300  loss=1.2994e+01
2026-05-27 22:42:20 [pinn_trainer][square][ak_k1][k=-][s=-] INFO Training done in 53.7 s
2026-05-27 22:42:20 [adaptive_k][square][adaptive_k][k=adaptive][s=6] INFO   Win  1  k=1  [0.0→1.5 s]  interior_MAE=28.640°C  → k_next=1
2026-05-27 22:42:20 [pinn_trainer][square][ak_k1][k=-][s=-] INFO Training start: t=[1.5,3.0]s  epochs_adam=1000  epochs_lbfgs=300  params=111439
2026-05-27 22:42:22 [pinn_trainer][square][ak_k1][k=-][s=-] INFO Adam     1/1000  loss=1.1876e+06  pde=1.1875e+06  bc=2.7550e+01  ic=0.0000e+00  fc=0.0000e+00
2026-05-27 22:42:46 [pinn_trainer][square][ak_k1][k=-][s=-] INFO Adam   500/1000  loss=3.7050e+00  pde=3.3810e+00  bc=6.4800e-02  ic=0.0000e+00  fc=0.0000e+00
2026-05-27 22:43:10 [pinn_trainer][square][ak_k1][k=-][s=-] INFO Adam  1000/1000  loss=2.7134e+00  pde=2.4165e+00  bc=5.9368e-02  ic=0.0000e+00  fc=0.0000e+00
2026-05-27 22:43:17 [pinn_trainer][square][ak_k1][k=-][s=-] INFO L-BFGS  300/300  loss=2.7359e+00
2026-05-27 22:43:17 [pinn_trainer][square][ak_k1][k=-][s=-] INFO Training done in 56.4 s
2026-05-27 22:43:17 [adaptive_k][square][adaptive_k][k=adaptive][s=6] INFO   Win  2  k=1  [1.5→3.0 s]  interior_MAE=12.136°C  → k_next=1
2026-05-27 22:43:17 [pinn_trainer][square][ak_k1][k=-][s=-] INFO Training start: t=[3.0,4.5]s  epochs_adam=1000  epochs_lbfgs=300  params=111439
2026-05-27 22:43:19 [pinn_trainer][square][ak_k1][k=-][s=-] INFO Adam     1/1000  loss=9.7863e+05  pde=9.7854e+05  bc=1.7914e+01  ic=0.0000e+00  fc=0.0000e+00
2026-05-27 22:43:43 [pinn_trainer][square][ak_k1][k=-][s=-] INFO Adam   500/1000  loss=9.4228e-01  pde=8.9971e-01  bc=8.5136e-03  ic=0.0000e+00  fc=0.0000e+00
2026-05-27 22:44:07 [pinn_trainer][square][ak_k1][k=-][s=-] INFO Adam  1000/1000  loss=4.2981e-01  pde=3.8943e-01  bc=8.0772e-03  ic=0.0000e+00  fc=0.0000e+00
2026-05-27 22:44:12 [pinn_trainer][square][ak_k1][k=-][s=-] INFO L-BFGS  300/300  loss=4.3796e-01
2026-05-27 22:44:12 [pinn_trainer][square][ak_k1][k=-][s=-] INFO Training done in 55.0 s
2026-05-27 22:44:12 [adaptive_k][square][adaptive_k][k=adaptive][s=6] INFO   Win  3  k=1  [3.0→4.5 s]  interior_MAE=4.843°C  → k_next=1
2026-05-27 22:44:12 [pinn_trainer][square][ak_k1][k=-][s=-] INFO Training start: t=[4.5,6.0]s  epochs_adam=1000  epochs_lbfgs=300  params=111439
2026-05-27 22:44:14 [pinn_trainer][square][ak_k1][k=-][s=-] INFO Adam     1/1000  loss=2.1397e+06  pde=2.1396e+06  bc=2.3481e+01  ic=0.0000e+00  fc=0.0000e+00
2026-05-27 22:44:38 [pinn_trainer][square][ak_k1][k=-][s=-] INFO Adam   500/1000  loss=1.3376e+00  pde=1.3317e+00  bc=1.1712e-03  ic=0.0000e+00  fc=0.0000e+00
2026-05-27 22:45:01 [pinn_trainer][square][ak_k1][k=-][s=-] INFO Adam  1000/1000  loss=8.9722e-02  pde=8.4181e-02  bc=1.1081e-03  ic=0.0000e+00  fc=0.0000e+00
2026-05-27 22:45:08 [pinn_trainer][square][ak_k1][k=-][s=-] INFO L-BFGS  300/300  loss=9.2585e-02
2026-05-27 22:45:08 [pinn_trainer][square][ak_k1][k=-][s=-] INFO Training done in 56.4 s
2026-05-27 22:45:08 [adaptive_k][square][adaptive_k][k=adaptive][s=6] INFO   Win  4  k=1  [4.5→6.0 s]  interior_MAE=1.822°C  → k_next=2
2026-05-27 22:45:08 [pinn_trainer][square][ak_k2][k=-][s=-] INFO Training start: t=[6.0,9.0]s  epochs_adam=1000  epochs_lbfgs=300  params=111439
2026-05-27 22:45:10 [pinn_trainer][square][ak_k2][k=-][s=-] INFO Adam     1/1000  loss=9.1627e+05  pde=9.1616e+05  bc=2.0700e+01  ic=0.0000e+00  fc=0.0000e+00
2026-05-27 22:45:34 [pinn_trainer][square][ak_k2][k=-][s=-] INFO Adam   500/1000  loss=1.4320e-01  pde=1.4255e-01  bc=1.2953e-04  ic=0.0000e+00  fc=0.0000e+00
2026-05-27 22:46:01 [pinn_trainer][square][ak_k2][k=-][s=-] INFO Adam  1000/1000  loss=1.0197e-02  pde=9.6270e-03  bc=1.1402e-04  ic=0.0000e+00  fc=0.0000e+00
2026-05-27 22:46:08 [pinn_trainer][square][ak_k2][k=-][s=-] INFO L-BFGS  300/300  loss=8.5643e-03
2026-05-27 22:46:08 [pinn_trainer][square][ak_k2][k=-][s=-] INFO Training done in 60.4 s
2026-05-27 22:46:08 [adaptive_k][square][adaptive_k][k=adaptive][s=6] INFO   Win  5  k=2  [6.0→9.0 s]  interior_MAE=1.523°C  → k_next=3
2026-05-27 22:46:08 [pinn_trainer][square][ak_k3][k=-][s=-] INFO Training start: t=[9.0,13.5]s  epochs_adam=1000  epochs_lbfgs=300  params=111439
2026-05-27 22:46:11 [pinn_trainer][square][ak_k3][k=-][s=-] INFO Adam     1/1000  loss=6.3616e+05  pde=6.3605e+05  bc=2.1456e+01  ic=0.0000e+00  fc=0.0000e+00
2026-05-27 22:46:40 [pinn_trainer][square][ak_k3][k=-][s=-] INFO Adam   500/1000  loss=1.7029e-01  pde=1.7024e-01  bc=9.8469e-06  ic=0.0000e+00  fc=0.0000e+00
2026-05-27 22:47:04 [pinn_trainer][square][ak_k3][k=-][s=-] INFO Adam  1000/1000  loss=3.1847e-01  pde=3.1835e-01  bc=2.3745e-05  ic=0.0000e+00  fc=0.0000e+00
2026-05-27 22:47:08 [pinn_trainer][square][ak_k3][k=-][s=-] INFO L-BFGS  300/300  loss=3.2327e-01
2026-05-27 22:47:08 [pinn_trainer][square][ak_k3][k=-][s=-] INFO Training done in 60.0 s
2026-05-27 22:47:08 [adaptive_k][square][adaptive_k][k=adaptive][s=6] INFO   Win  6  k=3  [9.0→13.5 s]  interior_MAE=0.214°C  → k_next=4
2026-05-27 22:47:08 [pinn_trainer][square][ak_k4][k=-][s=-] INFO Training start: t=[13.5,19.5]s  epochs_adam=1000  epochs_lbfgs=300  params=111439
2026-05-27 22:47:11 [pinn_trainer][square][ak_k4][k=-][s=-] INFO Adam     1/1000  loss=7.2730e+05  pde=7.2716e+05  bc=2.8960e+01  ic=0.0000e+00  fc=0.0000e+00
2026-05-27 22:47:35 [pinn_trainer][square][ak_k4][k=-][s=-] INFO Adam   500/1000  loss=3.7810e-02  pde=3.7781e-02  bc=5.7843e-06  ic=0.0000e+00  fc=0.0000e+00
2026-05-27 22:48:02 [pinn_trainer][square][ak_k4][k=-][s=-] INFO Adam  1000/1000  loss=1.2227e-03  pde=1.2227e-03  bc=6.3160e-09  ic=0.0000e+00  fc=0.0000e+00
2026-05-27 22:48:07 [pinn_trainer][square][ak_k4][k=-][s=-] INFO L-BFGS  300/300  loss=1.1030e-03
2026-05-27 22:48:07 [pinn_trainer][square][ak_k4][k=-][s=-] INFO Training done in 58.3 s
2026-05-27 22:48:07 [adaptive_k][square][adaptive_k][k=adaptive][s=6] INFO   Win  7  k=4  [13.5→19.5 s]  interior_MAE=0.023°C  → k_next=5
2026-05-27 22:48:07 [pinn_trainer][square][ak_k5][k=-][s=-] INFO Training start: t=[19.5,27.0]s  epochs_adam=1000  epochs_lbfgs=300  params=111439
2026-05-27 22:48:09 [pinn_trainer][square][ak_k5][k=-][s=-] INFO Adam     1/1000  loss=1.2703e+06  pde=1.2701e+06  bc=3.7579e+01  ic=0.0000e+00  fc=0.0000e+00
2026-05-27 22:48:32 [pinn_trainer][square][ak_k5][k=-][s=-] INFO Adam   500/1000  loss=2.7080e-02  pde=2.7074e-02  bc=1.2921e-06  ic=0.0000e+00  fc=0.0000e+00
2026-05-27 22:48:56 [pinn_trainer][square][ak_k5][k=-][s=-] INFO Adam  1000/1000  loss=1.0892e-03  pde=1.0892e-03  bc=3.7255e-09  ic=0.0000e+00  fc=0.0000e+00
2026-05-27 22:49:04 [pinn_trainer][square][ak_k5][k=-][s=-] INFO L-BFGS  300/300  loss=2.6080e-04
2026-05-27 22:49:04 [pinn_trainer][square][ak_k5][k=-][s=-] INFO Training done in 57.0 s
2026-05-27 22:49:04 [adaptive_k][square][adaptive_k][k=adaptive][s=6] INFO   Win  8  k=5  [19.5→27.0 s]  interior_MAE=0.004°C  → k_next=5
2026-05-27 22:49:04 [pinn_trainer][square][ak_k5][k=-][s=-] INFO Training start: t=[27.0,30.0]s  epochs_adam=1000  epochs_lbfgs=300  params=111439
2026-05-27 22:49:06 [pinn_trainer][square][ak_k5][k=-][s=-] INFO Adam     1/1000  loss=7.0480e+05  pde=7.0471e+05  bc=1.7067e+01  ic=0.0000e+00  fc=0.0000e+00
2026-05-27 22:49:30 [pinn_trainer][square][ak_k5][k=-][s=-] INFO Adam   500/1000  loss=2.7534e-02  pde=2.7523e-02  bc=2.2472e-06  ic=0.0000e+00  fc=0.0000e+00
2026-05-27 22:49:54 [pinn_trainer][square][ak_k5][k=-][s=-] INFO Adam  1000/1000  loss=9.3557e-02  pde=9.3501e-02  bc=1.1170e-05  ic=0.0000e+00  fc=0.0000e+00
2026-05-27 22:50:00 [pinn_trainer][square][ak_k5][k=-][s=-] INFO L-BFGS  300/300  loss=1.4781e-01
2026-05-27 22:50:00 [pinn_trainer][square][ak_k5][k=-][s=-] INFO Training done in 56.5 s
2026-05-27 22:50:00 [adaptive_k][square][adaptive_k][k=adaptive][s=6] INFO   Win  9  k=5  [27.0→30.0 s]  interior_MAE=0.011°C  → k_next=5
2026-05-27 22:50:00 [adaptive_k][square][adaptive_k][k=adaptive][s=6] INFO AdaptiveK done | wins=9 | FEM_solves=9/60 | FEM_saving=85% | MAE=1.743°C | L2=0.0172 | t=514 s
2026-05-27 22:50:00 [adaptive_k][square][adaptive_k][k=adaptive][s=6] INFO k schedule: t=0.0s:k=1 → t=1.5s:k=1 → t=3.0s:k=1 → t=4.5s:k=1 → t=6.0s:k=2 → t=9.0s:k=3 → t=13.5s:k=4 → t=19.5s:k=5 → t=27.0s:k=5
2026-05-27 22:50:00 [adaptive_k][square][adaptive_k][k=adaptive][s=6] INFO Saved → /home/coder/NAS-PINNS1/thermal_pinn/quenching_mswp/results/adaptive_k/square/seed6_adaptive
2026-05-27 22:50:01 [stage_adaptive_k][all][adaptive_k][k=-][s=-] INFO RESULT geo=square   seed=6 | MAE=1.743°C | L2=0.0172 | FEM_solves=9/60 | FEM_saving=85%
2026-05-27 22:50:01 [stage_adaptive_k][all][adaptive_k][k=-][s=-] INFO AdaptiveK | geo=square seed=7 arch=[151, 151, 151, 151, 151] thr_up=2.0 thr_dn=5.0
2026-05-27 22:50:01 [adaptive_k][square][adaptive_k][k=adaptive][s=7] INFO AdaptiveK | arch=[151, 151, 151, 151, 151] | k=[1..5] | thr_up=2.0°C thr_dn=5.0°C | fourier=True
2026-05-27 22:50:01 [pinn_trainer][square][ak_k1][k=-][s=-] INFO Training start: t=[0.0,1.5]s  epochs_adam=1000  epochs_lbfgs=300  params=111439
2026-05-27 22:50:03 [pinn_trainer][square][ak_k1][k=-][s=-] INFO Adam     1/1000  loss=8.7476e+05  pde=8.7462e+05  bc=2.7143e+01  ic=0.0000e+00  fc=0.0000e+00
2026-05-27 22:50:27 [pinn_trainer][square][ak_k1][k=-][s=-] INFO Adam   500/1000  loss=2.8201e+01  pde=2.5707e+01  bc=4.9879e-01  ic=0.0000e+00  fc=0.0000e+00
2026-05-27 22:50:51 [pinn_trainer][square][ak_k1][k=-][s=-] INFO Adam  1000/1000  loss=1.2715e+01  pde=1.0472e+01  bc=4.4851e-01  ic=0.0000e+00  fc=0.0000e+00
2026-05-27 22:50:57 [pinn_trainer][square][ak_k1][k=-][s=-] INFO L-BFGS  300/300  loss=1.2741e+01
2026-05-27 22:50:57 [pinn_trainer][square][ak_k1][k=-][s=-] INFO Training done in 55.9 s
2026-05-27 22:50:57 [adaptive_k][square][adaptive_k][k=adaptive][s=7] INFO   Win  1  k=1  [0.0→1.5 s]  interior_MAE=23.822°C  → k_next=1
2026-05-27 22:50:57 [pinn_trainer][square][ak_k1][k=-][s=-] INFO Training start: t=[1.5,3.0]s  epochs_adam=1000  epochs_lbfgs=300  params=111439
2026-05-27 22:50:59 [pinn_trainer][square][ak_k1][k=-][s=-] INFO Adam     1/1000  loss=4.0613e+06  pde=4.0612e+06  bc=2.3613e+01  ic=0.0000e+00  fc=0.0000e+00
2026-05-27 22:51:23 [pinn_trainer][square][ak_k1][k=-][s=-] INFO Adam   500/1000  loss=3.3122e+00  pde=2.9897e+00  bc=6.4500e-02  ic=0.0000e+00  fc=0.0000e+00
2026-05-27 22:51:46 [pinn_trainer][square][ak_k1][k=-][s=-] INFO Adam  1000/1000  loss=1.9811e+00  pde=1.6994e+00  bc=5.6356e-02  ic=0.0000e+00  fc=0.0000e+00
2026-05-27 22:51:51 [pinn_trainer][square][ak_k1][k=-][s=-] INFO L-BFGS  300/300  loss=1.9155e+00
2026-05-27 22:51:51 [pinn_trainer][square][ak_k1][k=-][s=-] INFO Training done in 54.0 s
2026-05-27 22:51:51 [adaptive_k][square][adaptive_k][k=adaptive][s=7] INFO   Win  2  k=1  [1.5→3.0 s]  interior_MAE=9.849°C  → k_next=1
2026-05-27 22:51:51 [pinn_trainer][square][ak_k1][k=-][s=-] INFO Training start: t=[3.0,4.5]s  epochs_adam=1000  epochs_lbfgs=300  params=111439
2026-05-27 22:51:53 [pinn_trainer][square][ak_k1][k=-][s=-] INFO Adam     1/1000  loss=7.1717e+05  pde=7.1709e+05  bc=1.6364e+01  ic=0.0000e+00  fc=0.0000e+00
2026-05-27 22:52:17 [pinn_trainer][square][ak_k1][k=-][s=-] INFO Adam   500/1000  loss=6.2949e-01  pde=5.8716e-01  bc=8.4655e-03  ic=0.0000e+00  fc=0.0000e+00
2026-05-27 22:52:41 [pinn_trainer][square][ak_k1][k=-][s=-] INFO Adam  1000/1000  loss=5.0220e-01  pde=4.6142e-01  bc=8.1570e-03  ic=0.0000e+00  fc=0.0000e+00
2026-05-27 22:52:47 [pinn_trainer][square][ak_k1][k=-][s=-] INFO L-BFGS  300/300  loss=4.7586e-01
2026-05-27 22:52:47 [pinn_trainer][square][ak_k1][k=-][s=-] INFO Training done in 55.8 s
2026-05-27 22:52:47 [adaptive_k][square][adaptive_k][k=adaptive][s=7] INFO   Win  3  k=1  [3.0→4.5 s]  interior_MAE=4.895°C  → k_next=1
2026-05-27 22:52:47 [pinn_trainer][square][ak_k1][k=-][s=-] INFO Training start: t=[4.5,6.0]s  epochs_adam=1000  epochs_lbfgs=300  params=111439
2026-05-27 22:52:49 [pinn_trainer][square][ak_k1][k=-][s=-] INFO Adam     1/1000  loss=7.3748e+05  pde=7.3738e+05  bc=2.1414e+01  ic=0.0000e+00  fc=0.0000e+00
2026-05-27 22:53:14 [pinn_trainer][square][ak_k1][k=-][s=-] INFO Adam   500/1000  loss=1.7942e-01  pde=1.7365e-01  bc=1.1532e-03  ic=0.0000e+00  fc=0.0000e+00
2026-05-27 22:53:38 [pinn_trainer][square][ak_k1][k=-][s=-] INFO Adam  1000/1000  loss=1.5258e-01  pde=1.4713e-01  bc=1.0904e-03  ic=0.0000e+00  fc=0.0000e+00
2026-05-27 22:53:43 [pinn_trainer][square][ak_k1][k=-][s=-] INFO L-BFGS  300/300  loss=1.0728e-01
2026-05-27 22:53:43 [pinn_trainer][square][ak_k1][k=-][s=-] INFO Training done in 56.2 s
2026-05-27 22:53:43 [adaptive_k][square][adaptive_k][k=adaptive][s=7] INFO   Win  4  k=1  [4.5→6.0 s]  interior_MAE=1.864°C  → k_next=2
2026-05-27 22:53:43 [pinn_trainer][square][ak_k2][k=-][s=-] INFO Training start: t=[6.0,9.0]s  epochs_adam=1000  epochs_lbfgs=300  params=111439
2026-05-27 22:53:46 [pinn_trainer][square][ak_k2][k=-][s=-] INFO Adam     1/1000  loss=2.9662e+06  pde=2.9660e+06  bc=3.2611e+01  ic=0.0000e+00  fc=0.0000e+00
2026-05-27 22:54:09 [pinn_trainer][square][ak_k2][k=-][s=-] INFO Adam   500/1000  loss=1.5314e+00  pde=1.5301e+00  bc=2.4269e-04  ic=0.0000e+00  fc=0.0000e+00
2026-05-27 22:54:33 [pinn_trainer][square][ak_k2][k=-][s=-] INFO Adam  1000/1000  loss=8.2487e-03  pde=7.6775e-03  bc=1.1424e-04  ic=0.0000e+00  fc=0.0000e+00
2026-05-27 22:54:38 [pinn_trainer][square][ak_k2][k=-][s=-] INFO L-BFGS  300/300  loss=8.2977e-03
2026-05-27 22:54:38 [pinn_trainer][square][ak_k2][k=-][s=-] INFO Training done in 55.2 s
2026-05-27 22:54:38 [adaptive_k][square][adaptive_k][k=adaptive][s=7] INFO   Win  5  k=2  [6.0→9.0 s]  interior_MAE=1.510°C  → k_next=3
2026-05-27 22:54:38 [pinn_trainer][square][ak_k3][k=-][s=-] INFO Training start: t=[9.0,13.5]s  epochs_adam=1000  epochs_lbfgs=300  params=111439
2026-05-27 22:54:41 [pinn_trainer][square][ak_k3][k=-][s=-] INFO Adam     1/1000  loss=1.4972e+06  pde=1.4971e+06  bc=2.8829e+01  ic=0.0000e+00  fc=0.0000e+00
2026-05-27 22:55:05 [pinn_trainer][square][ak_k3][k=-][s=-] INFO Adam   500/1000  loss=3.1484e-01  pde=3.1472e-01  bc=2.4029e-05  ic=0.0000e+00  fc=0.0000e+00
2026-05-27 22:55:29 [pinn_trainer][square][ak_k3][k=-][s=-] INFO Adam  1000/1000  loss=2.7788e-03  pde=2.7694e-03  bc=1.8864e-06  ic=0.0000e+00  fc=0.0000e+00
2026-05-27 22:55:34 [pinn_trainer][square][ak_k3][k=-][s=-] INFO L-BFGS  300/300  loss=1.4627e-04
2026-05-27 22:55:34 [pinn_trainer][square][ak_k3][k=-][s=-] INFO Training done in 55.8 s
2026-05-27 22:55:34 [adaptive_k][square][adaptive_k][k=adaptive][s=7] INFO   Win  6  k=3  [9.0→13.5 s]  interior_MAE=0.303°C  → k_next=4
2026-05-27 22:55:34 [pinn_trainer][square][ak_k4][k=-][s=-] INFO Training start: t=[13.5,19.5]s  epochs_adam=1000  epochs_lbfgs=300  params=111439
2026-05-27 22:55:36 [pinn_trainer][square][ak_k4][k=-][s=-] INFO Adam     1/1000  loss=7.4622e+05  pde=7.4613e+05  bc=1.8905e+01  ic=0.0000e+00  fc=0.0000e+00
2026-05-27 22:56:00 [pinn_trainer][square][ak_k4][k=-][s=-] INFO Adam   500/1000  loss=1.6983e-01  pde=1.6981e-01  bc=4.9107e-06  ic=0.0000e+00  fc=0.0000e+00
2026-05-27 22:56:25 [pinn_trainer][square][ak_k4][k=-][s=-] INFO Adam  1000/1000  loss=4.5053e-03  pde=4.4919e-03  bc=2.6791e-06  ic=0.0000e+00  fc=0.0000e+00
2026-05-27 22:56:29 [pinn_trainer][square][ak_k4][k=-][s=-] INFO L-BFGS  300/300  loss=5.2096e-03
2026-05-27 22:56:29 [pinn_trainer][square][ak_k4][k=-][s=-] INFO Training done in 55.0 s
2026-05-27 22:56:29 [adaptive_k][square][adaptive_k][k=adaptive][s=7] INFO   Win  7  k=4  [13.5→19.5 s]  interior_MAE=0.025°C  → k_next=5
2026-05-27 22:56:29 [pinn_trainer][square][ak_k5][k=-][s=-] INFO Training start: t=[19.5,27.0]s  epochs_adam=1000  epochs_lbfgs=300  params=111439
2026-05-27 22:56:32 [pinn_trainer][square][ak_k5][k=-][s=-] INFO Adam     1/1000  loss=1.9969e+06  pde=1.9968e+06  bc=1.6983e+01  ic=0.0000e+00  fc=0.0000e+00
2026-05-27 22:56:56 [pinn_trainer][square][ak_k5][k=-][s=-] INFO Adam   500/1000  loss=1.4276e-02  pde=1.4273e-02  bc=5.7426e-07  ic=0.0000e+00  fc=0.0000e+00
2026-05-27 22:57:20 [pinn_trainer][square][ak_k5][k=-][s=-] INFO Adam  1000/1000  loss=7.8422e-03  pde=7.8401e-03  bc=4.1455e-07  ic=0.0000e+00  fc=0.0000e+00
2026-05-27 22:57:24 [pinn_trainer][square][ak_k5][k=-][s=-] INFO L-BFGS  300/300  loss=5.8013e-03
2026-05-27 22:57:24 [pinn_trainer][square][ak_k5][k=-][s=-] INFO Training done in 54.5 s
2026-05-27 22:57:24 [adaptive_k][square][adaptive_k][k=adaptive][s=7] INFO   Win  8  k=5  [19.5→27.0 s]  interior_MAE=0.083°C  → k_next=5
2026-05-27 22:57:24 [pinn_trainer][square][ak_k5][k=-][s=-] INFO Training start: t=[27.0,30.0]s  epochs_adam=1000  epochs_lbfgs=300  params=111439
2026-05-27 22:57:26 [pinn_trainer][square][ak_k5][k=-][s=-] INFO Adam     1/1000  loss=1.0346e+06  pde=1.0344e+06  bc=3.4413e+01  ic=0.0000e+00  fc=0.0000e+00
2026-05-27 22:57:50 [pinn_trainer][square][ak_k5][k=-][s=-] INFO Adam   500/1000  loss=7.4613e-02  pde=7.4594e-02  bc=3.7698e-06  ic=0.0000e+00  fc=0.0000e+00
2026-05-27 22:58:15 [pinn_trainer][square][ak_k5][k=-][s=-] INFO Adam  1000/1000  loss=1.8236e-02  pde=1.8236e-02  bc=9.6791e-08  ic=0.0000e+00  fc=0.0000e+00
2026-05-27 22:58:20 [pinn_trainer][square][ak_k5][k=-][s=-] INFO L-BFGS  300/300  loss=2.4704e-03
2026-05-27 22:58:20 [pinn_trainer][square][ak_k5][k=-][s=-] INFO Training done in 56.6 s
2026-05-27 22:58:20 [adaptive_k][square][adaptive_k][k=adaptive][s=7] INFO   Win  9  k=5  [27.0→30.0 s]  interior_MAE=0.002°C  → k_next=5
2026-05-27 22:58:20 [adaptive_k][square][adaptive_k][k=adaptive][s=7] INFO AdaptiveK done | wins=9 | FEM_solves=9/60 | FEM_saving=85% | MAE=1.538°C | L2=0.0177 | t=499 s
2026-05-27 22:58:20 [adaptive_k][square][adaptive_k][k=adaptive][s=7] INFO k schedule: t=0.0s:k=1 → t=1.5s:k=1 → t=3.0s:k=1 → t=4.5s:k=1 → t=6.0s:k=2 → t=9.0s:k=3 → t=13.5s:k=4 → t=19.5s:k=5 → t=27.0s:k=5
2026-05-27 22:58:20 [adaptive_k][square][adaptive_k][k=adaptive][s=7] INFO Saved → /home/coder/NAS-PINNS1/thermal_pinn/quenching_mswp/results/adaptive_k/square/seed7_adaptive
2026-05-27 22:58:21 [stage_adaptive_k][all][adaptive_k][k=-][s=-] INFO RESULT geo=square   seed=7 | MAE=1.538°C | L2=0.0177 | FEM_solves=9/60 | FEM_saving=85%
2026-05-27 22:58:21 [stage_adaptive_k][all][adaptive_k][k=-][s=-] INFO AdaptiveK | geo=square seed=8 arch=[151, 151, 151, 151, 151] thr_up=2.0 thr_dn=5.0
2026-05-27 22:58:21 [adaptive_k][square][adaptive_k][k=adaptive][s=8] INFO AdaptiveK | arch=[151, 151, 151, 151, 151] | k=[1..5] | thr_up=2.0°C thr_dn=5.0°C | fourier=True
2026-05-27 22:58:21 [pinn_trainer][square][ak_k1][k=-][s=-] INFO Training start: t=[0.0,1.5]s  epochs_adam=1000  epochs_lbfgs=300  params=111439
2026-05-27 22:58:23 [pinn_trainer][square][ak_k1][k=-][s=-] INFO Adam     1/1000  loss=4.5512e+05  pde=4.5505e+05  bc=1.4385e+01  ic=0.0000e+00  fc=0.0000e+00
2026-05-27 22:58:47 [pinn_trainer][square][ak_k1][k=-][s=-] INFO Adam   500/1000  loss=2.8408e+01  pde=2.5960e+01  bc=4.8966e-01  ic=0.0000e+00  fc=0.0000e+00
2026-05-27 22:59:11 [pinn_trainer][square][ak_k1][k=-][s=-] INFO Adam  1000/1000  loss=1.2108e+01  pde=9.8982e+00  bc=4.4203e-01  ic=0.0000e+00  fc=0.0000e+00
2026-05-27 22:59:17 [pinn_trainer][square][ak_k1][k=-][s=-] INFO L-BFGS  300/300  loss=1.2150e+01
2026-05-27 22:59:17 [pinn_trainer][square][ak_k1][k=-][s=-] INFO Training done in 56.4 s
2026-05-27 22:59:17 [adaptive_k][square][adaptive_k][k=adaptive][s=8] INFO   Win  1  k=1  [0.0→1.5 s]  interior_MAE=25.366°C  → k_next=1
2026-05-27 22:59:17 [pinn_trainer][square][ak_k1][k=-][s=-] INFO Training start: t=[1.5,3.0]s  epochs_adam=1000  epochs_lbfgs=300  params=111439
2026-05-27 22:59:20 [pinn_trainer][square][ak_k1][k=-][s=-] INFO Adam     1/1000  loss=7.8845e+05  pde=7.8836e+05  bc=1.7171e+01  ic=0.0000e+00  fc=0.0000e+00
2026-05-27 22:59:44 [pinn_trainer][square][ak_k1][k=-][s=-] INFO Adam   500/1000  loss=4.4232e+00  pde=4.1118e+00  bc=6.2276e-02  ic=0.0000e+00  fc=0.0000e+00
2026-05-27 23:00:08 [pinn_trainer][square][ak_k1][k=-][s=-] INFO Adam  1000/1000  loss=2.5670e+00  pde=2.2732e+00  bc=5.8776e-02  ic=0.0000e+00  fc=0.0000e+00
2026-05-27 23:00:15 [pinn_trainer][square][ak_k1][k=-][s=-] INFO L-BFGS  300/300  loss=2.6172e+00
2026-05-27 23:00:15 [pinn_trainer][square][ak_k1][k=-][s=-] INFO Training done in 58.2 s
2026-05-27 23:00:15 [adaptive_k][square][adaptive_k][k=adaptive][s=8] INFO   Win  2  k=1  [1.5→3.0 s]  interior_MAE=10.964°C  → k_next=1
2026-05-27 23:00:15 [pinn_trainer][square][ak_k1][k=-][s=-] INFO Training start: t=[3.0,4.5]s  epochs_adam=1000  epochs_lbfgs=300  params=111439
2026-05-27 23:00:18 [pinn_trainer][square][ak_k1][k=-][s=-] INFO Adam     1/1000  loss=1.6978e+06  pde=1.6977e+06  bc=2.9694e+01  ic=0.0000e+00  fc=0.0000e+00
2026-05-27 23:00:41 [pinn_trainer][square][ak_k1][k=-][s=-] INFO Adam   500/1000  loss=4.0071e+00  pde=3.9641e+00  bc=8.5959e-03  ic=0.0000e+00  fc=0.0000e+00
2026-05-27 23:01:05 [pinn_trainer][square][ak_k1][k=-][s=-] INFO Adam  1000/1000  loss=7.0558e-01  pde=6.6521e-01  bc=8.0728e-03  ic=0.0000e+00  fc=0.0000e+00
2026-05-27 23:01:11 [pinn_trainer][square][ak_k1][k=-][s=-] INFO L-BFGS  300/300  loss=5.1093e-01
2026-05-27 23:01:11 [pinn_trainer][square][ak_k1][k=-][s=-] INFO Training done in 55.3 s
2026-05-27 23:01:11 [adaptive_k][square][adaptive_k][k=adaptive][s=8] INFO   Win  3  k=1  [3.0→4.5 s]  interior_MAE=4.770°C  → k_next=1
2026-05-27 23:01:11 [pinn_trainer][square][ak_k1][k=-][s=-] INFO Training start: t=[4.5,6.0]s  epochs_adam=1000  epochs_lbfgs=300  params=111439
2026-05-27 23:01:13 [pinn_trainer][square][ak_k1][k=-][s=-] INFO Adam     1/1000  loss=6.7585e+05  pde=6.7575e+05  bc=2.0945e+01  ic=0.0000e+00  fc=0.0000e+00
2026-05-27 23:01:37 [pinn_trainer][square][ak_k1][k=-][s=-] INFO Adam   500/1000  loss=2.5415e-01  pde=2.4855e-01  bc=1.1204e-03  ic=0.0000e+00  fc=0.0000e+00
2026-05-27 23:02:00 [pinn_trainer][square][ak_k1][k=-][s=-] INFO Adam  1000/1000  loss=1.4867e-01  pde=1.4312e-01  bc=1.1109e-03  ic=0.0000e+00  fc=0.0000e+00
2026-05-27 23:02:09 [pinn_trainer][square][ak_k1][k=-][s=-] INFO L-BFGS  300/300  loss=1.6082e-01
2026-05-27 23:02:09 [pinn_trainer][square][ak_k1][k=-][s=-] INFO Training done in 58.6 s
2026-05-27 23:02:09 [adaptive_k][square][adaptive_k][k=adaptive][s=8] INFO   Win  4  k=1  [4.5→6.0 s]  interior_MAE=1.782°C  → k_next=2
2026-05-27 23:02:09 [pinn_trainer][square][ak_k2][k=-][s=-] INFO Training start: t=[6.0,9.0]s  epochs_adam=1000  epochs_lbfgs=300  params=111439
2026-05-27 23:02:12 [pinn_trainer][square][ak_k2][k=-][s=-] INFO Adam     1/1000  loss=1.4914e+06  pde=1.4913e+06  bc=2.4909e+01  ic=0.0000e+00  fc=0.0000e+00
2026-05-27 23:02:35 [pinn_trainer][square][ak_k2][k=-][s=-] INFO Adam   500/1000  loss=1.0229e-01  pde=1.0168e-01  bc=1.2230e-04  ic=0.0000e+00  fc=0.0000e+00
2026-05-27 23:03:00 [pinn_trainer][square][ak_k2][k=-][s=-] INFO Adam  1000/1000  loss=3.0688e-02  pde=3.0124e-02  bc=1.1277e-04  ic=0.0000e+00  fc=0.0000e+00
2026-05-27 23:03:04 [pinn_trainer][square][ak_k2][k=-][s=-] INFO L-BFGS  300/300  loss=2.9149e-02
2026-05-27 23:03:04 [pinn_trainer][square][ak_k2][k=-][s=-] INFO Training done in 54.7 s
2026-05-27 23:03:04 [adaptive_k][square][adaptive_k][k=adaptive][s=8] INFO   Win  5  k=2  [6.0→9.0 s]  interior_MAE=1.476°C  → k_next=3
2026-05-27 23:03:04 [pinn_trainer][square][ak_k3][k=-][s=-] INFO Training start: t=[9.0,13.5]s  epochs_adam=1000  epochs_lbfgs=300  params=111439
2026-05-27 23:03:07 [pinn_trainer][square][ak_k3][k=-][s=-] INFO Adam     1/1000  loss=1.0628e+06  pde=1.0627e+06  bc=2.8298e+01  ic=0.0000e+00  fc=0.0000e+00
2026-05-27 23:03:30 [pinn_trainer][square][ak_k3][k=-][s=-] INFO Adam   500/1000  loss=8.2008e-01  pde=8.1961e-01  bc=9.3634e-05  ic=0.0000e+00  fc=0.0000e+00
2026-05-27 23:03:54 [pinn_trainer][square][ak_k3][k=-][s=-] INFO Adam  1000/1000  loss=3.8297e-03  pde=3.8192e-03  bc=2.0847e-06  ic=0.0000e+00  fc=0.0000e+00
2026-05-27 23:03:59 [pinn_trainer][square][ak_k3][k=-][s=-] INFO L-BFGS  300/300  loss=1.4126e-02
2026-05-27 23:03:59 [pinn_trainer][square][ak_k3][k=-][s=-] INFO Training done in 55.1 s
2026-05-27 23:03:59 [adaptive_k][square][adaptive_k][k=adaptive][s=8] INFO   Win  6  k=3  [9.0→13.5 s]  interior_MAE=0.249°C  → k_next=4
2026-05-27 23:03:59 [pinn_trainer][square][ak_k4][k=-][s=-] INFO Training start: t=[13.5,19.5]s  epochs_adam=1000  epochs_lbfgs=300  params=111439
2026-05-27 23:04:02 [pinn_trainer][square][ak_k4][k=-][s=-] INFO Adam     1/1000  loss=1.2983e+06  pde=1.2982e+06  bc=3.1461e+01  ic=0.0000e+00  fc=0.0000e+00
2026-05-27 23:04:26 [pinn_trainer][square][ak_k4][k=-][s=-] INFO Adam   500/1000  loss=1.0185e-01  pde=1.0184e-01  bc=3.0315e-06  ic=0.0000e+00  fc=0.0000e+00
2026-05-27 23:04:49 [pinn_trainer][square][ak_k4][k=-][s=-] INFO Adam  1000/1000  loss=3.4672e-03  pde=3.4660e-03  bc=2.4498e-07  ic=0.0000e+00  fc=0.0000e+00
2026-05-27 23:04:55 [pinn_trainer][square][ak_k4][k=-][s=-] INFO L-BFGS  300/300  loss=3.6223e-03
2026-05-27 23:04:55 [pinn_trainer][square][ak_k4][k=-][s=-] INFO Training done in 55.6 s
2026-05-27 23:04:55 [adaptive_k][square][adaptive_k][k=adaptive][s=8] INFO   Win  7  k=4  [13.5→19.5 s]  interior_MAE=0.006°C  → k_next=5
2026-05-27 23:04:55 [pinn_trainer][square][ak_k5][k=-][s=-] INFO Training start: t=[19.5,27.0]s  epochs_adam=1000  epochs_lbfgs=300  params=111439
2026-05-27 23:04:57 [pinn_trainer][square][ak_k5][k=-][s=-] INFO Adam     1/1000  loss=1.2618e+06  pde=1.2617e+06  bc=2.2908e+01  ic=0.0000e+00  fc=0.0000e+00
2026-05-27 23:05:21 [pinn_trainer][square][ak_k5][k=-][s=-] INFO Adam   500/1000  loss=6.3176e-02  pde=6.3155e-02  bc=4.2148e-06  ic=0.0000e+00  fc=0.0000e+00
2026-05-27 23:05:45 [pinn_trainer][square][ak_k5][k=-][s=-] INFO Adam  1000/1000  loss=5.2133e-03  pde=5.2133e-03  bc=2.1266e-09  ic=0.0000e+00  fc=0.0000e+00
2026-05-27 23:05:49 [pinn_trainer][square][ak_k5][k=-][s=-] INFO L-BFGS  300/300  loss=9.5865e-03
2026-05-27 23:05:49 [pinn_trainer][square][ak_k5][k=-][s=-] INFO Training done in 54.0 s
2026-05-27 23:05:49 [adaptive_k][square][adaptive_k][k=adaptive][s=8] INFO   Win  8  k=5  [19.5→27.0 s]  interior_MAE=0.024°C  → k_next=5
2026-05-27 23:05:49 [pinn_trainer][square][ak_k5][k=-][s=-] INFO Training start: t=[27.0,30.0]s  epochs_adam=1000  epochs_lbfgs=300  params=111439
2026-05-27 23:05:51 [pinn_trainer][square][ak_k5][k=-][s=-] INFO Adam     1/1000  loss=9.6389e+05  pde=9.6373e+05  bc=3.1551e+01  ic=0.0000e+00  fc=0.0000e+00
2026-05-27 23:06:15 [pinn_trainer][square][ak_k5][k=-][s=-] INFO Adam   500/1000  loss=1.0906e-02  pde=1.0903e-02  bc=5.1070e-07  ic=0.0000e+00  fc=0.0000e+00
2026-05-27 23:06:39 [pinn_trainer][square][ak_k5][k=-][s=-] INFO Adam  1000/1000  loss=8.7372e-04  pde=8.7348e-04  bc=4.8514e-08  ic=0.0000e+00  fc=0.0000e+00
2026-05-27 23:06:45 [pinn_trainer][square][ak_k5][k=-][s=-] INFO L-BFGS  300/300  loss=7.9907e-04
2026-05-27 23:06:45 [pinn_trainer][square][ak_k5][k=-][s=-] INFO Training done in 55.6 s
2026-05-27 23:06:45 [adaptive_k][square][adaptive_k][k=adaptive][s=8] INFO   Win  9  k=5  [27.0→30.0 s]  interior_MAE=0.002°C  → k_next=5
2026-05-27 23:06:45 [adaptive_k][square][adaptive_k][k=adaptive][s=8] INFO AdaptiveK done | wins=9 | FEM_solves=9/60 | FEM_saving=85% | MAE=1.592°C | L2=0.0166 | t=504 s
2026-05-27 23:06:45 [adaptive_k][square][adaptive_k][k=adaptive][s=8] INFO k schedule: t=0.0s:k=1 → t=1.5s:k=1 → t=3.0s:k=1 → t=4.5s:k=1 → t=6.0s:k=2 → t=9.0s:k=3 → t=13.5s:k=4 → t=19.5s:k=5 → t=27.0s:k=5
2026-05-27 23:06:45 [adaptive_k][square][adaptive_k][k=adaptive][s=8] INFO Saved → /home/coder/NAS-PINNS1/thermal_pinn/quenching_mswp/results/adaptive_k/square/seed8_adaptive
2026-05-27 23:06:45 [stage_adaptive_k][all][adaptive_k][k=-][s=-] INFO RESULT geo=square   seed=8 | MAE=1.592°C | L2=0.0166 | FEM_solves=9/60 | FEM_saving=85%
2026-05-27 23:06:45 [stage_adaptive_k][all][adaptive_k][k=-][s=-] INFO AdaptiveK | geo=square seed=9 arch=[151, 151, 151, 151, 151] thr_up=2.0 thr_dn=5.0
2026-05-27 23:06:45 [adaptive_k][square][adaptive_k][k=adaptive][s=9] INFO AdaptiveK | arch=[151, 151, 151, 151, 151] | k=[1..5] | thr_up=2.0°C thr_dn=5.0°C | fourier=True
2026-05-27 23:06:45 [pinn_trainer][square][ak_k1][k=-][s=-] INFO Training start: t=[0.0,1.5]s  epochs_adam=1000  epochs_lbfgs=300  params=111439
2026-05-27 23:06:48 [pinn_trainer][square][ak_k1][k=-][s=-] INFO Adam     1/1000  loss=1.0649e+06  pde=1.0647e+06  bc=2.7938e+01  ic=0.0000e+00  fc=0.0000e+00
2026-05-27 23:07:12 [pinn_trainer][square][ak_k1][k=-][s=-] INFO Adam   500/1000  loss=2.4781e+01  pde=2.2409e+01  bc=4.7441e-01  ic=0.0000e+00  fc=0.0000e+00
2026-05-27 23:07:35 [pinn_trainer][square][ak_k1][k=-][s=-] INFO Adam  1000/1000  loss=1.6758e+01  pde=1.4525e+01  bc=4.4655e-01  ic=0.0000e+00  fc=0.0000e+00
2026-05-27 23:07:40 [pinn_trainer][square][ak_k1][k=-][s=-] INFO L-BFGS  300/300  loss=1.6834e+01
2026-05-27 23:07:40 [pinn_trainer][square][ak_k1][k=-][s=-] INFO Training done in 55.1 s
2026-05-27 23:07:40 [adaptive_k][square][adaptive_k][k=adaptive][s=9] INFO   Win  1  k=1  [0.0→1.5 s]  interior_MAE=24.253°C  → k_next=1
2026-05-27 23:07:40 [pinn_trainer][square][ak_k1][k=-][s=-] INFO Training start: t=[1.5,3.0]s  epochs_adam=1000  epochs_lbfgs=300  params=111439
2026-05-27 23:07:43 [pinn_trainer][square][ak_k1][k=-][s=-] INFO Adam     1/1000  loss=1.0701e+06  pde=1.0700e+06  bc=2.7931e+01  ic=0.0000e+00  fc=0.0000e+00
2026-05-27 23:08:06 [pinn_trainer][square][ak_k1][k=-][s=-] INFO Adam   500/1000  loss=4.3860e+00  pde=4.0709e+00  bc=6.3027e-02  ic=0.0000e+00  fc=0.0000e+00
2026-05-27 23:08:30 [pinn_trainer][square][ak_k1][k=-][s=-] INFO Adam  1000/1000  loss=3.1066e+00  pde=2.8141e+00  bc=5.8492e-02  ic=0.0000e+00  fc=0.0000e+00
2026-05-27 23:08:34 [pinn_trainer][square][ak_k1][k=-][s=-] INFO L-BFGS  300/300  loss=2.7858e+00
2026-05-27 23:08:34 [pinn_trainer][square][ak_k1][k=-][s=-] INFO Training done in 54.0 s
2026-05-27 23:08:34 [adaptive_k][square][adaptive_k][k=adaptive][s=9] INFO   Win  2  k=1  [1.5→3.0 s]  interior_MAE=9.980°C  → k_next=1
2026-05-27 23:08:34 [pinn_trainer][square][ak_k1][k=-][s=-] INFO Training start: t=[3.0,4.5]s  epochs_adam=1000  epochs_lbfgs=300  params=111439
2026-05-27 23:08:37 [pinn_trainer][square][ak_k1][k=-][s=-] INFO Adam     1/1000  loss=1.6143e+06  pde=1.6141e+06  bc=3.9764e+01  ic=0.0000e+00  fc=0.0000e+00
2026-05-27 23:09:01 [pinn_trainer][square][ak_k1][k=-][s=-] INFO Adam   500/1000  loss=9.7695e-01  pde=9.3455e-01  bc=8.4799e-03  ic=0.0000e+00  fc=0.0000e+00
2026-05-27 23:09:25 [pinn_trainer][square][ak_k1][k=-][s=-] INFO Adam  1000/1000  loss=5.0892e-01  pde=4.6834e-01  bc=8.1153e-03  ic=0.0000e+00  fc=0.0000e+00
2026-05-27 23:09:31 [pinn_trainer][square][ak_k1][k=-][s=-] INFO L-BFGS  300/300  loss=4.9115e-01
2026-05-27 23:09:31 [pinn_trainer][square][ak_k1][k=-][s=-] INFO Training done in 56.6 s
2026-05-27 23:09:31 [adaptive_k][square][adaptive_k][k=adaptive][s=9] INFO   Win  3  k=1  [3.0→4.5 s]  interior_MAE=4.896°C  → k_next=1
2026-05-27 23:09:31 [pinn_trainer][square][ak_k1][k=-][s=-] INFO Training start: t=[4.5,6.0]s  epochs_adam=1000  epochs_lbfgs=300  params=111439
2026-05-27 23:09:33 [pinn_trainer][square][ak_k1][k=-][s=-] INFO Adam     1/1000  loss=7.3209e+05  pde=7.3200e+05  bc=1.8459e+01  ic=0.0000e+00  fc=0.0000e+00
2026-05-27 23:10:00 [pinn_trainer][square][ak_k1][k=-][s=-] INFO Adam   500/1000  loss=8.5241e+00  pde=8.5154e+00  bc=1.7407e-03  ic=0.0000e+00  fc=0.0000e+00
2026-05-27 23:10:24 [pinn_trainer][square][ak_k1][k=-][s=-] INFO Adam  1000/1000  loss=8.9553e-02  pde=8.4098e-02  bc=1.0910e-03  ic=0.0000e+00  fc=0.0000e+00
2026-05-27 23:10:29 [pinn_trainer][square][ak_k1][k=-][s=-] INFO L-BFGS  300/300  loss=8.4434e-02
2026-05-27 23:10:29 [pinn_trainer][square][ak_k1][k=-][s=-] INFO Training done in 58.5 s
2026-05-27 23:10:29 [adaptive_k][square][adaptive_k][k=adaptive][s=9] INFO   Win  4  k=1  [4.5→6.0 s]  interior_MAE=1.797°C  → k_next=2
2026-05-27 23:10:29 [pinn_trainer][square][ak_k2][k=-][s=-] INFO Training start: t=[6.0,9.0]s  epochs_adam=1000  epochs_lbfgs=300  params=111439
2026-05-27 23:10:32 [pinn_trainer][square][ak_k2][k=-][s=-] INFO Adam     1/1000  loss=6.6259e+05  pde=6.6251e+05  bc=1.6527e+01  ic=0.0000e+00  fc=0.0000e+00
2026-05-27 23:10:56 [pinn_trainer][square][ak_k2][k=-][s=-] INFO Adam   500/1000  loss=1.1342e-01  pde=1.1270e-01  bc=1.4402e-04  ic=0.0000e+00  fc=0.0000e+00
2026-05-27 23:11:20 [pinn_trainer][square][ak_k2][k=-][s=-] INFO Adam  1000/1000  loss=3.9451e-02  pde=3.8865e-02  bc=1.1723e-04  ic=0.0000e+00  fc=0.0000e+00
2026-05-27 23:11:27 [pinn_trainer][square][ak_k2][k=-][s=-] INFO L-BFGS  300/300  loss=3.5122e-02
2026-05-27 23:11:27 [pinn_trainer][square][ak_k2][k=-][s=-] INFO Training done in 57.4 s
2026-05-27 23:11:27 [adaptive_k][square][adaptive_k][k=adaptive][s=9] INFO   Win  5  k=2  [6.0→9.0 s]  interior_MAE=1.573°C  → k_next=3
2026-05-27 23:11:27 [pinn_trainer][square][ak_k3][k=-][s=-] INFO Training start: t=[9.0,13.5]s  epochs_adam=1000  epochs_lbfgs=300  params=111439
2026-05-27 23:11:29 [pinn_trainer][square][ak_k3][k=-][s=-] INFO Adam     1/1000  loss=6.5282e+05  pde=6.5274e+05  bc=1.5364e+01  ic=0.0000e+00  fc=0.0000e+00
2026-05-27 23:11:53 [pinn_trainer][square][ak_k3][k=-][s=-] INFO Adam   500/1000  loss=8.1777e-02  pde=8.1755e-02  bc=4.2334e-06  ic=0.0000e+00  fc=0.0000e+00
2026-05-27 23:12:18 [pinn_trainer][square][ak_k3][k=-][s=-] INFO Adam  1000/1000  loss=1.6135e-03  pde=1.6043e-03  bc=1.8485e-06  ic=0.0000e+00  fc=0.0000e+00
2026-05-27 23:12:23 [pinn_trainer][square][ak_k3][k=-][s=-] INFO L-BFGS  300/300  loss=7.5893e-03
2026-05-27 23:12:23 [pinn_trainer][square][ak_k3][k=-][s=-] INFO Training done in 55.7 s
2026-05-27 23:12:23 [adaptive_k][square][adaptive_k][k=adaptive][s=9] INFO   Win  6  k=3  [9.0→13.5 s]  interior_MAE=0.321°C  → k_next=4
2026-05-27 23:12:23 [pinn_trainer][square][ak_k4][k=-][s=-] INFO Training start: t=[13.5,19.5]s  epochs_adam=1000  epochs_lbfgs=300  params=111439
2026-05-27 23:12:25 [pinn_trainer][square][ak_k4][k=-][s=-] INFO Adam     1/1000  loss=1.4371e+06  pde=1.4369e+06  bc=3.7358e+01  ic=0.0000e+00  fc=0.0000e+00
2026-05-27 23:12:49 [pinn_trainer][square][ak_k4][k=-][s=-] INFO Adam   500/1000  loss=2.9806e-01  pde=2.9769e-01  bc=7.4666e-05  ic=0.0000e+00  fc=0.0000e+00
2026-05-27 23:13:13 [pinn_trainer][square][ak_k4][k=-][s=-] INFO Adam  1000/1000  loss=4.3625e-02  pde=4.3384e-02  bc=4.8086e-05  ic=0.0000e+00  fc=0.0000e+00
2026-05-27 23:13:21 [pinn_trainer][square][ak_k4][k=-][s=-] INFO L-BFGS  300/300  loss=4.2690e-02
2026-05-27 23:13:21 [pinn_trainer][square][ak_k4][k=-][s=-] INFO Training done in 57.9 s
2026-05-27 23:13:21 [adaptive_k][square][adaptive_k][k=adaptive][s=9] INFO   Win  7  k=4  [13.5→19.5 s]  interior_MAE=0.007°C  → k_next=5
2026-05-27 23:13:21 [pinn_trainer][square][ak_k5][k=-][s=-] INFO Training start: t=[19.5,27.0]s  epochs_adam=1000  epochs_lbfgs=300  params=111439
2026-05-27 23:13:23 [pinn_trainer][square][ak_k5][k=-][s=-] INFO Adam     1/1000  loss=5.0983e+05  pde=5.0976e+05  bc=1.4335e+01  ic=0.0000e+00  fc=0.0000e+00
2026-05-27 23:13:47 [pinn_trainer][square][ak_k5][k=-][s=-] INFO Adam   500/1000  loss=1.2893e-02  pde=1.2889e-02  bc=7.7890e-07  ic=0.0000e+00  fc=0.0000e+00
2026-05-27 23:14:11 [pinn_trainer][square][ak_k5][k=-][s=-] INFO Adam  1000/1000  loss=8.3714e-04  pde=8.3325e-04  bc=7.7901e-07  ic=0.0000e+00  fc=0.0000e+00
2026-05-27 23:14:15 [pinn_trainer][square][ak_k5][k=-][s=-] INFO L-BFGS  300/300  loss=2.9634e-04
2026-05-27 23:14:15 [pinn_trainer][square][ak_k5][k=-][s=-] INFO Training done in 54.1 s
2026-05-27 23:14:15 [adaptive_k][square][adaptive_k][k=adaptive][s=9] INFO   Win  8  k=5  [19.5→27.0 s]  interior_MAE=0.016°C  → k_next=5
2026-05-27 23:14:15 [pinn_trainer][square][ak_k5][k=-][s=-] INFO Training start: t=[27.0,30.0]s  epochs_adam=1000  epochs_lbfgs=300  params=111439
2026-05-27 23:14:17 [pinn_trainer][square][ak_k5][k=-][s=-] INFO Adam     1/1000  loss=1.1739e+06  pde=1.1738e+06  bc=2.9905e+01  ic=0.0000e+00  fc=0.0000e+00
2026-05-27 23:14:41 [pinn_trainer][square][ak_k5][k=-][s=-] INFO Adam   500/1000  loss=4.8538e-02  pde=4.8529e-02  bc=1.8122e-06  ic=0.0000e+00  fc=0.0000e+00
2026-05-27 23:15:05 [pinn_trainer][square][ak_k5][k=-][s=-] INFO Adam  1000/1000  loss=6.3891e-04  pde=6.3779e-04  bc=2.2341e-07  ic=0.0000e+00  fc=0.0000e+00
2026-05-27 23:15:10 [pinn_trainer][square][ak_k5][k=-][s=-] INFO L-BFGS  300/300  loss=8.9533e-04
2026-05-27 23:15:10 [pinn_trainer][square][ak_k5][k=-][s=-] INFO Training done in 55.2 s
2026-05-27 23:15:10 [adaptive_k][square][adaptive_k][k=adaptive][s=9] INFO   Win  9  k=5  [27.0→30.0 s]  interior_MAE=0.009°C  → k_next=5
2026-05-27 23:15:10 [adaptive_k][square][adaptive_k][k=adaptive][s=9] INFO AdaptiveK done | wins=9 | FEM_solves=9/60 | FEM_saving=85% | MAE=1.544°C | L2=0.0172 | t=505 s
2026-05-27 23:15:10 [adaptive_k][square][adaptive_k][k=adaptive][s=9] INFO k schedule: t=0.0s:k=1 → t=1.5s:k=1 → t=3.0s:k=1 → t=4.5s:k=1 → t=6.0s:k=2 → t=9.0s:k=3 → t=13.5s:k=4 → t=19.5s:k=5 → t=27.0s:k=5
2026-05-27 23:15:10 [adaptive_k][square][adaptive_k][k=adaptive][s=9] INFO Saved → /home/coder/NAS-PINNS1/thermal_pinn/quenching_mswp/results/adaptive_k/square/seed9_adaptive
2026-05-27 23:15:10 [stage_adaptive_k][all][adaptive_k][k=-][s=-] INFO RESULT geo=square   seed=9 | MAE=1.544°C | L2=0.0172 | FEM_solves=9/60 | FEM_saving=85%
2026-05-27 23:15:11 [stage_adaptive_k][all][adaptive_k][k=-][s=-] INFO AdaptiveK | geo=circle seed=1 arch=[151, 151, 151, 151, 151] thr_up=2.0 thr_dn=5.0
2026-05-27 23:15:11 [adaptive_k][circle][adaptive_k][k=adaptive][s=1] INFO AdaptiveK | arch=[151, 151, 151, 151, 151] | k=[1..5] | thr_up=2.0°C thr_dn=5.0°C | fourier=True
2026-05-27 23:15:11 [pinn_trainer][circle][ak_k1][k=-][s=-] INFO Training start: t=[0.0,1.5]s  epochs_adam=1000  epochs_lbfgs=300  params=111439
2026-05-27 23:15:14 [pinn_trainer][circle][ak_k1][k=-][s=-] INFO Adam     1/1000  loss=9.5774e+05  pde=9.5761e+05  bc=2.6774e+01  ic=0.0000e+00  fc=0.0000e+00
2026-05-27 23:15:40 [pinn_trainer][circle][ak_k1][k=-][s=-] INFO Adam   500/1000  loss=2.0472e+01  pde=1.8011e+01  bc=4.9230e-01  ic=0.0000e+00  fc=0.0000e+00
2026-05-27 23:16:09 [pinn_trainer][circle][ak_k1][k=-][s=-] INFO Adam  1000/1000  loss=1.0598e+01  pde=8.4248e+00  bc=4.3464e-01  ic=0.0000e+00  fc=0.0000e+00
2026-05-27 23:16:15 [pinn_trainer][circle][ak_k1][k=-][s=-] INFO L-BFGS  300/300  loss=1.0326e+01
2026-05-27 23:16:15 [pinn_trainer][circle][ak_k1][k=-][s=-] INFO Training done in 63.6 s
2026-05-27 23:16:15 [adaptive_k][circle][adaptive_k][k=adaptive][s=1] INFO   Win  1  k=1  [0.0→1.5 s]  interior_MAE=18.682°C  → k_next=1
2026-05-27 23:16:15 [pinn_trainer][circle][ak_k1][k=-][s=-] INFO Training start: t=[1.5,3.0]s  epochs_adam=1000  epochs_lbfgs=300  params=111439
2026-05-27 23:16:18 [pinn_trainer][circle][ak_k1][k=-][s=-] INFO Adam     1/1000  loss=1.3278e+06  pde=1.3276e+06  bc=3.2854e+01  ic=0.0000e+00  fc=0.0000e+00
2026-05-27 23:16:43 [pinn_trainer][circle][ak_k1][k=-][s=-] INFO Adam   500/1000  loss=3.9040e+00  pde=3.5883e+00  bc=6.3149e-02  ic=0.0000e+00  fc=0.0000e+00
2026-05-27 23:17:09 [pinn_trainer][circle][ak_k1][k=-][s=-] INFO Adam  1000/1000  loss=3.5173e+00  pde=3.2257e+00  bc=5.8309e-02  ic=0.0000e+00  fc=0.0000e+00
2026-05-27 23:17:16 [pinn_trainer][circle][ak_k1][k=-][s=-] INFO L-BFGS  300/300  loss=3.4880e+00
2026-05-27 23:17:16 [pinn_trainer][circle][ak_k1][k=-][s=-] INFO Training done in 61.5 s
2026-05-27 23:17:16 [adaptive_k][circle][adaptive_k][k=adaptive][s=1] INFO   Win  2  k=1  [1.5→3.0 s]  interior_MAE=12.058°C  → k_next=1
2026-05-27 23:17:16 [pinn_trainer][circle][ak_k1][k=-][s=-] INFO Training start: t=[3.0,4.5]s  epochs_adam=1000  epochs_lbfgs=300  params=111439
2026-05-27 23:17:20 [pinn_trainer][circle][ak_k1][k=-][s=-] INFO Adam     1/1000  loss=1.0254e+06  pde=1.0253e+06  bc=2.9895e+01  ic=0.0000e+00  fc=0.0000e+00
2026-05-27 23:17:46 [pinn_trainer][circle][ak_k1][k=-][s=-] INFO Adam   500/1000  loss=4.8704e+00  pde=4.8285e+00  bc=8.3921e-03  ic=0.0000e+00  fc=0.0000e+00
2026-05-27 23:18:11 [pinn_trainer][circle][ak_k1][k=-][s=-] INFO Adam  1000/1000  loss=5.2402e-01  pde=4.8463e-01  bc=7.8785e-03  ic=0.0000e+00  fc=0.0000e+00
2026-05-27 23:18:18 [pinn_trainer][circle][ak_k1][k=-][s=-] INFO L-BFGS  300/300  loss=4.8912e-01
2026-05-27 23:18:18 [pinn_trainer][circle][ak_k1][k=-][s=-] INFO Training done in 61.3 s
2026-05-27 23:18:18 [adaptive_k][circle][adaptive_k][k=adaptive][s=1] INFO   Win  3  k=1  [3.0→4.5 s]  interior_MAE=4.958°C  → k_next=1
2026-05-27 23:18:18 [pinn_trainer][circle][ak_k1][k=-][s=-] INFO Training start: t=[4.5,6.0]s  epochs_adam=1000  epochs_lbfgs=300  params=111439
2026-05-27 23:18:20 [pinn_trainer][circle][ak_k1][k=-][s=-] INFO Adam     1/1000  loss=6.0351e+05  pde=6.0340e+05  bc=2.0437e+01  ic=0.0000e+00  fc=0.0000e+00
2026-05-27 23:18:46 [pinn_trainer][circle][ak_k1][k=-][s=-] INFO Adam   500/1000  loss=1.8711e-01  pde=1.8185e-01  bc=1.0512e-03  ic=0.0000e+00  fc=0.0000e+00
2026-05-27 23:19:12 [pinn_trainer][circle][ak_k1][k=-][s=-] INFO Adam  1000/1000  loss=7.1901e-02  pde=6.6749e-02  bc=1.0304e-03  ic=0.0000e+00  fc=0.0000e+00
2026-05-27 23:19:18 [pinn_trainer][circle][ak_k1][k=-][s=-] INFO L-BFGS  300/300  loss=6.4032e-02
2026-05-27 23:19:18 [pinn_trainer][circle][ak_k1][k=-][s=-] INFO Training done in 60.1 s
2026-05-27 23:19:18 [adaptive_k][circle][adaptive_k][k=adaptive][s=1] INFO   Win  4  k=1  [4.5→6.0 s]  interior_MAE=1.785°C  → k_next=2
2026-05-27 23:19:18 [pinn_trainer][circle][ak_k2][k=-][s=-] INFO Training start: t=[6.0,9.0]s  epochs_adam=1000  epochs_lbfgs=300  params=111439
2026-05-27 23:19:21 [pinn_trainer][circle][ak_k2][k=-][s=-] INFO Adam     1/1000  loss=7.9875e+05  pde=7.9864e+05  bc=2.2307e+01  ic=0.0000e+00  fc=0.0000e+00
2026-05-27 23:19:47 [pinn_trainer][circle][ak_k2][k=-][s=-] INFO Adam   500/1000  loss=1.2396e+00  pde=1.2385e+00  bc=2.1635e-04  ic=0.0000e+00  fc=0.0000e+00
2026-05-27 23:20:13 [pinn_trainer][circle][ak_k2][k=-][s=-] INFO Adam  1000/1000  loss=1.1252e-02  pde=1.0743e-02  bc=1.0195e-04  ic=0.0000e+00  fc=0.0000e+00
2026-05-27 23:20:18 [pinn_trainer][circle][ak_k2][k=-][s=-] INFO L-BFGS  300/300  loss=2.0281e-02
2026-05-27 23:20:18 [pinn_trainer][circle][ak_k2][k=-][s=-] INFO Training done in 59.8 s
2026-05-27 23:20:18 [adaptive_k][circle][adaptive_k][k=adaptive][s=1] INFO   Win  5  k=2  [6.0→9.0 s]  interior_MAE=1.458°C  → k_next=3
2026-05-27 23:20:18 [pinn_trainer][circle][ak_k3][k=-][s=-] INFO Training start: t=[9.0,13.5]s  epochs_adam=1000  epochs_lbfgs=300  params=111439
2026-05-27 23:20:20 [pinn_trainer][circle][ak_k3][k=-][s=-] INFO Adam     1/1000  loss=9.4113e+05  pde=9.4104e+05  bc=1.8788e+01  ic=0.0000e+00  fc=0.0000e+00
2026-05-27 23:20:46 [pinn_trainer][circle][ak_k3][k=-][s=-] INFO Adam   500/1000  loss=4.2449e-01  pde=4.2446e-01  bc=4.8235e-06  ic=0.0000e+00  fc=0.0000e+00
2026-05-27 23:21:16 [pinn_trainer][circle][ak_k3][k=-][s=-] INFO Adam  1000/1000  loss=1.0758e-01  pde=1.0753e-01  bc=1.0735e-05  ic=0.0000e+00  fc=0.0000e+00
2026-05-27 23:21:23 [pinn_trainer][circle][ak_k3][k=-][s=-] INFO L-BFGS  300/300  loss=9.1627e-02
2026-05-27 23:21:23 [pinn_trainer][circle][ak_k3][k=-][s=-] INFO Training done in 65.0 s
2026-05-27 23:21:23 [adaptive_k][circle][adaptive_k][k=adaptive][s=1] INFO   Win  6  k=3  [9.0→13.5 s]  interior_MAE=0.267°C  → k_next=4
2026-05-27 23:21:23 [pinn_trainer][circle][ak_k4][k=-][s=-] INFO Training start: t=[13.5,19.5]s  epochs_adam=1000  epochs_lbfgs=300  params=111439
2026-05-27 23:21:26 [pinn_trainer][circle][ak_k4][k=-][s=-] INFO Adam     1/1000  loss=8.7150e+05  pde=8.7139e+05  bc=2.1906e+01  ic=0.0000e+00  fc=0.0000e+00
2026-05-27 23:21:51 [pinn_trainer][circle][ak_k4][k=-][s=-] INFO Adam   500/1000  loss=6.6889e-02  pde=6.6780e-02  bc=2.1858e-05  ic=0.0000e+00  fc=0.0000e+00
2026-05-27 23:22:17 [pinn_trainer][circle][ak_k4][k=-][s=-] INFO Adam  1000/1000  loss=2.1221e-02  pde=2.1214e-02  bc=1.2708e-06  ic=0.0000e+00  fc=0.0000e+00
2026-05-27 23:22:24 [pinn_trainer][circle][ak_k4][k=-][s=-] INFO L-BFGS  300/300  loss=3.0276e-02
2026-05-27 23:22:24 [pinn_trainer][circle][ak_k4][k=-][s=-] INFO Training done in 61.2 s
2026-05-27 23:22:24 [adaptive_k][circle][adaptive_k][k=adaptive][s=1] INFO   Win  7  k=4  [13.5→19.5 s]  interior_MAE=0.004°C  → k_next=5
2026-05-27 23:22:24 [pinn_trainer][circle][ak_k5][k=-][s=-] INFO Training start: t=[19.5,27.0]s  epochs_adam=1000  epochs_lbfgs=300  params=111439
2026-05-27 23:22:28 [pinn_trainer][circle][ak_k5][k=-][s=-] INFO Adam     1/1000  loss=5.8276e+05  pde=5.8268e+05  bc=1.7303e+01  ic=0.0000e+00  fc=0.0000e+00
2026-05-27 23:22:54 [pinn_trainer][circle][ak_k5][k=-][s=-] INFO Adam   500/1000  loss=7.5740e-02  pde=7.5710e-02  bc=5.9240e-06  ic=0.0000e+00  fc=0.0000e+00
2026-05-27 23:23:20 [pinn_trainer][circle][ak_k5][k=-][s=-] INFO Adam  1000/1000  loss=3.2754e-03  pde=3.2734e-03  bc=4.1026e-07  ic=0.0000e+00  fc=0.0000e+00
2026-05-27 23:23:25 [pinn_trainer][circle][ak_k5][k=-][s=-] INFO L-BFGS  300/300  loss=5.8207e-03
2026-05-27 23:23:25 [pinn_trainer][circle][ak_k5][k=-][s=-] INFO Training done in 61.1 s
2026-05-27 23:23:26 [adaptive_k][circle][adaptive_k][k=adaptive][s=1] INFO   Win  8  k=5  [19.5→27.0 s]  interior_MAE=0.006°C  → k_next=5
2026-05-27 23:23:26 [pinn_trainer][circle][ak_k5][k=-][s=-] INFO Training start: t=[27.0,30.0]s  epochs_adam=1000  epochs_lbfgs=300  params=111439
2026-05-27 23:23:28 [pinn_trainer][circle][ak_k5][k=-][s=-] INFO Adam     1/1000  loss=2.0413e+06  pde=2.0412e+06  bc=2.6300e+01  ic=0.0000e+00  fc=0.0000e+00
2026-05-27 23:23:54 [pinn_trainer][circle][ak_k5][k=-][s=-] INFO Adam   500/1000  loss=7.4160e-02  pde=7.4098e-02  bc=1.2402e-05  ic=0.0000e+00  fc=0.0000e+00
2026-05-27 23:24:19 [pinn_trainer][circle][ak_k5][k=-][s=-] INFO Adam  1000/1000  loss=7.7712e-05  pde=7.7621e-05  bc=1.8228e-08  ic=0.0000e+00  fc=0.0000e+00
2026-05-27 23:24:27 [pinn_trainer][circle][ak_k5][k=-][s=-] INFO L-BFGS  300/300  loss=8.6960e-05
2026-05-27 23:24:27 [pinn_trainer][circle][ak_k5][k=-][s=-] INFO Training done in 61.6 s
2026-05-27 23:24:27 [adaptive_k][circle][adaptive_k][k=adaptive][s=1] INFO   Win  9  k=5  [27.0→30.0 s]  interior_MAE=0.002°C  → k_next=5
2026-05-27 23:24:27 [adaptive_k][circle][adaptive_k][k=adaptive][s=1] INFO AdaptiveK done | wins=9 | FEM_solves=9/60 | FEM_saving=85% | MAE=1.409°C | L2=0.0163 | t=556 s
2026-05-27 23:24:27 [adaptive_k][circle][adaptive_k][k=adaptive][s=1] INFO k schedule: t=0.0s:k=1 → t=1.5s:k=1 → t=3.0s:k=1 → t=4.5s:k=1 → t=6.0s:k=2 → t=9.0s:k=3 → t=13.5s:k=4 → t=19.5s:k=5 → t=27.0s:k=5
2026-05-27 23:24:28 [adaptive_k][circle][adaptive_k][k=adaptive][s=1] INFO Saved → /home/coder/NAS-PINNS1/thermal_pinn/quenching_mswp/results/adaptive_k/circle/seed1_adaptive
2026-05-27 23:24:29 [stage_adaptive_k][all][adaptive_k][k=-][s=-] INFO RESULT geo=circle   seed=1 | MAE=1.409°C | L2=0.0163 | FEM_solves=9/60 | FEM_saving=85%
2026-05-27 23:24:29 [stage_adaptive_k][all][adaptive_k][k=-][s=-] INFO AdaptiveK | geo=circle seed=2 arch=[151, 151, 151, 151, 151] thr_up=2.0 thr_dn=5.0
2026-05-27 23:24:29 [adaptive_k][circle][adaptive_k][k=adaptive][s=2] INFO AdaptiveK | arch=[151, 151, 151, 151, 151] | k=[1..5] | thr_up=2.0°C thr_dn=5.0°C | fourier=True
2026-05-27 23:24:29 [pinn_trainer][circle][ak_k1][k=-][s=-] INFO Training start: t=[0.0,1.5]s  epochs_adam=1000  epochs_lbfgs=300  params=111439
2026-05-27 23:24:32 [pinn_trainer][circle][ak_k1][k=-][s=-] INFO Adam     1/1000  loss=9.5893e+05  pde=9.5881e+05  bc=2.3421e+01  ic=0.0000e+00  fc=0.0000e+00
2026-05-27 23:24:59 [pinn_trainer][circle][ak_k1][k=-][s=-] INFO Adam   500/1000  loss=2.6177e+01  pde=2.3638e+01  bc=5.0771e-01  ic=0.0000e+00  fc=0.0000e+00
2026-05-27 23:25:25 [pinn_trainer][circle][ak_k1][k=-][s=-] INFO Adam  1000/1000  loss=1.1269e+01  pde=9.0572e+00  bc=4.4242e-01  ic=0.0000e+00  fc=0.0000e+00
2026-05-27 23:25:31 [pinn_trainer][circle][ak_k1][k=-][s=-] INFO L-BFGS  300/300  loss=1.1259e+01
2026-05-27 23:25:31 [pinn_trainer][circle][ak_k1][k=-][s=-] INFO Training done in 62.0 s
2026-05-27 23:25:31 [adaptive_k][circle][adaptive_k][k=adaptive][s=2] INFO   Win  1  k=1  [0.0→1.5 s]  interior_MAE=24.299°C  → k_next=1
2026-05-27 23:25:31 [pinn_trainer][circle][ak_k1][k=-][s=-] INFO Training start: t=[1.5,3.0]s  epochs_adam=1000  epochs_lbfgs=300  params=111439
2026-05-27 23:25:34 [pinn_trainer][circle][ak_k1][k=-][s=-] INFO Adam     1/1000  loss=8.4319e+05  pde=8.4307e+05  bc=2.3888e+01  ic=0.0000e+00  fc=0.0000e+00
2026-05-27 23:26:00 [pinn_trainer][circle][ak_k1][k=-][s=-] INFO Adam   500/1000  loss=8.6726e+00  pde=8.3628e+00  bc=6.1970e-02  ic=0.0000e+00  fc=0.0000e+00
2026-05-27 23:26:26 [pinn_trainer][circle][ak_k1][k=-][s=-] INFO Adam  1000/1000  loss=2.3414e+00  pde=2.0486e+00  bc=5.8559e-02  ic=0.0000e+00  fc=0.0000e+00
2026-05-27 23:26:32 [pinn_trainer][circle][ak_k1][k=-][s=-] INFO L-BFGS  300/300  loss=2.3243e+00
2026-05-27 23:26:32 [pinn_trainer][circle][ak_k1][k=-][s=-] INFO Training done in 60.8 s
2026-05-27 23:26:32 [adaptive_k][circle][adaptive_k][k=adaptive][s=2] INFO   Win  2  k=1  [1.5→3.0 s]  interior_MAE=12.342°C  → k_next=1
2026-05-27 23:26:32 [pinn_trainer][circle][ak_k1][k=-][s=-] INFO Training start: t=[3.0,4.5]s  epochs_adam=1000  epochs_lbfgs=300  params=111439
2026-05-27 23:26:35 [pinn_trainer][circle][ak_k1][k=-][s=-] INFO Adam     1/1000  loss=7.1632e+05  pde=7.1621e+05  bc=2.1287e+01  ic=0.0000e+00  fc=0.0000e+00
2026-05-27 23:27:01 [pinn_trainer][circle][ak_k1][k=-][s=-] INFO Adam   500/1000  loss=1.5554e+00  pde=1.5154e+00  bc=8.0139e-03  ic=0.0000e+00  fc=0.0000e+00
2026-05-27 23:27:27 [pinn_trainer][circle][ak_k1][k=-][s=-] INFO Adam  1000/1000  loss=2.0982e+00  pde=2.0574e+00  bc=8.1556e-03  ic=0.0000e+00  fc=0.0000e+00
2026-05-27 23:27:33 [pinn_trainer][circle][ak_k1][k=-][s=-] INFO L-BFGS  300/300  loss=2.1167e+00
2026-05-27 23:27:33 [pinn_trainer][circle][ak_k1][k=-][s=-] INFO Training done in 60.6 s
2026-05-27 23:27:33 [adaptive_k][circle][adaptive_k][k=adaptive][s=2] INFO   Win  3  k=1  [3.0→4.5 s]  interior_MAE=4.971°C  → k_next=1
2026-05-27 23:27:33 [pinn_trainer][circle][ak_k1][k=-][s=-] INFO Training start: t=[4.5,6.0]s  epochs_adam=1000  epochs_lbfgs=300  params=111439
2026-05-27 23:27:35 [pinn_trainer][circle][ak_k1][k=-][s=-] INFO Adam     1/1000  loss=1.4034e+06  pde=1.4032e+06  bc=2.9193e+01  ic=0.0000e+00  fc=0.0000e+00
2026-05-27 23:28:02 [pinn_trainer][circle][ak_k1][k=-][s=-] INFO Adam   500/1000  loss=1.4675e-01  pde=1.4142e-01  bc=1.0653e-03  ic=0.0000e+00  fc=0.0000e+00
2026-05-27 23:28:29 [pinn_trainer][circle][ak_k1][k=-][s=-] INFO Adam  1000/1000  loss=8.4363e-02  pde=7.9285e-02  bc=1.0157e-03  ic=0.0000e+00  fc=0.0000e+00
2026-05-27 23:28:35 [pinn_trainer][circle][ak_k1][k=-][s=-] INFO L-BFGS  300/300  loss=6.3432e-02
2026-05-27 23:28:35 [pinn_trainer][circle][ak_k1][k=-][s=-] INFO Training done in 62.3 s
2026-05-27 23:28:35 [adaptive_k][circle][adaptive_k][k=adaptive][s=2] INFO   Win  4  k=1  [4.5→6.0 s]  interior_MAE=1.835°C  → k_next=2
2026-05-27 23:28:35 [pinn_trainer][circle][ak_k2][k=-][s=-] INFO Training start: t=[6.0,9.0]s  epochs_adam=1000  epochs_lbfgs=300  params=111439
2026-05-27 23:28:38 [pinn_trainer][circle][ak_k2][k=-][s=-] INFO Adam     1/1000  loss=1.0334e+06  pde=1.0333e+06  bc=2.9402e+01  ic=0.0000e+00  fc=0.0000e+00
2026-05-27 23:29:06 [pinn_trainer][circle][ak_k2][k=-][s=-] INFO Adam   500/1000  loss=2.8768e-01  pde=2.8700e-01  bc=1.3475e-04  ic=0.0000e+00  fc=0.0000e+00
2026-05-27 23:29:32 [pinn_trainer][circle][ak_k2][k=-][s=-] INFO Adam  1000/1000  loss=6.6343e-02  pde=6.5841e-02  bc=1.0038e-04  ic=0.0000e+00  fc=0.0000e+00
2026-05-27 23:29:38 [pinn_trainer][circle][ak_k2][k=-][s=-] INFO L-BFGS  300/300  loss=1.2346e-02
2026-05-27 23:29:38 [pinn_trainer][circle][ak_k2][k=-][s=-] INFO Training done in 62.9 s
2026-05-27 23:29:38 [adaptive_k][circle][adaptive_k][k=adaptive][s=2] INFO   Win  5  k=2  [6.0→9.0 s]  interior_MAE=1.409°C  → k_next=3
2026-05-27 23:29:38 [pinn_trainer][circle][ak_k3][k=-][s=-] INFO Training start: t=[9.0,13.5]s  epochs_adam=1000  epochs_lbfgs=300  params=111439
2026-05-27 23:29:41 [pinn_trainer][circle][ak_k3][k=-][s=-] INFO Adam     1/1000  loss=5.6878e+05  pde=5.6869e+05  bc=1.8264e+01  ic=0.0000e+00  fc=0.0000e+00
2026-05-27 23:30:07 [pinn_trainer][circle][ak_k3][k=-][s=-] INFO Adam   500/1000  loss=2.5845e-02  pde=2.5830e-02  bc=3.1292e-06  ic=0.0000e+00  fc=0.0000e+00
2026-05-27 23:30:34 [pinn_trainer][circle][ak_k3][k=-][s=-] INFO Adam  1000/1000  loss=4.6398e-01  pde=4.6369e-01  bc=5.9709e-05  ic=0.0000e+00  fc=0.0000e+00
2026-05-27 23:30:39 [pinn_trainer][circle][ak_k3][k=-][s=-] INFO L-BFGS  300/300  loss=4.6674e-01
2026-05-27 23:30:39 [pinn_trainer][circle][ak_k3][k=-][s=-] INFO Training done in 61.5 s
2026-05-27 23:30:40 [adaptive_k][circle][adaptive_k][k=adaptive][s=2] INFO   Win  6  k=3  [9.0→13.5 s]  interior_MAE=0.433°C  → k_next=4
2026-05-27 23:30:40 [pinn_trainer][circle][ak_k4][k=-][s=-] INFO Training start: t=[13.5,19.5]s  epochs_adam=1000  epochs_lbfgs=300  params=111439
2026-05-27 23:30:43 [pinn_trainer][circle][ak_k4][k=-][s=-] INFO Adam     1/1000  loss=5.3797e+06  pde=5.3795e+06  bc=3.1848e+01  ic=0.0000e+00  fc=0.0000e+00
2026-05-27 23:31:10 [pinn_trainer][circle][ak_k4][k=-][s=-] INFO Adam   500/1000  loss=6.3585e+00  pde=6.3560e+00  bc=4.9531e-04  ic=0.0000e+00  fc=0.0000e+00
2026-05-27 23:31:37 [pinn_trainer][circle][ak_k4][k=-][s=-] INFO Adam  1000/1000  loss=2.2265e-04  pde=2.2255e-04  bc=1.8613e-08  ic=0.0000e+00  fc=0.0000e+00
2026-05-27 23:31:43 [pinn_trainer][circle][ak_k4][k=-][s=-] INFO L-BFGS  300/300  loss=3.0531e-03
2026-05-27 23:31:43 [pinn_trainer][circle][ak_k4][k=-][s=-] INFO Training done in 63.3 s
2026-05-27 23:31:43 [adaptive_k][circle][adaptive_k][k=adaptive][s=2] INFO   Win  7  k=4  [13.5→19.5 s]  interior_MAE=0.005°C  → k_next=5
2026-05-27 23:31:43 [pinn_trainer][circle][ak_k5][k=-][s=-] INFO Training start: t=[19.5,27.0]s  epochs_adam=1000  epochs_lbfgs=300  params=111439
2026-05-27 23:31:46 [pinn_trainer][circle][ak_k5][k=-][s=-] INFO Adam     1/1000  loss=2.1822e+06  pde=2.1820e+06  bc=3.8241e+01  ic=0.0000e+00  fc=0.0000e+00
2026-05-27 23:32:13 [pinn_trainer][circle][ak_k5][k=-][s=-] INFO Adam   500/1000  loss=2.1976e-01  pde=2.1974e-01  bc=5.6607e-06  ic=0.0000e+00  fc=0.0000e+00
2026-05-27 23:32:39 [pinn_trainer][circle][ak_k5][k=-][s=-] INFO Adam  1000/1000  loss=1.1161e-01  pde=1.1156e-01  bc=1.0982e-05  ic=0.0000e+00  fc=0.0000e+00
2026-05-27 23:32:46 [pinn_trainer][circle][ak_k5][k=-][s=-] INFO L-BFGS  300/300  loss=1.0417e-01
2026-05-27 23:32:46 [pinn_trainer][circle][ak_k5][k=-][s=-] INFO Training done in 62.7 s
2026-05-27 23:32:46 [adaptive_k][circle][adaptive_k][k=adaptive][s=2] INFO   Win  8  k=5  [19.5→27.0 s]  interior_MAE=0.004°C  → k_next=5
2026-05-27 23:32:46 [pinn_trainer][circle][ak_k5][k=-][s=-] INFO Training start: t=[27.0,30.0]s  epochs_adam=1000  epochs_lbfgs=300  params=111439
2026-05-27 23:32:49 [pinn_trainer][circle][ak_k5][k=-][s=-] INFO Adam     1/1000  loss=8.0280e+05  pde=8.0269e+05  bc=2.2765e+01  ic=0.0000e+00  fc=0.0000e+00
2026-05-27 23:33:15 [pinn_trainer][circle][ak_k5][k=-][s=-] INFO Adam   500/1000  loss=3.1193e-01  pde=3.1180e-01  bc=2.6916e-05  ic=0.0000e+00  fc=0.0000e+00
2026-05-27 23:33:42 [pinn_trainer][circle][ak_k5][k=-][s=-] INFO Adam  1000/1000  loss=1.6923e-04  pde=1.6923e-04  bc=2.2919e-10  ic=0.0000e+00  fc=0.0000e+00
2026-05-27 23:33:49 [pinn_trainer][circle][ak_k5][k=-][s=-] INFO L-BFGS  300/300  loss=1.4079e-04
2026-05-27 23:33:49 [pinn_trainer][circle][ak_k5][k=-][s=-] INFO Training done in 63.5 s
2026-05-27 23:33:49 [adaptive_k][circle][adaptive_k][k=adaptive][s=2] INFO   Win  9  k=5  [27.0→30.0 s]  interior_MAE=0.001°C  → k_next=5
2026-05-27 23:33:49 [adaptive_k][circle][adaptive_k][k=adaptive][s=2] INFO AdaptiveK done | wins=9 | FEM_solves=9/60 | FEM_saving=85% | MAE=1.625°C | L2=0.0179 | t=560 s
2026-05-27 23:33:49 [adaptive_k][circle][adaptive_k][k=adaptive][s=2] INFO k schedule: t=0.0s:k=1 → t=1.5s:k=1 → t=3.0s:k=1 → t=4.5s:k=1 → t=6.0s:k=2 → t=9.0s:k=3 → t=13.5s:k=4 → t=19.5s:k=5 → t=27.0s:k=5
2026-05-27 23:33:50 [adaptive_k][circle][adaptive_k][k=adaptive][s=2] INFO Saved → /home/coder/NAS-PINNS1/thermal_pinn/quenching_mswp/results/adaptive_k/circle/seed2_adaptive
2026-05-27 23:33:51 [stage_adaptive_k][all][adaptive_k][k=-][s=-] INFO RESULT geo=circle   seed=2 | MAE=1.625°C | L2=0.0179 | FEM_solves=9/60 | FEM_saving=85%
2026-05-27 23:33:51 [stage_adaptive_k][all][adaptive_k][k=-][s=-] INFO AdaptiveK | geo=circle seed=3 arch=[151, 151, 151, 151, 151] thr_up=2.0 thr_dn=5.0
2026-05-27 23:33:51 [adaptive_k][circle][adaptive_k][k=adaptive][s=3] INFO AdaptiveK | arch=[151, 151, 151, 151, 151] | k=[1..5] | thr_up=2.0°C thr_dn=5.0°C | fourier=True
2026-05-27 23:33:52 [pinn_trainer][circle][ak_k1][k=-][s=-] INFO Training start: t=[0.0,1.5]s  epochs_adam=1000  epochs_lbfgs=300  params=111439
2026-05-27 23:33:54 [pinn_trainer][circle][ak_k1][k=-][s=-] INFO Adam     1/1000  loss=9.8041e+05  pde=9.8026e+05  bc=2.9439e+01  ic=0.0000e+00  fc=0.0000e+00
2026-05-27 23:34:20 [pinn_trainer][circle][ak_k1][k=-][s=-] INFO Adam   500/1000  loss=2.6292e+01  pde=2.3798e+01  bc=4.9882e-01  ic=0.0000e+00  fc=0.0000e+00
2026-05-27 23:34:47 [pinn_trainer][circle][ak_k1][k=-][s=-] INFO Adam  1000/1000  loss=1.1880e+01  pde=9.7633e+00  bc=4.2339e-01  ic=0.0000e+00  fc=0.0000e+00
2026-05-27 23:34:52 [pinn_trainer][circle][ak_k1][k=-][s=-] INFO L-BFGS  300/300  loss=1.2232e+01
2026-05-27 23:34:52 [pinn_trainer][circle][ak_k1][k=-][s=-] INFO Training done in 60.1 s
2026-05-27 23:34:52 [adaptive_k][circle][adaptive_k][k=adaptive][s=3] INFO   Win  1  k=1  [0.0→1.5 s]  interior_MAE=25.286°C  → k_next=1
2026-05-27 23:34:52 [pinn_trainer][circle][ak_k1][k=-][s=-] INFO Training start: t=[1.5,3.0]s  epochs_adam=1000  epochs_lbfgs=300  params=111439
2026-05-27 23:34:54 [pinn_trainer][circle][ak_k1][k=-][s=-] INFO Adam     1/1000  loss=2.3185e+06  pde=2.3182e+06  bc=5.3216e+01  ic=0.0000e+00  fc=0.0000e+00
2026-05-27 23:35:21 [pinn_trainer][circle][ak_k1][k=-][s=-] INFO Adam   500/1000  loss=1.6520e+01  pde=1.6200e+01  bc=6.3998e-02  ic=0.0000e+00  fc=0.0000e+00
2026-05-27 23:35:47 [pinn_trainer][circle][ak_k1][k=-][s=-] INFO Adam  1000/1000  loss=2.6105e+00  pde=2.3261e+00  bc=5.6880e-02  ic=0.0000e+00  fc=0.0000e+00
2026-05-27 23:35:56 [pinn_trainer][circle][ak_k1][k=-][s=-] INFO L-BFGS  300/300  loss=2.6905e+00
2026-05-27 23:35:56 [pinn_trainer][circle][ak_k1][k=-][s=-] INFO Training done in 64.0 s
2026-05-27 23:35:56 [adaptive_k][circle][adaptive_k][k=adaptive][s=3] INFO   Win  2  k=1  [1.5→3.0 s]  interior_MAE=11.666°C  → k_next=1
2026-05-27 23:35:56 [pinn_trainer][circle][ak_k1][k=-][s=-] INFO Training start: t=[3.0,4.5]s  epochs_adam=1000  epochs_lbfgs=300  params=111439
2026-05-27 23:35:59 [pinn_trainer][circle][ak_k1][k=-][s=-] INFO Adam     1/1000  loss=9.2642e+05  pde=9.2635e+05  bc=1.4209e+01  ic=0.0000e+00  fc=0.0000e+00
2026-05-27 23:36:26 [pinn_trainer][circle][ak_k1][k=-][s=-] INFO Adam   500/1000  loss=5.2798e-01  pde=4.8722e-01  bc=8.1533e-03  ic=0.0000e+00  fc=0.0000e+00
2026-05-27 23:36:53 [pinn_trainer][circle][ak_k1][k=-][s=-] INFO Adam  1000/1000  loss=2.6938e-01  pde=2.3115e-01  bc=7.6462e-03  ic=0.0000e+00  fc=0.0000e+00
2026-05-27 23:36:57 [pinn_trainer][circle][ak_k1][k=-][s=-] INFO L-BFGS  300/300  loss=2.5957e-01
2026-05-27 23:36:57 [pinn_trainer][circle][ak_k1][k=-][s=-] INFO Training done in 61.7 s
2026-05-27 23:36:57 [adaptive_k][circle][adaptive_k][k=adaptive][s=3] INFO   Win  3  k=1  [3.0→4.5 s]  interior_MAE=4.282°C  → k_next=1
2026-05-27 23:36:57 [pinn_trainer][circle][ak_k1][k=-][s=-] INFO Training start: t=[4.5,6.0]s  epochs_adam=1000  epochs_lbfgs=300  params=111439
2026-05-27 23:37:00 [pinn_trainer][circle][ak_k1][k=-][s=-] INFO Adam     1/1000  loss=8.2656e+05  pde=8.2645e+05  bc=2.2867e+01  ic=0.0000e+00  fc=0.0000e+00
2026-05-27 23:37:26 [pinn_trainer][circle][ak_k1][k=-][s=-] INFO Adam   500/1000  loss=1.1873e-01  pde=1.1340e-01  bc=1.0654e-03  ic=0.0000e+00  fc=0.0000e+00
2026-05-27 23:37:52 [pinn_trainer][circle][ak_k1][k=-][s=-] INFO Adam  1000/1000  loss=1.2126e-01  pde=1.1618e-01  bc=1.0143e-03  ic=0.0000e+00  fc=0.0000e+00
2026-05-27 23:37:58 [pinn_trainer][circle][ak_k1][k=-][s=-] INFO L-BFGS  300/300  loss=1.1469e-01
2026-05-27 23:37:58 [pinn_trainer][circle][ak_k1][k=-][s=-] INFO Training done in 60.9 s
2026-05-27 23:37:58 [adaptive_k][circle][adaptive_k][k=adaptive][s=3] INFO   Win  4  k=1  [4.5→6.0 s]  interior_MAE=1.845°C  → k_next=2
2026-05-27 23:37:58 [pinn_trainer][circle][ak_k2][k=-][s=-] INFO Training start: t=[6.0,9.0]s  epochs_adam=1000  epochs_lbfgs=300  params=111439
2026-05-27 23:38:01 [pinn_trainer][circle][ak_k2][k=-][s=-] INFO Adam     1/1000  loss=1.0188e+06  pde=1.0187e+06  bc=2.5101e+01  ic=0.0000e+00  fc=0.0000e+00
2026-05-27 23:38:27 [pinn_trainer][circle][ak_k2][k=-][s=-] INFO Adam   500/1000  loss=4.5107e-01  pde=4.5040e-01  bc=1.3448e-04  ic=0.0000e+00  fc=0.0000e+00
2026-05-27 23:38:53 [pinn_trainer][circle][ak_k2][k=-][s=-] INFO Adam  1000/1000  loss=3.8680e-02  pde=3.8171e-02  bc=1.0172e-04  ic=0.0000e+00  fc=0.0000e+00
2026-05-27 23:38:59 [pinn_trainer][circle][ak_k2][k=-][s=-] INFO L-BFGS  300/300  loss=7.1853e-02
2026-05-27 23:38:59 [pinn_trainer][circle][ak_k2][k=-][s=-] INFO Training done in 60.9 s
2026-05-27 23:38:59 [adaptive_k][circle][adaptive_k][k=adaptive][s=3] INFO   Win  5  k=2  [6.0→9.0 s]  interior_MAE=1.462°C  → k_next=3
2026-05-27 23:38:59 [pinn_trainer][circle][ak_k3][k=-][s=-] INFO Training start: t=[9.0,13.5]s  epochs_adam=1000  epochs_lbfgs=300  params=111439
2026-05-27 23:39:02 [pinn_trainer][circle][ak_k3][k=-][s=-] INFO Adam     1/1000  loss=1.8899e+06  pde=1.8898e+06  bc=3.0513e+01  ic=0.0000e+00  fc=0.0000e+00
2026-05-27 23:39:28 [pinn_trainer][circle][ak_k3][k=-][s=-] INFO Adam   500/1000  loss=1.4287e-01  pde=1.4284e-01  bc=6.5310e-06  ic=0.0000e+00  fc=0.0000e+00
2026-05-27 23:39:54 [pinn_trainer][circle][ak_k3][k=-][s=-] INFO Adam  1000/1000  loss=5.9694e-03  pde=5.9613e-03  bc=1.6382e-06  ic=0.0000e+00  fc=0.0000e+00
2026-05-27 23:39:59 [pinn_trainer][circle][ak_k3][k=-][s=-] INFO L-BFGS  300/300  loss=3.0905e-03
2026-05-27 23:39:59 [pinn_trainer][circle][ak_k3][k=-][s=-] INFO Training done in 59.8 s
2026-05-27 23:39:59 [adaptive_k][circle][adaptive_k][k=adaptive][s=3] INFO   Win  6  k=3  [9.0→13.5 s]  interior_MAE=0.311°C  → k_next=4
2026-05-27 23:39:59 [pinn_trainer][circle][ak_k4][k=-][s=-] INFO Training start: t=[13.5,19.5]s  epochs_adam=1000  epochs_lbfgs=300  params=111439
2026-05-27 23:40:02 [pinn_trainer][circle][ak_k4][k=-][s=-] INFO Adam     1/1000  loss=1.6003e+06  pde=1.6002e+06  bc=2.1125e+01  ic=0.0000e+00  fc=0.0000e+00
2026-05-27 23:40:29 [pinn_trainer][circle][ak_k4][k=-][s=-] INFO Adam   500/1000  loss=3.4647e-02  pde=3.4627e-02  bc=3.8681e-06  ic=0.0000e+00  fc=0.0000e+00
2026-05-27 23:40:55 [pinn_trainer][circle][ak_k4][k=-][s=-] INFO Adam  1000/1000  loss=1.0080e-03  pde=1.0080e-03  bc=3.5317e-09  ic=0.0000e+00  fc=0.0000e+00
2026-05-27 23:41:00 [pinn_trainer][circle][ak_k4][k=-][s=-] INFO L-BFGS  300/300  loss=1.8928e-03
2026-05-27 23:41:00 [pinn_trainer][circle][ak_k4][k=-][s=-] INFO Training done in 61.1 s
2026-05-27 23:41:01 [adaptive_k][circle][adaptive_k][k=adaptive][s=3] INFO   Win  7  k=4  [13.5→19.5 s]  interior_MAE=0.036°C  → k_next=5
2026-05-27 23:41:01 [pinn_trainer][circle][ak_k5][k=-][s=-] INFO Training start: t=[19.5,27.0]s  epochs_adam=1000  epochs_lbfgs=300  params=111439
2026-05-27 23:41:03 [pinn_trainer][circle][ak_k5][k=-][s=-] INFO Adam     1/1000  loss=9.5582e+05  pde=9.5569e+05  bc=2.7003e+01  ic=0.0000e+00  fc=0.0000e+00
2026-05-27 23:41:29 [pinn_trainer][circle][ak_k5][k=-][s=-] INFO Adam   500/1000  loss=6.2144e-03  pde=6.2119e-03  bc=4.9521e-07  ic=0.0000e+00  fc=0.0000e+00
2026-05-27 23:41:56 [pinn_trainer][circle][ak_k5][k=-][s=-] INFO Adam  1000/1000  loss=5.9332e-04  pde=5.9329e-04  bc=5.9793e-09  ic=0.0000e+00  fc=0.0000e+00
2026-05-27 23:42:03 [pinn_trainer][circle][ak_k5][k=-][s=-] INFO L-BFGS  300/300  loss=2.0144e-03
2026-05-27 23:42:03 [pinn_trainer][circle][ak_k5][k=-][s=-] INFO Training done in 62.1 s
2026-05-27 23:42:03 [adaptive_k][circle][adaptive_k][k=adaptive][s=3] INFO   Win  8  k=5  [19.5→27.0 s]  interior_MAE=0.004°C  → k_next=5
2026-05-27 23:42:03 [pinn_trainer][circle][ak_k5][k=-][s=-] INFO Training start: t=[27.0,30.0]s  epochs_adam=1000  epochs_lbfgs=300  params=111439
2026-05-27 23:42:06 [pinn_trainer][circle][ak_k5][k=-][s=-] INFO Adam     1/1000  loss=7.4281e+05  pde=7.4269e+05  bc=2.4679e+01  ic=0.0000e+00  fc=0.0000e+00
2026-05-27 23:42:35 [pinn_trainer][circle][ak_k5][k=-][s=-] INFO Adam   500/1000  loss=1.9700e-02  pde=1.9694e-02  bc=1.1062e-06  ic=0.0000e+00  fc=0.0000e+00
2026-05-27 23:43:02 [pinn_trainer][circle][ak_k5][k=-][s=-] INFO Adam  1000/1000  loss=3.2162e-01  pde=3.2157e-01  bc=9.8501e-06  ic=0.0000e+00  fc=0.0000e+00
2026-05-27 23:43:06 [pinn_trainer][circle][ak_k5][k=-][s=-] INFO L-BFGS  300/300  loss=1.0559e-01
2026-05-27 23:43:06 [pinn_trainer][circle][ak_k5][k=-][s=-] INFO Training done in 63.0 s
2026-05-27 23:43:06 [adaptive_k][circle][adaptive_k][k=adaptive][s=3] INFO   Win  9  k=5  [27.0→30.0 s]  interior_MAE=0.011°C  → k_next=5
2026-05-27 23:43:06 [adaptive_k][circle][adaptive_k][k=adaptive][s=3] INFO AdaptiveK done | wins=9 | FEM_solves=9/60 | FEM_saving=85% | MAE=1.608°C | L2=0.0172 | t=555 s
2026-05-27 23:43:06 [adaptive_k][circle][adaptive_k][k=adaptive][s=3] INFO k schedule: t=0.0s:k=1 → t=1.5s:k=1 → t=3.0s:k=1 → t=4.5s:k=1 → t=6.0s:k=2 → t=9.0s:k=3 → t=13.5s:k=4 → t=19.5s:k=5 → t=27.0s:k=5
2026-05-27 23:43:06 [adaptive_k][circle][adaptive_k][k=adaptive][s=3] INFO Saved → /home/coder/NAS-PINNS1/thermal_pinn/quenching_mswp/results/adaptive_k/circle/seed3_adaptive
2026-05-27 23:43:08 [stage_adaptive_k][all][adaptive_k][k=-][s=-] INFO RESULT geo=circle   seed=3 | MAE=1.608°C | L2=0.0172 | FEM_solves=9/60 | FEM_saving=85%
2026-05-27 23:43:08 [stage_adaptive_k][all][adaptive_k][k=-][s=-] INFO AdaptiveK | geo=circle seed=4 arch=[151, 151, 151, 151, 151] thr_up=2.0 thr_dn=5.0
2026-05-27 23:43:08 [adaptive_k][circle][adaptive_k][k=adaptive][s=4] INFO AdaptiveK | arch=[151, 151, 151, 151, 151] | k=[1..5] | thr_up=2.0°C thr_dn=5.0°C | fourier=True
2026-05-27 23:43:08 [pinn_trainer][circle][ak_k1][k=-][s=-] INFO Training start: t=[0.0,1.5]s  epochs_adam=1000  epochs_lbfgs=300  params=111439
2026-05-27 23:43:11 [pinn_trainer][circle][ak_k1][k=-][s=-] INFO Adam     1/1000  loss=1.3515e+06  pde=1.3513e+06  bc=4.1093e+01  ic=0.0000e+00  fc=0.0000e+00
2026-05-27 23:43:38 [pinn_trainer][circle][ak_k1][k=-][s=-] INFO Adam   500/1000  loss=2.7731e+01  pde=2.5204e+01  bc=5.0533e-01  ic=0.0000e+00  fc=0.0000e+00
2026-05-27 23:44:05 [pinn_trainer][circle][ak_k1][k=-][s=-] INFO Adam  1000/1000  loss=1.3689e+01  pde=1.1456e+01  bc=4.4660e-01  ic=0.0000e+00  fc=0.0000e+00
2026-05-27 23:44:11 [pinn_trainer][circle][ak_k1][k=-][s=-] INFO L-BFGS  300/300  loss=1.3558e+01
2026-05-27 23:44:11 [pinn_trainer][circle][ak_k1][k=-][s=-] INFO Training done in 63.5 s
2026-05-27 23:44:11 [adaptive_k][circle][adaptive_k][k=adaptive][s=4] INFO   Win  1  k=1  [0.0→1.5 s]  interior_MAE=24.399°C  → k_next=1
2026-05-27 23:44:11 [pinn_trainer][circle][ak_k1][k=-][s=-] INFO Training start: t=[1.5,3.0]s  epochs_adam=1000  epochs_lbfgs=300  params=111439
2026-05-27 23:44:14 [pinn_trainer][circle][ak_k1][k=-][s=-] INFO Adam     1/1000  loss=1.1836e+06  pde=1.1835e+06  bc=2.5845e+01  ic=0.0000e+00  fc=0.0000e+00
2026-05-27 23:44:41 [pinn_trainer][circle][ak_k1][k=-][s=-] INFO Adam   500/1000  loss=3.6673e+00  pde=3.3562e+00  bc=6.2229e-02  ic=0.0000e+00  fc=0.0000e+00
2026-05-27 23:45:08 [pinn_trainer][circle][ak_k1][k=-][s=-] INFO Adam  1000/1000  loss=3.0952e+00  pde=2.7954e+00  bc=5.9972e-02  ic=0.0000e+00  fc=0.0000e+00
2026-05-27 23:45:13 [pinn_trainer][circle][ak_k1][k=-][s=-] INFO L-BFGS  300/300  loss=3.0026e+00
2026-05-27 23:45:13 [pinn_trainer][circle][ak_k1][k=-][s=-] INFO Training done in 61.8 s
2026-05-27 23:45:13 [adaptive_k][circle][adaptive_k][k=adaptive][s=4] INFO   Win  2  k=1  [1.5→3.0 s]  interior_MAE=13.190°C  → k_next=1
2026-05-27 23:45:13 [pinn_trainer][circle][ak_k1][k=-][s=-] INFO Training start: t=[3.0,4.5]s  epochs_adam=1000  epochs_lbfgs=300  params=111439
2026-05-27 23:45:16 [pinn_trainer][circle][ak_k1][k=-][s=-] INFO Adam     1/1000  loss=7.9428e+05  pde=7.9418e+05  bc=2.0558e+01  ic=0.0000e+00  fc=0.0000e+00
2026-05-27 23:45:44 [pinn_trainer][circle][ak_k1][k=-][s=-] INFO Adam   500/1000  loss=1.0717e+00  pde=1.0311e+00  bc=8.1261e-03  ic=0.0000e+00  fc=0.0000e+00
2026-05-27 23:46:11 [pinn_trainer][circle][ak_k1][k=-][s=-] INFO Adam  1000/1000  loss=2.7351e+00  pde=2.6933e+00  bc=8.3585e-03  ic=0.0000e+00  fc=0.0000e+00
2026-05-27 23:46:17 [pinn_trainer][circle][ak_k1][k=-][s=-] INFO L-BFGS  300/300  loss=2.7223e+00
2026-05-27 23:46:17 [pinn_trainer][circle][ak_k1][k=-][s=-] INFO Training done in 64.1 s
2026-05-27 23:46:17 [adaptive_k][circle][adaptive_k][k=adaptive][s=4] INFO   Win  3  k=1  [3.0→4.5 s]  interior_MAE=4.426°C  → k_next=1
2026-05-27 23:46:17 [pinn_trainer][circle][ak_k1][k=-][s=-] INFO Training start: t=[4.5,6.0]s  epochs_adam=1000  epochs_lbfgs=300  params=111439
2026-05-27 23:46:20 [pinn_trainer][circle][ak_k1][k=-][s=-] INFO Adam     1/1000  loss=7.6341e+05  pde=7.6332e+05  bc=1.8443e+01  ic=0.0000e+00  fc=0.0000e+00
2026-05-27 23:46:47 [pinn_trainer][circle][ak_k1][k=-][s=-] INFO Adam   500/1000  loss=2.0486e-01  pde=1.9950e-01  bc=1.0732e-03  ic=0.0000e+00  fc=0.0000e+00
2026-05-27 23:47:13 [pinn_trainer][circle][ak_k1][k=-][s=-] INFO Adam  1000/1000  loss=6.1770e-02  pde=5.6636e-02  bc=1.0266e-03  ic=0.0000e+00  fc=0.0000e+00
2026-05-27 23:47:20 [pinn_trainer][circle][ak_k1][k=-][s=-] INFO L-BFGS  300/300  loss=6.0326e-02
2026-05-27 23:47:20 [pinn_trainer][circle][ak_k1][k=-][s=-] INFO Training done in 62.7 s
2026-05-27 23:47:20 [adaptive_k][circle][adaptive_k][k=adaptive][s=4] INFO   Win  4  k=1  [4.5→6.0 s]  interior_MAE=1.764°C  → k_next=2
2026-05-27 23:47:20 [pinn_trainer][circle][ak_k2][k=-][s=-] INFO Training start: t=[6.0,9.0]s  epochs_adam=1000  epochs_lbfgs=300  params=111439
2026-05-27 23:47:23 [pinn_trainer][circle][ak_k2][k=-][s=-] INFO Adam     1/1000  loss=6.7056e+05  pde=6.7048e+05  bc=1.6324e+01  ic=0.0000e+00  fc=0.0000e+00
2026-05-27 23:47:49 [pinn_trainer][circle][ak_k2][k=-][s=-] INFO Adam   500/1000  loss=1.0395e-01  pde=1.0337e-01  bc=1.1461e-04  ic=0.0000e+00  fc=0.0000e+00
2026-05-27 23:48:16 [pinn_trainer][circle][ak_k2][k=-][s=-] INFO Adam  1000/1000  loss=1.7766e-02  pde=1.7256e-02  bc=1.0192e-04  ic=0.0000e+00  fc=0.0000e+00
2026-05-27 23:48:21 [pinn_trainer][circle][ak_k2][k=-][s=-] INFO L-BFGS  300/300  loss=1.1619e-02
2026-05-27 23:48:21 [pinn_trainer][circle][ak_k2][k=-][s=-] INFO Training done in 61.2 s
2026-05-27 23:48:21 [adaptive_k][circle][adaptive_k][k=adaptive][s=4] INFO   Win  5  k=2  [6.0→9.0 s]  interior_MAE=1.450°C  → k_next=3
2026-05-27 23:48:21 [pinn_trainer][circle][ak_k3][k=-][s=-] INFO Training start: t=[9.0,13.5]s  epochs_adam=1000  epochs_lbfgs=300  params=111439
2026-05-27 23:48:24 [pinn_trainer][circle][ak_k3][k=-][s=-] INFO Adam     1/1000  loss=6.2021e+05  pde=6.2013e+05  bc=1.6251e+01  ic=0.0000e+00  fc=0.0000e+00
2026-05-27 23:48:51 [pinn_trainer][circle][ak_k3][k=-][s=-] INFO Adam   500/1000  loss=3.9607e+00  pde=3.9590e+00  bc=3.5719e-04  ic=0.0000e+00  fc=0.0000e+00
2026-05-27 23:49:17 [pinn_trainer][circle][ak_k3][k=-][s=-] INFO Adam  1000/1000  loss=4.2846e-01  pde=4.2817e-01  bc=5.8757e-05  ic=0.0000e+00  fc=0.0000e+00
2026-05-27 23:49:25 [pinn_trainer][circle][ak_k3][k=-][s=-] INFO L-BFGS  300/300  loss=4.6232e-01
2026-05-27 23:49:25 [pinn_trainer][circle][ak_k3][k=-][s=-] INFO Training done in 63.6 s
2026-05-27 23:49:25 [adaptive_k][circle][adaptive_k][k=adaptive][s=4] INFO   Win  6  k=3  [9.0→13.5 s]  interior_MAE=0.328°C  → k_next=4
2026-05-27 23:49:25 [pinn_trainer][circle][ak_k4][k=-][s=-] INFO Training start: t=[13.5,19.5]s  epochs_adam=1000  epochs_lbfgs=300  params=111439
2026-05-27 23:49:28 [pinn_trainer][circle][ak_k4][k=-][s=-] INFO Adam     1/1000  loss=8.1208e+05  pde=8.1197e+05  bc=2.1103e+01  ic=0.0000e+00  fc=0.0000e+00
2026-05-27 23:49:54 [pinn_trainer][circle][ak_k4][k=-][s=-] INFO Adam   500/1000  loss=1.0831e-01  pde=1.0831e-01  bc=1.1967e-06  ic=0.0000e+00  fc=0.0000e+00
2026-05-27 23:50:22 [pinn_trainer][circle][ak_k4][k=-][s=-] INFO Adam  1000/1000  loss=1.6697e-04  pde=1.6694e-04  bc=4.4173e-09  ic=0.0000e+00  fc=0.0000e+00
2026-05-27 23:50:28 [pinn_trainer][circle][ak_k4][k=-][s=-] INFO L-BFGS  300/300  loss=1.3728e-04
2026-05-27 23:50:28 [pinn_trainer][circle][ak_k4][k=-][s=-] INFO Training done in 63.4 s
2026-05-27 23:50:29 [adaptive_k][circle][adaptive_k][k=adaptive][s=4] INFO   Win  7  k=4  [13.5→19.5 s]  interior_MAE=0.018°C  → k_next=5
2026-05-27 23:50:29 [pinn_trainer][circle][ak_k5][k=-][s=-] INFO Training start: t=[19.5,27.0]s  epochs_adam=1000  epochs_lbfgs=300  params=111439
2026-05-27 23:50:31 [pinn_trainer][circle][ak_k5][k=-][s=-] INFO Adam     1/1000  loss=2.0838e+06  pde=2.0836e+06  bc=3.7255e+01  ic=0.0000e+00  fc=0.0000e+00
2026-05-27 23:50:58 [pinn_trainer][circle][ak_k5][k=-][s=-] INFO Adam   500/1000  loss=4.9560e-02  pde=4.9539e-02  bc=4.2270e-06  ic=0.0000e+00  fc=0.0000e+00
2026-05-27 23:51:25 [pinn_trainer][circle][ak_k5][k=-][s=-] INFO Adam  1000/1000  loss=8.2078e-04  pde=8.2061e-04  bc=3.4506e-08  ic=0.0000e+00  fc=0.0000e+00
2026-05-27 23:51:33 [pinn_trainer][circle][ak_k5][k=-][s=-] INFO L-BFGS  300/300  loss=2.0359e-03
2026-05-27 23:51:33 [pinn_trainer][circle][ak_k5][k=-][s=-] INFO Training done in 64.0 s
2026-05-27 23:51:33 [adaptive_k][circle][adaptive_k][k=adaptive][s=4] INFO   Win  8  k=5  [19.5→27.0 s]  interior_MAE=0.039°C  → k_next=5
2026-05-27 23:51:33 [pinn_trainer][circle][ak_k5][k=-][s=-] INFO Training start: t=[27.0,30.0]s  epochs_adam=1000  epochs_lbfgs=300  params=111439
2026-05-27 23:51:36 [pinn_trainer][circle][ak_k5][k=-][s=-] INFO Adam     1/1000  loss=9.7956e+05  pde=9.7945e+05  bc=2.2032e+01  ic=0.0000e+00  fc=0.0000e+00
2026-05-27 23:52:02 [pinn_trainer][circle][ak_k5][k=-][s=-] INFO Adam   500/1000  loss=3.4280e-02  pde=3.4265e-02  bc=2.9408e-06  ic=0.0000e+00  fc=0.0000e+00
2026-05-27 23:52:29 [pinn_trainer][circle][ak_k5][k=-][s=-] INFO Adam  1000/1000  loss=2.9769e-02  pde=2.9749e-02  bc=4.0040e-06  ic=0.0000e+00  fc=0.0000e+00
2026-05-27 23:52:42 [pinn_trainer][circle][ak_k5][k=-][s=-] INFO L-BFGS  300/300  loss=6.9193e-02
2026-05-27 23:52:42 [pinn_trainer][circle][ak_k5][k=-][s=-] INFO Training done in 68.9 s
2026-05-27 23:52:42 [adaptive_k][circle][adaptive_k][k=adaptive][s=4] INFO   Win  9  k=5  [27.0→30.0 s]  interior_MAE=0.000°C  → k_next=5
2026-05-27 23:52:42 [adaptive_k][circle][adaptive_k][k=adaptive][s=4] INFO AdaptiveK done | wins=9 | FEM_solves=9/60 | FEM_saving=85% | MAE=1.636°C | L2=0.0177 | t=574 s
2026-05-27 23:52:42 [adaptive_k][circle][adaptive_k][k=adaptive][s=4] INFO k schedule: t=0.0s:k=1 → t=1.5s:k=1 → t=3.0s:k=1 → t=4.5s:k=1 → t=6.0s:k=2 → t=9.0s:k=3 → t=13.5s:k=4 → t=19.5s:k=5 → t=27.0s:k=5
2026-05-27 23:52:42 [adaptive_k][circle][adaptive_k][k=adaptive][s=4] INFO Saved → /home/coder/NAS-PINNS1/thermal_pinn/quenching_mswp/results/adaptive_k/circle/seed4_adaptive
2026-05-27 23:52:44 [stage_adaptive_k][all][adaptive_k][k=-][s=-] INFO RESULT geo=circle   seed=4 | MAE=1.636°C | L2=0.0177 | FEM_solves=9/60 | FEM_saving=85%
2026-05-27 23:52:44 [stage_adaptive_k][all][adaptive_k][k=-][s=-] INFO AdaptiveK | geo=circle seed=5 arch=[151, 151, 151, 151, 151] thr_up=2.0 thr_dn=5.0
2026-05-27 23:52:44 [adaptive_k][circle][adaptive_k][k=adaptive][s=5] INFO AdaptiveK | arch=[151, 151, 151, 151, 151] | k=[1..5] | thr_up=2.0°C thr_dn=5.0°C | fourier=True
2026-05-27 23:52:44 [pinn_trainer][circle][ak_k1][k=-][s=-] INFO Training start: t=[0.0,1.5]s  epochs_adam=1000  epochs_lbfgs=300  params=111439
2026-05-27 23:52:46 [pinn_trainer][circle][ak_k1][k=-][s=-] INFO Adam     1/1000  loss=8.9205e+05  pde=8.9195e+05  bc=2.0104e+01  ic=0.0000e+00  fc=0.0000e+00
2026-05-27 23:53:12 [pinn_trainer][circle][ak_k1][k=-][s=-] INFO Adam   500/1000  loss=3.1345e+01  pde=2.8829e+01  bc=5.0331e-01  ic=0.0000e+00  fc=0.0000e+00
2026-05-27 23:53:38 [pinn_trainer][circle][ak_k1][k=-][s=-] INFO Adam  1000/1000  loss=1.1446e+01  pde=9.2915e+00  bc=4.3096e-01  ic=0.0000e+00  fc=0.0000e+00
2026-05-27 23:53:43 [pinn_trainer][circle][ak_k1][k=-][s=-] INFO L-BFGS  300/300  loss=1.1717e+01
2026-05-27 23:53:43 [pinn_trainer][circle][ak_k1][k=-][s=-] INFO Training done in 59.7 s
2026-05-27 23:53:43 [adaptive_k][circle][adaptive_k][k=adaptive][s=5] INFO   Win  1  k=1  [0.0→1.5 s]  interior_MAE=19.882°C  → k_next=1
2026-05-27 23:53:43 [pinn_trainer][circle][ak_k1][k=-][s=-] INFO Training start: t=[1.5,3.0]s  epochs_adam=1000  epochs_lbfgs=300  params=111439
2026-05-27 23:53:46 [pinn_trainer][circle][ak_k1][k=-][s=-] INFO Adam     1/1000  loss=6.6282e+05  pde=6.6273e+05  bc=1.8402e+01  ic=0.0000e+00  fc=0.0000e+00
2026-05-27 23:54:12 [pinn_trainer][circle][ak_k1][k=-][s=-] INFO Adam   500/1000  loss=4.1296e+00  pde=3.8152e+00  bc=6.2872e-02  ic=0.0000e+00  fc=0.0000e+00
2026-05-27 23:54:38 [pinn_trainer][circle][ak_k1][k=-][s=-] INFO Adam  1000/1000  loss=2.0363e+00  pde=1.7578e+00  bc=5.5706e-02  ic=0.0000e+00  fc=0.0000e+00
2026-05-27 23:54:42 [pinn_trainer][circle][ak_k1][k=-][s=-] INFO L-BFGS  300/300  loss=1.9791e+00
2026-05-27 23:54:42 [pinn_trainer][circle][ak_k1][k=-][s=-] INFO Training done in 59.1 s
2026-05-27 23:54:42 [adaptive_k][circle][adaptive_k][k=adaptive][s=5] INFO   Win  2  k=1  [1.5→3.0 s]  interior_MAE=9.532°C  → k_next=1
2026-05-27 23:54:42 [pinn_trainer][circle][ak_k1][k=-][s=-] INFO Training start: t=[3.0,4.5]s  epochs_adam=1000  epochs_lbfgs=300  params=111439
2026-05-27 23:54:45 [pinn_trainer][circle][ak_k1][k=-][s=-] INFO Adam     1/1000  loss=1.2544e+06  pde=1.2542e+06  bc=2.2211e+01  ic=0.0000e+00  fc=0.0000e+00
2026-05-27 23:55:11 [pinn_trainer][circle][ak_k1][k=-][s=-] INFO Adam   500/1000  loss=7.5709e-01  pde=7.1699e-01  bc=8.0187e-03  ic=0.0000e+00  fc=0.0000e+00
2026-05-27 23:55:37 [pinn_trainer][circle][ak_k1][k=-][s=-] INFO Adam  1000/1000  loss=6.0367e-01  pde=5.6340e-01  bc=8.0530e-03  ic=0.0000e+00  fc=0.0000e+00
2026-05-27 23:55:44 [pinn_trainer][circle][ak_k1][k=-][s=-] INFO L-BFGS  300/300  loss=5.0480e-01
2026-05-27 23:55:44 [pinn_trainer][circle][ak_k1][k=-][s=-] INFO Training done in 61.1 s
2026-05-27 23:55:44 [adaptive_k][circle][adaptive_k][k=adaptive][s=5] INFO   Win  3  k=1  [3.0→4.5 s]  interior_MAE=5.130°C  → k_next=1
2026-05-27 23:55:44 [pinn_trainer][circle][ak_k1][k=-][s=-] INFO Training start: t=[4.5,6.0]s  epochs_adam=1000  epochs_lbfgs=300  params=111439
2026-05-27 23:55:46 [pinn_trainer][circle][ak_k1][k=-][s=-] INFO Adam     1/1000  loss=7.6856e+05  pde=7.6841e+05  bc=2.8433e+01  ic=0.0000e+00  fc=0.0000e+00
2026-05-27 23:56:12 [pinn_trainer][circle][ak_k1][k=-][s=-] INFO Adam   500/1000  loss=3.2901e-01  pde=3.2357e-01  bc=1.0885e-03  ic=0.0000e+00  fc=0.0000e+00
2026-05-27 23:56:38 [pinn_trainer][circle][ak_k1][k=-][s=-] INFO Adam  1000/1000  loss=9.0340e-02  pde=8.5215e-02  bc=1.0250e-03  ic=0.0000e+00  fc=0.0000e+00
2026-05-27 23:56:44 [pinn_trainer][circle][ak_k1][k=-][s=-] INFO L-BFGS  300/300  loss=9.7182e-02
2026-05-27 23:56:44 [pinn_trainer][circle][ak_k1][k=-][s=-] INFO Training done in 60.9 s
2026-05-27 23:56:45 [adaptive_k][circle][adaptive_k][k=adaptive][s=5] INFO   Win  4  k=1  [4.5→6.0 s]  interior_MAE=1.874°C  → k_next=2
2026-05-27 23:56:45 [pinn_trainer][circle][ak_k2][k=-][s=-] INFO Training start: t=[6.0,9.0]s  epochs_adam=1000  epochs_lbfgs=300  params=111439
2026-05-27 23:56:47 [pinn_trainer][circle][ak_k2][k=-][s=-] INFO Adam     1/1000  loss=6.3010e+05  pde=6.3002e+05  bc=1.6190e+01  ic=0.0000e+00  fc=0.0000e+00
2026-05-27 23:57:13 [pinn_trainer][circle][ak_k2][k=-][s=-] INFO Adam   500/1000  loss=2.4709e-02  pde=2.4178e-02  bc=1.0615e-04  ic=0.0000e+00  fc=0.0000e+00
2026-05-27 23:57:39 [pinn_trainer][circle][ak_k2][k=-][s=-] INFO Adam  1000/1000  loss=6.1556e-03  pde=5.6471e-03  bc=1.0170e-04  ic=0.0000e+00  fc=0.0000e+00
2026-05-27 23:57:45 [pinn_trainer][circle][ak_k2][k=-][s=-] INFO L-BFGS  300/300  loss=1.0341e-02
2026-05-27 23:57:45 [pinn_trainer][circle][ak_k2][k=-][s=-] INFO Training done in 60.4 s
2026-05-27 23:57:45 [adaptive_k][circle][adaptive_k][k=adaptive][s=5] INFO   Win  5  k=2  [6.0→9.0 s]  interior_MAE=1.439°C  → k_next=3
2026-05-27 23:57:45 [pinn_trainer][circle][ak_k3][k=-][s=-] INFO Training start: t=[9.0,13.5]s  epochs_adam=1000  epochs_lbfgs=300  params=111439
2026-05-27 23:57:48 [pinn_trainer][circle][ak_k3][k=-][s=-] INFO Adam     1/1000  loss=1.8340e+06  pde=1.8338e+06  bc=3.7227e+01  ic=0.0000e+00  fc=0.0000e+00
2026-05-27 23:58:14 [pinn_trainer][circle][ak_k3][k=-][s=-] INFO Adam   500/1000  loss=6.9935e-01  pde=6.9926e-01  bc=1.9463e-05  ic=0.0000e+00  fc=0.0000e+00
2026-05-27 23:58:40 [pinn_trainer][circle][ak_k3][k=-][s=-] INFO Adam  1000/1000  loss=1.6712e-03  pde=1.6630e-03  bc=1.6346e-06  ic=0.0000e+00  fc=0.0000e+00
2026-05-27 23:58:44 [pinn_trainer][circle][ak_k3][k=-][s=-] INFO L-BFGS  300/300  loss=3.2271e-03
2026-05-27 23:58:44 [pinn_trainer][circle][ak_k3][k=-][s=-] INFO Training done in 59.1 s
2026-05-27 23:58:44 [adaptive_k][circle][adaptive_k][k=adaptive][s=5] INFO   Win  6  k=3  [9.0→13.5 s]  interior_MAE=0.286°C  → k_next=4
2026-05-27 23:58:44 [pinn_trainer][circle][ak_k4][k=-][s=-] INFO Training start: t=[13.5,19.5]s  epochs_adam=1000  epochs_lbfgs=300  params=111439
2026-05-27 23:58:47 [pinn_trainer][circle][ak_k4][k=-][s=-] INFO Adam     1/1000  loss=5.9043e+05  pde=5.9036e+05  bc=1.3596e+01  ic=0.0000e+00  fc=0.0000e+00
2026-05-27 23:59:13 [pinn_trainer][circle][ak_k4][k=-][s=-] INFO Adam   500/1000  loss=1.1878e-01  pde=1.1873e-01  bc=1.0004e-05  ic=0.0000e+00  fc=0.0000e+00
2026-05-27 23:59:39 [pinn_trainer][circle][ak_k4][k=-][s=-] INFO Adam  1000/1000  loss=1.1973e-02  pde=1.1966e-02  bc=1.3230e-06  ic=0.0000e+00  fc=0.0000e+00
2026-05-27 23:59:48 [pinn_trainer][circle][ak_k4][k=-][s=-] INFO L-BFGS  300/300  loss=3.6185e-02
2026-05-27 23:59:48 [pinn_trainer][circle][ak_k4][k=-][s=-] INFO Training done in 64.0 s
2026-05-27 23:59:48 [adaptive_k][circle][adaptive_k][k=adaptive][s=5] INFO   Win  7  k=4  [13.5→19.5 s]  interior_MAE=0.045°C  → k_next=5
2026-05-27 23:59:48 [pinn_trainer][circle][ak_k5][k=-][s=-] INFO Training start: t=[19.5,27.0]s  epochs_adam=1000  epochs_lbfgs=300  params=111439
2026-05-27 23:59:51 [pinn_trainer][circle][ak_k5][k=-][s=-] INFO Adam     1/1000  loss=1.2503e+06  pde=1.2501e+06  bc=3.3322e+01  ic=0.0000e+00  fc=0.0000e+00
2026-05-28 00:00:17 [pinn_trainer][circle][ak_k5][k=-][s=-] INFO Adam   500/1000  loss=8.3597e-02  pde=8.3541e-02  bc=1.1124e-05  ic=0.0000e+00  fc=0.0000e+00
2026-05-28 00:00:43 [pinn_trainer][circle][ak_k5][k=-][s=-] INFO Adam  1000/1000  loss=2.7746e-02  pde=2.7715e-02  bc=6.1252e-06  ic=0.0000e+00  fc=0.0000e+00
2026-05-28 00:00:49 [pinn_trainer][circle][ak_k5][k=-][s=-] INFO L-BFGS  300/300  loss=6.1298e-02
2026-05-28 00:00:49 [pinn_trainer][circle][ak_k5][k=-][s=-] INFO Training done in 60.3 s
2026-05-28 00:00:49 [adaptive_k][circle][adaptive_k][k=adaptive][s=5] INFO   Win  8  k=5  [19.5→27.0 s]  interior_MAE=0.025°C  → k_next=5
2026-05-28 00:00:49 [pinn_trainer][circle][ak_k5][k=-][s=-] INFO Training start: t=[27.0,30.0]s  epochs_adam=1000  epochs_lbfgs=300  params=111439
2026-05-28 00:00:52 [pinn_trainer][circle][ak_k5][k=-][s=-] INFO Adam     1/1000  loss=5.5321e+05  pde=5.5313e+05  bc=1.5628e+01  ic=0.0000e+00  fc=0.0000e+00
2026-05-28 00:01:17 [pinn_trainer][circle][ak_k5][k=-][s=-] INFO Adam   500/1000  loss=3.0490e-02  pde=3.0465e-02  bc=4.8646e-06  ic=0.0000e+00  fc=0.0000e+00
2026-05-28 00:01:43 [pinn_trainer][circle][ak_k5][k=-][s=-] INFO Adam  1000/1000  loss=1.2174e-04  pde=1.2174e-04  bc=2.2315e-10  ic=0.0000e+00  fc=0.0000e+00
2026-05-28 00:01:48 [pinn_trainer][circle][ak_k5][k=-][s=-] INFO L-BFGS  300/300  loss=2.2068e-04
2026-05-28 00:01:48 [pinn_trainer][circle][ak_k5][k=-][s=-] INFO Training done in 59.3 s
2026-05-28 00:01:48 [adaptive_k][circle][adaptive_k][k=adaptive][s=5] INFO   Win  9  k=5  [27.0→30.0 s]  interior_MAE=0.001°C  → k_next=5
2026-05-28 00:01:48 [adaptive_k][circle][adaptive_k][k=adaptive][s=5] INFO AdaptiveK done | wins=9 | FEM_solves=9/60 | FEM_saving=85% | MAE=1.386°C | L2=0.0166 | t=545 s
2026-05-28 00:01:48 [adaptive_k][circle][adaptive_k][k=adaptive][s=5] INFO k schedule: t=0.0s:k=1 → t=1.5s:k=1 → t=3.0s:k=1 → t=4.5s:k=1 → t=6.0s:k=2 → t=9.0s:k=3 → t=13.5s:k=4 → t=19.5s:k=5 → t=27.0s:k=5
2026-05-28 00:01:49 [adaptive_k][circle][adaptive_k][k=adaptive][s=5] INFO Saved → /home/coder/NAS-PINNS1/thermal_pinn/quenching_mswp/results/adaptive_k/circle/seed5_adaptive
2026-05-28 00:01:50 [stage_adaptive_k][all][adaptive_k][k=-][s=-] INFO RESULT geo=circle   seed=5 | MAE=1.386°C | L2=0.0166 | FEM_solves=9/60 | FEM_saving=85%
2026-05-28 00:01:50 [stage_adaptive_k][all][adaptive_k][k=-][s=-] INFO AdaptiveK | geo=circle seed=6 arch=[151, 151, 151, 151, 151] thr_up=2.0 thr_dn=5.0
2026-05-28 00:01:50 [adaptive_k][circle][adaptive_k][k=adaptive][s=6] INFO AdaptiveK | arch=[151, 151, 151, 151, 151] | k=[1..5] | thr_up=2.0°C thr_dn=5.0°C | fourier=True
2026-05-28 00:01:50 [pinn_trainer][circle][ak_k1][k=-][s=-] INFO Training start: t=[0.0,1.5]s  epochs_adam=1000  epochs_lbfgs=300  params=111439
2026-05-28 00:01:53 [pinn_trainer][circle][ak_k1][k=-][s=-] INFO Adam     1/1000  loss=7.9947e+05  pde=7.9937e+05  bc=1.9976e+01  ic=0.0000e+00  fc=0.0000e+00
2026-05-28 00:02:18 [pinn_trainer][circle][ak_k1][k=-][s=-] INFO Adam   500/1000  loss=1.8056e+01  pde=1.5635e+01  bc=4.8435e-01  ic=0.0000e+00  fc=0.0000e+00
2026-05-28 00:02:44 [pinn_trainer][circle][ak_k1][k=-][s=-] INFO Adam  1000/1000  loss=1.3050e+01  pde=1.0864e+01  bc=4.3721e-01  ic=0.0000e+00  fc=0.0000e+00
2026-05-28 00:02:49 [pinn_trainer][circle][ak_k1][k=-][s=-] INFO L-BFGS  300/300  loss=1.2995e+01
2026-05-28 00:02:49 [pinn_trainer][circle][ak_k1][k=-][s=-] INFO Training done in 59.0 s
2026-05-28 00:02:49 [adaptive_k][circle][adaptive_k][k=adaptive][s=6] INFO   Win  1  k=1  [0.0→1.5 s]  interior_MAE=24.425°C  → k_next=1
2026-05-28 00:02:49 [pinn_trainer][circle][ak_k1][k=-][s=-] INFO Training start: t=[1.5,3.0]s  epochs_adam=1000  epochs_lbfgs=300  params=111439
2026-05-28 00:02:52 [pinn_trainer][circle][ak_k1][k=-][s=-] INFO Adam     1/1000  loss=1.1690e+06  pde=1.1689e+06  bc=2.5211e+01  ic=0.0000e+00  fc=0.0000e+00
2026-05-28 00:03:18 [pinn_trainer][circle][ak_k1][k=-][s=-] INFO Adam   500/1000  loss=3.3133e+00  pde=2.9916e+00  bc=6.4347e-02  ic=0.0000e+00  fc=0.0000e+00
2026-05-28 00:03:43 [pinn_trainer][circle][ak_k1][k=-][s=-] INFO Adam  1000/1000  loss=1.9386e+00  pde=1.6477e+00  bc=5.8170e-02  ic=0.0000e+00  fc=0.0000e+00
2026-05-28 00:03:51 [pinn_trainer][circle][ak_k1][k=-][s=-] INFO L-BFGS  300/300  loss=1.9544e+00
2026-05-28 00:03:51 [pinn_trainer][circle][ak_k1][k=-][s=-] INFO Training done in 61.9 s
2026-05-28 00:03:51 [adaptive_k][circle][adaptive_k][k=adaptive][s=6] INFO   Win  2  k=1  [1.5→3.0 s]  interior_MAE=10.301°C  → k_next=1
2026-05-28 00:03:51 [pinn_trainer][circle][ak_k1][k=-][s=-] INFO Training start: t=[3.0,4.5]s  epochs_adam=1000  epochs_lbfgs=300  params=111439
2026-05-28 00:03:54 [pinn_trainer][circle][ak_k1][k=-][s=-] INFO Adam     1/1000  loss=1.0087e+06  pde=1.0086e+06  bc=1.9616e+01  ic=0.0000e+00  fc=0.0000e+00
2026-05-28 00:04:19 [pinn_trainer][circle][ak_k1][k=-][s=-] INFO Adam   500/1000  loss=4.5883e-01  pde=4.1821e-01  bc=8.1242e-03  ic=0.0000e+00  fc=0.0000e+00
2026-05-28 00:04:45 [pinn_trainer][circle][ak_k1][k=-][s=-] INFO Adam  1000/1000  loss=4.7645e-01  pde=4.3722e-01  bc=7.8457e-03  ic=0.0000e+00  fc=0.0000e+00
2026-05-28 00:04:50 [pinn_trainer][circle][ak_k1][k=-][s=-] INFO L-BFGS  300/300  loss=5.1000e-01
2026-05-28 00:04:50 [pinn_trainer][circle][ak_k1][k=-][s=-] INFO Training done in 58.8 s
2026-05-28 00:04:50 [adaptive_k][circle][adaptive_k][k=adaptive][s=6] INFO   Win  3  k=1  [3.0→4.5 s]  interior_MAE=4.584°C  → k_next=1
2026-05-28 00:04:50 [pinn_trainer][circle][ak_k1][k=-][s=-] INFO Training start: t=[4.5,6.0]s  epochs_adam=1000  epochs_lbfgs=300  params=111439
2026-05-28 00:04:53 [pinn_trainer][circle][ak_k1][k=-][s=-] INFO Adam     1/1000  loss=2.0889e+06  pde=2.0888e+06  bc=2.2686e+01  ic=0.0000e+00  fc=0.0000e+00
2026-05-28 00:05:18 [pinn_trainer][circle][ak_k1][k=-][s=-] INFO Adam   500/1000  loss=2.8121e-01  pde=2.7595e-01  bc=1.0517e-03  ic=0.0000e+00  fc=0.0000e+00
2026-05-28 00:05:44 [pinn_trainer][circle][ak_k1][k=-][s=-] INFO Adam  1000/1000  loss=3.0670e-01  pde=3.0145e-01  bc=1.0513e-03  ic=0.0000e+00  fc=0.0000e+00
2026-05-28 00:05:50 [pinn_trainer][circle][ak_k1][k=-][s=-] INFO L-BFGS  300/300  loss=3.7053e-01
2026-05-28 00:05:50 [pinn_trainer][circle][ak_k1][k=-][s=-] INFO Training done in 60.5 s
2026-05-28 00:05:50 [adaptive_k][circle][adaptive_k][k=adaptive][s=6] INFO   Win  4  k=1  [4.5→6.0 s]  interior_MAE=1.789°C  → k_next=2
2026-05-28 00:05:50 [pinn_trainer][circle][ak_k2][k=-][s=-] INFO Training start: t=[6.0,9.0]s  epochs_adam=1000  epochs_lbfgs=300  params=111439
2026-05-28 00:05:53 [pinn_trainer][circle][ak_k2][k=-][s=-] INFO Adam     1/1000  loss=9.2382e+05  pde=9.2372e+05  bc=1.9849e+01  ic=0.0000e+00  fc=0.0000e+00
2026-05-28 00:06:19 [pinn_trainer][circle][ak_k2][k=-][s=-] INFO Adam   500/1000  loss=2.3036e-01  pde=2.2963e-01  bc=1.4451e-04  ic=0.0000e+00  fc=0.0000e+00
2026-05-28 00:06:44 [pinn_trainer][circle][ak_k2][k=-][s=-] INFO Adam  1000/1000  loss=5.8173e-03  pde=5.3085e-03  bc=1.0176e-04  ic=0.0000e+00  fc=0.0000e+00
2026-05-28 00:06:53 [pinn_trainer][circle][ak_k2][k=-][s=-] INFO L-BFGS  300/300  loss=5.7941e-03
2026-05-28 00:06:53 [pinn_trainer][circle][ak_k2][k=-][s=-] INFO Training done in 62.3 s
2026-05-28 00:06:53 [adaptive_k][circle][adaptive_k][k=adaptive][s=6] INFO   Win  5  k=2  [6.0→9.0 s]  interior_MAE=1.493°C  → k_next=3
2026-05-28 00:06:53 [pinn_trainer][circle][ak_k3][k=-][s=-] INFO Training start: t=[9.0,13.5]s  epochs_adam=1000  epochs_lbfgs=300  params=111439
2026-05-28 00:06:55 [pinn_trainer][circle][ak_k3][k=-][s=-] INFO Adam     1/1000  loss=6.3352e+05  pde=6.3341e+05  bc=2.1239e+01  ic=0.0000e+00  fc=0.0000e+00
2026-05-28 00:07:21 [pinn_trainer][circle][ak_k3][k=-][s=-] INFO Adam   500/1000  loss=2.4803e-02  pde=2.4788e-02  bc=3.0284e-06  ic=0.0000e+00  fc=0.0000e+00
2026-05-28 00:07:48 [pinn_trainer][circle][ak_k3][k=-][s=-] INFO Adam  1000/1000  loss=1.7096e-04  pde=1.6264e-04  bc=1.6635e-06  ic=0.0000e+00  fc=0.0000e+00
2026-05-28 00:07:54 [pinn_trainer][circle][ak_k3][k=-][s=-] INFO L-BFGS  300/300  loss=1.5365e-04
2026-05-28 00:07:54 [pinn_trainer][circle][ak_k3][k=-][s=-] INFO Training done in 60.7 s
2026-05-28 00:07:54 [adaptive_k][circle][adaptive_k][k=adaptive][s=6] INFO   Win  6  k=3  [9.0→13.5 s]  interior_MAE=0.279°C  → k_next=4
2026-05-28 00:07:54 [pinn_trainer][circle][ak_k4][k=-][s=-] INFO Training start: t=[13.5,19.5]s  epochs_adam=1000  epochs_lbfgs=300  params=111439
2026-05-28 00:07:56 [pinn_trainer][circle][ak_k4][k=-][s=-] INFO Adam     1/1000  loss=6.8777e+05  pde=6.8763e+05  bc=2.6496e+01  ic=0.0000e+00  fc=0.0000e+00
2026-05-28 00:08:22 [pinn_trainer][circle][ak_k4][k=-][s=-] INFO Adam   500/1000  loss=6.3808e-03  pde=6.3780e-03  bc=5.4683e-07  ic=0.0000e+00  fc=0.0000e+00
2026-05-28 00:08:49 [pinn_trainer][circle][ak_k4][k=-][s=-] INFO Adam  1000/1000  loss=4.9710e-04  pde=4.9707e-04  bc=4.8220e-09  ic=0.0000e+00  fc=0.0000e+00
2026-05-28 00:08:53 [pinn_trainer][circle][ak_k4][k=-][s=-] INFO L-BFGS  300/300  loss=1.2534e-03
2026-05-28 00:08:53 [pinn_trainer][circle][ak_k4][k=-][s=-] INFO Training done in 59.2 s
2026-05-28 00:08:53 [adaptive_k][circle][adaptive_k][k=adaptive][s=6] INFO   Win  7  k=4  [13.5→19.5 s]  interior_MAE=0.048°C  → k_next=5
2026-05-28 00:08:53 [pinn_trainer][circle][ak_k5][k=-][s=-] INFO Training start: t=[19.5,27.0]s  epochs_adam=1000  epochs_lbfgs=300  params=111439
2026-05-28 00:08:56 [pinn_trainer][circle][ak_k5][k=-][s=-] INFO Adam     1/1000  loss=1.2832e+06  pde=1.2831e+06  bc=2.9945e+01  ic=0.0000e+00  fc=0.0000e+00
2026-05-28 00:09:21 [pinn_trainer][circle][ak_k5][k=-][s=-] INFO Adam   500/1000  loss=2.6659e-01  pde=2.6648e-01  bc=2.3907e-05  ic=0.0000e+00  fc=0.0000e+00
2026-05-28 00:09:47 [pinn_trainer][circle][ak_k5][k=-][s=-] INFO Adam  1000/1000  loss=1.6355e-03  pde=1.6353e-03  bc=3.5324e-08  ic=0.0000e+00  fc=0.0000e+00
2026-05-28 00:09:52 [pinn_trainer][circle][ak_k5][k=-][s=-] INFO L-BFGS  300/300  loss=2.5814e-03
2026-05-28 00:09:52 [pinn_trainer][circle][ak_k5][k=-][s=-] INFO Training done in 59.4 s
2026-05-28 00:09:53 [adaptive_k][circle][adaptive_k][k=adaptive][s=6] INFO   Win  8  k=5  [19.5→27.0 s]  interior_MAE=0.078°C  → k_next=5
2026-05-28 00:09:53 [pinn_trainer][circle][ak_k5][k=-][s=-] INFO Training start: t=[27.0,30.0]s  epochs_adam=1000  epochs_lbfgs=300  params=111439
2026-05-28 00:09:55 [pinn_trainer][circle][ak_k5][k=-][s=-] INFO Adam     1/1000  loss=7.1162e+05  pde=7.1153e+05  bc=1.8002e+01  ic=0.0000e+00  fc=0.0000e+00
2026-05-28 00:10:22 [pinn_trainer][circle][ak_k5][k=-][s=-] INFO Adam   500/1000  loss=2.2743e-02  pde=2.2723e-02  bc=4.0826e-06  ic=0.0000e+00  fc=0.0000e+00
2026-05-28 00:10:48 [pinn_trainer][circle][ak_k5][k=-][s=-] INFO Adam  1000/1000  loss=3.1237e-03  pde=3.1200e-03  bc=7.5143e-07  ic=0.0000e+00  fc=0.0000e+00
2026-05-28 00:10:54 [pinn_trainer][circle][ak_k5][k=-][s=-] INFO L-BFGS  300/300  loss=1.0954e-03
2026-05-28 00:10:54 [pinn_trainer][circle][ak_k5][k=-][s=-] INFO Training done in 61.0 s
2026-05-28 00:10:54 [adaptive_k][circle][adaptive_k][k=adaptive][s=6] INFO   Win  9  k=5  [27.0→30.0 s]  interior_MAE=0.002°C  → k_next=5
2026-05-28 00:10:54 [adaptive_k][circle][adaptive_k][k=adaptive][s=6] INFO AdaptiveK done | wins=9 | FEM_solves=9/60 | FEM_saving=85% | MAE=1.559°C | L2=0.0177 | t=544 s
2026-05-28 00:10:54 [adaptive_k][circle][adaptive_k][k=adaptive][s=6] INFO k schedule: t=0.0s:k=1 → t=1.5s:k=1 → t=3.0s:k=1 → t=4.5s:k=1 → t=6.0s:k=2 → t=9.0s:k=3 → t=13.5s:k=4 → t=19.5s:k=5 → t=27.0s:k=5
2026-05-28 00:10:54 [adaptive_k][circle][adaptive_k][k=adaptive][s=6] INFO Saved → /home/coder/NAS-PINNS1/thermal_pinn/quenching_mswp/results/adaptive_k/circle/seed6_adaptive
2026-05-28 00:10:55 [stage_adaptive_k][all][adaptive_k][k=-][s=-] INFO RESULT geo=circle   seed=6 | MAE=1.559°C | L2=0.0177 | FEM_solves=9/60 | FEM_saving=85%
2026-05-28 00:10:55 [stage_adaptive_k][all][adaptive_k][k=-][s=-] INFO AdaptiveK | geo=circle seed=7 arch=[151, 151, 151, 151, 151] thr_up=2.0 thr_dn=5.0
2026-05-28 00:10:55 [adaptive_k][circle][adaptive_k][k=adaptive][s=7] INFO AdaptiveK | arch=[151, 151, 151, 151, 151] | k=[1..5] | thr_up=2.0°C thr_dn=5.0°C | fourier=True
2026-05-28 00:10:56 [pinn_trainer][circle][ak_k1][k=-][s=-] INFO Training start: t=[0.0,1.5]s  epochs_adam=1000  epochs_lbfgs=300  params=111439
2026-05-28 00:10:58 [pinn_trainer][circle][ak_k1][k=-][s=-] INFO Adam     1/1000  loss=8.4464e+05  pde=8.4454e+05  bc=1.9297e+01  ic=0.0000e+00  fc=0.0000e+00
2026-05-28 00:11:24 [pinn_trainer][circle][ak_k1][k=-][s=-] INFO Adam   500/1000  loss=1.8497e+01  pde=1.5961e+01  bc=5.0716e-01  ic=0.0000e+00  fc=0.0000e+00
2026-05-28 00:11:50 [pinn_trainer][circle][ak_k1][k=-][s=-] INFO Adam  1000/1000  loss=2.1756e+01  pde=1.9433e+01  bc=4.6445e-01  ic=0.0000e+00  fc=0.0000e+00
2026-05-28 00:11:57 [pinn_trainer][circle][ak_k1][k=-][s=-] INFO L-BFGS  300/300  loss=2.2400e+01
2026-05-28 00:11:57 [pinn_trainer][circle][ak_k1][k=-][s=-] INFO Training done in 61.3 s
2026-05-28 00:11:57 [adaptive_k][circle][adaptive_k][k=adaptive][s=7] INFO   Win  1  k=1  [0.0→1.5 s]  interior_MAE=27.420°C  → k_next=1
2026-05-28 00:11:57 [pinn_trainer][circle][ak_k1][k=-][s=-] INFO Training start: t=[1.5,3.0]s  epochs_adam=1000  epochs_lbfgs=300  params=111439
2026-05-28 00:12:00 [pinn_trainer][circle][ak_k1][k=-][s=-] INFO Adam     1/1000  loss=4.0004e+06  pde=4.0003e+06  bc=2.3971e+01  ic=0.0000e+00  fc=0.0000e+00
2026-05-28 00:12:26 [pinn_trainer][circle][ak_k1][k=-][s=-] INFO Adam   500/1000  loss=5.9470e+00  pde=5.6396e+00  bc=6.1491e-02  ic=0.0000e+00  fc=0.0000e+00
2026-05-28 00:12:51 [pinn_trainer][circle][ak_k1][k=-][s=-] INFO Adam  1000/1000  loss=2.8589e+00  pde=2.5743e+00  bc=5.6911e-02  ic=0.0000e+00  fc=0.0000e+00
2026-05-28 00:12:59 [pinn_trainer][circle][ak_k1][k=-][s=-] INFO L-BFGS  300/300  loss=2.9125e+00
2026-05-28 00:12:59 [pinn_trainer][circle][ak_k1][k=-][s=-] INFO Training done in 62.4 s
2026-05-28 00:12:59 [adaptive_k][circle][adaptive_k][k=adaptive][s=7] INFO   Win  2  k=1  [1.5→3.0 s]  interior_MAE=10.145°C  → k_next=1
2026-05-28 00:12:59 [pinn_trainer][circle][ak_k1][k=-][s=-] INFO Training start: t=[3.0,4.5]s  epochs_adam=1000  epochs_lbfgs=300  params=111439
2026-05-28 00:13:02 [pinn_trainer][circle][ak_k1][k=-][s=-] INFO Adam     1/1000  loss=7.0417e+05  pde=7.0407e+05  bc=2.0135e+01  ic=0.0000e+00  fc=0.0000e+00
2026-05-28 00:13:28 [pinn_trainer][circle][ak_k1][k=-][s=-] INFO Adam   500/1000  loss=1.0764e+00  pde=1.0353e+00  bc=8.2177e-03  ic=0.0000e+00  fc=0.0000e+00
2026-05-28 00:13:54 [pinn_trainer][circle][ak_k1][k=-][s=-] INFO Adam  1000/1000  loss=4.9337e-01  pde=4.5218e-01  bc=8.2372e-03  ic=0.0000e+00  fc=0.0000e+00
2026-05-28 00:13:59 [pinn_trainer][circle][ak_k1][k=-][s=-] INFO L-BFGS  300/300  loss=4.7164e-01
2026-05-28 00:13:59 [pinn_trainer][circle][ak_k1][k=-][s=-] INFO Training done in 59.7 s
2026-05-28 00:13:59 [adaptive_k][circle][adaptive_k][k=adaptive][s=7] INFO   Win  3  k=1  [3.0→4.5 s]  interior_MAE=4.914°C  → k_next=1
2026-05-28 00:13:59 [pinn_trainer][circle][ak_k1][k=-][s=-] INFO Training start: t=[4.5,6.0]s  epochs_adam=1000  epochs_lbfgs=300  params=111439
2026-05-28 00:14:02 [pinn_trainer][circle][ak_k1][k=-][s=-] INFO Adam     1/1000  loss=6.9048e+05  pde=6.9037e+05  bc=2.2109e+01  ic=0.0000e+00  fc=0.0000e+00
2026-05-28 00:14:28 [pinn_trainer][circle][ak_k1][k=-][s=-] INFO Adam   500/1000  loss=1.8192e-01  pde=1.7656e-01  bc=1.0737e-03  ic=0.0000e+00  fc=0.0000e+00
2026-05-28 00:14:54 [pinn_trainer][circle][ak_k1][k=-][s=-] INFO Adam  1000/1000  loss=7.2512e-02  pde=6.7318e-02  bc=1.0389e-03  ic=0.0000e+00  fc=0.0000e+00
2026-05-28 00:15:00 [pinn_trainer][circle][ak_k1][k=-][s=-] INFO L-BFGS  300/300  loss=9.7356e-02
2026-05-28 00:15:00 [pinn_trainer][circle][ak_k1][k=-][s=-] INFO Training done in 60.7 s
2026-05-28 00:15:00 [adaptive_k][circle][adaptive_k][k=adaptive][s=7] INFO   Win  4  k=1  [4.5→6.0 s]  interior_MAE=1.865°C  → k_next=2
2026-05-28 00:15:00 [pinn_trainer][circle][ak_k2][k=-][s=-] INFO Training start: t=[6.0,9.0]s  epochs_adam=1000  epochs_lbfgs=300  params=111439
2026-05-28 00:15:03 [pinn_trainer][circle][ak_k2][k=-][s=-] INFO Adam     1/1000  loss=2.9545e+06  pde=2.9544e+06  bc=2.7719e+01  ic=0.0000e+00  fc=0.0000e+00
2026-05-28 00:15:29 [pinn_trainer][circle][ak_k2][k=-][s=-] INFO Adam   500/1000  loss=3.0399e-02  pde=2.9870e-02  bc=1.0590e-04  ic=0.0000e+00  fc=0.0000e+00
2026-05-28 00:15:55 [pinn_trainer][circle][ak_k2][k=-][s=-] INFO Adam  1000/1000  loss=9.0434e-02  pde=8.9844e-02  bc=1.1800e-04  ic=0.0000e+00  fc=0.0000e+00
2026-05-28 00:16:01 [pinn_trainer][circle][ak_k2][k=-][s=-] INFO L-BFGS  300/300  loss=8.8576e-02
2026-05-28 00:16:01 [pinn_trainer][circle][ak_k2][k=-][s=-] INFO Training done in 60.8 s
2026-05-28 00:16:01 [adaptive_k][circle][adaptive_k][k=adaptive][s=7] INFO   Win  5  k=2  [6.0→9.0 s]  interior_MAE=1.494°C  → k_next=3
2026-05-28 00:16:01 [pinn_trainer][circle][ak_k3][k=-][s=-] INFO Training start: t=[9.0,13.5]s  epochs_adam=1000  epochs_lbfgs=300  params=111439
2026-05-28 00:16:03 [pinn_trainer][circle][ak_k3][k=-][s=-] INFO Adam     1/1000  loss=1.5762e+06  pde=1.5761e+06  bc=3.1442e+01  ic=0.0000e+00  fc=0.0000e+00
2026-05-28 00:16:30 [pinn_trainer][circle][ak_k3][k=-][s=-] INFO Adam   500/1000  loss=2.3789e-02  pde=2.3777e-02  bc=2.4297e-06  ic=0.0000e+00  fc=0.0000e+00
2026-05-28 00:16:55 [pinn_trainer][circle][ak_k3][k=-][s=-] INFO Adam  1000/1000  loss=2.9451e-02  pde=2.9101e-02  bc=6.9919e-05  ic=0.0000e+00  fc=0.0000e+00
2026-05-28 00:17:02 [pinn_trainer][circle][ak_k3][k=-][s=-] INFO L-BFGS  300/300  loss=1.1974e-02
2026-05-28 00:17:02 [pinn_trainer][circle][ak_k3][k=-][s=-] INFO Training done in 61.1 s
2026-05-28 00:17:02 [adaptive_k][circle][adaptive_k][k=adaptive][s=7] INFO   Win  6  k=3  [9.0→13.5 s]  interior_MAE=0.283°C  → k_next=4
2026-05-28 00:17:02 [pinn_trainer][circle][ak_k4][k=-][s=-] INFO Training start: t=[13.5,19.5]s  epochs_adam=1000  epochs_lbfgs=300  params=111439
2026-05-28 00:17:05 [pinn_trainer][circle][ak_k4][k=-][s=-] INFO Adam     1/1000  loss=7.6241e+05  pde=7.6229e+05  bc=2.4261e+01  ic=0.0000e+00  fc=0.0000e+00
2026-05-28 00:17:31 [pinn_trainer][circle][ak_k4][k=-][s=-] INFO Adam   500/1000  loss=4.8119e-02  pde=4.8104e-02  bc=3.0139e-06  ic=0.0000e+00  fc=0.0000e+00
2026-05-28 00:17:57 [pinn_trainer][circle][ak_k4][k=-][s=-] INFO Adam  1000/1000  loss=9.2959e-05  pde=8.9994e-05  bc=5.9291e-07  ic=0.0000e+00  fc=0.0000e+00
2026-05-28 00:18:03 [pinn_trainer][circle][ak_k4][k=-][s=-] INFO L-BFGS  300/300  loss=3.9349e-04
2026-05-28 00:18:03 [pinn_trainer][circle][ak_k4][k=-][s=-] INFO Training done in 60.8 s
2026-05-28 00:18:03 [adaptive_k][circle][adaptive_k][k=adaptive][s=7] INFO   Win  7  k=4  [13.5→19.5 s]  interior_MAE=0.034°C  → k_next=5
2026-05-28 00:18:03 [pinn_trainer][circle][ak_k5][k=-][s=-] INFO Training start: t=[19.5,27.0]s  epochs_adam=1000  epochs_lbfgs=300  params=111439
2026-05-28 00:18:06 [pinn_trainer][circle][ak_k5][k=-][s=-] INFO Adam     1/1000  loss=2.0296e+06  pde=2.0295e+06  bc=1.8428e+01  ic=0.0000e+00  fc=0.0000e+00
2026-05-28 00:18:32 [pinn_trainer][circle][ak_k5][k=-][s=-] INFO Adam   500/1000  loss=2.5769e-01  pde=2.5761e-01  bc=1.5452e-05  ic=0.0000e+00  fc=0.0000e+00
2026-05-28 00:18:58 [pinn_trainer][circle][ak_k5][k=-][s=-] INFO Adam  1000/1000  loss=1.2040e-02  pde=1.2035e-02  bc=1.1111e-06  ic=0.0000e+00  fc=0.0000e+00
2026-05-28 00:19:02 [pinn_trainer][circle][ak_k5][k=-][s=-] INFO L-BFGS  300/300  loss=1.4486e-02
2026-05-28 00:19:02 [pinn_trainer][circle][ak_k5][k=-][s=-] INFO Training done in 59.1 s
2026-05-28 00:19:02 [adaptive_k][circle][adaptive_k][k=adaptive][s=7] INFO   Win  8  k=5  [19.5→27.0 s]  interior_MAE=0.065°C  → k_next=5
2026-05-28 00:19:02 [pinn_trainer][circle][ak_k5][k=-][s=-] INFO Training start: t=[27.0,30.0]s  epochs_adam=1000  epochs_lbfgs=300  params=111439
2026-05-28 00:19:05 [pinn_trainer][circle][ak_k5][k=-][s=-] INFO Adam     1/1000  loss=1.0544e+06  pde=1.0542e+06  bc=3.4471e+01  ic=0.0000e+00  fc=0.0000e+00
2026-05-28 00:19:31 [pinn_trainer][circle][ak_k5][k=-][s=-] INFO Adam   500/1000  loss=4.0160e-02  pde=4.0150e-02  bc=1.8862e-06  ic=0.0000e+00  fc=0.0000e+00
2026-05-28 00:19:57 [pinn_trainer][circle][ak_k5][k=-][s=-] INFO Adam  1000/1000  loss=3.8798e-05  pde=3.7432e-05  bc=2.7329e-07  ic=0.0000e+00  fc=0.0000e+00
2026-05-28 00:20:02 [pinn_trainer][circle][ak_k5][k=-][s=-] INFO L-BFGS  300/300  loss=1.6092e-04
2026-05-28 00:20:02 [pinn_trainer][circle][ak_k5][k=-][s=-] INFO Training done in 59.8 s
2026-05-28 00:20:02 [adaptive_k][circle][adaptive_k][k=adaptive][s=7] INFO   Win  9  k=5  [27.0→30.0 s]  interior_MAE=0.008°C  → k_next=5
2026-05-28 00:20:02 [adaptive_k][circle][adaptive_k][k=adaptive][s=7] INFO AdaptiveK done | wins=9 | FEM_solves=9/60 | FEM_saving=85% | MAE=1.662°C | L2=0.0180 | t=547 s
2026-05-28 00:20:02 [adaptive_k][circle][adaptive_k][k=adaptive][s=7] INFO k schedule: t=0.0s:k=1 → t=1.5s:k=1 → t=3.0s:k=1 → t=4.5s:k=1 → t=6.0s:k=2 → t=9.0s:k=3 → t=13.5s:k=4 → t=19.5s:k=5 → t=27.0s:k=5
2026-05-28 00:20:02 [adaptive_k][circle][adaptive_k][k=adaptive][s=7] INFO Saved → /home/coder/NAS-PINNS1/thermal_pinn/quenching_mswp/results/adaptive_k/circle/seed7_adaptive
2026-05-28 00:20:04 [stage_adaptive_k][all][adaptive_k][k=-][s=-] INFO RESULT geo=circle   seed=7 | MAE=1.662°C | L2=0.0180 | FEM_solves=9/60 | FEM_saving=85%
2026-05-28 00:20:04 [stage_adaptive_k][all][adaptive_k][k=-][s=-] INFO AdaptiveK | geo=circle seed=8 arch=[151, 151, 151, 151, 151] thr_up=2.0 thr_dn=5.0
2026-05-28 00:20:04 [adaptive_k][circle][adaptive_k][k=adaptive][s=8] INFO AdaptiveK | arch=[151, 151, 151, 151, 151] | k=[1..5] | thr_up=2.0°C thr_dn=5.0°C | fourier=True
2026-05-28 00:20:04 [pinn_trainer][circle][ak_k1][k=-][s=-] INFO Training start: t=[0.0,1.5]s  epochs_adam=1000  epochs_lbfgs=300  params=111439
2026-05-28 00:20:06 [pinn_trainer][circle][ak_k1][k=-][s=-] INFO Adam     1/1000  loss=4.2950e+05  pde=4.2943e+05  bc=1.3858e+01  ic=0.0000e+00  fc=0.0000e+00
2026-05-28 00:20:32 [pinn_trainer][circle][ak_k1][k=-][s=-] INFO Adam   500/1000  loss=2.2941e+01  pde=2.0446e+01  bc=4.9892e-01  ic=0.0000e+00  fc=0.0000e+00
2026-05-28 00:20:58 [pinn_trainer][circle][ak_k1][k=-][s=-] INFO Adam  1000/1000  loss=9.7830e+00  pde=7.6706e+00  bc=4.2247e-01  ic=0.0000e+00  fc=0.0000e+00
2026-05-28 00:21:05 [pinn_trainer][circle][ak_k1][k=-][s=-] INFO L-BFGS  300/300  loss=1.0038e+01
2026-05-28 00:21:05 [pinn_trainer][circle][ak_k1][k=-][s=-] INFO Training done in 61.2 s
2026-05-28 00:21:05 [adaptive_k][circle][adaptive_k][k=adaptive][s=8] INFO   Win  1  k=1  [0.0→1.5 s]  interior_MAE=19.531°C  → k_next=1
2026-05-28 00:21:05 [pinn_trainer][circle][ak_k1][k=-][s=-] INFO Training start: t=[1.5,3.0]s  epochs_adam=1000  epochs_lbfgs=300  params=111439
2026-05-28 00:21:08 [pinn_trainer][circle][ak_k1][k=-][s=-] INFO Adam     1/1000  loss=7.8006e+05  pde=7.7997e+05  bc=1.8037e+01  ic=0.0000e+00  fc=0.0000e+00
2026-05-28 00:21:34 [pinn_trainer][circle][ak_k1][k=-][s=-] INFO Adam   500/1000  loss=7.1337e+00  pde=6.8240e+00  bc=6.1932e-02  ic=0.0000e+00  fc=0.0000e+00
2026-05-28 00:22:00 [pinn_trainer][circle][ak_k1][k=-][s=-] INFO Adam  1000/1000  loss=2.3428e+00  pde=2.0553e+00  bc=5.7501e-02  ic=0.0000e+00  fc=0.0000e+00
2026-05-28 00:22:08 [pinn_trainer][circle][ak_k1][k=-][s=-] INFO L-BFGS  300/300  loss=2.3336e+00
2026-05-28 00:22:08 [pinn_trainer][circle][ak_k1][k=-][s=-] INFO Training done in 63.3 s
2026-05-28 00:22:08 [adaptive_k][circle][adaptive_k][k=adaptive][s=8] INFO   Win  2  k=1  [1.5→3.0 s]  interior_MAE=11.818°C  → k_next=1
2026-05-28 00:22:08 [pinn_trainer][circle][ak_k1][k=-][s=-] INFO Training start: t=[3.0,4.5]s  epochs_adam=1000  epochs_lbfgs=300  params=111439
2026-05-28 00:22:11 [pinn_trainer][circle][ak_k1][k=-][s=-] INFO Adam     1/1000  loss=1.7567e+06  pde=1.7565e+06  bc=3.0939e+01  ic=0.0000e+00  fc=0.0000e+00
2026-05-28 00:22:37 [pinn_trainer][circle][ak_k1][k=-][s=-] INFO Adam   500/1000  loss=2.0943e+00  pde=2.0539e+00  bc=8.0878e-03  ic=0.0000e+00  fc=0.0000e+00
2026-05-28 00:23:03 [pinn_trainer][circle][ak_k1][k=-][s=-] INFO Adam  1000/1000  loss=5.0054e-01  pde=4.6106e-01  bc=7.8962e-03  ic=0.0000e+00  fc=0.0000e+00
2026-05-28 00:23:09 [pinn_trainer][circle][ak_k1][k=-][s=-] INFO L-BFGS  300/300  loss=4.7998e-01
2026-05-28 00:23:09 [pinn_trainer][circle][ak_k1][k=-][s=-] INFO Training done in 60.4 s
2026-05-28 00:23:09 [adaptive_k][circle][adaptive_k][k=adaptive][s=8] INFO   Win  3  k=1  [3.0→4.5 s]  interior_MAE=4.957°C  → k_next=1
2026-05-28 00:23:09 [pinn_trainer][circle][ak_k1][k=-][s=-] INFO Training start: t=[4.5,6.0]s  epochs_adam=1000  epochs_lbfgs=300  params=111439
2026-05-28 00:23:12 [pinn_trainer][circle][ak_k1][k=-][s=-] INFO Adam     1/1000  loss=7.1268e+05  pde=7.1259e+05  bc=1.8254e+01  ic=0.0000e+00  fc=0.0000e+00
2026-05-28 00:23:37 [pinn_trainer][circle][ak_k1][k=-][s=-] INFO Adam   500/1000  loss=1.6033e-01  pde=1.5507e-01  bc=1.0517e-03  ic=0.0000e+00  fc=0.0000e+00
2026-05-28 00:24:03 [pinn_trainer][circle][ak_k1][k=-][s=-] INFO Adam  1000/1000  loss=1.9823e-01  pde=1.9308e-01  bc=1.0314e-03  ic=0.0000e+00  fc=0.0000e+00
2026-05-28 00:24:13 [pinn_trainer][circle][ak_k1][k=-][s=-] INFO L-BFGS  300/300  loss=1.9147e-01
2026-05-28 00:24:13 [pinn_trainer][circle][ak_k1][k=-][s=-] INFO Training done in 64.4 s
2026-05-28 00:24:13 [adaptive_k][circle][adaptive_k][k=adaptive][s=8] INFO   Win  4  k=1  [4.5→6.0 s]  interior_MAE=1.801°C  → k_next=2
2026-05-28 00:24:13 [pinn_trainer][circle][ak_k2][k=-][s=-] INFO Training start: t=[6.0,9.0]s  epochs_adam=1000  epochs_lbfgs=300  params=111439
2026-05-28 00:24:16 [pinn_trainer][circle][ak_k2][k=-][s=-] INFO Adam     1/1000  loss=1.4911e+06  pde=1.4909e+06  bc=3.0545e+01  ic=0.0000e+00  fc=0.0000e+00
2026-05-28 00:24:42 [pinn_trainer][circle][ak_k2][k=-][s=-] INFO Adam   500/1000  loss=1.4874e-01  pde=1.4815e-01  bc=1.1771e-04  ic=0.0000e+00  fc=0.0000e+00
2026-05-28 00:25:08 [pinn_trainer][circle][ak_k2][k=-][s=-] INFO Adam  1000/1000  loss=7.8331e-03  pde=7.3226e-03  bc=1.0210e-04  ic=0.0000e+00  fc=0.0000e+00
2026-05-28 00:25:14 [pinn_trainer][circle][ak_k2][k=-][s=-] INFO L-BFGS  300/300  loss=1.0509e-02
2026-05-28 00:25:14 [pinn_trainer][circle][ak_k2][k=-][s=-] INFO Training done in 60.5 s
2026-05-28 00:25:14 [adaptive_k][circle][adaptive_k][k=adaptive][s=8] INFO   Win  5  k=2  [6.0→9.0 s]  interior_MAE=1.496°C  → k_next=3
2026-05-28 00:25:14 [pinn_trainer][circle][ak_k3][k=-][s=-] INFO Training start: t=[9.0,13.5]s  epochs_adam=1000  epochs_lbfgs=300  params=111439
2026-05-28 00:25:17 [pinn_trainer][circle][ak_k3][k=-][s=-] INFO Adam     1/1000  loss=1.0493e+06  pde=1.0491e+06  bc=2.9641e+01  ic=0.0000e+00  fc=0.0000e+00
2026-05-28 00:25:43 [pinn_trainer][circle][ak_k3][k=-][s=-] INFO Adam   500/1000  loss=1.5095e-02  pde=1.5082e-02  bc=2.4340e-06  ic=0.0000e+00  fc=0.0000e+00
2026-05-28 00:26:09 [pinn_trainer][circle][ak_k3][k=-][s=-] INFO Adam  1000/1000  loss=1.5257e-04  pde=1.4466e-04  bc=1.5807e-06  ic=0.0000e+00  fc=0.0000e+00
2026-05-28 00:26:15 [pinn_trainer][circle][ak_k3][k=-][s=-] INFO L-BFGS  300/300  loss=3.0076e-03
2026-05-28 00:26:15 [pinn_trainer][circle][ak_k3][k=-][s=-] INFO Training done in 60.9 s
2026-05-28 00:26:15 [adaptive_k][circle][adaptive_k][k=adaptive][s=8] INFO   Win  6  k=3  [9.0→13.5 s]  interior_MAE=0.251°C  → k_next=4
2026-05-28 00:26:15 [pinn_trainer][circle][ak_k4][k=-][s=-] INFO Training start: t=[13.5,19.5]s  epochs_adam=1000  epochs_lbfgs=300  params=111439
2026-05-28 00:26:18 [pinn_trainer][circle][ak_k4][k=-][s=-] INFO Adam     1/1000  loss=1.3517e+06  pde=1.3516e+06  bc=2.7633e+01  ic=0.0000e+00  fc=0.0000e+00
2026-05-28 00:26:43 [pinn_trainer][circle][ak_k4][k=-][s=-] INFO Adam   500/1000  loss=1.0498e+00  pde=1.0493e+00  bc=1.1179e-04  ic=0.0000e+00  fc=0.0000e+00
2026-05-28 00:27:09 [pinn_trainer][circle][ak_k4][k=-][s=-] INFO Adam  1000/1000  loss=3.8926e-03  pde=3.8904e-03  bc=4.4776e-07  ic=0.0000e+00  fc=0.0000e+00
2026-05-28 00:27:17 [pinn_trainer][circle][ak_k4][k=-][s=-] INFO L-BFGS  300/300  loss=1.7101e-03
2026-05-28 00:27:17 [pinn_trainer][circle][ak_k4][k=-][s=-] INFO Training done in 61.7 s
2026-05-28 00:27:17 [adaptive_k][circle][adaptive_k][k=adaptive][s=8] INFO   Win  7  k=4  [13.5→19.5 s]  interior_MAE=0.011°C  → k_next=5
2026-05-28 00:27:17 [pinn_trainer][circle][ak_k5][k=-][s=-] INFO Training start: t=[19.5,27.0]s  epochs_adam=1000  epochs_lbfgs=300  params=111439
2026-05-28 00:27:19 [pinn_trainer][circle][ak_k5][k=-][s=-] INFO Adam     1/1000  loss=1.2727e+06  pde=1.2726e+06  bc=2.4309e+01  ic=0.0000e+00  fc=0.0000e+00
2026-05-28 00:27:45 [pinn_trainer][circle][ak_k5][k=-][s=-] INFO Adam   500/1000  loss=1.3532e-01  pde=1.3526e-01  bc=1.1242e-05  ic=0.0000e+00  fc=0.0000e+00
2026-05-28 00:28:11 [pinn_trainer][circle][ak_k5][k=-][s=-] INFO Adam  1000/1000  loss=6.1200e-04  pde=6.1198e-04  bc=2.0440e-09  ic=0.0000e+00  fc=0.0000e+00
2026-05-28 00:28:16 [pinn_trainer][circle][ak_k5][k=-][s=-] INFO L-BFGS  300/300  loss=8.5025e-04
2026-05-28 00:28:16 [pinn_trainer][circle][ak_k5][k=-][s=-] INFO Training done in 59.2 s
2026-05-28 00:28:16 [adaptive_k][circle][adaptive_k][k=adaptive][s=8] INFO   Win  8  k=5  [19.5→27.0 s]  interior_MAE=0.000°C  → k_next=5
2026-05-28 00:28:16 [pinn_trainer][circle][ak_k5][k=-][s=-] INFO Training start: t=[27.0,30.0]s  epochs_adam=1000  epochs_lbfgs=300  params=111439
2026-05-28 00:28:19 [pinn_trainer][circle][ak_k5][k=-][s=-] INFO Adam     1/1000  loss=9.3499e+05  pde=9.3486e+05  bc=2.6241e+01  ic=0.0000e+00  fc=0.0000e+00
2026-05-28 00:28:45 [pinn_trainer][circle][ak_k5][k=-][s=-] INFO Adam   500/1000  loss=9.1538e-03  pde=9.1484e-03  bc=1.0702e-06  ic=0.0000e+00  fc=0.0000e+00
2026-05-28 00:29:11 [pinn_trainer][circle][ak_k5][k=-][s=-] INFO Adam  1000/1000  loss=1.9957e-03  pde=1.9954e-03  bc=5.6111e-08  ic=0.0000e+00  fc=0.0000e+00
2026-05-28 00:29:15 [pinn_trainer][circle][ak_k5][k=-][s=-] INFO L-BFGS  300/300  loss=1.3324e-03
2026-05-28 00:29:15 [pinn_trainer][circle][ak_k5][k=-][s=-] INFO Training done in 59.4 s
2026-05-28 00:29:16 [adaptive_k][circle][adaptive_k][k=adaptive][s=8] INFO   Win  9  k=5  [27.0→30.0 s]  interior_MAE=0.005°C  → k_next=5
2026-05-28 00:29:16 [adaptive_k][circle][adaptive_k][k=adaptive][s=8] INFO AdaptiveK done | wins=9 | FEM_solves=9/60 | FEM_saving=85% | MAE=1.431°C | L2=0.0164 | t=552 s
2026-05-28 00:29:16 [adaptive_k][circle][adaptive_k][k=adaptive][s=8] INFO k schedule: t=0.0s:k=1 → t=1.5s:k=1 → t=3.0s:k=1 → t=4.5s:k=1 → t=6.0s:k=2 → t=9.0s:k=3 → t=13.5s:k=4 → t=19.5s:k=5 → t=27.0s:k=5
2026-05-28 00:29:16 [adaptive_k][circle][adaptive_k][k=adaptive][s=8] INFO Saved → /home/coder/NAS-PINNS1/thermal_pinn/quenching_mswp/results/adaptive_k/circle/seed8_adaptive
2026-05-28 00:29:17 [stage_adaptive_k][all][adaptive_k][k=-][s=-] INFO RESULT geo=circle   seed=8 | MAE=1.431°C | L2=0.0164 | FEM_solves=9/60 | FEM_saving=85%
2026-05-28 00:29:17 [stage_adaptive_k][all][adaptive_k][k=-][s=-] INFO AdaptiveK | geo=circle seed=9 arch=[151, 151, 151, 151, 151] thr_up=2.0 thr_dn=5.0
2026-05-28 00:29:17 [adaptive_k][circle][adaptive_k][k=adaptive][s=9] INFO AdaptiveK | arch=[151, 151, 151, 151, 151] | k=[1..5] | thr_up=2.0°C thr_dn=5.0°C | fourier=True
2026-05-28 00:29:17 [pinn_trainer][circle][ak_k1][k=-][s=-] INFO Training start: t=[0.0,1.5]s  epochs_adam=1000  epochs_lbfgs=300  params=111439
2026-05-28 00:29:20 [pinn_trainer][circle][ak_k1][k=-][s=-] INFO Adam     1/1000  loss=1.0228e+06  pde=1.0227e+06  bc=2.5374e+01  ic=0.0000e+00  fc=0.0000e+00
2026-05-28 00:29:46 [pinn_trainer][circle][ak_k1][k=-][s=-] INFO Adam   500/1000  loss=4.7178e+01  pde=4.4658e+01  bc=5.0401e-01  ic=0.0000e+00  fc=0.0000e+00
2026-05-28 00:30:12 [pinn_trainer][circle][ak_k1][k=-][s=-] INFO Adam  1000/1000  loss=1.5112e+01  pde=1.2850e+01  bc=4.5232e-01  ic=0.0000e+00  fc=0.0000e+00
2026-05-28 00:30:17 [pinn_trainer][circle][ak_k1][k=-][s=-] INFO L-BFGS  300/300  loss=1.4734e+01
2026-05-28 00:30:17 [pinn_trainer][circle][ak_k1][k=-][s=-] INFO Training done in 59.9 s
2026-05-28 00:30:17 [adaptive_k][circle][adaptive_k][k=adaptive][s=9] INFO   Win  1  k=1  [0.0→1.5 s]  interior_MAE=24.852°C  → k_next=1
2026-05-28 00:30:17 [pinn_trainer][circle][ak_k1][k=-][s=-] INFO Training start: t=[1.5,3.0]s  epochs_adam=1000  epochs_lbfgs=300  params=111439
2026-05-28 00:30:20 [pinn_trainer][circle][ak_k1][k=-][s=-] INFO Adam     1/1000  loss=1.0640e+06  pde=1.0639e+06  bc=2.3663e+01  ic=0.0000e+00  fc=0.0000e+00
2026-05-28 00:30:47 [pinn_trainer][circle][ak_k1][k=-][s=-] INFO Adam   500/1000  loss=3.7838e+00  pde=3.4783e+00  bc=6.1113e-02  ic=0.0000e+00  fc=0.0000e+00
2026-05-28 00:31:12 [pinn_trainer][circle][ak_k1][k=-][s=-] INFO Adam  1000/1000  loss=2.3694e+00  pde=2.0985e+00  bc=5.4185e-02  ic=0.0000e+00  fc=0.0000e+00
2026-05-28 00:31:17 [pinn_trainer][circle][ak_k1][k=-][s=-] INFO L-BFGS  300/300  loss=2.5007e+00
2026-05-28 00:31:17 [pinn_trainer][circle][ak_k1][k=-][s=-] INFO Training done in 59.5 s
2026-05-28 00:31:17 [adaptive_k][circle][adaptive_k][k=adaptive][s=9] INFO   Win  2  k=1  [1.5→3.0 s]  interior_MAE=9.384°C  → k_next=1
2026-05-28 00:31:17 [pinn_trainer][circle][ak_k1][k=-][s=-] INFO Training start: t=[3.0,4.5]s  epochs_adam=1000  epochs_lbfgs=300  params=111439
2026-05-28 00:31:20 [pinn_trainer][circle][ak_k1][k=-][s=-] INFO Adam     1/1000  loss=1.5707e+06  pde=1.5705e+06  bc=3.7768e+01  ic=0.0000e+00  fc=0.0000e+00
2026-05-28 00:31:45 [pinn_trainer][circle][ak_k1][k=-][s=-] INFO Adam   500/1000  loss=1.8726e+00  pde=1.8315e+00  bc=8.2112e-03  ic=0.0000e+00  fc=0.0000e+00
2026-05-28 00:32:12 [pinn_trainer][circle][ak_k1][k=-][s=-] INFO Adam  1000/1000  loss=3.4047e-01  pde=3.0151e-01  bc=7.7913e-03  ic=0.0000e+00  fc=0.0000e+00
2026-05-28 00:32:17 [pinn_trainer][circle][ak_k1][k=-][s=-] INFO L-BFGS  300/300  loss=3.3347e-01
2026-05-28 00:32:17 [pinn_trainer][circle][ak_k1][k=-][s=-] INFO Training done in 60.1 s
2026-05-28 00:32:17 [adaptive_k][circle][adaptive_k][k=adaptive][s=9] INFO   Win  3  k=1  [3.0→4.5 s]  interior_MAE=4.499°C  → k_next=1
2026-05-28 00:32:17 [pinn_trainer][circle][ak_k1][k=-][s=-] INFO Training start: t=[4.5,6.0]s  epochs_adam=1000  epochs_lbfgs=300  params=111439
2026-05-28 00:32:20 [pinn_trainer][circle][ak_k1][k=-][s=-] INFO Adam     1/1000  loss=7.3301e+05  pde=7.3292e+05  bc=1.6887e+01  ic=0.0000e+00  fc=0.0000e+00
2026-05-28 00:32:46 [pinn_trainer][circle][ak_k1][k=-][s=-] INFO Adam   500/1000  loss=1.7188e-01  pde=1.6664e-01  bc=1.0493e-03  ic=0.0000e+00  fc=0.0000e+00
2026-05-28 00:33:11 [pinn_trainer][circle][ak_k1][k=-][s=-] INFO Adam  1000/1000  loss=6.5983e-02  pde=6.0795e-02  bc=1.0376e-03  ic=0.0000e+00  fc=0.0000e+00
2026-05-28 00:33:17 [pinn_trainer][circle][ak_k1][k=-][s=-] INFO L-BFGS  300/300  loss=6.5866e-02
2026-05-28 00:33:17 [pinn_trainer][circle][ak_k1][k=-][s=-] INFO Training done in 60.2 s
2026-05-28 00:33:17 [adaptive_k][circle][adaptive_k][k=adaptive][s=9] INFO   Win  4  k=1  [4.5→6.0 s]  interior_MAE=1.892°C  → k_next=2
2026-05-28 00:33:17 [pinn_trainer][circle][ak_k2][k=-][s=-] INFO Training start: t=[6.0,9.0]s  epochs_adam=1000  epochs_lbfgs=300  params=111439
2026-05-28 00:33:20 [pinn_trainer][circle][ak_k2][k=-][s=-] INFO Adam     1/1000  loss=6.7475e+05  pde=6.7465e+05  bc=1.9476e+01  ic=0.0000e+00  fc=0.0000e+00
2026-05-28 00:33:46 [pinn_trainer][circle][ak_k2][k=-][s=-] INFO Adam   500/1000  loss=4.2569e-01  pde=4.2475e-01  bc=1.8778e-04  ic=0.0000e+00  fc=0.0000e+00
2026-05-28 00:34:12 [pinn_trainer][circle][ak_k2][k=-][s=-] INFO Adam  1000/1000  loss=1.2694e-02  pde=1.2181e-02  bc=1.0256e-04  ic=0.0000e+00  fc=0.0000e+00
2026-05-28 00:34:22 [pinn_trainer][circle][ak_k2][k=-][s=-] INFO L-BFGS  300/300  loss=9.9209e-03
2026-05-28 00:34:22 [pinn_trainer][circle][ak_k2][k=-][s=-] INFO Training done in 65.2 s
2026-05-28 00:34:22 [adaptive_k][circle][adaptive_k][k=adaptive][s=9] INFO   Win  5  k=2  [6.0→9.0 s]  interior_MAE=1.460°C  → k_next=3
2026-05-28 00:34:22 [pinn_trainer][circle][ak_k3][k=-][s=-] INFO Training start: t=[9.0,13.5]s  epochs_adam=1000  epochs_lbfgs=300  params=111439
2026-05-28 00:34:25 [pinn_trainer][circle][ak_k3][k=-][s=-] INFO Adam     1/1000  loss=6.5312e+05  pde=6.5304e+05  bc=1.6091e+01  ic=0.0000e+00  fc=0.0000e+00
2026-05-28 00:34:51 [pinn_trainer][circle][ak_k3][k=-][s=-] INFO Adam   500/1000  loss=6.0680e-02  pde=6.0647e-02  bc=6.7481e-06  ic=0.0000e+00  fc=0.0000e+00
2026-05-28 00:35:17 [pinn_trainer][circle][ak_k3][k=-][s=-] INFO Adam  1000/1000  loss=2.1218e-03  pde=2.1119e-03  bc=1.9840e-06  ic=0.0000e+00  fc=0.0000e+00
2026-05-28 00:35:22 [pinn_trainer][circle][ak_k3][k=-][s=-] INFO L-BFGS  300/300  loss=8.0566e-04
2026-05-28 00:35:22 [pinn_trainer][circle][ak_k3][k=-][s=-] INFO Training done in 59.4 s
2026-05-28 00:35:22 [adaptive_k][circle][adaptive_k][k=adaptive][s=9] INFO   Win  6  k=3  [9.0→13.5 s]  interior_MAE=0.270°C  → k_next=4
2026-05-28 00:35:22 [pinn_trainer][circle][ak_k4][k=-][s=-] INFO Training start: t=[13.5,19.5]s  epochs_adam=1000  epochs_lbfgs=300  params=111439
2026-05-28 00:35:25 [pinn_trainer][circle][ak_k4][k=-][s=-] INFO Adam     1/1000  loss=1.4644e+06  pde=1.4642e+06  bc=4.0137e+01  ic=0.0000e+00  fc=0.0000e+00
2026-05-28 00:35:51 [pinn_trainer][circle][ak_k4][k=-][s=-] INFO Adam   500/1000  loss=1.5956e-01  pde=1.5949e-01  bc=1.4358e-05  ic=0.0000e+00  fc=0.0000e+00
2026-05-28 00:36:16 [pinn_trainer][circle][ak_k4][k=-][s=-] INFO Adam  1000/1000  loss=3.0476e-03  pde=3.0475e-03  bc=2.5824e-08  ic=0.0000e+00  fc=0.0000e+00
2026-05-28 00:36:24 [pinn_trainer][circle][ak_k4][k=-][s=-] INFO L-BFGS  300/300  loss=4.9631e-03
2026-05-28 00:36:24 [pinn_trainer][circle][ak_k4][k=-][s=-] INFO Training done in 61.8 s
2026-05-28 00:36:24 [adaptive_k][circle][adaptive_k][k=adaptive][s=9] INFO   Win  7  k=4  [13.5→19.5 s]  interior_MAE=0.015°C  → k_next=5
2026-05-28 00:36:24 [pinn_trainer][circle][ak_k5][k=-][s=-] INFO Training start: t=[19.5,27.0]s  epochs_adam=1000  epochs_lbfgs=300  params=111439
2026-05-28 00:36:27 [pinn_trainer][circle][ak_k5][k=-][s=-] INFO Adam     1/1000  loss=5.1835e+05  pde=5.1827e+05  bc=1.6314e+01  ic=0.0000e+00  fc=0.0000e+00
2026-05-28 00:36:52 [pinn_trainer][circle][ak_k5][k=-][s=-] INFO Adam   500/1000  loss=4.4672e-01  pde=4.4622e-01  bc=1.0123e-04  ic=0.0000e+00  fc=0.0000e+00
2026-05-28 00:37:18 [pinn_trainer][circle][ak_k5][k=-][s=-] INFO Adam  1000/1000  loss=5.1756e-03  pde=5.1751e-03  bc=1.0587e-07  ic=0.0000e+00  fc=0.0000e+00
2026-05-28 00:37:24 [pinn_trainer][circle][ak_k5][k=-][s=-] INFO L-BFGS  300/300  loss=3.0898e-03
2026-05-28 00:37:24 [pinn_trainer][circle][ak_k5][k=-][s=-] INFO Training done in 60.0 s
2026-05-28 00:37:24 [adaptive_k][circle][adaptive_k][k=adaptive][s=9] INFO   Win  8  k=5  [19.5→27.0 s]  interior_MAE=0.006°C  → k_next=5
2026-05-28 00:37:24 [pinn_trainer][circle][ak_k5][k=-][s=-] INFO Training start: t=[27.0,30.0]s  epochs_adam=1000  epochs_lbfgs=300  params=111439
2026-05-28 00:37:27 [pinn_trainer][circle][ak_k5][k=-][s=-] INFO Adam     1/1000  loss=1.1955e+06  pde=1.1954e+06  bc=3.5407e+01  ic=0.0000e+00  fc=0.0000e+00
2026-05-28 00:37:53 [pinn_trainer][circle][ak_k5][k=-][s=-] INFO Adam   500/1000  loss=4.1861e-02  pde=4.1855e-02  bc=1.1572e-06  ic=0.0000e+00  fc=0.0000e+00
2026-05-28 00:38:20 [pinn_trainer][circle][ak_k5][k=-][s=-] INFO Adam  1000/1000  loss=2.8911e+00  pde=2.8898e+00  bc=2.5730e-04  ic=0.0000e+00  fc=0.0000e+00
2026-05-28 00:38:27 [pinn_trainer][circle][ak_k5][k=-][s=-] INFO L-BFGS  300/300  loss=3.2898e+00
2026-05-28 00:38:27 [pinn_trainer][circle][ak_k5][k=-][s=-] INFO Training done in 63.3 s
2026-05-28 00:38:28 [adaptive_k][circle][adaptive_k][k=adaptive][s=9] INFO   Win  9  k=5  [27.0→30.0 s]  interior_MAE=0.016°C  → k_next=5
2026-05-28 00:38:28 [adaptive_k][circle][adaptive_k][k=adaptive][s=9] INFO AdaptiveK done | wins=9 | FEM_solves=9/60 | FEM_saving=85% | MAE=1.518°C | L2=0.0163 | t=550 s
2026-05-28 00:38:28 [adaptive_k][circle][adaptive_k][k=adaptive][s=9] INFO k schedule: t=0.0s:k=1 → t=1.5s:k=1 → t=3.0s:k=1 → t=4.5s:k=1 → t=6.0s:k=2 → t=9.0s:k=3 → t=13.5s:k=4 → t=19.5s:k=5 → t=27.0s:k=5
2026-05-28 00:38:28 [adaptive_k][circle][adaptive_k][k=adaptive][s=9] INFO Saved → /home/coder/NAS-PINNS1/thermal_pinn/quenching_mswp/results/adaptive_k/circle/seed9_adaptive
2026-05-28 00:38:29 [stage_adaptive_k][all][adaptive_k][k=-][s=-] INFO RESULT geo=circle   seed=9 | MAE=1.518°C | L2=0.0163 | FEM_solves=9/60 | FEM_saving=85%
2026-05-28 00:38:29 [stage_adaptive_k][all][adaptive_k][k=-][s=-] INFO AdaptiveK | geo=lshape seed=1 arch=[151, 151, 151, 151, 151] thr_up=2.0 thr_dn=5.0
2026-05-28 00:38:29 [adaptive_k][lshape][adaptive_k][k=adaptive][s=1] INFO AdaptiveK | arch=[151, 151, 151, 151, 151] | k=[1..5] | thr_up=2.0°C thr_dn=5.0°C | fourier=True
2026-05-28 00:38:29 [pinn_trainer][lshape][ak_k1][k=-][s=-] INFO Training start: t=[0.0,1.5]s  epochs_adam=1000  epochs_lbfgs=300  params=111439
2026-05-28 00:38:32 [pinn_trainer][lshape][ak_k1][k=-][s=-] INFO Adam     1/1000  loss=5.7211e+04  pde=5.7176e+04  bc=6.9469e+00  ic=0.0000e+00  fc=0.0000e+00
2026-05-28 00:38:57 [pinn_trainer][lshape][ak_k1][k=-][s=-] INFO Adam   500/1000  loss=6.9832e+00  pde=4.6483e+00  bc=4.6697e-01  ic=0.0000e+00  fc=0.0000e+00
2026-05-28 00:39:21 [pinn_trainer][lshape][ak_k1][k=-][s=-] INFO Adam  1000/1000  loss=3.6449e+00  pde=1.9113e+00  bc=3.4672e-01  ic=0.0000e+00  fc=0.0000e+00
2026-05-28 00:39:26 [pinn_trainer][lshape][ak_k1][k=-][s=-] INFO L-BFGS  300/300  loss=3.7425e+00
2026-05-28 00:39:26 [pinn_trainer][lshape][ak_k1][k=-][s=-] INFO Training done in 56.4 s
2026-05-28 00:39:26 [adaptive_k][lshape][adaptive_k][k=adaptive][s=1] INFO   Win  1  k=1  [0.0→1.5 s]  interior_MAE=18.810°C  → k_next=1
2026-05-28 00:39:26 [pinn_trainer][lshape][ak_k1][k=-][s=-] INFO Training start: t=[1.5,3.0]s  epochs_adam=1000  epochs_lbfgs=300  params=111439
2026-05-28 00:39:28 [pinn_trainer][lshape][ak_k1][k=-][s=-] INFO Adam     1/1000  loss=8.2815e+04  pde=8.2772e+04  bc=8.6182e+00  ic=0.0000e+00  fc=0.0000e+00
2026-05-28 00:39:53 [pinn_trainer][lshape][ak_k1][k=-][s=-] INFO Adam   500/1000  loss=2.3939e+00  pde=1.8157e+00  bc=1.1563e-01  ic=0.0000e+00  fc=0.0000e+00
2026-05-28 00:40:17 [pinn_trainer][lshape][ak_k1][k=-][s=-] INFO Adam  1000/1000  loss=9.9305e-01  pde=5.2364e-01  bc=9.3882e-02  ic=0.0000e+00  fc=0.0000e+00
2026-05-28 00:40:26 [pinn_trainer][lshape][ak_k1][k=-][s=-] INFO L-BFGS  300/300  loss=1.0243e+00
2026-05-28 00:40:26 [pinn_trainer][lshape][ak_k1][k=-][s=-] INFO Training done in 60.4 s
2026-05-28 00:40:26 [adaptive_k][lshape][adaptive_k][k=adaptive][s=1] INFO   Win  2  k=1  [1.5→3.0 s]  interior_MAE=7.052°C  → k_next=1
2026-05-28 00:40:26 [pinn_trainer][lshape][ak_k1][k=-][s=-] INFO Training start: t=[3.0,4.5]s  epochs_adam=1000  epochs_lbfgs=300  params=111439
2026-05-28 00:40:29 [pinn_trainer][lshape][ak_k1][k=-][s=-] INFO Adam     1/1000  loss=6.7451e+04  pde=6.7412e+04  bc=7.8319e+00  ic=0.0000e+00  fc=0.0000e+00
2026-05-28 00:40:53 [pinn_trainer][lshape][ak_k1][k=-][s=-] INFO Adam   500/1000  loss=8.6458e-01  pde=7.0809e-01  bc=3.1298e-02  ic=0.0000e+00  fc=0.0000e+00
2026-05-28 00:41:18 [pinn_trainer][lshape][ak_k1][k=-][s=-] INFO Adam  1000/1000  loss=8.8063e-01  pde=7.4508e-01  bc=2.7110e-02  ic=0.0000e+00  fc=0.0000e+00
2026-05-28 00:41:23 [pinn_trainer][lshape][ak_k1][k=-][s=-] INFO L-BFGS  300/300  loss=8.4076e-01
2026-05-28 00:41:23 [pinn_trainer][lshape][ak_k1][k=-][s=-] INFO Training done in 56.9 s
2026-05-28 00:41:23 [adaptive_k][lshape][adaptive_k][k=adaptive][s=1] INFO   Win  3  k=1  [3.0→4.5 s]  interior_MAE=3.257°C  → k_next=1
2026-05-28 00:41:23 [pinn_trainer][lshape][ak_k1][k=-][s=-] INFO Training start: t=[4.5,6.0]s  epochs_adam=1000  epochs_lbfgs=300  params=111439
2026-05-28 00:41:26 [pinn_trainer][lshape][ak_k1][k=-][s=-] INFO Adam     1/1000  loss=3.6611e+04  pde=3.6588e+04  bc=4.6740e+00  ic=0.0000e+00  fc=0.0000e+00
2026-05-28 00:41:50 [pinn_trainer][lshape][ak_k1][k=-][s=-] INFO Adam   500/1000  loss=4.2501e-01  pde=3.8353e-01  bc=8.2957e-03  ic=0.0000e+00  fc=0.0000e+00
2026-05-28 00:42:15 [pinn_trainer][lshape][ak_k1][k=-][s=-] INFO Adam  1000/1000  loss=1.8718e-01  pde=1.5133e-01  bc=7.1695e-03  ic=0.0000e+00  fc=0.0000e+00
2026-05-28 00:42:20 [pinn_trainer][lshape][ak_k1][k=-][s=-] INFO L-BFGS  300/300  loss=1.9452e-01
2026-05-28 00:42:20 [pinn_trainer][lshape][ak_k1][k=-][s=-] INFO Training done in 57.3 s
2026-05-28 00:42:20 [adaptive_k][lshape][adaptive_k][k=adaptive][s=1] INFO   Win  4  k=1  [4.5→6.0 s]  interior_MAE=1.622°C  → k_next=2
2026-05-28 00:42:20 [pinn_trainer][lshape][ak_k2][k=-][s=-] INFO Training start: t=[6.0,9.0]s  epochs_adam=1000  epochs_lbfgs=300  params=111439
2026-05-28 00:42:23 [pinn_trainer][lshape][ak_k2][k=-][s=-] INFO Adam     1/1000  loss=4.9363e+04  pde=4.9339e+04  bc=4.9544e+00  ic=0.0000e+00  fc=0.0000e+00
2026-05-28 00:42:47 [pinn_trainer][lshape][ak_k2][k=-][s=-] INFO Adam   500/1000  loss=4.1155e-02  pde=3.3541e-02  bc=1.5229e-03  ic=0.0000e+00  fc=0.0000e+00
2026-05-28 00:43:12 [pinn_trainer][lshape][ak_k2][k=-][s=-] INFO Adam  1000/1000  loss=2.0335e-02  pde=1.4038e-02  bc=1.2595e-03  ic=0.0000e+00  fc=0.0000e+00
2026-05-28 00:43:16 [pinn_trainer][lshape][ak_k2][k=-][s=-] INFO L-BFGS  300/300  loss=2.0258e-02
2026-05-28 00:43:16 [pinn_trainer][lshape][ak_k2][k=-][s=-] INFO Training done in 55.9 s
2026-05-28 00:43:16 [adaptive_k][lshape][adaptive_k][k=adaptive][s=1] INFO   Win  5  k=2  [6.0→9.0 s]  interior_MAE=2.613°C  → k_next=2
2026-05-28 00:43:16 [pinn_trainer][lshape][ak_k2][k=-][s=-] INFO Training start: t=[9.0,12.0]s  epochs_adam=1000  epochs_lbfgs=300  params=111439
2026-05-28 00:43:19 [pinn_trainer][lshape][ak_k2][k=-][s=-] INFO Adam     1/1000  loss=6.0231e+04  pde=6.0208e+04  bc=4.7322e+00  ic=0.0000e+00  fc=0.0000e+00
2026-05-28 00:43:43 [pinn_trainer][lshape][ak_k2][k=-][s=-] INFO Adam   500/1000  loss=1.4532e-02  pde=1.3982e-02  bc=1.1007e-04  ic=0.0000e+00  fc=0.0000e+00
2026-05-28 00:44:08 [pinn_trainer][lshape][ak_k2][k=-][s=-] INFO Adam  1000/1000  loss=3.0025e-03  pde=2.5066e-03  bc=9.9179e-05  ic=0.0000e+00  fc=0.0000e+00
2026-05-28 00:44:13 [pinn_trainer][lshape][ak_k2][k=-][s=-] INFO L-BFGS  300/300  loss=2.9080e-03
2026-05-28 00:44:13 [pinn_trainer][lshape][ak_k2][k=-][s=-] INFO Training done in 56.6 s
2026-05-28 00:44:13 [adaptive_k][lshape][adaptive_k][k=adaptive][s=1] INFO   Win  6  k=2  [9.0→12.0 s]  interior_MAE=0.806°C  → k_next=3
2026-05-28 00:44:13 [pinn_trainer][lshape][ak_k3][k=-][s=-] INFO Training start: t=[12.0,16.5]s  epochs_adam=1000  epochs_lbfgs=300  params=111439
2026-05-28 00:44:15 [pinn_trainer][lshape][ak_k3][k=-][s=-] INFO Adam     1/1000  loss=5.0720e+04  pde=5.0693e+04  bc=5.4145e+00  ic=0.0000e+00  fc=0.0000e+00
2026-05-28 00:44:40 [pinn_trainer][lshape][ak_k3][k=-][s=-] INFO Adam   500/1000  loss=3.5089e-03  pde=3.4770e-03  bc=6.3797e-06  ic=0.0000e+00  fc=0.0000e+00
2026-05-28 00:45:04 [pinn_trainer][lshape][ak_k3][k=-][s=-] INFO Adam  1000/1000  loss=2.1490e-04  pde=1.8770e-04  bc=5.4400e-06  ic=0.0000e+00  fc=0.0000e+00
2026-05-28 00:45:09 [pinn_trainer][lshape][ak_k3][k=-][s=-] INFO L-BFGS  300/300  loss=3.7040e-04
2026-05-28 00:45:09 [pinn_trainer][lshape][ak_k3][k=-][s=-] INFO Training done in 56.1 s
2026-05-28 00:45:09 [adaptive_k][lshape][adaptive_k][k=adaptive][s=1] INFO   Win  7  k=3  [12.0→16.5 s]  interior_MAE=0.339°C  → k_next=4
2026-05-28 00:45:09 [pinn_trainer][lshape][ak_k4][k=-][s=-] INFO Training start: t=[16.5,22.5]s  epochs_adam=1000  epochs_lbfgs=300  params=111439
2026-05-28 00:45:12 [pinn_trainer][lshape][ak_k4][k=-][s=-] INFO Adam     1/1000  loss=3.5301e+04  pde=3.5275e+04  bc=5.0972e+00  ic=0.0000e+00  fc=0.0000e+00
2026-05-28 00:45:36 [pinn_trainer][lshape][ak_k4][k=-][s=-] INFO Adam   500/1000  loss=5.0178e-04  pde=5.0114e-04  bc=1.2844e-07  ic=0.0000e+00  fc=0.0000e+00
2026-05-28 00:46:01 [pinn_trainer][lshape][ak_k4][k=-][s=-] INFO Adam  1000/1000  loss=4.5817e-04  pde=4.5597e-04  bc=4.4097e-07  ic=0.0000e+00  fc=0.0000e+00
2026-05-28 00:46:05 [pinn_trainer][lshape][ak_k4][k=-][s=-] INFO L-BFGS  300/300  loss=2.8503e-04
2026-05-28 00:46:05 [pinn_trainer][lshape][ak_k4][k=-][s=-] INFO Training done in 56.4 s
2026-05-28 00:46:05 [adaptive_k][lshape][adaptive_k][k=adaptive][s=1] INFO   Win  8  k=4  [16.5→22.5 s]  interior_MAE=0.047°C  → k_next=5
2026-05-28 00:46:06 [pinn_trainer][lshape][ak_k5][k=-][s=-] INFO Training start: t=[22.5,30.0]s  epochs_adam=1000  epochs_lbfgs=300  params=111439
2026-05-28 00:46:08 [pinn_trainer][lshape][ak_k5][k=-][s=-] INFO Adam     1/1000  loss=1.2210e+05  pde=1.2207e+05  bc=6.4116e+00  ic=0.0000e+00  fc=0.0000e+00
2026-05-28 00:46:32 [pinn_trainer][lshape][ak_k5][k=-][s=-] INFO Adam   500/1000  loss=5.2499e-04  pde=5.2445e-04  bc=1.0812e-07  ic=0.0000e+00  fc=0.0000e+00
2026-05-28 00:46:57 [pinn_trainer][lshape][ak_k5][k=-][s=-] INFO Adam  1000/1000  loss=9.9046e-05  pde=9.9035e-05  bc=2.1937e-09  ic=0.0000e+00  fc=0.0000e+00
2026-05-28 00:47:03 [pinn_trainer][lshape][ak_k5][k=-][s=-] INFO L-BFGS  300/300  loss=1.1584e-04
2026-05-28 00:47:03 [pinn_trainer][lshape][ak_k5][k=-][s=-] INFO Training done in 57.3 s
2026-05-28 00:47:03 [adaptive_k][lshape][adaptive_k][k=adaptive][s=1] INFO   Win  9  k=5  [22.5→30.0 s]  interior_MAE=0.012°C  → k_next=5
2026-05-28 00:47:03 [adaptive_k][lshape][adaptive_k][k=adaptive][s=1] INFO AdaptiveK done | wins=9 | FEM_solves=9/60 | FEM_saving=85% | MAE=1.366°C | L2=0.0167 | t=513 s
2026-05-28 00:47:03 [adaptive_k][lshape][adaptive_k][k=adaptive][s=1] INFO k schedule: t=0.0s:k=1 → t=1.5s:k=1 → t=3.0s:k=1 → t=4.5s:k=1 → t=6.0s:k=2 → t=9.0s:k=2 → t=12.0s:k=3 → t=16.5s:k=4 → t=22.5s:k=5
2026-05-28 00:47:03 [adaptive_k][lshape][adaptive_k][k=adaptive][s=1] INFO Saved → /home/coder/NAS-PINNS1/thermal_pinn/quenching_mswp/results/adaptive_k/lshape/seed1_adaptive
2026-05-28 00:47:03 [stage_adaptive_k][all][adaptive_k][k=-][s=-] INFO RESULT geo=lshape   seed=1 | MAE=1.366°C | L2=0.0167 | FEM_solves=9/60 | FEM_saving=85%
2026-05-28 00:47:03 [stage_adaptive_k][all][adaptive_k][k=-][s=-] INFO AdaptiveK | geo=lshape seed=2 arch=[151, 151, 151, 151, 151] thr_up=2.0 thr_dn=5.0
2026-05-28 00:47:03 [adaptive_k][lshape][adaptive_k][k=adaptive][s=2] INFO AdaptiveK | arch=[151, 151, 151, 151, 151] | k=[1..5] | thr_up=2.0°C thr_dn=5.0°C | fourier=True
2026-05-28 00:47:03 [pinn_trainer][lshape][ak_k1][k=-][s=-] INFO Training start: t=[0.0,1.5]s  epochs_adam=1000  epochs_lbfgs=300  params=111439
2026-05-28 00:47:06 [pinn_trainer][lshape][ak_k1][k=-][s=-] INFO Adam     1/1000  loss=5.3785e+04  pde=5.3754e+04  bc=6.1321e+00  ic=0.0000e+00  fc=0.0000e+00
2026-05-28 00:47:30 [pinn_trainer][lshape][ak_k1][k=-][s=-] INFO Adam   500/1000  loss=7.1501e+00  pde=4.7973e+00  bc=4.7056e-01  ic=0.0000e+00  fc=0.0000e+00
2026-05-28 00:47:53 [pinn_trainer][lshape][ak_k1][k=-][s=-] INFO Adam  1000/1000  loss=4.1595e+00  pde=2.2867e+00  bc=3.7455e-01  ic=0.0000e+00  fc=0.0000e+00
2026-05-28 00:47:58 [pinn_trainer][lshape][ak_k1][k=-][s=-] INFO L-BFGS  300/300  loss=4.2559e+00
2026-05-28 00:47:58 [pinn_trainer][lshape][ak_k1][k=-][s=-] INFO Training done in 54.3 s
2026-05-28 00:47:58 [adaptive_k][lshape][adaptive_k][k=adaptive][s=2] INFO   Win  1  k=1  [0.0→1.5 s]  interior_MAE=17.660°C  → k_next=1
2026-05-28 00:47:58 [pinn_trainer][lshape][ak_k1][k=-][s=-] INFO Training start: t=[1.5,3.0]s  epochs_adam=1000  epochs_lbfgs=300  params=111439
2026-05-28 00:48:00 [pinn_trainer][lshape][ak_k1][k=-][s=-] INFO Adam     1/1000  loss=5.2655e+04  pde=5.2628e+04  bc=5.5065e+00  ic=0.0000e+00  fc=0.0000e+00
2026-05-28 00:48:24 [pinn_trainer][lshape][ak_k1][k=-][s=-] INFO Adam   500/1000  loss=1.6374e+00  pde=1.0770e+00  bc=1.1209e-01  ic=0.0000e+00  fc=0.0000e+00
2026-05-28 00:48:48 [pinn_trainer][lshape][ak_k1][k=-][s=-] INFO Adam  1000/1000  loss=1.2820e+00  pde=8.3299e-01  bc=8.9803e-02  ic=0.0000e+00  fc=0.0000e+00
2026-05-28 00:48:58 [pinn_trainer][lshape][ak_k1][k=-][s=-] INFO L-BFGS  300/300  loss=1.2853e+00
2026-05-28 00:48:58 [pinn_trainer][lshape][ak_k1][k=-][s=-] INFO Training done in 60.1 s
2026-05-28 00:48:58 [adaptive_k][lshape][adaptive_k][k=adaptive][s=2] INFO   Win  2  k=1  [1.5→3.0 s]  interior_MAE=7.098°C  → k_next=1
2026-05-28 00:48:58 [pinn_trainer][lshape][ak_k1][k=-][s=-] INFO Training start: t=[3.0,4.5]s  epochs_adam=1000  epochs_lbfgs=300  params=111439
2026-05-28 00:49:00 [pinn_trainer][lshape][ak_k1][k=-][s=-] INFO Adam     1/1000  loss=4.6258e+04  pde=4.6235e+04  bc=4.6672e+00  ic=0.0000e+00  fc=0.0000e+00
2026-05-28 00:49:24 [pinn_trainer][lshape][ak_k1][k=-][s=-] INFO Adam   500/1000  loss=7.7528e-01  pde=6.2014e-01  bc=3.1028e-02  ic=0.0000e+00  fc=0.0000e+00
2026-05-28 00:49:48 [pinn_trainer][lshape][ak_k1][k=-][s=-] INFO Adam  1000/1000  loss=3.7290e-01  pde=2.3859e-01  bc=2.6861e-02  ic=0.0000e+00  fc=0.0000e+00
2026-05-28 00:49:56 [pinn_trainer][lshape][ak_k1][k=-][s=-] INFO L-BFGS  300/300  loss=3.7004e-01
2026-05-28 00:49:56 [pinn_trainer][lshape][ak_k1][k=-][s=-] INFO Training done in 58.7 s
2026-05-28 00:49:56 [adaptive_k][lshape][adaptive_k][k=adaptive][s=2] INFO   Win  3  k=1  [3.0→4.5 s]  interior_MAE=2.909°C  → k_next=1
2026-05-28 00:49:56 [pinn_trainer][lshape][ak_k1][k=-][s=-] INFO Training start: t=[4.5,6.0]s  epochs_adam=1000  epochs_lbfgs=300  params=111439
2026-05-28 00:49:59 [pinn_trainer][lshape][ak_k1][k=-][s=-] INFO Adam     1/1000  loss=8.9903e+04  pde=8.9867e+04  bc=7.1739e+00  ic=0.0000e+00  fc=0.0000e+00
2026-05-28 00:50:23 [pinn_trainer][lshape][ak_k1][k=-][s=-] INFO Adam   500/1000  loss=2.5401e-01  pde=2.1567e-01  bc=7.6666e-03  ic=0.0000e+00  fc=0.0000e+00
2026-05-28 00:50:46 [pinn_trainer][lshape][ak_k1][k=-][s=-] INFO Adam  1000/1000  loss=1.2198e-01  pde=8.7389e-02  bc=6.9172e-03  ic=0.0000e+00  fc=0.0000e+00
2026-05-28 00:50:52 [pinn_trainer][lshape][ak_k1][k=-][s=-] INFO L-BFGS  300/300  loss=1.2972e-01
2026-05-28 00:50:52 [pinn_trainer][lshape][ak_k1][k=-][s=-] INFO Training done in 55.5 s
2026-05-28 00:50:52 [adaptive_k][lshape][adaptive_k][k=adaptive][s=2] INFO   Win  4  k=1  [4.5→6.0 s]  interior_MAE=1.905°C  → k_next=2
2026-05-28 00:50:52 [pinn_trainer][lshape][ak_k2][k=-][s=-] INFO Training start: t=[6.0,9.0]s  epochs_adam=1000  epochs_lbfgs=300  params=111439
2026-05-28 00:50:54 [pinn_trainer][lshape][ak_k2][k=-][s=-] INFO Adam     1/1000  loss=6.3907e+04  pde=6.3867e+04  bc=8.0788e+00  ic=0.0000e+00  fc=0.0000e+00
2026-05-28 00:51:18 [pinn_trainer][lshape][ak_k2][k=-][s=-] INFO Adam   500/1000  loss=8.5850e-02  pde=7.7946e-02  bc=1.5809e-03  ic=0.0000e+00  fc=0.0000e+00
2026-05-28 00:51:42 [pinn_trainer][lshape][ak_k2][k=-][s=-] INFO Adam  1000/1000  loss=4.0491e-02  pde=3.3350e-02  bc=1.4282e-03  ic=0.0000e+00  fc=0.0000e+00
2026-05-28 00:51:47 [pinn_trainer][lshape][ak_k2][k=-][s=-] INFO L-BFGS  300/300  loss=3.9735e-02
2026-05-28 00:51:47 [pinn_trainer][lshape][ak_k2][k=-][s=-] INFO Training done in 55.1 s
2026-05-28 00:51:47 [adaptive_k][lshape][adaptive_k][k=adaptive][s=2] INFO   Win  5  k=2  [6.0→9.0 s]  interior_MAE=3.023°C  → k_next=2
2026-05-28 00:51:47 [pinn_trainer][lshape][ak_k2][k=-][s=-] INFO Training start: t=[9.0,12.0]s  epochs_adam=1000  epochs_lbfgs=300  params=111439
2026-05-28 00:51:50 [pinn_trainer][lshape][ak_k2][k=-][s=-] INFO Adam     1/1000  loss=3.5515e+04  pde=3.5493e+04  bc=4.3587e+00  ic=0.0000e+00  fc=0.0000e+00
2026-05-28 00:52:14 [pinn_trainer][lshape][ak_k2][k=-][s=-] INFO Adam   500/1000  loss=2.6396e-02  pde=2.5862e-02  bc=1.0689e-04  ic=0.0000e+00  fc=0.0000e+00
2026-05-28 00:52:37 [pinn_trainer][lshape][ak_k2][k=-][s=-] INFO Adam  1000/1000  loss=5.2666e-02  pde=5.2109e-02  bc=1.1138e-04  ic=0.0000e+00  fc=0.0000e+00
2026-05-28 00:52:42 [pinn_trainer][lshape][ak_k2][k=-][s=-] INFO L-BFGS  300/300  loss=5.7722e-02
2026-05-28 00:52:42 [pinn_trainer][lshape][ak_k2][k=-][s=-] INFO Training done in 55.0 s
2026-05-28 00:52:42 [adaptive_k][lshape][adaptive_k][k=adaptive][s=2] INFO   Win  6  k=2  [9.0→12.0 s]  interior_MAE=0.917°C  → k_next=3
2026-05-28 00:52:42 [pinn_trainer][lshape][ak_k3][k=-][s=-] INFO Training start: t=[12.0,16.5]s  epochs_adam=1000  epochs_lbfgs=300  params=111439
2026-05-28 00:52:45 [pinn_trainer][lshape][ak_k3][k=-][s=-] INFO Adam     1/1000  loss=3.3704e+05  pde=3.3701e+05  bc=7.3050e+00  ic=0.0000e+00  fc=0.0000e+00
2026-05-28 00:53:08 [pinn_trainer][lshape][ak_k3][k=-][s=-] INFO Adam   500/1000  loss=7.4145e-04  pde=7.1278e-04  bc=5.7334e-06  ic=0.0000e+00  fc=0.0000e+00
2026-05-28 00:53:32 [pinn_trainer][lshape][ak_k3][k=-][s=-] INFO Adam  1000/1000  loss=2.2309e-04  pde=1.9579e-04  bc=5.4611e-06  ic=0.0000e+00  fc=0.0000e+00
2026-05-28 00:53:36 [pinn_trainer][lshape][ak_k3][k=-][s=-] INFO L-BFGS  300/300  loss=4.3308e-04
2026-05-28 00:53:36 [pinn_trainer][lshape][ak_k3][k=-][s=-] INFO Training done in 54.1 s
2026-05-28 00:53:36 [adaptive_k][lshape][adaptive_k][k=adaptive][s=2] INFO   Win  7  k=3  [12.0→16.5 s]  interior_MAE=0.334°C  → k_next=4
2026-05-28 00:53:36 [pinn_trainer][lshape][ak_k4][k=-][s=-] INFO Training start: t=[16.5,22.5]s  epochs_adam=1000  epochs_lbfgs=300  params=111439
2026-05-28 00:53:39 [pinn_trainer][lshape][ak_k4][k=-][s=-] INFO Adam     1/1000  loss=1.3452e+05  pde=1.3448e+05  bc=8.1105e+00  ic=0.0000e+00  fc=0.0000e+00
2026-05-28 00:54:03 [pinn_trainer][lshape][ak_k4][k=-][s=-] INFO Adam   500/1000  loss=1.0690e-02  pde=1.0664e-02  bc=5.1958e-06  ic=0.0000e+00  fc=0.0000e+00
2026-05-28 00:54:27 [pinn_trainer][lshape][ak_k4][k=-][s=-] INFO Adam  1000/1000  loss=7.1475e-04  pde=7.1405e-04  bc=1.3963e-07  ic=0.0000e+00  fc=0.0000e+00
2026-05-28 00:54:32 [pinn_trainer][lshape][ak_k4][k=-][s=-] INFO L-BFGS  300/300  loss=3.5454e-04
2026-05-28 00:54:32 [pinn_trainer][lshape][ak_k4][k=-][s=-] INFO Training done in 55.4 s
2026-05-28 00:54:32 [adaptive_k][lshape][adaptive_k][k=adaptive][s=2] INFO   Win  8  k=4  [16.5→22.5 s]  interior_MAE=0.049°C  → k_next=5
2026-05-28 00:54:32 [pinn_trainer][lshape][ak_k5][k=-][s=-] INFO Training start: t=[22.5,30.0]s  epochs_adam=1000  epochs_lbfgs=300  params=111439
2026-05-28 00:54:34 [pinn_trainer][lshape][ak_k5][k=-][s=-] INFO Adam     1/1000  loss=4.8216e+04  pde=4.8191e+04  bc=5.1807e+00  ic=0.0000e+00  fc=0.0000e+00
2026-05-28 00:54:58 [pinn_trainer][lshape][ak_k5][k=-][s=-] INFO Adam   500/1000  loss=4.3201e-03  pde=4.3131e-03  bc=1.4008e-06  ic=0.0000e+00  fc=0.0000e+00
2026-05-28 00:55:22 [pinn_trainer][lshape][ak_k5][k=-][s=-] INFO Adam  1000/1000  loss=2.5696e-04  pde=2.5695e-04  bc=1.2765e-09  ic=0.0000e+00  fc=0.0000e+00
2026-05-28 00:55:29 [pinn_trainer][lshape][ak_k5][k=-][s=-] INFO L-BFGS  300/300  loss=2.1794e-04
2026-05-28 00:55:29 [pinn_trainer][lshape][ak_k5][k=-][s=-] INFO Training done in 57.4 s
2026-05-28 00:55:29 [adaptive_k][lshape][adaptive_k][k=adaptive][s=2] INFO   Win  9  k=5  [22.5→30.0 s]  interior_MAE=0.002°C  → k_next=5
2026-05-28 00:55:29 [adaptive_k][lshape][adaptive_k][k=adaptive][s=2] INFO AdaptiveK done | wins=9 | FEM_solves=9/60 | FEM_saving=85% | MAE=1.368°C | L2=0.0178 | t=506 s
2026-05-28 00:55:29 [adaptive_k][lshape][adaptive_k][k=adaptive][s=2] INFO k schedule: t=0.0s:k=1 → t=1.5s:k=1 → t=3.0s:k=1 → t=4.5s:k=1 → t=6.0s:k=2 → t=9.0s:k=2 → t=12.0s:k=3 → t=16.5s:k=4 → t=22.5s:k=5
2026-05-28 00:55:29 [adaptive_k][lshape][adaptive_k][k=adaptive][s=2] INFO Saved → /home/coder/NAS-PINNS1/thermal_pinn/quenching_mswp/results/adaptive_k/lshape/seed2_adaptive
2026-05-28 00:55:30 [stage_adaptive_k][all][adaptive_k][k=-][s=-] INFO RESULT geo=lshape   seed=2 | MAE=1.368°C | L2=0.0178 | FEM_solves=9/60 | FEM_saving=85%
2026-05-28 00:55:30 [stage_adaptive_k][all][adaptive_k][k=-][s=-] INFO AdaptiveK | geo=lshape seed=3 arch=[151, 151, 151, 151, 151] thr_up=2.0 thr_dn=5.0
2026-05-28 00:55:30 [adaptive_k][lshape][adaptive_k][k=adaptive][s=3] INFO AdaptiveK | arch=[151, 151, 151, 151, 151] | k=[1..5] | thr_up=2.0°C thr_dn=5.0°C | fourier=True
2026-05-28 00:55:30 [pinn_trainer][lshape][ak_k1][k=-][s=-] INFO Training start: t=[0.0,1.5]s  epochs_adam=1000  epochs_lbfgs=300  params=111439
2026-05-28 00:55:33 [pinn_trainer][lshape][ak_k1][k=-][s=-] INFO Adam     1/1000  loss=5.7947e+04  pde=5.7908e+04  bc=7.8380e+00  ic=0.0000e+00  fc=0.0000e+00
2026-05-28 00:55:57 [pinn_trainer][lshape][ak_k1][k=-][s=-] INFO Adam   500/1000  loss=9.3444e+00  pde=6.9032e+00  bc=4.8824e-01  ic=0.0000e+00  fc=0.0000e+00
2026-05-28 00:56:22 [pinn_trainer][lshape][ak_k1][k=-][s=-] INFO Adam  1000/1000  loss=4.6352e+00  pde=2.6691e+00  bc=3.9323e-01  ic=0.0000e+00  fc=0.0000e+00
2026-05-28 00:56:26 [pinn_trainer][lshape][ak_k1][k=-][s=-] INFO L-BFGS  300/300  loss=4.6767e+00
2026-05-28 00:56:26 [pinn_trainer][lshape][ak_k1][k=-][s=-] INFO Training done in 56.3 s
2026-05-28 00:56:26 [adaptive_k][lshape][adaptive_k][k=adaptive][s=3] INFO   Win  1  k=1  [0.0→1.5 s]  interior_MAE=17.582°C  → k_next=1
2026-05-28 00:56:26 [pinn_trainer][lshape][ak_k1][k=-][s=-] INFO Training start: t=[1.5,3.0]s  epochs_adam=1000  epochs_lbfgs=300  params=111439
2026-05-28 00:56:29 [pinn_trainer][lshape][ak_k1][k=-][s=-] INFO Adam     1/1000  loss=1.5103e+05  pde=1.5096e+05  bc=1.4259e+01  ic=0.0000e+00  fc=0.0000e+00
2026-05-28 00:56:53 [pinn_trainer][lshape][ak_k1][k=-][s=-] INFO Adam   500/1000  loss=2.2634e+00  pde=1.6793e+00  bc=1.1683e-01  ic=0.0000e+00  fc=0.0000e+00
2026-05-28 00:57:17 [pinn_trainer][lshape][ak_k1][k=-][s=-] INFO Adam  1000/1000  loss=1.0583e+00  pde=5.8430e-01  bc=9.4806e-02  ic=0.0000e+00  fc=0.0000e+00
2026-05-28 00:57:22 [pinn_trainer][lshape][ak_k1][k=-][s=-] INFO L-BFGS  300/300  loss=1.0832e+00
2026-05-28 00:57:22 [pinn_trainer][lshape][ak_k1][k=-][s=-] INFO Training done in 55.7 s
2026-05-28 00:57:22 [adaptive_k][lshape][adaptive_k][k=adaptive][s=3] INFO   Win  2  k=1  [1.5→3.0 s]  interior_MAE=6.344°C  → k_next=1
2026-05-28 00:57:22 [pinn_trainer][lshape][ak_k1][k=-][s=-] INFO Training start: t=[3.0,4.5]s  epochs_adam=1000  epochs_lbfgs=300  params=111439
2026-05-28 00:57:24 [pinn_trainer][lshape][ak_k1][k=-][s=-] INFO Adam     1/1000  loss=5.8109e+04  pde=5.8085e+04  bc=4.7254e+00  ic=0.0000e+00  fc=0.0000e+00
2026-05-28 00:57:49 [pinn_trainer][lshape][ak_k1][k=-][s=-] INFO Adam   500/1000  loss=6.4058e-01  pde=4.9037e-01  bc=3.0042e-02  ic=0.0000e+00  fc=0.0000e+00
2026-05-28 00:58:13 [pinn_trainer][lshape][ak_k1][k=-][s=-] INFO Adam  1000/1000  loss=3.2054e-01  pde=1.9465e-01  bc=2.5178e-02  ic=0.0000e+00  fc=0.0000e+00
2026-05-28 00:58:20 [pinn_trainer][lshape][ak_k1][k=-][s=-] INFO L-BFGS  300/300  loss=3.2705e-01
2026-05-28 00:58:20 [pinn_trainer][lshape][ak_k1][k=-][s=-] INFO Training done in 58.1 s
2026-05-28 00:58:20 [adaptive_k][lshape][adaptive_k][k=adaptive][s=3] INFO   Win  3  k=1  [3.0→4.5 s]  interior_MAE=2.957°C  → k_next=1
2026-05-28 00:58:20 [pinn_trainer][lshape][ak_k1][k=-][s=-] INFO Training start: t=[4.5,6.0]s  epochs_adam=1000  epochs_lbfgs=300  params=111439
2026-05-28 00:58:23 [pinn_trainer][lshape][ak_k1][k=-][s=-] INFO Adam     1/1000  loss=5.2356e+04  pde=5.2330e+04  bc=5.1675e+00  ic=0.0000e+00  fc=0.0000e+00
2026-05-28 00:58:47 [pinn_trainer][lshape][ak_k1][k=-][s=-] INFO Adam   500/1000  loss=4.3383e-01  pde=3.9427e-01  bc=7.9124e-03  ic=0.0000e+00  fc=0.0000e+00
2026-05-28 00:59:11 [pinn_trainer][lshape][ak_k1][k=-][s=-] INFO Adam  1000/1000  loss=1.0772e-01  pde=7.4345e-02  bc=6.6745e-03  ic=0.0000e+00  fc=0.0000e+00
2026-05-28 00:59:16 [pinn_trainer][lshape][ak_k1][k=-][s=-] INFO L-BFGS  300/300  loss=1.1597e-01
2026-05-28 00:59:16 [pinn_trainer][lshape][ak_k1][k=-][s=-] INFO Training done in 56.3 s
2026-05-28 00:59:16 [adaptive_k][lshape][adaptive_k][k=adaptive][s=3] INFO   Win  4  k=1  [4.5→6.0 s]  interior_MAE=1.872°C  → k_next=2
2026-05-28 00:59:17 [pinn_trainer][lshape][ak_k2][k=-][s=-] INFO Training start: t=[6.0,9.0]s  epochs_adam=1000  epochs_lbfgs=300  params=111439
2026-05-28 00:59:19 [pinn_trainer][lshape][ak_k2][k=-][s=-] INFO Adam     1/1000  loss=6.3079e+04  pde=6.3046e+04  bc=6.6631e+00  ic=0.0000e+00  fc=0.0000e+00
2026-05-28 00:59:43 [pinn_trainer][lshape][ak_k2][k=-][s=-] INFO Adam   500/1000  loss=1.2514e-01  pde=1.1729e-01  bc=1.5692e-03  ic=0.0000e+00  fc=0.0000e+00
2026-05-28 01:00:07 [pinn_trainer][lshape][ak_k2][k=-][s=-] INFO Adam  1000/1000  loss=3.8821e-02  pde=3.1479e-02  bc=1.4685e-03  ic=0.0000e+00  fc=0.0000e+00
2026-05-28 01:00:14 [pinn_trainer][lshape][ak_k2][k=-][s=-] INFO L-BFGS  300/300  loss=3.8701e-02
2026-05-28 01:00:14 [pinn_trainer][lshape][ak_k2][k=-][s=-] INFO Training done in 57.9 s
2026-05-28 01:00:14 [adaptive_k][lshape][adaptive_k][k=adaptive][s=3] INFO   Win  5  k=2  [6.0→9.0 s]  interior_MAE=3.194°C  → k_next=2
2026-05-28 01:00:14 [pinn_trainer][lshape][ak_k2][k=-][s=-] INFO Training start: t=[9.0,12.0]s  epochs_adam=1000  epochs_lbfgs=300  params=111439
2026-05-28 01:00:17 [pinn_trainer][lshape][ak_k2][k=-][s=-] INFO Adam     1/1000  loss=1.1361e+05  pde=1.1356e+05  bc=9.3124e+00  ic=0.0000e+00  fc=0.0000e+00
2026-05-28 01:00:41 [pinn_trainer][lshape][ak_k2][k=-][s=-] INFO Adam   500/1000  loss=1.2082e-02  pde=1.1546e-02  bc=1.0723e-04  ic=0.0000e+00  fc=0.0000e+00
2026-05-28 01:01:05 [pinn_trainer][lshape][ak_k2][k=-][s=-] INFO Adam  1000/1000  loss=3.3620e-03  pde=2.8620e-03  bc=1.0001e-04  ic=0.0000e+00  fc=0.0000e+00
2026-05-28 01:01:08 [pinn_trainer][lshape][ak_k2][k=-][s=-] INFO L-BFGS  300/300  loss=3.3029e-03
2026-05-28 01:01:08 [pinn_trainer][lshape][ak_k2][k=-][s=-] INFO Training done in 53.8 s
2026-05-28 01:01:08 [adaptive_k][lshape][adaptive_k][k=adaptive][s=3] INFO   Win  6  k=2  [9.0→12.0 s]  interior_MAE=0.867°C  → k_next=3
2026-05-28 01:01:08 [pinn_trainer][lshape][ak_k3][k=-][s=-] INFO Training start: t=[12.0,16.5]s  epochs_adam=1000  epochs_lbfgs=300  params=111439
2026-05-28 01:01:11 [pinn_trainer][lshape][ak_k3][k=-][s=-] INFO Adam     1/1000  loss=1.0414e+05  pde=1.0411e+05  bc=5.8177e+00  ic=0.0000e+00  fc=0.0000e+00
2026-05-28 01:01:35 [pinn_trainer][lshape][ak_k3][k=-][s=-] INFO Adam   500/1000  loss=7.4590e-03  pde=7.4209e-03  bc=7.6172e-06  ic=0.0000e+00  fc=0.0000e+00
2026-05-28 01:01:59 [pinn_trainer][lshape][ak_k3][k=-][s=-] INFO Adam  1000/1000  loss=4.6456e-04  pde=4.3688e-04  bc=5.5375e-06  ic=0.0000e+00  fc=0.0000e+00
2026-05-28 01:02:03 [pinn_trainer][lshape][ak_k3][k=-][s=-] INFO L-BFGS  300/300  loss=4.8987e-04
2026-05-28 01:02:03 [pinn_trainer][lshape][ak_k3][k=-][s=-] INFO Training done in 55.2 s
2026-05-28 01:02:04 [adaptive_k][lshape][adaptive_k][k=adaptive][s=3] INFO   Win  7  k=3  [12.0→16.5 s]  interior_MAE=0.324°C  → k_next=4
2026-05-28 01:02:04 [pinn_trainer][lshape][ak_k4][k=-][s=-] INFO Training start: t=[16.5,22.5]s  epochs_adam=1000  epochs_lbfgs=300  params=111439
2026-05-28 01:02:06 [pinn_trainer][lshape][ak_k4][k=-][s=-] INFO Adam     1/1000  loss=6.2124e+04  pde=6.2090e+04  bc=6.7257e+00  ic=0.0000e+00  fc=0.0000e+00
2026-05-28 01:02:30 [pinn_trainer][lshape][ak_k4][k=-][s=-] INFO Adam   500/1000  loss=1.9862e-03  pde=1.9846e-03  bc=3.2200e-07  ic=0.0000e+00  fc=0.0000e+00
2026-05-28 01:02:54 [pinn_trainer][lshape][ak_k4][k=-][s=-] INFO Adam  1000/1000  loss=2.9704e-04  pde=2.9485e-04  bc=4.3918e-07  ic=0.0000e+00  fc=0.0000e+00
2026-05-28 01:02:59 [pinn_trainer][lshape][ak_k4][k=-][s=-] INFO L-BFGS  300/300  loss=2.4781e-04
2026-05-28 01:02:59 [pinn_trainer][lshape][ak_k4][k=-][s=-] INFO Training done in 55.2 s
2026-05-28 01:02:59 [adaptive_k][lshape][adaptive_k][k=adaptive][s=3] INFO   Win  8  k=4  [16.5→22.5 s]  interior_MAE=0.060°C  → k_next=5
2026-05-28 01:02:59 [pinn_trainer][lshape][ak_k5][k=-][s=-] INFO Training start: t=[22.5,30.0]s  epochs_adam=1000  epochs_lbfgs=300  params=111439
2026-05-28 01:03:01 [pinn_trainer][lshape][ak_k5][k=-][s=-] INFO Adam     1/1000  loss=4.4911e+04  pde=4.4881e+04  bc=6.0976e+00  ic=0.0000e+00  fc=0.0000e+00
2026-05-28 01:03:25 [pinn_trainer][lshape][ak_k5][k=-][s=-] INFO Adam   500/1000  loss=5.5970e-03  pde=5.5928e-03  bc=8.5600e-07  ic=0.0000e+00  fc=0.0000e+00
2026-05-28 01:03:50 [pinn_trainer][lshape][ak_k5][k=-][s=-] INFO Adam  1000/1000  loss=2.4056e-04  pde=2.3953e-04  bc=2.0724e-07  ic=0.0000e+00  fc=0.0000e+00
2026-05-28 01:03:55 [pinn_trainer][lshape][ak_k5][k=-][s=-] INFO L-BFGS  300/300  loss=2.8439e-04
2026-05-28 01:03:55 [pinn_trainer][lshape][ak_k5][k=-][s=-] INFO Training done in 56.3 s
2026-05-28 01:03:55 [adaptive_k][lshape][adaptive_k][k=adaptive][s=3] INFO   Win  9  k=5  [22.5→30.0 s]  interior_MAE=0.029°C  → k_next=5
2026-05-28 01:03:55 [adaptive_k][lshape][adaptive_k][k=adaptive][s=3] INFO AdaptiveK done | wins=9 | FEM_solves=9/60 | FEM_saving=85% | MAE=1.358°C | L2=0.0183 | t=505 s
2026-05-28 01:03:55 [adaptive_k][lshape][adaptive_k][k=adaptive][s=3] INFO k schedule: t=0.0s:k=1 → t=1.5s:k=1 → t=3.0s:k=1 → t=4.5s:k=1 → t=6.0s:k=2 → t=9.0s:k=2 → t=12.0s:k=3 → t=16.5s:k=4 → t=22.5s:k=5
2026-05-28 01:03:55 [adaptive_k][lshape][adaptive_k][k=adaptive][s=3] INFO Saved → /home/coder/NAS-PINNS1/thermal_pinn/quenching_mswp/results/adaptive_k/lshape/seed3_adaptive
2026-05-28 01:03:56 [stage_adaptive_k][all][adaptive_k][k=-][s=-] INFO RESULT geo=lshape   seed=3 | MAE=1.358°C | L2=0.0183 | FEM_solves=9/60 | FEM_saving=85%
2026-05-28 01:03:56 [stage_adaptive_k][all][adaptive_k][k=-][s=-] INFO AdaptiveK | geo=lshape seed=4 arch=[151, 151, 151, 151, 151] thr_up=2.0 thr_dn=5.0
2026-05-28 01:03:56 [adaptive_k][lshape][adaptive_k][k=adaptive][s=4] INFO AdaptiveK | arch=[151, 151, 151, 151, 151] | k=[1..5] | thr_up=2.0°C thr_dn=5.0°C | fourier=True
2026-05-28 01:03:56 [pinn_trainer][lshape][ak_k1][k=-][s=-] INFO Training start: t=[0.0,1.5]s  epochs_adam=1000  epochs_lbfgs=300  params=111439
2026-05-28 01:03:58 [pinn_trainer][lshape][ak_k1][k=-][s=-] INFO Adam     1/1000  loss=8.4470e+04  pde=8.4417e+04  bc=1.0532e+01  ic=0.0000e+00  fc=0.0000e+00
2026-05-28 01:04:22 [pinn_trainer][lshape][ak_k1][k=-][s=-] INFO Adam   500/1000  loss=8.7433e+00  pde=6.3451e+00  bc=4.7963e-01  ic=0.0000e+00  fc=0.0000e+00
2026-05-28 01:04:46 [pinn_trainer][lshape][ak_k1][k=-][s=-] INFO Adam  1000/1000  loss=3.7597e+00  pde=1.9387e+00  bc=3.6420e-01  ic=0.0000e+00  fc=0.0000e+00
2026-05-28 01:04:54 [pinn_trainer][lshape][ak_k1][k=-][s=-] INFO L-BFGS  300/300  loss=3.9733e+00
2026-05-28 01:04:54 [pinn_trainer][lshape][ak_k1][k=-][s=-] INFO Training done in 58.5 s
2026-05-28 01:04:54 [adaptive_k][lshape][adaptive_k][k=adaptive][s=4] INFO   Win  1  k=1  [0.0→1.5 s]  interior_MAE=18.453°C  → k_next=1
2026-05-28 01:04:54 [pinn_trainer][lshape][ak_k1][k=-][s=-] INFO Training start: t=[1.5,3.0]s  epochs_adam=1000  epochs_lbfgs=300  params=111439
2026-05-28 01:04:57 [pinn_trainer][lshape][ak_k1][k=-][s=-] INFO Adam     1/1000  loss=7.2409e+04  pde=7.2383e+04  bc=5.3235e+00  ic=0.0000e+00  fc=0.0000e+00
2026-05-28 01:05:20 [pinn_trainer][lshape][ak_k1][k=-][s=-] INFO Adam   500/1000  loss=2.1920e+00  pde=1.5831e+00  bc=1.2178e-01  ic=0.0000e+00  fc=0.0000e+00
2026-05-28 01:05:44 [pinn_trainer][lshape][ak_k1][k=-][s=-] INFO Adam  1000/1000  loss=1.3263e+00  pde=8.0527e-01  bc=1.0421e-01  ic=0.0000e+00  fc=0.0000e+00
2026-05-28 01:05:50 [pinn_trainer][lshape][ak_k1][k=-][s=-] INFO L-BFGS  300/300  loss=1.3454e+00
2026-05-28 01:05:50 [pinn_trainer][lshape][ak_k1][k=-][s=-] INFO Training done in 56.1 s
2026-05-28 01:05:50 [adaptive_k][lshape][adaptive_k][k=adaptive][s=4] INFO   Win  2  k=1  [1.5→3.0 s]  interior_MAE=5.516°C  → k_next=1
2026-05-28 01:05:50 [pinn_trainer][lshape][ak_k1][k=-][s=-] INFO Training start: t=[3.0,4.5]s  epochs_adam=1000  epochs_lbfgs=300  params=111439
2026-05-28 01:05:53 [pinn_trainer][lshape][ak_k1][k=-][s=-] INFO Adam     1/1000  loss=4.6766e+04  pde=4.6736e+04  bc=5.9253e+00  ic=0.0000e+00  fc=0.0000e+00
2026-05-28 01:06:17 [pinn_trainer][lshape][ak_k1][k=-][s=-] INFO Adam   500/1000  loss=7.9194e-01  pde=6.4393e-01  bc=2.9603e-02  ic=0.0000e+00  fc=0.0000e+00
2026-05-28 01:06:40 [pinn_trainer][lshape][ak_k1][k=-][s=-] INFO Adam  1000/1000  loss=2.9687e-01  pde=1.7033e-01  bc=2.5308e-02  ic=0.0000e+00  fc=0.0000e+00
2026-05-28 01:06:45 [pinn_trainer][lshape][ak_k1][k=-][s=-] INFO L-BFGS  300/300  loss=3.1215e-01
2026-05-28 01:06:45 [pinn_trainer][lshape][ak_k1][k=-][s=-] INFO Training done in 54.5 s
2026-05-28 01:06:45 [adaptive_k][lshape][adaptive_k][k=adaptive][s=4] INFO   Win  3  k=1  [3.0→4.5 s]  interior_MAE=3.144°C  → k_next=1
2026-05-28 01:06:45 [pinn_trainer][lshape][ak_k1][k=-][s=-] INFO Training start: t=[4.5,6.0]s  epochs_adam=1000  epochs_lbfgs=300  params=111439
2026-05-28 01:06:47 [pinn_trainer][lshape][ak_k1][k=-][s=-] INFO Adam     1/1000  loss=4.9605e+04  pde=4.9581e+04  bc=4.6225e+00  ic=0.0000e+00  fc=0.0000e+00
2026-05-28 01:07:11 [pinn_trainer][lshape][ak_k1][k=-][s=-] INFO Adam   500/1000  loss=2.3396e-01  pde=1.9451e-01  bc=7.8900e-03  ic=0.0000e+00  fc=0.0000e+00
2026-05-28 01:07:35 [pinn_trainer][lshape][ak_k1][k=-][s=-] INFO Adam  1000/1000  loss=1.0751e+00  pde=1.0389e+00  bc=7.2389e-03  ic=0.0000e+00  fc=0.0000e+00
2026-05-28 01:07:42 [pinn_trainer][lshape][ak_k1][k=-][s=-] INFO L-BFGS  300/300  loss=1.0256e+00
2026-05-28 01:07:42 [pinn_trainer][lshape][ak_k1][k=-][s=-] INFO Training done in 56.9 s
2026-05-28 01:07:42 [adaptive_k][lshape][adaptive_k][k=adaptive][s=4] INFO   Win  4  k=1  [4.5→6.0 s]  interior_MAE=1.415°C  → k_next=2
2026-05-28 01:07:42 [pinn_trainer][lshape][ak_k2][k=-][s=-] INFO Training start: t=[6.0,9.0]s  epochs_adam=1000  epochs_lbfgs=300  params=111439
2026-05-28 01:07:44 [pinn_trainer][lshape][ak_k2][k=-][s=-] INFO Adam     1/1000  loss=4.6988e+04  pde=4.6970e+04  bc=3.6610e+00  ic=0.0000e+00  fc=0.0000e+00
2026-05-28 01:08:08 [pinn_trainer][lshape][ak_k2][k=-][s=-] INFO Adam   500/1000  loss=1.1929e-01  pde=1.1142e-01  bc=1.5727e-03  ic=0.0000e+00  fc=0.0000e+00
2026-05-28 01:08:32 [pinn_trainer][lshape][ak_k2][k=-][s=-] INFO Adam  1000/1000  loss=4.3417e-02  pde=3.6289e-02  bc=1.4255e-03  ic=0.0000e+00  fc=0.0000e+00
2026-05-28 01:08:36 [pinn_trainer][lshape][ak_k2][k=-][s=-] INFO L-BFGS  300/300  loss=4.1864e-02
2026-05-28 01:08:36 [pinn_trainer][lshape][ak_k2][k=-][s=-] INFO Training done in 54.5 s
2026-05-28 01:08:36 [adaptive_k][lshape][adaptive_k][k=adaptive][s=4] INFO   Win  5  k=2  [6.0→9.0 s]  interior_MAE=2.820°C  → k_next=2
2026-05-28 01:08:36 [pinn_trainer][lshape][ak_k2][k=-][s=-] INFO Training start: t=[9.0,12.0]s  epochs_adam=1000  epochs_lbfgs=300  params=111439
2026-05-28 01:08:39 [pinn_trainer][lshape][ak_k2][k=-][s=-] INFO Adam     1/1000  loss=3.9655e+04  pde=3.9635e+04  bc=4.1186e+00  ic=0.0000e+00  fc=0.0000e+00
2026-05-28 01:09:02 [pinn_trainer][lshape][ak_k2][k=-][s=-] INFO Adam   500/1000  loss=1.4125e-02  pde=1.3603e-02  bc=1.0447e-04  ic=0.0000e+00  fc=0.0000e+00
2026-05-28 01:09:26 [pinn_trainer][lshape][ak_k2][k=-][s=-] INFO Adam  1000/1000  loss=5.0461e-03  pde=4.5559e-03  bc=9.8037e-05  ic=0.0000e+00  fc=0.0000e+00
2026-05-28 01:09:30 [pinn_trainer][lshape][ak_k2][k=-][s=-] INFO L-BFGS  300/300  loss=4.1012e-03
2026-05-28 01:09:30 [pinn_trainer][lshape][ak_k2][k=-][s=-] INFO Training done in 54.1 s
2026-05-28 01:09:30 [adaptive_k][lshape][adaptive_k][k=adaptive][s=4] INFO   Win  6  k=2  [9.0→12.0 s]  interior_MAE=0.819°C  → k_next=3
2026-05-28 01:09:30 [pinn_trainer][lshape][ak_k3][k=-][s=-] INFO Training start: t=[12.0,16.5]s  epochs_adam=1000  epochs_lbfgs=300  params=111439
2026-05-28 01:09:33 [pinn_trainer][lshape][ak_k3][k=-][s=-] INFO Adam     1/1000  loss=5.0749e+04  pde=5.0723e+04  bc=5.3348e+00  ic=0.0000e+00  fc=0.0000e+00
2026-05-28 01:09:57 [pinn_trainer][lshape][ak_k3][k=-][s=-] INFO Adam   500/1000  loss=3.9274e-02  pde=3.9145e-02  bc=2.5727e-05  ic=0.0000e+00  fc=0.0000e+00
2026-05-28 01:10:20 [pinn_trainer][lshape][ak_k3][k=-][s=-] INFO Adam  1000/1000  loss=2.0958e-04  pde=1.8207e-04  bc=5.5030e-06  ic=0.0000e+00  fc=0.0000e+00
2026-05-28 01:10:26 [pinn_trainer][lshape][ak_k3][k=-][s=-] INFO L-BFGS  300/300  loss=2.1265e-04
2026-05-28 01:10:26 [pinn_trainer][lshape][ak_k3][k=-][s=-] INFO Training done in 55.4 s
2026-05-28 01:10:26 [adaptive_k][lshape][adaptive_k][k=adaptive][s=4] INFO   Win  7  k=3  [12.0→16.5 s]  interior_MAE=0.334°C  → k_next=4
2026-05-28 01:10:26 [pinn_trainer][lshape][ak_k4][k=-][s=-] INFO Training start: t=[16.5,22.5]s  epochs_adam=1000  epochs_lbfgs=300  params=111439
2026-05-28 01:10:28 [pinn_trainer][lshape][ak_k4][k=-][s=-] INFO Adam     1/1000  loss=1.3080e+05  pde=1.3076e+05  bc=7.7663e+00  ic=0.0000e+00  fc=0.0000e+00
2026-05-28 01:10:52 [pinn_trainer][lshape][ak_k4][k=-][s=-] INFO Adam   500/1000  loss=4.5104e-03  pde=4.5099e-03  bc=8.4740e-08  ic=0.0000e+00  fc=0.0000e+00
2026-05-28 01:11:16 [pinn_trainer][lshape][ak_k4][k=-][s=-] INFO Adam  1000/1000  loss=1.3247e-03  pde=1.3236e-03  bc=2.1600e-07  ic=0.0000e+00  fc=0.0000e+00
2026-05-28 01:11:22 [pinn_trainer][lshape][ak_k4][k=-][s=-] INFO L-BFGS  300/300  loss=2.4015e-04
2026-05-28 01:11:22 [pinn_trainer][lshape][ak_k4][k=-][s=-] INFO Training done in 56.0 s
2026-05-28 01:11:22 [adaptive_k][lshape][adaptive_k][k=adaptive][s=4] INFO   Win  8  k=4  [16.5→22.5 s]  interior_MAE=0.051°C  → k_next=5
2026-05-28 01:11:22 [pinn_trainer][lshape][ak_k5][k=-][s=-] INFO Training start: t=[22.5,30.0]s  epochs_adam=1000  epochs_lbfgs=300  params=111439
2026-05-28 01:11:24 [pinn_trainer][lshape][ak_k5][k=-][s=-] INFO Adam     1/1000  loss=6.1722e+04  pde=6.1696e+04  bc=5.2910e+00  ic=0.0000e+00  fc=0.0000e+00
2026-05-28 01:11:48 [pinn_trainer][lshape][ak_k5][k=-][s=-] INFO Adam   500/1000  loss=1.0897e-02  pde=1.0887e-02  bc=2.0245e-06  ic=0.0000e+00  fc=0.0000e+00
2026-05-28 01:12:12 [pinn_trainer][lshape][ak_k5][k=-][s=-] INFO Adam  1000/1000  loss=2.2239e-04  pde=2.2230e-04  bc=1.9482e-08  ic=0.0000e+00  fc=0.0000e+00
2026-05-28 01:12:17 [pinn_trainer][lshape][ak_k5][k=-][s=-] INFO L-BFGS  300/300  loss=3.3477e-04
2026-05-28 01:12:17 [pinn_trainer][lshape][ak_k5][k=-][s=-] INFO Training done in 55.4 s
2026-05-28 01:12:17 [adaptive_k][lshape][adaptive_k][k=adaptive][s=4] INFO   Win  9  k=5  [22.5→30.0 s]  interior_MAE=0.024°C  → k_next=5
2026-05-28 01:12:17 [adaptive_k][lshape][adaptive_k][k=adaptive][s=4] INFO AdaptiveK done | wins=9 | FEM_solves=9/60 | FEM_saving=85% | MAE=1.314°C | L2=0.0169 | t=502 s
2026-05-28 01:12:17 [adaptive_k][lshape][adaptive_k][k=adaptive][s=4] INFO k schedule: t=0.0s:k=1 → t=1.5s:k=1 → t=3.0s:k=1 → t=4.5s:k=1 → t=6.0s:k=2 → t=9.0s:k=2 → t=12.0s:k=3 → t=16.5s:k=4 → t=22.5s:k=5
2026-05-28 01:12:17 [adaptive_k][lshape][adaptive_k][k=adaptive][s=4] INFO Saved → /home/coder/NAS-PINNS1/thermal_pinn/quenching_mswp/results/adaptive_k/lshape/seed4_adaptive
2026-05-28 01:12:18 [stage_adaptive_k][all][adaptive_k][k=-][s=-] INFO RESULT geo=lshape   seed=4 | MAE=1.314°C | L2=0.0169 | FEM_solves=9/60 | FEM_saving=85%
2026-05-28 01:12:18 [stage_adaptive_k][all][adaptive_k][k=-][s=-] INFO AdaptiveK | geo=lshape seed=5 arch=[151, 151, 151, 151, 151] thr_up=2.0 thr_dn=5.0
2026-05-28 01:12:18 [adaptive_k][lshape][adaptive_k][k=adaptive][s=5] INFO AdaptiveK | arch=[151, 151, 151, 151, 151] | k=[1..5] | thr_up=2.0°C thr_dn=5.0°C | fourier=True
2026-05-28 01:12:18 [pinn_trainer][lshape][ak_k1][k=-][s=-] INFO Training start: t=[0.0,1.5]s  epochs_adam=1000  epochs_lbfgs=300  params=111439
2026-05-28 01:12:21 [pinn_trainer][lshape][ak_k1][k=-][s=-] INFO Adam     1/1000  loss=5.9628e+04  pde=5.9601e+04  bc=5.3391e+00  ic=0.0000e+00  fc=0.0000e+00
2026-05-28 01:12:44 [pinn_trainer][lshape][ak_k1][k=-][s=-] INFO Adam   500/1000  loss=6.3236e+00  pde=3.9943e+00  bc=4.6587e-01  ic=0.0000e+00  fc=0.0000e+00
2026-05-28 01:13:08 [pinn_trainer][lshape][ak_k1][k=-][s=-] INFO Adam  1000/1000  loss=4.0286e+00  pde=2.1461e+00  bc=3.7651e-01  ic=0.0000e+00  fc=0.0000e+00
2026-05-28 01:13:14 [pinn_trainer][lshape][ak_k1][k=-][s=-] INFO L-BFGS  300/300  loss=4.1170e+00
2026-05-28 01:13:14 [pinn_trainer][lshape][ak_k1][k=-][s=-] INFO Training done in 55.5 s
2026-05-28 01:13:14 [adaptive_k][lshape][adaptive_k][k=adaptive][s=5] INFO   Win  1  k=1  [0.0→1.5 s]  interior_MAE=18.273°C  → k_next=1
2026-05-28 01:13:14 [pinn_trainer][lshape][ak_k1][k=-][s=-] INFO Training start: t=[1.5,3.0]s  epochs_adam=1000  epochs_lbfgs=300  params=111439
2026-05-28 01:13:16 [pinn_trainer][lshape][ak_k1][k=-][s=-] INFO Adam     1/1000  loss=4.0303e+04  pde=4.0277e+04  bc=5.1543e+00  ic=0.0000e+00  fc=0.0000e+00
2026-05-28 01:13:41 [pinn_trainer][lshape][ak_k1][k=-][s=-] INFO Adam   500/1000  loss=2.3951e+00  pde=1.8202e+00  bc=1.1498e-01  ic=0.0000e+00  fc=0.0000e+00
2026-05-28 01:14:05 [pinn_trainer][lshape][ak_k1][k=-][s=-] INFO Adam  1000/1000  loss=1.0539e+00  pde=5.8345e-01  bc=9.4083e-02  ic=0.0000e+00  fc=0.0000e+00
2026-05-28 01:14:10 [pinn_trainer][lshape][ak_k1][k=-][s=-] INFO L-BFGS  300/300  loss=1.0593e+00
2026-05-28 01:14:10 [pinn_trainer][lshape][ak_k1][k=-][s=-] INFO Training done in 56.0 s
2026-05-28 01:14:10 [adaptive_k][lshape][adaptive_k][k=adaptive][s=5] INFO   Win  2  k=1  [1.5→3.0 s]  interior_MAE=6.531°C  → k_next=1
2026-05-28 01:14:10 [pinn_trainer][lshape][ak_k1][k=-][s=-] INFO Training start: t=[3.0,4.5]s  epochs_adam=1000  epochs_lbfgs=300  params=111439
2026-05-28 01:14:12 [pinn_trainer][lshape][ak_k1][k=-][s=-] INFO Adam     1/1000  loss=8.0068e+04  pde=8.0039e+04  bc=5.7667e+00  ic=0.0000e+00  fc=0.0000e+00
2026-05-28 01:14:36 [pinn_trainer][lshape][ak_k1][k=-][s=-] INFO Adam   500/1000  loss=1.2970e+00  pde=1.1408e+00  bc=3.1238e-02  ic=0.0000e+00  fc=0.0000e+00
2026-05-28 01:15:00 [pinn_trainer][lshape][ak_k1][k=-][s=-] INFO Adam  1000/1000  loss=3.8079e-01  pde=2.4593e-01  bc=2.6970e-02  ic=0.0000e+00  fc=0.0000e+00
2026-05-28 01:15:04 [pinn_trainer][lshape][ak_k1][k=-][s=-] INFO L-BFGS  300/300  loss=3.8576e-01
2026-05-28 01:15:04 [pinn_trainer][lshape][ak_k1][k=-][s=-] INFO Training done in 54.5 s
2026-05-28 01:15:04 [adaptive_k][lshape][adaptive_k][k=adaptive][s=5] INFO   Win  3  k=1  [3.0→4.5 s]  interior_MAE=3.304°C  → k_next=1
2026-05-28 01:15:04 [pinn_trainer][lshape][ak_k1][k=-][s=-] INFO Training start: t=[4.5,6.0]s  epochs_adam=1000  epochs_lbfgs=300  params=111439
2026-05-28 01:15:07 [pinn_trainer][lshape][ak_k1][k=-][s=-] INFO Adam     1/1000  loss=5.0186e+04  pde=5.0157e+04  bc=5.9138e+00  ic=0.0000e+00  fc=0.0000e+00
2026-05-28 01:15:31 [pinn_trainer][lshape][ak_k1][k=-][s=-] INFO Adam   500/1000  loss=2.3668e-01  pde=1.9598e-01  bc=8.1401e-03  ic=0.0000e+00  fc=0.0000e+00
2026-05-28 01:15:54 [pinn_trainer][lshape][ak_k1][k=-][s=-] INFO Adam  1000/1000  loss=1.8908e-01  pde=1.5653e-01  bc=6.5095e-03  ic=0.0000e+00  fc=0.0000e+00
2026-05-28 01:16:01 [pinn_trainer][lshape][ak_k1][k=-][s=-] INFO L-BFGS  300/300  loss=1.9176e-01
2026-05-28 01:16:01 [pinn_trainer][lshape][ak_k1][k=-][s=-] INFO Training done in 56.6 s
2026-05-28 01:16:01 [adaptive_k][lshape][adaptive_k][k=adaptive][s=5] INFO   Win  4  k=1  [4.5→6.0 s]  interior_MAE=1.775°C  → k_next=2
2026-05-28 01:16:01 [pinn_trainer][lshape][ak_k2][k=-][s=-] INFO Training start: t=[6.0,9.0]s  epochs_adam=1000  epochs_lbfgs=300  params=111439
2026-05-28 01:16:03 [pinn_trainer][lshape][ak_k2][k=-][s=-] INFO Adam     1/1000  loss=3.6426e+04  pde=3.6406e+04  bc=4.0351e+00  ic=0.0000e+00  fc=0.0000e+00
2026-05-28 01:16:27 [pinn_trainer][lshape][ak_k2][k=-][s=-] INFO Adam   500/1000  loss=2.7810e-01  pde=2.6925e-01  bc=1.7708e-03  ic=0.0000e+00  fc=0.0000e+00
2026-05-28 01:16:51 [pinn_trainer][lshape][ak_k2][k=-][s=-] INFO Adam  1000/1000  loss=2.9282e-02  pde=2.2217e-02  bc=1.4130e-03  ic=0.0000e+00  fc=0.0000e+00
2026-05-28 01:16:56 [pinn_trainer][lshape][ak_k2][k=-][s=-] INFO L-BFGS  300/300  loss=2.9873e-02
2026-05-28 01:16:56 [pinn_trainer][lshape][ak_k2][k=-][s=-] INFO Training done in 55.0 s
2026-05-28 01:16:56 [adaptive_k][lshape][adaptive_k][k=adaptive][s=5] INFO   Win  5  k=2  [6.0→9.0 s]  interior_MAE=2.874°C  → k_next=2
2026-05-28 01:16:56 [pinn_trainer][lshape][ak_k2][k=-][s=-] INFO Training start: t=[9.0,12.0]s  epochs_adam=1000  epochs_lbfgs=300  params=111439
2026-05-28 01:16:58 [pinn_trainer][lshape][ak_k2][k=-][s=-] INFO Adam     1/1000  loss=1.1744e+05  pde=1.1739e+05  bc=1.0685e+01  ic=0.0000e+00  fc=0.0000e+00
2026-05-28 01:17:22 [pinn_trainer][lshape][ak_k2][k=-][s=-] INFO Adam   500/1000  loss=2.0335e-02  pde=1.9772e-02  bc=1.1252e-04  ic=0.0000e+00  fc=0.0000e+00
2026-05-28 01:17:46 [pinn_trainer][lshape][ak_k2][k=-][s=-] INFO Adam  1000/1000  loss=5.0200e-03  pde=4.5303e-03  bc=9.7941e-05  ic=0.0000e+00  fc=0.0000e+00
2026-05-28 01:17:53 [pinn_trainer][lshape][ak_k2][k=-][s=-] INFO L-BFGS  300/300  loss=5.5755e-03
2026-05-28 01:17:53 [pinn_trainer][lshape][ak_k2][k=-][s=-] INFO Training done in 56.9 s
2026-05-28 01:17:53 [adaptive_k][lshape][adaptive_k][k=adaptive][s=5] INFO   Win  6  k=2  [9.0→12.0 s]  interior_MAE=0.814°C  → k_next=3
2026-05-28 01:17:53 [pinn_trainer][lshape][ak_k3][k=-][s=-] INFO Training start: t=[12.0,16.5]s  epochs_adam=1000  epochs_lbfgs=300  params=111439
2026-05-28 01:17:55 [pinn_trainer][lshape][ak_k3][k=-][s=-] INFO Adam     1/1000  loss=3.7845e+04  pde=3.7824e+04  bc=4.1461e+00  ic=0.0000e+00  fc=0.0000e+00
2026-05-28 01:18:19 [pinn_trainer][lshape][ak_k3][k=-][s=-] INFO Adam   500/1000  loss=2.4879e-03  pde=2.4550e-03  bc=6.5985e-06  ic=0.0000e+00  fc=0.0000e+00
2026-05-28 01:18:44 [pinn_trainer][lshape][ak_k3][k=-][s=-] INFO Adam  1000/1000  loss=4.0293e-04  pde=3.7456e-04  bc=5.6740e-06  ic=0.0000e+00  fc=0.0000e+00
2026-05-28 01:18:51 [pinn_trainer][lshape][ak_k3][k=-][s=-] INFO L-BFGS  300/300  loss=3.5855e-04
2026-05-28 01:18:51 [pinn_trainer][lshape][ak_k3][k=-][s=-] INFO Training done in 58.1 s
2026-05-28 01:18:51 [adaptive_k][lshape][adaptive_k][k=adaptive][s=5] INFO   Win  7  k=3  [12.0→16.5 s]  interior_MAE=0.346°C  → k_next=4
2026-05-28 01:18:51 [pinn_trainer][lshape][ak_k4][k=-][s=-] INFO Training start: t=[16.5,22.5]s  epochs_adam=1000  epochs_lbfgs=300  params=111439
2026-05-28 01:18:53 [pinn_trainer][lshape][ak_k4][k=-][s=-] INFO Adam     1/1000  loss=7.3011e+04  pde=7.2975e+04  bc=7.2195e+00  ic=0.0000e+00  fc=0.0000e+00
2026-05-28 01:19:17 [pinn_trainer][lshape][ak_k4][k=-][s=-] INFO Adam   500/1000  loss=6.8265e-03  pde=6.8137e-03  bc=2.5589e-06  ic=0.0000e+00  fc=0.0000e+00
2026-05-28 01:19:41 [pinn_trainer][lshape][ak_k4][k=-][s=-] INFO Adam  1000/1000  loss=2.4877e-04  pde=2.4729e-04  bc=2.9554e-07  ic=0.0000e+00  fc=0.0000e+00
2026-05-28 01:19:45 [pinn_trainer][lshape][ak_k4][k=-][s=-] INFO L-BFGS  300/300  loss=1.7724e-04
2026-05-28 01:19:45 [pinn_trainer][lshape][ak_k4][k=-][s=-] INFO Training done in 54.3 s
2026-05-28 01:19:45 [adaptive_k][lshape][adaptive_k][k=adaptive][s=5] INFO   Win  8  k=4  [16.5→22.5 s]  interior_MAE=0.051°C  → k_next=5
2026-05-28 01:19:45 [pinn_trainer][lshape][ak_k5][k=-][s=-] INFO Training start: t=[22.5,30.0]s  epochs_adam=1000  epochs_lbfgs=300  params=111439
2026-05-28 01:19:48 [pinn_trainer][lshape][ak_k5][k=-][s=-] INFO Adam     1/1000  loss=3.5207e+04  pde=3.5189e+04  bc=3.6740e+00  ic=0.0000e+00  fc=0.0000e+00
2026-05-28 01:20:12 [pinn_trainer][lshape][ak_k5][k=-][s=-] INFO Adam   500/1000  loss=1.9951e-03  pde=1.9933e-03  bc=3.4772e-07  ic=0.0000e+00  fc=0.0000e+00
2026-05-28 01:20:36 [pinn_trainer][lshape][ak_k5][k=-][s=-] INFO Adam  1000/1000  loss=8.2540e-06  pde=7.9538e-06  bc=6.0047e-08  ic=0.0000e+00  fc=0.0000e+00
2026-05-28 01:20:39 [pinn_trainer][lshape][ak_k5][k=-][s=-] INFO L-BFGS  300/300  loss=2.1686e-05
2026-05-28 01:20:39 [pinn_trainer][lshape][ak_k5][k=-][s=-] INFO Training done in 54.1 s
2026-05-28 01:20:40 [adaptive_k][lshape][adaptive_k][k=adaptive][s=5] INFO   Win  9  k=5  [22.5→30.0 s]  interior_MAE=0.005°C  → k_next=5
2026-05-28 01:20:40 [adaptive_k][lshape][adaptive_k][k=adaptive][s=5] INFO AdaptiveK done | wins=9 | FEM_solves=9/60 | FEM_saving=85% | MAE=1.360°C | L2=0.0172 | t=501 s
2026-05-28 01:20:40 [adaptive_k][lshape][adaptive_k][k=adaptive][s=5] INFO k schedule: t=0.0s:k=1 → t=1.5s:k=1 → t=3.0s:k=1 → t=4.5s:k=1 → t=6.0s:k=2 → t=9.0s:k=2 → t=12.0s:k=3 → t=16.5s:k=4 → t=22.5s:k=5
2026-05-28 01:20:40 [adaptive_k][lshape][adaptive_k][k=adaptive][s=5] INFO Saved → /home/coder/NAS-PINNS1/thermal_pinn/quenching_mswp/results/adaptive_k/lshape/seed5_adaptive
2026-05-28 01:20:40 [stage_adaptive_k][all][adaptive_k][k=-][s=-] INFO RESULT geo=lshape   seed=5 | MAE=1.360°C | L2=0.0172 | FEM_solves=9/60 | FEM_saving=85%
2026-05-28 01:20:40 [stage_adaptive_k][all][adaptive_k][k=-][s=-] INFO AdaptiveK | geo=lshape seed=6 arch=[151, 151, 151, 151, 151] thr_up=2.0 thr_dn=5.0
2026-05-28 01:20:40 [adaptive_k][lshape][adaptive_k][k=adaptive][s=6] INFO AdaptiveK | arch=[151, 151, 151, 151, 151] | k=[1..5] | thr_up=2.0°C thr_dn=5.0°C | fourier=True
2026-05-28 01:20:40 [pinn_trainer][lshape][ak_k1][k=-][s=-] INFO Training start: t=[0.0,1.5]s  epochs_adam=1000  epochs_lbfgs=300  params=111439
2026-05-28 01:20:42 [pinn_trainer][lshape][ak_k1][k=-][s=-] INFO Adam     1/1000  loss=5.1594e+04  pde=5.1565e+04  bc=5.9015e+00  ic=0.0000e+00  fc=0.0000e+00
2026-05-28 01:21:06 [pinn_trainer][lshape][ak_k1][k=-][s=-] INFO Adam   500/1000  loss=6.6378e+00  pde=4.2021e+00  bc=4.8715e-01  ic=0.0000e+00  fc=0.0000e+00
2026-05-28 01:21:30 [pinn_trainer][lshape][ak_k1][k=-][s=-] INFO Adam  1000/1000  loss=4.1715e+00  pde=2.2617e+00  bc=3.8195e-01  ic=0.0000e+00  fc=0.0000e+00
2026-05-28 01:21:38 [pinn_trainer][lshape][ak_k1][k=-][s=-] INFO L-BFGS  300/300  loss=4.2506e+00
2026-05-28 01:21:38 [pinn_trainer][lshape][ak_k1][k=-][s=-] INFO Training done in 57.9 s
2026-05-28 01:21:38 [adaptive_k][lshape][adaptive_k][k=adaptive][s=6] INFO   Win  1  k=1  [0.0→1.5 s]  interior_MAE=17.444°C  → k_next=1
2026-05-28 01:21:38 [pinn_trainer][lshape][ak_k1][k=-][s=-] INFO Training start: t=[1.5,3.0]s  epochs_adam=1000  epochs_lbfgs=300  params=111439
2026-05-28 01:21:40 [pinn_trainer][lshape][ak_k1][k=-][s=-] INFO Adam     1/1000  loss=7.7655e+04  pde=7.7623e+04  bc=6.5639e+00  ic=0.0000e+00  fc=0.0000e+00
2026-05-28 01:22:04 [pinn_trainer][lshape][ak_k1][k=-][s=-] INFO Adam   500/1000  loss=2.2752e+00  pde=1.7011e+00  bc=1.1481e-01  ic=0.0000e+00  fc=0.0000e+00
2026-05-28 01:22:28 [pinn_trainer][lshape][ak_k1][k=-][s=-] INFO Adam  1000/1000  loss=9.3396e-01  pde=4.7384e-01  bc=9.2025e-02  ic=0.0000e+00  fc=0.0000e+00
2026-05-28 01:22:34 [pinn_trainer][lshape][ak_k1][k=-][s=-] INFO L-BFGS  300/300  loss=9.7961e-01
2026-05-28 01:22:34 [pinn_trainer][lshape][ak_k1][k=-][s=-] INFO Training done in 55.7 s
2026-05-28 01:22:34 [adaptive_k][lshape][adaptive_k][k=adaptive][s=6] INFO   Win  2  k=1  [1.5→3.0 s]  interior_MAE=6.435°C  → k_next=1
2026-05-28 01:22:34 [pinn_trainer][lshape][ak_k1][k=-][s=-] INFO Training start: t=[3.0,4.5]s  epochs_adam=1000  epochs_lbfgs=300  params=111439
2026-05-28 01:22:36 [pinn_trainer][lshape][ak_k1][k=-][s=-] INFO Adam     1/1000  loss=6.0352e+04  pde=6.0334e+04  bc=3.6168e+00  ic=0.0000e+00  fc=0.0000e+00
2026-05-28 01:23:00 [pinn_trainer][lshape][ak_k1][k=-][s=-] INFO Adam   500/1000  loss=5.1399e-01  pde=3.6162e-01  bc=3.0475e-02  ic=0.0000e+00  fc=0.0000e+00
2026-05-28 01:23:24 [pinn_trainer][lshape][ak_k1][k=-][s=-] INFO Adam  1000/1000  loss=2.8091e-01  pde=1.5585e-01  bc=2.5010e-02  ic=0.0000e+00  fc=0.0000e+00
2026-05-28 01:23:28 [pinn_trainer][lshape][ak_k1][k=-][s=-] INFO L-BFGS  300/300  loss=2.8160e-01
2026-05-28 01:23:28 [pinn_trainer][lshape][ak_k1][k=-][s=-] INFO Training done in 54.1 s
2026-05-28 01:23:28 [adaptive_k][lshape][adaptive_k][k=adaptive][s=6] INFO   Win  3  k=1  [3.0→4.5 s]  interior_MAE=3.640°C  → k_next=1
2026-05-28 01:23:28 [pinn_trainer][lshape][ak_k1][k=-][s=-] INFO Training start: t=[4.5,6.0]s  epochs_adam=1000  epochs_lbfgs=300  params=111439
2026-05-28 01:23:30 [pinn_trainer][lshape][ak_k1][k=-][s=-] INFO Adam     1/1000  loss=1.4219e+05  pde=1.4216e+05  bc=7.1462e+00  ic=0.0000e+00  fc=0.0000e+00
2026-05-28 01:23:54 [pinn_trainer][lshape][ak_k1][k=-][s=-] INFO Adam   500/1000  loss=2.9012e-01  pde=2.4983e-01  bc=8.0579e-03  ic=0.0000e+00  fc=0.0000e+00
2026-05-28 01:24:18 [pinn_trainer][lshape][ak_k1][k=-][s=-] INFO Adam  1000/1000  loss=1.0074e-01  pde=6.6059e-02  bc=6.9371e-03  ic=0.0000e+00  fc=0.0000e+00
2026-05-28 01:24:24 [pinn_trainer][lshape][ak_k1][k=-][s=-] INFO L-BFGS  300/300  loss=1.0292e-01
2026-05-28 01:24:24 [pinn_trainer][lshape][ak_k1][k=-][s=-] INFO Training done in 56.5 s
2026-05-28 01:24:24 [adaptive_k][lshape][adaptive_k][k=adaptive][s=6] INFO   Win  4  k=1  [4.5→6.0 s]  interior_MAE=1.879°C  → k_next=2
2026-05-28 01:24:24 [pinn_trainer][lshape][ak_k2][k=-][s=-] INFO Training start: t=[6.0,9.0]s  epochs_adam=1000  epochs_lbfgs=300  params=111439
2026-05-28 01:24:27 [pinn_trainer][lshape][ak_k2][k=-][s=-] INFO Adam     1/1000  loss=5.6715e+04  pde=5.6689e+04  bc=5.0395e+00  ic=0.0000e+00  fc=0.0000e+00
2026-05-28 01:24:51 [pinn_trainer][lshape][ak_k2][k=-][s=-] INFO Adam   500/1000  loss=3.3512e-01  pde=3.2611e-01  bc=1.8024e-03  ic=0.0000e+00  fc=0.0000e+00
2026-05-28 01:25:14 [pinn_trainer][lshape][ak_k2][k=-][s=-] INFO Adam  1000/1000  loss=3.9668e-02  pde=3.2425e-02  bc=1.4486e-03  ic=0.0000e+00  fc=0.0000e+00
2026-05-28 01:25:21 [pinn_trainer][lshape][ak_k2][k=-][s=-] INFO L-BFGS  300/300  loss=4.0790e-02
2026-05-28 01:25:21 [pinn_trainer][lshape][ak_k2][k=-][s=-] INFO Training done in 56.8 s
2026-05-28 01:25:21 [adaptive_k][lshape][adaptive_k][k=adaptive][s=6] INFO   Win  5  k=2  [6.0→9.0 s]  interior_MAE=3.088°C  → k_next=2
2026-05-28 01:25:21 [pinn_trainer][lshape][ak_k2][k=-][s=-] INFO Training start: t=[9.0,12.0]s  epochs_adam=1000  epochs_lbfgs=300  params=111439
2026-05-28 01:25:23 [pinn_trainer][lshape][ak_k2][k=-][s=-] INFO Adam     1/1000  loss=4.0939e+04  pde=4.0913e+04  bc=5.1148e+00  ic=0.0000e+00  fc=0.0000e+00
2026-05-28 01:25:47 [pinn_trainer][lshape][ak_k2][k=-][s=-] INFO Adam   500/1000  loss=3.4887e-02  pde=3.4324e-02  bc=1.1260e-04  ic=0.0000e+00  fc=0.0000e+00
2026-05-28 01:26:11 [pinn_trainer][lshape][ak_k2][k=-][s=-] INFO Adam  1000/1000  loss=3.6992e-03  pde=3.2003e-03  bc=9.9777e-05  ic=0.0000e+00  fc=0.0000e+00
2026-05-28 01:26:15 [pinn_trainer][lshape][ak_k2][k=-][s=-] INFO L-BFGS  300/300  loss=3.4522e-03
2026-05-28 01:26:15 [pinn_trainer][lshape][ak_k2][k=-][s=-] INFO Training done in 54.4 s
2026-05-28 01:26:15 [adaptive_k][lshape][adaptive_k][k=adaptive][s=6] INFO   Win  6  k=2  [9.0→12.0 s]  interior_MAE=0.837°C  → k_next=3
2026-05-28 01:26:15 [pinn_trainer][lshape][ak_k3][k=-][s=-] INFO Training start: t=[12.0,16.5]s  epochs_adam=1000  epochs_lbfgs=300  params=111439
2026-05-28 01:26:18 [pinn_trainer][lshape][ak_k3][k=-][s=-] INFO Adam     1/1000  loss=4.6991e+04  pde=4.6963e+04  bc=5.6734e+00  ic=0.0000e+00  fc=0.0000e+00
2026-05-28 01:26:42 [pinn_trainer][lshape][ak_k3][k=-][s=-] INFO Adam   500/1000  loss=1.6961e-03  pde=1.6678e-03  bc=5.6567e-06  ic=0.0000e+00  fc=0.0000e+00
2026-05-28 01:27:06 [pinn_trainer][lshape][ak_k3][k=-][s=-] INFO Adam  1000/1000  loss=2.7948e-04  pde=2.5212e-04  bc=5.4711e-06  ic=0.0000e+00  fc=0.0000e+00
2026-05-28 01:27:11 [pinn_trainer][lshape][ak_k3][k=-][s=-] INFO L-BFGS  300/300  loss=2.8829e-04
2026-05-28 01:27:11 [pinn_trainer][lshape][ak_k3][k=-][s=-] INFO Training done in 55.1 s
2026-05-28 01:27:11 [adaptive_k][lshape][adaptive_k][k=adaptive][s=6] INFO   Win  7  k=3  [12.0→16.5 s]  interior_MAE=0.337°C  → k_next=4
2026-05-28 01:27:11 [pinn_trainer][lshape][ak_k4][k=-][s=-] INFO Training start: t=[16.5,22.5]s  epochs_adam=1000  epochs_lbfgs=300  params=111439
2026-05-28 01:27:13 [pinn_trainer][lshape][ak_k4][k=-][s=-] INFO Adam     1/1000  loss=8.0429e+04  pde=8.0388e+04  bc=8.0866e+00  ic=0.0000e+00  fc=0.0000e+00
2026-05-28 01:27:37 [pinn_trainer][lshape][ak_k4][k=-][s=-] INFO Adam   500/1000  loss=3.9035e-03  pde=3.8996e-03  bc=7.8479e-07  ic=0.0000e+00  fc=0.0000e+00
2026-05-28 01:28:01 [pinn_trainer][lshape][ak_k4][k=-][s=-] INFO Adam  1000/1000  loss=3.3778e-03  pde=3.3774e-03  bc=8.5800e-08  ic=0.0000e+00  fc=0.0000e+00
2026-05-28 01:28:09 [pinn_trainer][lshape][ak_k4][k=-][s=-] INFO L-BFGS  300/300  loss=4.8355e-05
2026-05-28 01:28:09 [pinn_trainer][lshape][ak_k4][k=-][s=-] INFO Training done in 58.3 s
2026-05-28 01:28:09 [adaptive_k][lshape][adaptive_k][k=adaptive][s=6] INFO   Win  8  k=4  [16.5→22.5 s]  interior_MAE=0.058°C  → k_next=5
2026-05-28 01:28:09 [pinn_trainer][lshape][ak_k5][k=-][s=-] INFO Training start: t=[22.5,30.0]s  epochs_adam=1000  epochs_lbfgs=300  params=111439
2026-05-28 01:28:11 [pinn_trainer][lshape][ak_k5][k=-][s=-] INFO Adam     1/1000  loss=4.3059e+04  pde=4.3037e+04  bc=4.4465e+00  ic=0.0000e+00  fc=0.0000e+00
2026-05-28 01:28:35 [pinn_trainer][lshape][ak_k5][k=-][s=-] INFO Adam   500/1000  loss=5.7218e-04  pde=5.7115e-04  bc=2.0553e-07  ic=0.0000e+00  fc=0.0000e+00
2026-05-28 01:28:59 [pinn_trainer][lshape][ak_k5][k=-][s=-] INFO Adam  1000/1000  loss=2.4939e-04  pde=2.4933e-04  bc=1.1607e-08  ic=0.0000e+00  fc=0.0000e+00
2026-05-28 01:29:04 [pinn_trainer][lshape][ak_k5][k=-][s=-] INFO L-BFGS  300/300  loss=3.2733e-05
2026-05-28 01:29:04 [pinn_trainer][lshape][ak_k5][k=-][s=-] INFO Training done in 55.2 s
2026-05-28 01:29:04 [adaptive_k][lshape][adaptive_k][k=adaptive][s=6] INFO   Win  9  k=5  [22.5→30.0 s]  interior_MAE=0.009°C  → k_next=5
2026-05-28 01:29:04 [adaptive_k][lshape][adaptive_k][k=adaptive][s=6] INFO AdaptiveK done | wins=9 | FEM_solves=9/60 | FEM_saving=85% | MAE=1.365°C | L2=0.0180 | t=504 s
2026-05-28 01:29:04 [adaptive_k][lshape][adaptive_k][k=adaptive][s=6] INFO k schedule: t=0.0s:k=1 → t=1.5s:k=1 → t=3.0s:k=1 → t=4.5s:k=1 → t=6.0s:k=2 → t=9.0s:k=2 → t=12.0s:k=3 → t=16.5s:k=4 → t=22.5s:k=5
2026-05-28 01:29:04 [adaptive_k][lshape][adaptive_k][k=adaptive][s=6] INFO Saved → /home/coder/NAS-PINNS1/thermal_pinn/quenching_mswp/results/adaptive_k/lshape/seed6_adaptive
2026-05-28 01:29:05 [stage_adaptive_k][all][adaptive_k][k=-][s=-] INFO RESULT geo=lshape   seed=6 | MAE=1.365°C | L2=0.0180 | FEM_solves=9/60 | FEM_saving=85%
2026-05-28 01:29:05 [stage_adaptive_k][all][adaptive_k][k=-][s=-] INFO AdaptiveK | geo=lshape seed=7 arch=[151, 151, 151, 151, 151] thr_up=2.0 thr_dn=5.0
2026-05-28 01:29:05 [adaptive_k][lshape][adaptive_k][k=adaptive][s=7] INFO AdaptiveK | arch=[151, 151, 151, 151, 151] | k=[1..5] | thr_up=2.0°C thr_dn=5.0°C | fourier=True
2026-05-28 01:29:05 [pinn_trainer][lshape][ak_k1][k=-][s=-] INFO Training start: t=[0.0,1.5]s  epochs_adam=1000  epochs_lbfgs=300  params=111439
2026-05-28 01:29:07 [pinn_trainer][lshape][ak_k1][k=-][s=-] INFO Adam     1/1000  loss=5.6841e+04  pde=5.6812e+04  bc=5.8238e+00  ic=0.0000e+00  fc=0.0000e+00
2026-05-28 01:29:31 [pinn_trainer][lshape][ak_k1][k=-][s=-] INFO Adam   500/1000  loss=6.4563e+00  pde=4.1250e+00  bc=4.6626e-01  ic=0.0000e+00  fc=0.0000e+00
2026-05-28 01:29:55 [pinn_trainer][lshape][ak_k1][k=-][s=-] INFO Adam  1000/1000  loss=3.7785e+00  pde=1.8993e+00  bc=3.7584e-01  ic=0.0000e+00  fc=0.0000e+00
2026-05-28 01:30:00 [pinn_trainer][lshape][ak_k1][k=-][s=-] INFO L-BFGS  300/300  loss=3.8578e+00
2026-05-28 01:30:00 [pinn_trainer][lshape][ak_k1][k=-][s=-] INFO Training done in 55.6 s
2026-05-28 01:30:00 [adaptive_k][lshape][adaptive_k][k=adaptive][s=7] INFO   Win  1  k=1  [0.0→1.5 s]  interior_MAE=19.410°C  → k_next=1
2026-05-28 01:30:00 [pinn_trainer][lshape][ak_k1][k=-][s=-] INFO Training start: t=[1.5,3.0]s  epochs_adam=1000  epochs_lbfgs=300  params=111439
2026-05-28 01:30:03 [pinn_trainer][lshape][ak_k1][k=-][s=-] INFO Adam     1/1000  loss=2.5377e+05  pde=2.5373e+05  bc=6.5128e+00  ic=0.0000e+00  fc=0.0000e+00
2026-05-28 01:30:28 [pinn_trainer][lshape][ak_k1][k=-][s=-] INFO Adam   500/1000  loss=2.0081e+00  pde=1.4476e+00  bc=1.1211e-01  ic=0.0000e+00  fc=0.0000e+00
2026-05-28 01:30:52 [pinn_trainer][lshape][ak_k1][k=-][s=-] INFO Adam  1000/1000  loss=9.3119e-01  pde=5.0698e-01  bc=8.4841e-02  ic=0.0000e+00  fc=0.0000e+00
2026-05-28 01:30:56 [pinn_trainer][lshape][ak_k1][k=-][s=-] INFO L-BFGS  300/300  loss=9.6399e-01
2026-05-28 01:30:56 [pinn_trainer][lshape][ak_k1][k=-][s=-] INFO Training done in 56.0 s
2026-05-28 01:30:56 [adaptive_k][lshape][adaptive_k][k=adaptive][s=7] INFO   Win  2  k=1  [1.5→3.0 s]  interior_MAE=6.682°C  → k_next=1
2026-05-28 01:30:56 [pinn_trainer][lshape][ak_k1][k=-][s=-] INFO Training start: t=[3.0,4.5]s  epochs_adam=1000  epochs_lbfgs=300  params=111439
2026-05-28 01:30:59 [pinn_trainer][lshape][ak_k1][k=-][s=-] INFO Adam     1/1000  loss=4.5654e+04  pde=4.5629e+04  bc=5.0128e+00  ic=0.0000e+00  fc=0.0000e+00
2026-05-28 01:31:23 [pinn_trainer][lshape][ak_k1][k=-][s=-] INFO Adam   500/1000  loss=9.6385e-01  pde=8.0918e-01  bc=3.0935e-02  ic=0.0000e+00  fc=0.0000e+00
2026-05-28 01:31:47 [pinn_trainer][lshape][ak_k1][k=-][s=-] INFO Adam  1000/1000  loss=4.6282e-01  pde=3.2443e-01  bc=2.7679e-02  ic=0.0000e+00  fc=0.0000e+00
2026-05-28 01:31:52 [pinn_trainer][lshape][ak_k1][k=-][s=-] INFO L-BFGS  300/300  loss=4.6004e-01
2026-05-28 01:31:52 [pinn_trainer][lshape][ak_k1][k=-][s=-] INFO Training done in 55.8 s
2026-05-28 01:31:52 [adaptive_k][lshape][adaptive_k][k=adaptive][s=7] INFO   Win  3  k=1  [3.0→4.5 s]  interior_MAE=3.812°C  → k_next=1
2026-05-28 01:31:52 [pinn_trainer][lshape][ak_k1][k=-][s=-] INFO Training start: t=[4.5,6.0]s  epochs_adam=1000  epochs_lbfgs=300  params=111439
2026-05-28 01:31:55 [pinn_trainer][lshape][ak_k1][k=-][s=-] INFO Adam     1/1000  loss=4.6741e+04  pde=4.6715e+04  bc=5.1329e+00  ic=0.0000e+00  fc=0.0000e+00
2026-05-28 01:32:19 [pinn_trainer][lshape][ak_k1][k=-][s=-] INFO Adam   500/1000  loss=1.7519e+00  pde=1.7103e+00  bc=8.3144e-03  ic=0.0000e+00  fc=0.0000e+00
2026-05-28 01:32:43 [pinn_trainer][lshape][ak_k1][k=-][s=-] INFO Adam  1000/1000  loss=1.1153e-01  pde=7.5812e-02  bc=7.1436e-03  ic=0.0000e+00  fc=0.0000e+00
2026-05-28 01:32:48 [pinn_trainer][lshape][ak_k1][k=-][s=-] INFO L-BFGS  300/300  loss=1.1314e-01
2026-05-28 01:32:48 [pinn_trainer][lshape][ak_k1][k=-][s=-] INFO Training done in 56.1 s
2026-05-28 01:32:48 [adaptive_k][lshape][adaptive_k][k=adaptive][s=7] INFO   Win  4  k=1  [4.5→6.0 s]  interior_MAE=1.891°C  → k_next=2
2026-05-28 01:32:48 [pinn_trainer][lshape][ak_k2][k=-][s=-] INFO Training start: t=[6.0,9.0]s  epochs_adam=1000  epochs_lbfgs=300  params=111439
2026-05-28 01:32:51 [pinn_trainer][lshape][ak_k2][k=-][s=-] INFO Adam     1/1000  loss=1.8953e+05  pde=1.8949e+05  bc=8.1972e+00  ic=0.0000e+00  fc=0.0000e+00
2026-05-28 01:33:15 [pinn_trainer][lshape][ak_k2][k=-][s=-] INFO Adam   500/1000  loss=5.6940e-02  pde=4.9102e-02  bc=1.5675e-03  ic=0.0000e+00  fc=0.0000e+00
2026-05-28 01:33:39 [pinn_trainer][lshape][ak_k2][k=-][s=-] INFO Adam  1000/1000  loss=6.4524e-02  pde=5.7453e-02  bc=1.4142e-03  ic=0.0000e+00  fc=0.0000e+00
2026-05-28 01:33:44 [pinn_trainer][lshape][ak_k2][k=-][s=-] INFO L-BFGS  300/300  loss=6.7945e-02
2026-05-28 01:33:44 [pinn_trainer][lshape][ak_k2][k=-][s=-] INFO Training done in 55.3 s
2026-05-28 01:33:44 [adaptive_k][lshape][adaptive_k][k=adaptive][s=7] INFO   Win  5  k=2  [6.0→9.0 s]  interior_MAE=2.839°C  → k_next=2
2026-05-28 01:33:44 [pinn_trainer][lshape][ak_k2][k=-][s=-] INFO Training start: t=[9.0,12.0]s  epochs_adam=1000  epochs_lbfgs=300  params=111439
2026-05-28 01:33:46 [pinn_trainer][lshape][ak_k2][k=-][s=-] INFO Adam     1/1000  loss=9.3895e+04  pde=9.3855e+04  bc=8.0256e+00  ic=0.0000e+00  fc=0.0000e+00
2026-05-28 01:34:10 [pinn_trainer][lshape][ak_k2][k=-][s=-] INFO Adam   500/1000  loss=6.9486e-03  pde=6.3212e-03  bc=1.2548e-04  ic=0.0000e+00  fc=0.0000e+00
2026-05-28 01:34:34 [pinn_trainer][lshape][ak_k2][k=-][s=-] INFO Adam  1000/1000  loss=3.6659e-03  pde=3.1503e-03  bc=1.0312e-04  ic=0.0000e+00  fc=0.0000e+00
2026-05-28 01:34:39 [pinn_trainer][lshape][ak_k2][k=-][s=-] INFO L-BFGS  300/300  loss=4.3781e-03
2026-05-28 01:34:39 [pinn_trainer][lshape][ak_k2][k=-][s=-] INFO Training done in 55.8 s
2026-05-28 01:34:39 [adaptive_k][lshape][adaptive_k][k=adaptive][s=7] INFO   Win  6  k=2  [9.0→12.0 s]  interior_MAE=0.806°C  → k_next=3
2026-05-28 01:34:39 [pinn_trainer][lshape][ak_k3][k=-][s=-] INFO Training start: t=[12.0,16.5]s  epochs_adam=1000  epochs_lbfgs=300  params=111439
2026-05-28 01:34:42 [pinn_trainer][lshape][ak_k3][k=-][s=-] INFO Adam     1/1000  loss=4.6718e+04  pde=4.6687e+04  bc=6.3251e+00  ic=0.0000e+00  fc=0.0000e+00
2026-05-28 01:35:06 [pinn_trainer][lshape][ak_k3][k=-][s=-] INFO Adam   500/1000  loss=7.1888e-02  pde=7.1732e-02  bc=3.1066e-05  ic=0.0000e+00  fc=0.0000e+00
2026-05-28 01:35:30 [pinn_trainer][lshape][ak_k3][k=-][s=-] INFO Adam  1000/1000  loss=2.8702e-04  pde=2.6010e-04  bc=5.3858e-06  ic=0.0000e+00  fc=0.0000e+00
2026-05-28 01:35:34 [pinn_trainer][lshape][ak_k3][k=-][s=-] INFO L-BFGS  300/300  loss=3.9830e-04
2026-05-28 01:35:34 [pinn_trainer][lshape][ak_k3][k=-][s=-] INFO Training done in 54.7 s
2026-05-28 01:35:34 [adaptive_k][lshape][adaptive_k][k=adaptive][s=7] INFO   Win  7  k=3  [12.0→16.5 s]  interior_MAE=0.345°C  → k_next=4
2026-05-28 01:35:34 [pinn_trainer][lshape][ak_k4][k=-][s=-] INFO Training start: t=[16.5,22.5]s  epochs_adam=1000  epochs_lbfgs=300  params=111439
2026-05-28 01:35:37 [pinn_trainer][lshape][ak_k4][k=-][s=-] INFO Adam     1/1000  loss=1.3040e+05  pde=1.3037e+05  bc=5.0328e+00  ic=0.0000e+00  fc=0.0000e+00
2026-05-28 01:36:00 [pinn_trainer][lshape][ak_k4][k=-][s=-] INFO Adam   500/1000  loss=3.3440e-01  pde=3.3377e-01  bc=1.2494e-04  ic=0.0000e+00  fc=0.0000e+00
2026-05-28 01:36:24 [pinn_trainer][lshape][ak_k4][k=-][s=-] INFO Adam  1000/1000  loss=8.5379e-05  pde=8.4925e-05  bc=9.0897e-08  ic=0.0000e+00  fc=0.0000e+00
2026-05-28 01:36:30 [pinn_trainer][lshape][ak_k4][k=-][s=-] INFO L-BFGS  300/300  loss=2.3117e-04
2026-05-28 01:36:30 [pinn_trainer][lshape][ak_k4][k=-][s=-] INFO Training done in 56.3 s
2026-05-28 01:36:30 [adaptive_k][lshape][adaptive_k][k=adaptive][s=7] INFO   Win  8  k=4  [16.5→22.5 s]  interior_MAE=0.054°C  → k_next=5
2026-05-28 01:36:30 [pinn_trainer][lshape][ak_k5][k=-][s=-] INFO Training start: t=[22.5,30.0]s  epochs_adam=1000  epochs_lbfgs=300  params=111439
2026-05-28 01:36:33 [pinn_trainer][lshape][ak_k5][k=-][s=-] INFO Adam     1/1000  loss=6.5949e+04  pde=6.5911e+04  bc=7.6320e+00  ic=0.0000e+00  fc=0.0000e+00
2026-05-28 01:36:57 [pinn_trainer][lshape][ak_k5][k=-][s=-] INFO Adam   500/1000  loss=8.5664e-02  pde=8.5487e-02  bc=3.5313e-05  ic=0.0000e+00  fc=0.0000e+00
2026-05-28 01:37:21 [pinn_trainer][lshape][ak_k5][k=-][s=-] INFO Adam  1000/1000  loss=1.0250e-04  pde=1.0247e-04  bc=6.1119e-09  ic=0.0000e+00  fc=0.0000e+00
2026-05-28 01:37:25 [pinn_trainer][lshape][ak_k5][k=-][s=-] INFO L-BFGS  300/300  loss=1.2007e-04
2026-05-28 01:37:25 [pinn_trainer][lshape][ak_k5][k=-][s=-] INFO Training done in 54.8 s
2026-05-28 01:37:25 [adaptive_k][lshape][adaptive_k][k=adaptive][s=7] INFO   Win  9  k=5  [22.5→30.0 s]  interior_MAE=0.005°C  → k_next=5
2026-05-28 01:37:25 [adaptive_k][lshape][adaptive_k][k=adaptive][s=7] INFO AdaptiveK done | wins=9 | FEM_solves=9/60 | FEM_saving=85% | MAE=1.421°C | L2=0.0174 | t=501 s
2026-05-28 01:37:25 [adaptive_k][lshape][adaptive_k][k=adaptive][s=7] INFO k schedule: t=0.0s:k=1 → t=1.5s:k=1 → t=3.0s:k=1 → t=4.5s:k=1 → t=6.0s:k=2 → t=9.0s:k=2 → t=12.0s:k=3 → t=16.5s:k=4 → t=22.5s:k=5
2026-05-28 01:37:25 [adaptive_k][lshape][adaptive_k][k=adaptive][s=7] INFO Saved → /home/coder/NAS-PINNS1/thermal_pinn/quenching_mswp/results/adaptive_k/lshape/seed7_adaptive
2026-05-28 01:37:26 [stage_adaptive_k][all][adaptive_k][k=-][s=-] INFO RESULT geo=lshape   seed=7 | MAE=1.421°C | L2=0.0174 | FEM_solves=9/60 | FEM_saving=85%
2026-05-28 01:37:26 [stage_adaptive_k][all][adaptive_k][k=-][s=-] INFO AdaptiveK | geo=lshape seed=8 arch=[151, 151, 151, 151, 151] thr_up=2.0 thr_dn=5.0
2026-05-28 01:37:26 [adaptive_k][lshape][adaptive_k][k=adaptive][s=8] INFO AdaptiveK | arch=[151, 151, 151, 151, 151] | k=[1..5] | thr_up=2.0°C thr_dn=5.0°C | fourier=True
2026-05-28 01:37:26 [pinn_trainer][lshape][ak_k1][k=-][s=-] INFO Training start: t=[0.0,1.5]s  epochs_adam=1000  epochs_lbfgs=300  params=111439
2026-05-28 01:37:28 [pinn_trainer][lshape][ak_k1][k=-][s=-] INFO Adam     1/1000  loss=2.8681e+04  pde=2.8660e+04  bc=4.2866e+00  ic=0.0000e+00  fc=0.0000e+00
2026-05-28 01:37:52 [pinn_trainer][lshape][ak_k1][k=-][s=-] INFO Adam   500/1000  loss=7.0582e+00  pde=4.6139e+00  bc=4.8885e-01  ic=0.0000e+00  fc=0.0000e+00
2026-05-28 01:38:16 [pinn_trainer][lshape][ak_k1][k=-][s=-] INFO Adam  1000/1000  loss=4.2760e+00  pde=2.3192e+00  bc=3.9136e-01  ic=0.0000e+00  fc=0.0000e+00
2026-05-28 01:38:22 [pinn_trainer][lshape][ak_k1][k=-][s=-] INFO L-BFGS  300/300  loss=4.3971e+00
2026-05-28 01:38:22 [pinn_trainer][lshape][ak_k1][k=-][s=-] INFO Training done in 56.5 s
2026-05-28 01:38:22 [adaptive_k][lshape][adaptive_k][k=adaptive][s=8] INFO   Win  1  k=1  [0.0→1.5 s]  interior_MAE=17.284°C  → k_next=1
2026-05-28 01:38:22 [pinn_trainer][lshape][ak_k1][k=-][s=-] INFO Training start: t=[1.5,3.0]s  epochs_adam=1000  epochs_lbfgs=300  params=111439
2026-05-28 01:38:25 [pinn_trainer][lshape][ak_k1][k=-][s=-] INFO Adam     1/1000  loss=5.0524e+04  pde=5.0499e+04  bc=4.8331e+00  ic=0.0000e+00  fc=0.0000e+00
2026-05-28 01:38:49 [pinn_trainer][lshape][ak_k1][k=-][s=-] INFO Adam   500/1000  loss=2.3181e+00  pde=1.7310e+00  bc=1.1742e-01  ic=0.0000e+00  fc=0.0000e+00
2026-05-28 01:39:13 [pinn_trainer][lshape][ak_k1][k=-][s=-] INFO Adam  1000/1000  loss=1.0551e+00  pde=5.8834e-01  bc=9.3343e-02  ic=0.0000e+00  fc=0.0000e+00
2026-05-28 01:39:18 [pinn_trainer][lshape][ak_k1][k=-][s=-] INFO L-BFGS  300/300  loss=1.0532e+00
2026-05-28 01:39:18 [pinn_trainer][lshape][ak_k1][k=-][s=-] INFO Training done in 55.5 s
2026-05-28 01:39:18 [adaptive_k][lshape][adaptive_k][k=adaptive][s=8] INFO   Win  2  k=1  [1.5→3.0 s]  interior_MAE=6.230°C  → k_next=1
2026-05-28 01:39:18 [pinn_trainer][lshape][ak_k1][k=-][s=-] INFO Training start: t=[3.0,4.5]s  epochs_adam=1000  epochs_lbfgs=300  params=111439
2026-05-28 01:39:20 [pinn_trainer][lshape][ak_k1][k=-][s=-] INFO Adam     1/1000  loss=1.0987e+05  pde=1.0984e+05  bc=7.4311e+00  ic=0.0000e+00  fc=0.0000e+00
2026-05-28 01:39:44 [pinn_trainer][lshape][ak_k1][k=-][s=-] INFO Adam   500/1000  loss=6.7238e-01  pde=5.1926e-01  bc=3.0624e-02  ic=0.0000e+00  fc=0.0000e+00
2026-05-28 01:40:08 [pinn_trainer][lshape][ak_k1][k=-][s=-] INFO Adam  1000/1000  loss=4.6430e-01  pde=3.3419e-01  bc=2.6022e-02  ic=0.0000e+00  fc=0.0000e+00
2026-05-28 01:40:12 [pinn_trainer][lshape][ak_k1][k=-][s=-] INFO L-BFGS  300/300  loss=4.6028e-01
2026-05-28 01:40:12 [pinn_trainer][lshape][ak_k1][k=-][s=-] INFO Training done in 54.5 s
2026-05-28 01:40:12 [adaptive_k][lshape][adaptive_k][k=adaptive][s=8] INFO   Win  3  k=1  [3.0→4.5 s]  interior_MAE=4.063°C  → k_next=1
2026-05-28 01:40:12 [pinn_trainer][lshape][ak_k1][k=-][s=-] INFO Training start: t=[4.5,6.0]s  epochs_adam=1000  epochs_lbfgs=300  params=111439
2026-05-28 01:40:15 [pinn_trainer][lshape][ak_k1][k=-][s=-] INFO Adam     1/1000  loss=4.4022e+04  pde=4.3996e+04  bc=5.2983e+00  ic=0.0000e+00  fc=0.0000e+00
2026-05-28 01:40:39 [pinn_trainer][lshape][ak_k1][k=-][s=-] INFO Adam   500/1000  loss=1.7306e-01  pde=1.3416e-01  bc=7.7801e-03  ic=0.0000e+00  fc=0.0000e+00
2026-05-28 01:41:03 [pinn_trainer][lshape][ak_k1][k=-][s=-] INFO Adam  1000/1000  loss=9.1170e-02  pde=5.7062e-02  bc=6.8216e-03  ic=0.0000e+00  fc=0.0000e+00
2026-05-28 01:41:07 [pinn_trainer][lshape][ak_k1][k=-][s=-] INFO L-BFGS  300/300  loss=9.2118e-02
2026-05-28 01:41:07 [pinn_trainer][lshape][ak_k1][k=-][s=-] INFO Training done in 55.0 s
2026-05-28 01:41:07 [adaptive_k][lshape][adaptive_k][k=adaptive][s=8] INFO   Win  4  k=1  [4.5→6.0 s]  interior_MAE=1.882°C  → k_next=2
2026-05-28 01:41:07 [pinn_trainer][lshape][ak_k2][k=-][s=-] INFO Training start: t=[6.0,9.0]s  epochs_adam=1000  epochs_lbfgs=300  params=111439
2026-05-28 01:41:10 [pinn_trainer][lshape][ak_k2][k=-][s=-] INFO Adam     1/1000  loss=9.0150e+04  pde=9.0113e+04  bc=7.3389e+00  ic=0.0000e+00  fc=0.0000e+00
2026-05-28 01:41:34 [pinn_trainer][lshape][ak_k2][k=-][s=-] INFO Adam   500/1000  loss=1.4453e-01  pde=1.3655e-01  bc=1.5970e-03  ic=0.0000e+00  fc=0.0000e+00
2026-05-28 01:41:58 [pinn_trainer][lshape][ak_k2][k=-][s=-] INFO Adam  1000/1000  loss=7.2771e-02  pde=6.5428e-02  bc=1.4686e-03  ic=0.0000e+00  fc=0.0000e+00
2026-05-28 01:42:02 [pinn_trainer][lshape][ak_k2][k=-][s=-] INFO L-BFGS  300/300  loss=7.6923e-02
2026-05-28 01:42:02 [pinn_trainer][lshape][ak_k2][k=-][s=-] INFO Training done in 54.7 s
2026-05-28 01:42:02 [adaptive_k][lshape][adaptive_k][k=adaptive][s=8] INFO   Win  5  k=2  [6.0→9.0 s]  interior_MAE=3.150°C  → k_next=2
2026-05-28 01:42:02 [pinn_trainer][lshape][ak_k2][k=-][s=-] INFO Training start: t=[9.0,12.0]s  epochs_adam=1000  epochs_lbfgs=300  params=111439
2026-05-28 01:42:05 [pinn_trainer][lshape][ak_k2][k=-][s=-] INFO Adam     1/1000  loss=6.2743e+04  pde=6.2711e+04  bc=6.4469e+00  ic=0.0000e+00  fc=0.0000e+00
2026-05-28 01:42:29 [pinn_trainer][lshape][ak_k2][k=-][s=-] INFO Adam   500/1000  loss=8.2486e-03  pde=7.7164e-03  bc=1.0644e-04  ic=0.0000e+00  fc=0.0000e+00
2026-05-28 01:42:53 [pinn_trainer][lshape][ak_k2][k=-][s=-] INFO Adam  1000/1000  loss=3.4780e-03  pde=2.9789e-03  bc=9.9814e-05  ic=0.0000e+00  fc=0.0000e+00
2026-05-28 01:42:57 [pinn_trainer][lshape][ak_k2][k=-][s=-] INFO L-BFGS  300/300  loss=3.0100e-03
2026-05-28 01:42:57 [pinn_trainer][lshape][ak_k2][k=-][s=-] INFO Training done in 54.6 s
2026-05-28 01:42:57 [adaptive_k][lshape][adaptive_k][k=adaptive][s=8] INFO   Win  6  k=2  [9.0→12.0 s]  interior_MAE=0.799°C  → k_next=3
2026-05-28 01:42:57 [pinn_trainer][lshape][ak_k3][k=-][s=-] INFO Training start: t=[12.0,16.5]s  epochs_adam=1000  epochs_lbfgs=300  params=111439
2026-05-28 01:42:59 [pinn_trainer][lshape][ak_k3][k=-][s=-] INFO Adam     1/1000  loss=8.6854e+04  pde=8.6818e+04  bc=7.0193e+00  ic=0.0000e+00  fc=0.0000e+00
2026-05-28 01:43:23 [pinn_trainer][lshape][ak_k3][k=-][s=-] INFO Adam   500/1000  loss=3.3217e-01  pde=3.3174e-01  bc=8.4911e-05  ic=0.0000e+00  fc=0.0000e+00
2026-05-28 01:43:47 [pinn_trainer][lshape][ak_k3][k=-][s=-] INFO Adam  1000/1000  loss=3.5681e-04  pde=3.2846e-04  bc=5.6696e-06  ic=0.0000e+00  fc=0.0000e+00
2026-05-28 01:43:52 [pinn_trainer][lshape][ak_k3][k=-][s=-] INFO L-BFGS  300/300  loss=3.4883e-04
2026-05-28 01:43:52 [pinn_trainer][lshape][ak_k3][k=-][s=-] INFO Training done in 55.0 s
2026-05-28 01:43:52 [adaptive_k][lshape][adaptive_k][k=adaptive][s=8] INFO   Win  7  k=3  [12.0→16.5 s]  interior_MAE=0.339°C  → k_next=4
2026-05-28 01:43:52 [pinn_trainer][lshape][ak_k4][k=-][s=-] INFO Training start: t=[16.5,22.5]s  epochs_adam=1000  epochs_lbfgs=300  params=111439
2026-05-28 01:43:54 [pinn_trainer][lshape][ak_k4][k=-][s=-] INFO Adam     1/1000  loss=8.0830e+04  pde=8.0803e+04  bc=5.2462e+00  ic=0.0000e+00  fc=0.0000e+00
2026-05-28 01:44:18 [pinn_trainer][lshape][ak_k4][k=-][s=-] INFO Adam   500/1000  loss=2.9671e-03  pde=2.9570e-03  bc=2.0284e-06  ic=0.0000e+00  fc=0.0000e+00
2026-05-28 01:44:42 [pinn_trainer][lshape][ak_k4][k=-][s=-] INFO Adam  1000/1000  loss=1.0167e-03  pde=1.0160e-03  bc=1.4689e-07  ic=0.0000e+00  fc=0.0000e+00
2026-05-28 01:44:50 [pinn_trainer][lshape][ak_k4][k=-][s=-] INFO L-BFGS  300/300  loss=1.2098e-03
2026-05-28 01:44:50 [pinn_trainer][lshape][ak_k4][k=-][s=-] INFO Training done in 58.0 s
2026-05-28 01:44:50 [adaptive_k][lshape][adaptive_k][k=adaptive][s=8] INFO   Win  8  k=4  [16.5→22.5 s]  interior_MAE=0.052°C  → k_next=5
2026-05-28 01:44:50 [pinn_trainer][lshape][ak_k5][k=-][s=-] INFO Training start: t=[22.5,30.0]s  epochs_adam=1000  epochs_lbfgs=300  params=111439
2026-05-28 01:44:52 [pinn_trainer][lshape][ak_k5][k=-][s=-] INFO Adam     1/1000  loss=6.1133e+04  pde=6.1093e+04  bc=8.0043e+00  ic=0.0000e+00  fc=0.0000e+00
2026-05-28 01:45:17 [pinn_trainer][lshape][ak_k5][k=-][s=-] INFO Adam   500/1000  loss=3.7140e-03  pde=3.7057e-03  bc=1.6560e-06  ic=0.0000e+00  fc=0.0000e+00
2026-05-28 01:45:40 [pinn_trainer][lshape][ak_k5][k=-][s=-] INFO Adam  1000/1000  loss=4.7416e-05  pde=4.7401e-05  bc=3.0962e-09  ic=0.0000e+00  fc=0.0000e+00
2026-05-28 01:45:46 [pinn_trainer][lshape][ak_k5][k=-][s=-] INFO L-BFGS  300/300  loss=2.1856e-05
2026-05-28 01:45:46 [pinn_trainer][lshape][ak_k5][k=-][s=-] INFO Training done in 55.9 s
2026-05-28 01:45:46 [adaptive_k][lshape][adaptive_k][k=adaptive][s=8] INFO   Win  9  k=5  [22.5→30.0 s]  interior_MAE=0.003°C  → k_next=5
2026-05-28 01:45:46 [adaptive_k][lshape][adaptive_k][k=adaptive][s=8] INFO AdaptiveK done | wins=9 | FEM_solves=9/60 | FEM_saving=85% | MAE=1.367°C | L2=0.0179 | t=500 s
2026-05-28 01:45:46 [adaptive_k][lshape][adaptive_k][k=adaptive][s=8] INFO k schedule: t=0.0s:k=1 → t=1.5s:k=1 → t=3.0s:k=1 → t=4.5s:k=1 → t=6.0s:k=2 → t=9.0s:k=2 → t=12.0s:k=3 → t=16.5s:k=4 → t=22.5s:k=5
2026-05-28 01:45:46 [adaptive_k][lshape][adaptive_k][k=adaptive][s=8] INFO Saved → /home/coder/NAS-PINNS1/thermal_pinn/quenching_mswp/results/adaptive_k/lshape/seed8_adaptive
2026-05-28 01:45:46 [stage_adaptive_k][all][adaptive_k][k=-][s=-] INFO RESULT geo=lshape   seed=8 | MAE=1.367°C | L2=0.0179 | FEM_solves=9/60 | FEM_saving=85%
2026-05-28 01:45:46 [stage_adaptive_k][all][adaptive_k][k=-][s=-] INFO AdaptiveK | geo=lshape seed=9 arch=[151, 151, 151, 151, 151] thr_up=2.0 thr_dn=5.0
2026-05-28 01:45:46 [adaptive_k][lshape][adaptive_k][k=adaptive][s=9] INFO AdaptiveK | arch=[151, 151, 151, 151, 151] | k=[1..5] | thr_up=2.0°C thr_dn=5.0°C | fourier=True
2026-05-28 01:45:46 [pinn_trainer][lshape][ak_k1][k=-][s=-] INFO Training start: t=[0.0,1.5]s  epochs_adam=1000  epochs_lbfgs=300  params=111439
2026-05-28 01:45:49 [pinn_trainer][lshape][ak_k1][k=-][s=-] INFO Adam     1/1000  loss=6.4034e+04  pde=6.3993e+04  bc=8.3281e+00  ic=0.0000e+00  fc=0.0000e+00
2026-05-28 01:46:13 [pinn_trainer][lshape][ak_k1][k=-][s=-] INFO Adam   500/1000  loss=7.6874e+00  pde=5.2170e+00  bc=4.9408e-01  ic=0.0000e+00  fc=0.0000e+00
2026-05-28 01:46:37 [pinn_trainer][lshape][ak_k1][k=-][s=-] INFO Adam  1000/1000  loss=4.2653e+00  pde=2.2604e+00  bc=4.0100e-01  ic=0.0000e+00  fc=0.0000e+00
2026-05-28 01:46:42 [pinn_trainer][lshape][ak_k1][k=-][s=-] INFO L-BFGS  300/300  loss=4.3132e+00
2026-05-28 01:46:42 [pinn_trainer][lshape][ak_k1][k=-][s=-] INFO Training done in 55.6 s
2026-05-28 01:46:42 [adaptive_k][lshape][adaptive_k][k=adaptive][s=9] INFO   Win  1  k=1  [0.0→1.5 s]  interior_MAE=17.318°C  → k_next=1
2026-05-28 01:46:42 [pinn_trainer][lshape][ak_k1][k=-][s=-] INFO Training start: t=[1.5,3.0]s  epochs_adam=1000  epochs_lbfgs=300  params=111439
2026-05-28 01:46:44 [pinn_trainer][lshape][ak_k1][k=-][s=-] INFO Adam     1/1000  loss=6.5940e+04  pde=6.5903e+04  bc=7.3628e+00  ic=0.0000e+00  fc=0.0000e+00
2026-05-28 01:47:08 [pinn_trainer][lshape][ak_k1][k=-][s=-] INFO Adam   500/1000  loss=1.4988e+00  pde=9.6792e-01  bc=1.0618e-01  ic=0.0000e+00  fc=0.0000e+00
2026-05-28 01:47:32 [pinn_trainer][lshape][ak_k1][k=-][s=-] INFO Adam  1000/1000  loss=8.7228e-01  pde=4.5110e-01  bc=8.4236e-02  ic=0.0000e+00  fc=0.0000e+00
2026-05-28 01:47:38 [pinn_trainer][lshape][ak_k1][k=-][s=-] INFO L-BFGS  300/300  loss=8.9245e-01
2026-05-28 01:47:38 [pinn_trainer][lshape][ak_k1][k=-][s=-] INFO Training done in 55.9 s
2026-05-28 01:47:38 [adaptive_k][lshape][adaptive_k][k=adaptive][s=9] INFO   Win  2  k=1  [1.5→3.0 s]  interior_MAE=7.242°C  → k_next=1
2026-05-28 01:47:38 [pinn_trainer][lshape][ak_k1][k=-][s=-] INFO Training start: t=[3.0,4.5]s  epochs_adam=1000  epochs_lbfgs=300  params=111439
2026-05-28 01:47:40 [pinn_trainer][lshape][ak_k1][k=-][s=-] INFO Adam     1/1000  loss=1.0505e+05  pde=1.0501e+05  bc=9.3858e+00  ic=0.0000e+00  fc=0.0000e+00
2026-05-28 01:48:04 [pinn_trainer][lshape][ak_k1][k=-][s=-] INFO Adam   500/1000  loss=6.5456e-01  pde=4.9959e-01  bc=3.0995e-02  ic=0.0000e+00  fc=0.0000e+00
2026-05-28 01:48:28 [pinn_trainer][lshape][ak_k1][k=-][s=-] INFO Adam  1000/1000  loss=2.9831e-01  pde=1.7103e-01  bc=2.5457e-02  ic=0.0000e+00  fc=0.0000e+00
2026-05-28 01:48:37 [pinn_trainer][lshape][ak_k1][k=-][s=-] INFO L-BFGS  300/300  loss=3.0019e-01
2026-05-28 01:48:37 [pinn_trainer][lshape][ak_k1][k=-][s=-] INFO Training done in 59.5 s
2026-05-28 01:48:37 [adaptive_k][lshape][adaptive_k][k=adaptive][s=9] INFO   Win  3  k=1  [3.0→4.5 s]  interior_MAE=3.582°C  → k_next=1
2026-05-28 01:48:37 [pinn_trainer][lshape][ak_k1][k=-][s=-] INFO Training start: t=[4.5,6.0]s  epochs_adam=1000  epochs_lbfgs=300  params=111439
2026-05-28 01:48:40 [pinn_trainer][lshape][ak_k1][k=-][s=-] INFO Adam     1/1000  loss=4.6456e+04  pde=4.6429e+04  bc=5.4417e+00  ic=0.0000e+00  fc=0.0000e+00
2026-05-28 01:49:04 [pinn_trainer][lshape][ak_k1][k=-][s=-] INFO Adam   500/1000  loss=1.9218e-01  pde=1.5249e-01  bc=7.9392e-03  ic=0.0000e+00  fc=0.0000e+00
2026-05-28 01:49:28 [pinn_trainer][lshape][ak_k1][k=-][s=-] INFO Adam  1000/1000  loss=8.7670e-02  pde=5.2537e-02  bc=7.0267e-03  ic=0.0000e+00  fc=0.0000e+00
2026-05-28 01:49:33 [pinn_trainer][lshape][ak_k1][k=-][s=-] INFO L-BFGS  300/300  loss=9.2927e-02
2026-05-28 01:49:33 [pinn_trainer][lshape][ak_k1][k=-][s=-] INFO Training done in 55.7 s
2026-05-28 01:49:33 [adaptive_k][lshape][adaptive_k][k=adaptive][s=9] INFO   Win  4  k=1  [4.5→6.0 s]  interior_MAE=2.088°C  → k_next=1
2026-05-28 01:49:33 [pinn_trainer][lshape][ak_k1][k=-][s=-] INFO Training start: t=[6.0,7.5]s  epochs_adam=1000  epochs_lbfgs=300  params=111439
2026-05-28 01:49:35 [pinn_trainer][lshape][ak_k1][k=-][s=-] INFO Adam     1/1000  loss=4.2232e+04  pde=4.2207e+04  bc=5.0082e+00  ic=0.0000e+00  fc=0.0000e+00
2026-05-28 01:50:00 [pinn_trainer][lshape][ak_k1][k=-][s=-] INFO Adam   500/1000  loss=1.5011e-01  pde=1.3930e-01  bc=2.1623e-03  ic=0.0000e+00  fc=0.0000e+00
2026-05-28 01:50:24 [pinn_trainer][lshape][ak_k1][k=-][s=-] INFO Adam  1000/1000  loss=3.4796e-02  pde=2.5206e-02  bc=1.9180e-03  ic=0.0000e+00  fc=0.0000e+00
2026-05-28 01:50:29 [pinn_trainer][lshape][ak_k1][k=-][s=-] INFO L-BFGS  300/300  loss=3.4771e-02
2026-05-28 01:50:29 [pinn_trainer][lshape][ak_k1][k=-][s=-] INFO Training done in 56.3 s
2026-05-28 01:50:29 [adaptive_k][lshape][adaptive_k][k=adaptive][s=9] INFO   Win  5  k=1  [6.0→7.5 s]  interior_MAE=0.798°C  → k_next=2
2026-05-28 01:50:29 [pinn_trainer][lshape][ak_k2][k=-][s=-] INFO Training start: t=[7.5,10.5]s  epochs_adam=1000  epochs_lbfgs=300  params=111439
2026-05-28 01:50:32 [pinn_trainer][lshape][ak_k2][k=-][s=-] INFO Adam     1/1000  loss=3.9920e+04  pde=3.9897e+04  bc=4.6373e+00  ic=0.0000e+00  fc=0.0000e+00
2026-05-28 01:50:56 [pinn_trainer][lshape][ak_k2][k=-][s=-] INFO Adam   500/1000  loss=2.6295e-01  pde=2.6038e-01  bc=5.1522e-04  ic=0.0000e+00  fc=0.0000e+00
2026-05-28 01:51:20 [pinn_trainer][lshape][ak_k2][k=-][s=-] INFO Adam  1000/1000  loss=1.4537e-02  pde=1.2611e-02  bc=3.8530e-04  ic=0.0000e+00  fc=0.0000e+00
2026-05-28 01:51:24 [pinn_trainer][lshape][ak_k2][k=-][s=-] INFO L-BFGS  300/300  loss=1.1689e-02
2026-05-28 01:51:24 [pinn_trainer][lshape][ak_k2][k=-][s=-] INFO Training done in 54.8 s
2026-05-28 01:51:24 [adaptive_k][lshape][adaptive_k][k=adaptive][s=9] INFO   Win  6  k=2  [7.5→10.5 s]  interior_MAE=1.650°C  → k_next=3
2026-05-28 01:51:24 [pinn_trainer][lshape][ak_k3][k=-][s=-] INFO Training start: t=[10.5,15.0]s  epochs_adam=1000  epochs_lbfgs=300  params=111439
2026-05-28 01:51:26 [pinn_trainer][lshape][ak_k3][k=-][s=-] INFO Adam     1/1000  loss=8.9011e+04  pde=8.8969e+04  bc=8.5454e+00  ic=0.0000e+00  fc=0.0000e+00
2026-05-28 01:51:50 [pinn_trainer][lshape][ak_k3][k=-][s=-] INFO Adam   500/1000  loss=3.9824e-03  pde=3.8641e-03  bc=2.3649e-05  ic=0.0000e+00  fc=0.0000e+00
2026-05-28 01:52:15 [pinn_trainer][lshape][ak_k3][k=-][s=-] INFO Adam  1000/1000  loss=1.4557e-03  pde=1.3470e-03  bc=2.1742e-05  ic=0.0000e+00  fc=0.0000e+00
2026-05-28 01:52:20 [pinn_trainer][lshape][ak_k3][k=-][s=-] INFO L-BFGS  300/300  loss=1.2328e-03
2026-05-28 01:52:20 [pinn_trainer][lshape][ak_k3][k=-][s=-] INFO Training done in 55.9 s
2026-05-28 01:52:20 [adaptive_k][lshape][adaptive_k][k=adaptive][s=9] INFO   Win  7  k=3  [10.5→15.0 s]  interior_MAE=0.686°C  → k_next=4
2026-05-28 01:52:20 [pinn_trainer][lshape][ak_k4][k=-][s=-] INFO Training start: t=[15.0,21.0]s  epochs_adam=1000  epochs_lbfgs=300  params=111439
2026-05-28 01:52:22 [pinn_trainer][lshape][ak_k4][k=-][s=-] INFO Adam     1/1000  loss=2.9503e+04  pde=2.9485e+04  bc=3.7049e+00  ic=0.0000e+00  fc=0.0000e+00
2026-05-28 01:52:46 [pinn_trainer][lshape][ak_k4][k=-][s=-] INFO Adam   500/1000  loss=2.7294e-03  pde=2.7235e-03  bc=1.1751e-06  ic=0.0000e+00  fc=0.0000e+00
2026-05-28 01:53:10 [pinn_trainer][lshape][ak_k4][k=-][s=-] INFO Adam  1000/1000  loss=8.5901e-04  pde=8.5523e-04  bc=7.5607e-07  ic=0.0000e+00  fc=0.0000e+00
2026-05-28 01:53:15 [pinn_trainer][lshape][ak_k4][k=-][s=-] INFO L-BFGS  300/300  loss=7.0709e-04
2026-05-28 01:53:15 [pinn_trainer][lshape][ak_k4][k=-][s=-] INFO Training done in 54.7 s
2026-05-28 01:53:15 [adaptive_k][lshape][adaptive_k][k=adaptive][s=9] INFO   Win  8  k=4  [15.0→21.0 s]  interior_MAE=0.121°C  → k_next=5
2026-05-28 01:53:15 [pinn_trainer][lshape][ak_k5][k=-][s=-] INFO Training start: t=[21.0,28.5]s  epochs_adam=1000  epochs_lbfgs=300  params=111439
2026-05-28 01:53:17 [pinn_trainer][lshape][ak_k5][k=-][s=-] INFO Adam     1/1000  loss=7.2133e+04  pde=7.2097e+04  bc=7.0986e+00  ic=0.0000e+00  fc=0.0000e+00
2026-05-28 01:53:41 [pinn_trainer][lshape][ak_k5][k=-][s=-] INFO Adam   500/1000  loss=2.4040e-02  pde=2.4000e-02  bc=7.8987e-06  ic=0.0000e+00  fc=0.0000e+00
2026-05-28 01:54:05 [pinn_trainer][lshape][ak_k5][k=-][s=-] INFO Adam  1000/1000  loss=2.3867e-04  pde=2.3828e-04  bc=7.8420e-08  ic=0.0000e+00  fc=0.0000e+00
2026-05-28 01:54:11 [pinn_trainer][lshape][ak_k5][k=-][s=-] INFO L-BFGS  300/300  loss=4.4418e-04
2026-05-28 01:54:11 [pinn_trainer][lshape][ak_k5][k=-][s=-] INFO Training done in 56.3 s
2026-05-28 01:54:11 [adaptive_k][lshape][adaptive_k][k=adaptive][s=9] INFO   Win  9  k=5  [21.0→28.5 s]  interior_MAE=0.004°C  → k_next=5
2026-05-28 01:54:11 [pinn_trainer][lshape][ak_k5][k=-][s=-] INFO Training start: t=[28.5,30.0]s  epochs_adam=1000  epochs_lbfgs=300  params=111439
2026-05-28 01:54:14 [pinn_trainer][lshape][ak_k5][k=-][s=-] INFO Adam     1/1000  loss=7.3797e+04  pde=7.3763e+04  bc=6.9447e+00  ic=0.0000e+00  fc=0.0000e+00
2026-05-28 01:54:37 [pinn_trainer][lshape][ak_k5][k=-][s=-] INFO Adam   500/1000  loss=7.8518e-04  pde=7.8300e-04  bc=4.3665e-07  ic=0.0000e+00  fc=0.0000e+00
2026-05-28 01:55:01 [pinn_trainer][lshape][ak_k5][k=-][s=-] INFO Adam  1000/1000  loss=1.2794e-03  pde=1.2756e-03  bc=7.6175e-07  ic=0.0000e+00  fc=0.0000e+00
2026-05-28 01:55:07 [pinn_trainer][lshape][ak_k5][k=-][s=-] INFO L-BFGS  300/300  loss=1.0976e-03
2026-05-28 01:55:07 [pinn_trainer][lshape][ak_k5][k=-][s=-] INFO Training done in 56.3 s
2026-05-28 01:55:07 [adaptive_k][lshape][adaptive_k][k=adaptive][s=9] INFO   Win 10  k=5  [28.5→30.0 s]  interior_MAE=0.000°C  → k_next=5
2026-05-28 01:55:07 [adaptive_k][lshape][adaptive_k][k=adaptive][s=9] INFO AdaptiveK done | wins=10 | FEM_solves=10/60 | FEM_saving=83% | MAE=1.286°C | L2=0.0165 | t=561 s
2026-05-28 01:55:07 [adaptive_k][lshape][adaptive_k][k=adaptive][s=9] INFO k schedule: t=0.0s:k=1 → t=1.5s:k=1 → t=3.0s:k=1 → t=4.5s:k=1 → t=6.0s:k=1 → t=7.5s:k=2 → t=10.5s:k=3 → t=15.0s:k=4 → t=21.0s:k=5 → t=28.5s:k=5
2026-05-28 01:55:07 [adaptive_k][lshape][adaptive_k][k=adaptive][s=9] INFO Saved → /home/coder/NAS-PINNS1/thermal_pinn/quenching_mswp/results/adaptive_k/lshape/seed9_adaptive
2026-05-28 01:55:08 [stage_adaptive_k][all][adaptive_k][k=-][s=-] INFO RESULT geo=lshape   seed=9 | MAE=1.286°C | L2=0.0165 | FEM_solves=10/60 | FEM_saving=83%
2026-05-28 01:55:08 [stage_adaptive_k][all][adaptive_k][k=-][s=-] INFO AdaptiveK | geo=flower seed=1 arch=[151, 151, 151, 151, 151] thr_up=2.0 thr_dn=5.0
2026-05-28 01:55:08 [adaptive_k][flower][adaptive_k][k=adaptive][s=1] INFO AdaptiveK | arch=[151, 151, 151, 151, 151] | k=[1..5] | thr_up=2.0°C thr_dn=5.0°C | fourier=True
2026-05-28 01:55:08 [pinn_trainer][flower][ak_k1][k=-][s=-] INFO Training start: t=[0.0,1.5]s  epochs_adam=1000  epochs_lbfgs=300  params=111439
2026-05-28 01:55:13 [pinn_trainer][flower][ak_k1][k=-][s=-] INFO Adam     1/1000  loss=2.4002e+05  pde=2.3994e+05  bc=1.5269e+01  ic=0.0000e+00  fc=0.0000e+00
2026-05-28 01:55:47 [pinn_trainer][flower][ak_k1][k=-][s=-] INFO Adam   500/1000  loss=1.5443e+01  pde=1.3487e+01  bc=3.9109e-01  ic=0.0000e+00  fc=0.0000e+00
2026-05-28 01:56:22 [pinn_trainer][flower][ak_k1][k=-][s=-] INFO Adam  1000/1000  loss=7.1436e+00  pde=5.3755e+00  bc=3.5362e-01  ic=0.0000e+00  fc=0.0000e+00
2026-05-28 01:56:30 [pinn_trainer][flower][ak_k1][k=-][s=-] INFO L-BFGS  300/300  loss=6.9169e+00
2026-05-28 01:56:30 [pinn_trainer][flower][ak_k1][k=-][s=-] INFO Training done in 81.5 s
2026-05-28 01:56:30 [adaptive_k][flower][adaptive_k][k=adaptive][s=1] INFO   Win  1  k=1  [0.0→1.5 s]  interior_MAE=36.689°C  → k_next=1
2026-05-28 01:56:30 [pinn_trainer][flower][ak_k1][k=-][s=-] INFO Training start: t=[1.5,3.0]s  epochs_adam=1000  epochs_lbfgs=300  params=111439
2026-05-28 01:56:34 [pinn_trainer][flower][ak_k1][k=-][s=-] INFO Adam     1/1000  loss=3.7684e+05  pde=3.7677e+05  bc=1.3242e+01  ic=0.0000e+00  fc=0.0000e+00
2026-05-28 01:57:09 [pinn_trainer][flower][ak_k1][k=-][s=-] INFO Adam   500/1000  loss=2.4530e+00  pde=2.3415e+00  bc=2.2283e-02  ic=0.0000e+00  fc=0.0000e+00
2026-05-28 01:57:43 [pinn_trainer][flower][ak_k1][k=-][s=-] INFO Adam  1000/1000  loss=1.2476e+00  pde=1.1530e+00  bc=1.8920e-02  ic=0.0000e+00  fc=0.0000e+00
2026-05-28 01:57:51 [pinn_trainer][flower][ak_k1][k=-][s=-] INFO L-BFGS  300/300  loss=1.2640e+00
2026-05-28 01:57:51 [pinn_trainer][flower][ak_k1][k=-][s=-] INFO Training done in 81.7 s
2026-05-28 01:57:51 [adaptive_k][flower][adaptive_k][k=adaptive][s=1] INFO   Win  2  k=1  [1.5→3.0 s]  interior_MAE=11.058°C  → k_next=1
2026-05-28 01:57:51 [pinn_trainer][flower][ak_k1][k=-][s=-] INFO Training start: t=[3.0,4.5]s  epochs_adam=1000  epochs_lbfgs=300  params=111439
2026-05-28 01:57:56 [pinn_trainer][flower][ak_k1][k=-][s=-] INFO Adam     1/1000  loss=2.5184e+05  pde=2.5178e+05  bc=1.2289e+01  ic=0.0000e+00  fc=0.0000e+00
2026-05-28 01:58:30 [pinn_trainer][flower][ak_k1][k=-][s=-] INFO Adam   500/1000  loss=4.1366e-01  pde=4.0779e-01  bc=1.1747e-03  ic=0.0000e+00  fc=0.0000e+00
2026-05-28 01:59:04 [pinn_trainer][flower][ak_k1][k=-][s=-] INFO Adam  1000/1000  loss=1.2657e-01  pde=1.2089e-01  bc=1.1364e-03  ic=0.0000e+00  fc=0.0000e+00
2026-05-28 01:59:10 [pinn_trainer][flower][ak_k1][k=-][s=-] INFO L-BFGS  300/300  loss=1.3071e-01
2026-05-28 01:59:10 [pinn_trainer][flower][ak_k1][k=-][s=-] INFO Training done in 78.6 s
2026-05-28 01:59:10 [adaptive_k][flower][adaptive_k][k=adaptive][s=1] INFO   Win  3  k=1  [3.0→4.5 s]  interior_MAE=3.444°C  → k_next=1
2026-05-28 01:59:10 [pinn_trainer][flower][ak_k1][k=-][s=-] INFO Training start: t=[4.5,6.0]s  epochs_adam=1000  epochs_lbfgs=300  params=111439
2026-05-28 01:59:14 [pinn_trainer][flower][ak_k1][k=-][s=-] INFO Adam     1/1000  loss=1.5719e+05  pde=1.5715e+05  bc=7.8809e+00  ic=0.0000e+00  fc=0.0000e+00
2026-05-28 01:59:48 [pinn_trainer][flower][ak_k1][k=-][s=-] INFO Adam   500/1000  loss=2.6766e-02  pde=2.6426e-02  bc=6.8054e-05  ic=0.0000e+00  fc=0.0000e+00
2026-05-28 02:00:22 [pinn_trainer][flower][ak_k1][k=-][s=-] INFO Adam  1000/1000  loss=8.8974e-02  pde=8.8596e-02  bc=7.5602e-05  ic=0.0000e+00  fc=0.0000e+00
2026-05-28 02:00:29 [pinn_trainer][flower][ak_k1][k=-][s=-] INFO L-BFGS  300/300  loss=9.0140e-02
2026-05-28 02:00:29 [pinn_trainer][flower][ak_k1][k=-][s=-] INFO Training done in 78.9 s
2026-05-28 02:00:29 [adaptive_k][flower][adaptive_k][k=adaptive][s=1] INFO   Win  4  k=1  [4.5→6.0 s]  interior_MAE=0.863°C  → k_next=2
2026-05-28 02:00:29 [pinn_trainer][flower][ak_k2][k=-][s=-] INFO Training start: t=[6.0,9.0]s  epochs_adam=1000  epochs_lbfgs=300  params=111439
2026-05-28 02:00:33 [pinn_trainer][flower][ak_k2][k=-][s=-] INFO Adam     1/1000  loss=1.9164e+05  pde=1.9159e+05  bc=1.0225e+01  ic=0.0000e+00  fc=0.0000e+00
2026-05-28 02:01:08 [pinn_trainer][flower][ak_k2][k=-][s=-] INFO Adam   500/1000  loss=1.2157e-02  pde=1.2134e-02  bc=4.6658e-06  ic=0.0000e+00  fc=0.0000e+00
2026-05-28 02:01:42 [pinn_trainer][flower][ak_k2][k=-][s=-] INFO Adam  1000/1000  loss=1.9522e-02  pde=1.9486e-02  bc=7.2756e-06  ic=0.0000e+00  fc=0.0000e+00
2026-05-28 02:01:49 [pinn_trainer][flower][ak_k2][k=-][s=-] INFO L-BFGS  300/300  loss=7.6704e-03
2026-05-28 02:01:49 [pinn_trainer][flower][ak_k2][k=-][s=-] INFO Training done in 80.2 s
2026-05-28 02:01:49 [adaptive_k][flower][adaptive_k][k=adaptive][s=1] INFO   Win  5  k=2  [6.0→9.0 s]  interior_MAE=0.357°C  → k_next=3
2026-05-28 02:01:49 [pinn_trainer][flower][ak_k3][k=-][s=-] INFO Training start: t=[9.0,13.5]s  epochs_adam=1000  epochs_lbfgs=300  params=111439
2026-05-28 02:01:54 [pinn_trainer][flower][ak_k3][k=-][s=-] INFO Adam     1/1000  loss=2.4429e+05  pde=2.4425e+05  bc=8.4467e+00  ic=0.0000e+00  fc=0.0000e+00
2026-05-28 02:02:27 [pinn_trainer][flower][ak_k3][k=-][s=-] INFO Adam   500/1000  loss=5.7492e-02  pde=5.7480e-02  bc=2.3920e-06  ic=0.0000e+00  fc=0.0000e+00
2026-05-28 02:03:02 [pinn_trainer][flower][ak_k3][k=-][s=-] INFO Adam  1000/1000  loss=6.3806e-04  pde=6.3721e-04  bc=1.6944e-07  ic=0.0000e+00  fc=0.0000e+00
2026-05-28 02:03:12 [pinn_trainer][flower][ak_k3][k=-][s=-] INFO L-BFGS  300/300  loss=5.2265e-04
2026-05-28 02:03:12 [pinn_trainer][flower][ak_k3][k=-][s=-] INFO Training done in 82.6 s
2026-05-28 02:03:12 [adaptive_k][flower][adaptive_k][k=adaptive][s=1] INFO   Win  6  k=3  [9.0→13.5 s]  interior_MAE=0.025°C  → k_next=4
2026-05-28 02:03:12 [pinn_trainer][flower][ak_k4][k=-][s=-] INFO Training start: t=[13.5,19.5]s  epochs_adam=1000  epochs_lbfgs=300  params=111439
2026-05-28 02:03:16 [pinn_trainer][flower][ak_k4][k=-][s=-] INFO Adam     1/1000  loss=2.2951e+05  pde=2.2945e+05  bc=1.2570e+01  ic=0.0000e+00  fc=0.0000e+00
2026-05-28 02:03:50 [pinn_trainer][flower][ak_k4][k=-][s=-] INFO Adam   500/1000  loss=2.7777e-01  pde=2.7723e-01  bc=1.0684e-04  ic=0.0000e+00  fc=0.0000e+00
2026-05-28 02:04:25 [pinn_trainer][flower][ak_k4][k=-][s=-] INFO Adam  1000/1000  loss=3.6834e-04  pde=3.6665e-04  bc=3.3754e-07  ic=0.0000e+00  fc=0.0000e+00
2026-05-28 02:04:32 [pinn_trainer][flower][ak_k4][k=-][s=-] INFO L-BFGS  300/300  loss=2.1473e-04
2026-05-28 02:04:32 [pinn_trainer][flower][ak_k4][k=-][s=-] INFO Training done in 79.9 s
2026-05-28 02:04:32 [adaptive_k][flower][adaptive_k][k=adaptive][s=1] INFO   Win  7  k=4  [13.5→19.5 s]  interior_MAE=0.001°C  → k_next=5
2026-05-28 02:04:32 [pinn_trainer][flower][ak_k5][k=-][s=-] INFO Training start: t=[19.5,27.0]s  epochs_adam=1000  epochs_lbfgs=300  params=111439
2026-05-28 02:04:36 [pinn_trainer][flower][ak_k5][k=-][s=-] INFO Adam     1/1000  loss=1.3911e+05  pde=1.3905e+05  bc=1.0993e+01  ic=0.0000e+00  fc=0.0000e+00
2026-05-28 02:05:10 [pinn_trainer][flower][ak_k5][k=-][s=-] INFO Adam   500/1000  loss=9.4610e-03  pde=9.4554e-03  bc=1.1272e-06  ic=0.0000e+00  fc=0.0000e+00
2026-05-28 02:05:44 [pinn_trainer][flower][ak_k5][k=-][s=-] INFO Adam  1000/1000  loss=1.7039e-05  pde=1.6945e-05  bc=1.8891e-08  ic=0.0000e+00  fc=0.0000e+00
2026-05-28 02:05:53 [pinn_trainer][flower][ak_k5][k=-][s=-] INFO L-BFGS  300/300  loss=1.1716e-04
2026-05-28 02:05:53 [pinn_trainer][flower][ak_k5][k=-][s=-] INFO Training done in 81.7 s
2026-05-28 02:05:53 [adaptive_k][flower][adaptive_k][k=adaptive][s=1] INFO   Win  8  k=5  [19.5→27.0 s]  interior_MAE=0.004°C  → k_next=5
2026-05-28 02:05:53 [pinn_trainer][flower][ak_k5][k=-][s=-] INFO Training start: t=[27.0,30.0]s  epochs_adam=1000  epochs_lbfgs=300  params=111439
2026-05-28 02:05:58 [pinn_trainer][flower][ak_k5][k=-][s=-] INFO Adam     1/1000  loss=4.7323e+05  pde=4.7316e+05  bc=1.4277e+01  ic=0.0000e+00  fc=0.0000e+00
2026-05-28 02:06:32 [pinn_trainer][flower][ak_k5][k=-][s=-] INFO Adam   500/1000  loss=2.5396e-03  pde=2.5313e-03  bc=1.6724e-06  ic=0.0000e+00  fc=0.0000e+00
2026-05-28 02:07:06 [pinn_trainer][flower][ak_k5][k=-][s=-] INFO Adam  1000/1000  loss=2.3130e-04  pde=2.3110e-04  bc=3.9904e-08  ic=0.0000e+00  fc=0.0000e+00
2026-05-28 02:07:13 [pinn_trainer][flower][ak_k5][k=-][s=-] INFO L-BFGS  300/300  loss=1.3135e-04
2026-05-28 02:07:13 [pinn_trainer][flower][ak_k5][k=-][s=-] INFO Training done in 79.7 s
2026-05-28 02:07:13 [adaptive_k][flower][adaptive_k][k=adaptive][s=1] INFO   Win  9  k=5  [27.0→30.0 s]  interior_MAE=0.001°C  → k_next=5
2026-05-28 02:07:13 [adaptive_k][flower][adaptive_k][k=adaptive][s=1] INFO AdaptiveK done | wins=9 | FEM_solves=9/60 | FEM_saving=85% | MAE=1.769°C | L2=0.0157 | t=725 s
2026-05-28 02:07:13 [adaptive_k][flower][adaptive_k][k=adaptive][s=1] INFO k schedule: t=0.0s:k=1 → t=1.5s:k=1 → t=3.0s:k=1 → t=4.5s:k=1 → t=6.0s:k=2 → t=9.0s:k=3 → t=13.5s:k=4 → t=19.5s:k=5 → t=27.0s:k=5
2026-05-28 02:07:13 [adaptive_k][flower][adaptive_k][k=adaptive][s=1] INFO Saved → /home/coder/NAS-PINNS1/thermal_pinn/quenching_mswp/results/adaptive_k/flower/seed1_adaptive
2026-05-28 02:07:14 [stage_adaptive_k][all][adaptive_k][k=-][s=-] INFO RESULT geo=flower   seed=1 | MAE=1.769°C | L2=0.0157 | FEM_solves=9/60 | FEM_saving=85%
2026-05-28 02:07:14 [stage_adaptive_k][all][adaptive_k][k=-][s=-] INFO AdaptiveK | geo=flower seed=2 arch=[151, 151, 151, 151, 151] thr_up=2.0 thr_dn=5.0
2026-05-28 02:07:14 [adaptive_k][flower][adaptive_k][k=adaptive][s=2] INFO AdaptiveK | arch=[151, 151, 151, 151, 151] | k=[1..5] | thr_up=2.0°C thr_dn=5.0°C | fourier=True
2026-05-28 02:07:14 [pinn_trainer][flower][ak_k1][k=-][s=-] INFO Training start: t=[0.0,1.5]s  epochs_adam=1000  epochs_lbfgs=300  params=111439
2026-05-28 02:07:18 [pinn_trainer][flower][ak_k1][k=-][s=-] INFO Adam     1/1000  loss=2.4688e+05  pde=2.4681e+05  bc=1.3309e+01  ic=0.0000e+00  fc=0.0000e+00
2026-05-28 02:07:52 [pinn_trainer][flower][ak_k1][k=-][s=-] INFO Adam   500/1000  loss=1.5794e+01  pde=1.3816e+01  bc=3.9574e-01  ic=0.0000e+00  fc=0.0000e+00
2026-05-28 02:08:27 [pinn_trainer][flower][ak_k1][k=-][s=-] INFO Adam  1000/1000  loss=8.8689e+00  pde=7.1298e+00  bc=3.4783e-01  ic=0.0000e+00  fc=0.0000e+00
2026-05-28 02:08:34 [pinn_trainer][flower][ak_k1][k=-][s=-] INFO L-BFGS  300/300  loss=9.0847e+00
2026-05-28 02:08:34 [pinn_trainer][flower][ak_k1][k=-][s=-] INFO Training done in 80.5 s
2026-05-28 02:08:34 [adaptive_k][flower][adaptive_k][k=adaptive][s=2] INFO   Win  1  k=1  [0.0→1.5 s]  interior_MAE=34.888°C  → k_next=1
2026-05-28 02:08:34 [pinn_trainer][flower][ak_k1][k=-][s=-] INFO Training start: t=[1.5,3.0]s  epochs_adam=1000  epochs_lbfgs=300  params=111439
2026-05-28 02:08:39 [pinn_trainer][flower][ak_k1][k=-][s=-] INFO Adam     1/1000  loss=2.2371e+05  pde=2.2365e+05  bc=1.0479e+01  ic=0.0000e+00  fc=0.0000e+00
2026-05-28 02:09:13 [pinn_trainer][flower][ak_k1][k=-][s=-] INFO Adam   500/1000  loss=2.2545e+00  pde=2.1435e+00  bc=2.2185e-02  ic=0.0000e+00  fc=0.0000e+00
2026-05-28 02:09:47 [pinn_trainer][flower][ak_k1][k=-][s=-] INFO Adam  1000/1000  loss=9.9606e-01  pde=8.9655e-01  bc=1.9902e-02  ic=0.0000e+00  fc=0.0000e+00
2026-05-28 02:09:53 [pinn_trainer][flower][ak_k1][k=-][s=-] INFO L-BFGS  300/300  loss=9.5967e-01
2026-05-28 02:09:53 [pinn_trainer][flower][ak_k1][k=-][s=-] INFO Training done in 79.3 s
2026-05-28 02:09:53 [adaptive_k][flower][adaptive_k][k=adaptive][s=2] INFO   Win  2  k=1  [1.5→3.0 s]  interior_MAE=11.540°C  → k_next=1
2026-05-28 02:09:53 [pinn_trainer][flower][ak_k1][k=-][s=-] INFO Training start: t=[3.0,4.5]s  epochs_adam=1000  epochs_lbfgs=300  params=111439
2026-05-28 02:09:58 [pinn_trainer][flower][ak_k1][k=-][s=-] INFO Adam     1/1000  loss=1.7701e+05  pde=1.7695e+05  bc=1.1329e+01  ic=0.0000e+00  fc=0.0000e+00
2026-05-28 02:10:32 [pinn_trainer][flower][ak_k1][k=-][s=-] INFO Adam   500/1000  loss=1.2110e+00  pde=1.2035e+00  bc=1.4956e-03  ic=0.0000e+00  fc=0.0000e+00
2026-05-28 02:11:07 [pinn_trainer][flower][ak_k1][k=-][s=-] INFO Adam  1000/1000  loss=1.2938e-01  pde=1.2385e-01  bc=1.1054e-03  ic=0.0000e+00  fc=0.0000e+00
2026-05-28 02:11:13 [pinn_trainer][flower][ak_k1][k=-][s=-] INFO L-BFGS  300/300  loss=1.2084e-01
2026-05-28 02:11:13 [pinn_trainer][flower][ak_k1][k=-][s=-] INFO Training done in 79.7 s
2026-05-28 02:11:13 [adaptive_k][flower][adaptive_k][k=adaptive][s=2] INFO   Win  3  k=1  [3.0→4.5 s]  interior_MAE=2.764°C  → k_next=1
2026-05-28 02:11:13 [pinn_trainer][flower][ak_k1][k=-][s=-] INFO Training start: t=[4.5,6.0]s  epochs_adam=1000  epochs_lbfgs=300  params=111439
2026-05-28 02:11:18 [pinn_trainer][flower][ak_k1][k=-][s=-] INFO Adam     1/1000  loss=3.6837e+05  pde=3.6829e+05  bc=1.4817e+01  ic=0.0000e+00  fc=0.0000e+00
2026-05-28 02:11:52 [pinn_trainer][flower][ak_k1][k=-][s=-] INFO Adam   500/1000  loss=6.4471e-02  pde=6.4089e-02  bc=7.6431e-05  ic=0.0000e+00  fc=0.0000e+00
2026-05-28 02:12:27 [pinn_trainer][flower][ak_k1][k=-][s=-] INFO Adam  1000/1000  loss=1.2310e-02  pde=1.2005e-02  bc=6.1159e-05  ic=0.0000e+00  fc=0.0000e+00
2026-05-28 02:12:34 [pinn_trainer][flower][ak_k1][k=-][s=-] INFO L-BFGS  300/300  loss=1.3544e-02
2026-05-28 02:12:34 [pinn_trainer][flower][ak_k1][k=-][s=-] INFO Training done in 80.5 s
2026-05-28 02:12:34 [adaptive_k][flower][adaptive_k][k=adaptive][s=2] INFO   Win  4  k=1  [4.5→6.0 s]  interior_MAE=0.752°C  → k_next=2
2026-05-28 02:12:34 [pinn_trainer][flower][ak_k2][k=-][s=-] INFO Training start: t=[6.0,9.0]s  epochs_adam=1000  epochs_lbfgs=300  params=111439
2026-05-28 02:12:38 [pinn_trainer][flower][ak_k2][k=-][s=-] INFO Adam     1/1000  loss=2.7056e+05  pde=2.7048e+05  bc=1.6480e+01  ic=0.0000e+00  fc=0.0000e+00
2026-05-28 02:13:12 [pinn_trainer][flower][ak_k2][k=-][s=-] INFO Adam   500/1000  loss=1.3083e-02  pde=1.3053e-02  bc=6.0090e-06  ic=0.0000e+00  fc=0.0000e+00
2026-05-28 02:13:46 [pinn_trainer][flower][ak_k2][k=-][s=-] INFO Adam  1000/1000  loss=6.6340e-04  pde=6.5028e-04  bc=2.6224e-06  ic=0.0000e+00  fc=0.0000e+00
2026-05-28 02:13:52 [pinn_trainer][flower][ak_k2][k=-][s=-] INFO L-BFGS  300/300  loss=1.7301e-03
2026-05-28 02:13:52 [pinn_trainer][flower][ak_k2][k=-][s=-] INFO Training done in 78.4 s
2026-05-28 02:13:52 [adaptive_k][flower][adaptive_k][k=adaptive][s=2] INFO   Win  5  k=2  [6.0→9.0 s]  interior_MAE=0.366°C  → k_next=3
2026-05-28 02:13:52 [pinn_trainer][flower][ak_k3][k=-][s=-] INFO Training start: t=[9.0,13.5]s  epochs_adam=1000  epochs_lbfgs=300  params=111439
2026-05-28 02:13:56 [pinn_trainer][flower][ak_k3][k=-][s=-] INFO Adam     1/1000  loss=1.4654e+05  pde=1.4650e+05  bc=8.1060e+00  ic=0.0000e+00  fc=0.0000e+00
2026-05-28 02:14:31 [pinn_trainer][flower][ak_k3][k=-][s=-] INFO Adam   500/1000  loss=1.8927e-03  pde=1.8916e-03  bc=2.1491e-07  ic=0.0000e+00  fc=0.0000e+00
2026-05-28 02:15:05 [pinn_trainer][flower][ak_k3][k=-][s=-] INFO Adam  1000/1000  loss=9.8307e-05  pde=9.8263e-05  bc=8.6864e-09  ic=0.0000e+00  fc=0.0000e+00
2026-05-28 02:15:14 [pinn_trainer][flower][ak_k3][k=-][s=-] INFO L-BFGS  300/300  loss=2.0849e-04
2026-05-28 02:15:14 [pinn_trainer][flower][ak_k3][k=-][s=-] INFO Training done in 82.4 s
2026-05-28 02:15:14 [adaptive_k][flower][adaptive_k][k=adaptive][s=2] INFO   Win  6  k=3  [9.0→13.5 s]  interior_MAE=0.029°C  → k_next=4
2026-05-28 02:15:15 [pinn_trainer][flower][ak_k4][k=-][s=-] INFO Training start: t=[13.5,19.5]s  epochs_adam=1000  epochs_lbfgs=300  params=111439
2026-05-28 02:15:19 [pinn_trainer][flower][ak_k4][k=-][s=-] INFO Adam     1/1000  loss=1.4359e+06  pde=1.4358e+06  bc=1.4941e+01  ic=0.0000e+00  fc=0.0000e+00
2026-05-28 02:15:53 [pinn_trainer][flower][ak_k4][k=-][s=-] INFO Adam   500/1000  loss=5.4747e-02  pde=5.4666e-02  bc=1.6340e-05  ic=0.0000e+00  fc=0.0000e+00
2026-05-28 02:16:27 [pinn_trainer][flower][ak_k4][k=-][s=-] INFO Adam  1000/1000  loss=1.8902e-04  pde=1.8333e-04  bc=1.1379e-06  ic=0.0000e+00  fc=0.0000e+00
2026-05-28 02:16:35 [pinn_trainer][flower][ak_k4][k=-][s=-] INFO L-BFGS  300/300  loss=3.7691e-04
2026-05-28 02:16:35 [pinn_trainer][flower][ak_k4][k=-][s=-] INFO Training done in 80.0 s
2026-05-28 02:16:35 [adaptive_k][flower][adaptive_k][k=adaptive][s=2] INFO   Win  7  k=4  [13.5→19.5 s]  interior_MAE=0.003°C  → k_next=5
2026-05-28 02:16:35 [pinn_trainer][flower][ak_k5][k=-][s=-] INFO Training start: t=[19.5,27.0]s  epochs_adam=1000  epochs_lbfgs=300  params=111439
2026-05-28 02:16:39 [pinn_trainer][flower][ak_k5][k=-][s=-] INFO Adam     1/1000  loss=5.4402e+05  pde=5.4392e+05  bc=1.9155e+01  ic=0.0000e+00  fc=0.0000e+00
2026-05-28 02:17:13 [pinn_trainer][flower][ak_k5][k=-][s=-] INFO Adam   500/1000  loss=5.6660e-02  pde=5.6564e-02  bc=1.9037e-05  ic=0.0000e+00  fc=0.0000e+00
2026-05-28 02:17:47 [pinn_trainer][flower][ak_k5][k=-][s=-] INFO Adam  1000/1000  loss=6.1785e-05  pde=6.1321e-05  bc=9.2894e-08  ic=0.0000e+00  fc=0.0000e+00
2026-05-28 02:17:55 [pinn_trainer][flower][ak_k5][k=-][s=-] INFO L-BFGS  300/300  loss=7.7598e-05
2026-05-28 02:17:55 [pinn_trainer][flower][ak_k5][k=-][s=-] INFO Training done in 80.3 s
2026-05-28 02:17:55 [adaptive_k][flower][adaptive_k][k=adaptive][s=2] INFO   Win  8  k=5  [19.5→27.0 s]  interior_MAE=0.000°C  → k_next=5
2026-05-28 02:17:55 [pinn_trainer][flower][ak_k5][k=-][s=-] INFO Training start: t=[27.0,30.0]s  epochs_adam=1000  epochs_lbfgs=300  params=111439
2026-05-28 02:17:59 [pinn_trainer][flower][ak_k5][k=-][s=-] INFO Adam     1/1000  loss=2.1525e+05  pde=2.1519e+05  bc=1.1872e+01  ic=0.0000e+00  fc=0.0000e+00
2026-05-28 02:18:33 [pinn_trainer][flower][ak_k5][k=-][s=-] INFO Adam   500/1000  loss=1.1564e-01  pde=1.1541e-01  bc=4.5474e-05  ic=0.0000e+00  fc=0.0000e+00
2026-05-28 02:19:07 [pinn_trainer][flower][ak_k5][k=-][s=-] INFO Adam  1000/1000  loss=1.5206e-04  pde=1.5187e-04  bc=3.8373e-08  ic=0.0000e+00  fc=0.0000e+00
2026-05-28 02:19:13 [pinn_trainer][flower][ak_k5][k=-][s=-] INFO L-BFGS  300/300  loss=1.5374e-03
2026-05-28 02:19:13 [pinn_trainer][flower][ak_k5][k=-][s=-] INFO Training done in 78.3 s
2026-05-28 02:19:13 [adaptive_k][flower][adaptive_k][k=adaptive][s=2] INFO   Win  9  k=5  [27.0→30.0 s]  interior_MAE=0.005°C  → k_next=5
2026-05-28 02:19:13 [adaptive_k][flower][adaptive_k][k=adaptive][s=2] INFO AdaptiveK done | wins=9 | FEM_solves=9/60 | FEM_saving=85% | MAE=1.700°C | L2=0.0150 | t=720 s
2026-05-28 02:19:13 [adaptive_k][flower][adaptive_k][k=adaptive][s=2] INFO k schedule: t=0.0s:k=1 → t=1.5s:k=1 → t=3.0s:k=1 → t=4.5s:k=1 → t=6.0s:k=2 → t=9.0s:k=3 → t=13.5s:k=4 → t=19.5s:k=5 → t=27.0s:k=5
2026-05-28 02:19:13 [adaptive_k][flower][adaptive_k][k=adaptive][s=2] INFO Saved → /home/coder/NAS-PINNS1/thermal_pinn/quenching_mswp/results/adaptive_k/flower/seed2_adaptive
2026-05-28 02:19:14 [stage_adaptive_k][all][adaptive_k][k=-][s=-] INFO RESULT geo=flower   seed=2 | MAE=1.700°C | L2=0.0150 | FEM_solves=9/60 | FEM_saving=85%
2026-05-28 02:19:14 [stage_adaptive_k][all][adaptive_k][k=-][s=-] INFO AdaptiveK | geo=flower seed=3 arch=[151, 151, 151, 151, 151] thr_up=2.0 thr_dn=5.0
2026-05-28 02:19:14 [adaptive_k][flower][adaptive_k][k=adaptive][s=3] INFO AdaptiveK | arch=[151, 151, 151, 151, 151] | k=[1..5] | thr_up=2.0°C thr_dn=5.0°C | fourier=True
2026-05-28 02:19:14 [pinn_trainer][flower][ak_k1][k=-][s=-] INFO Training start: t=[0.0,1.5]s  epochs_adam=1000  epochs_lbfgs=300  params=111439
2026-05-28 02:19:18 [pinn_trainer][flower][ak_k1][k=-][s=-] INFO Adam     1/1000  loss=2.4572e+05  pde=2.4563e+05  bc=1.8315e+01  ic=0.0000e+00  fc=0.0000e+00
2026-05-28 02:19:52 [pinn_trainer][flower][ak_k1][k=-][s=-] INFO Adam   500/1000  loss=1.6445e+01  pde=1.4486e+01  bc=3.9175e-01  ic=0.0000e+00  fc=0.0000e+00
2026-05-28 02:20:26 [pinn_trainer][flower][ak_k1][k=-][s=-] INFO Adam  1000/1000  loss=9.2544e+00  pde=7.5010e+00  bc=3.5067e-01  ic=0.0000e+00  fc=0.0000e+00
2026-05-28 02:20:34 [pinn_trainer][flower][ak_k1][k=-][s=-] INFO L-BFGS  300/300  loss=9.0013e+00
2026-05-28 02:20:34 [pinn_trainer][flower][ak_k1][k=-][s=-] INFO Training done in 79.6 s
2026-05-28 02:20:34 [adaptive_k][flower][adaptive_k][k=adaptive][s=3] INFO   Win  1  k=1  [0.0→1.5 s]  interior_MAE=42.522°C  → k_next=1
2026-05-28 02:20:34 [pinn_trainer][flower][ak_k1][k=-][s=-] INFO Training start: t=[1.5,3.0]s  epochs_adam=1000  epochs_lbfgs=300  params=111439
2026-05-28 02:20:38 [pinn_trainer][flower][ak_k1][k=-][s=-] INFO Adam     1/1000  loss=6.1017e+05  pde=6.1004e+05  bc=2.4941e+01  ic=0.0000e+00  fc=0.0000e+00
2026-05-28 02:21:12 [pinn_trainer][flower][ak_k1][k=-][s=-] INFO Adam   500/1000  loss=1.4383e+00  pde=1.3285e+00  bc=2.1964e-02  ic=0.0000e+00  fc=0.0000e+00
2026-05-28 02:21:46 [pinn_trainer][flower][ak_k1][k=-][s=-] INFO Adam  1000/1000  loss=1.2889e+00  pde=1.1923e+00  bc=1.9324e-02  ic=0.0000e+00  fc=0.0000e+00
2026-05-28 02:21:53 [pinn_trainer][flower][ak_k1][k=-][s=-] INFO L-BFGS  300/300  loss=1.3668e+00
2026-05-28 02:21:53 [pinn_trainer][flower][ak_k1][k=-][s=-] INFO Training done in 79.7 s
2026-05-28 02:21:53 [adaptive_k][flower][adaptive_k][k=adaptive][s=3] INFO   Win  2  k=1  [1.5→3.0 s]  interior_MAE=11.614°C  → k_next=1
2026-05-28 02:21:53 [pinn_trainer][flower][ak_k1][k=-][s=-] INFO Training start: t=[3.0,4.5]s  epochs_adam=1000  epochs_lbfgs=300  params=111439
2026-05-28 02:21:58 [pinn_trainer][flower][ak_k1][k=-][s=-] INFO Adam     1/1000  loss=2.4178e+05  pde=2.4174e+05  bc=8.1934e+00  ic=0.0000e+00  fc=0.0000e+00
2026-05-28 02:22:31 [pinn_trainer][flower][ak_k1][k=-][s=-] INFO Adam   500/1000  loss=1.4914e-01  pde=1.4319e-01  bc=1.1909e-03  ic=0.0000e+00  fc=0.0000e+00
2026-05-28 02:23:05 [pinn_trainer][flower][ak_k1][k=-][s=-] INFO Adam  1000/1000  loss=9.0681e-02  pde=8.5171e-02  bc=1.1020e-03  ic=0.0000e+00  fc=0.0000e+00
2026-05-28 02:23:12 [pinn_trainer][flower][ak_k1][k=-][s=-] INFO L-BFGS  300/300  loss=9.2759e-02
2026-05-28 02:23:12 [pinn_trainer][flower][ak_k1][k=-][s=-] INFO Training done in 79.1 s
2026-05-28 02:23:12 [adaptive_k][flower][adaptive_k][k=adaptive][s=3] INFO   Win  3  k=1  [3.0→4.5 s]  interior_MAE=2.953°C  → k_next=1
2026-05-28 02:23:12 [pinn_trainer][flower][ak_k1][k=-][s=-] INFO Training start: t=[4.5,6.0]s  epochs_adam=1000  epochs_lbfgs=300  params=111439
2026-05-28 02:23:17 [pinn_trainer][flower][ak_k1][k=-][s=-] INFO Adam     1/1000  loss=2.2251e+05  pde=2.2245e+05  bc=1.0454e+01  ic=0.0000e+00  fc=0.0000e+00
2026-05-28 02:23:50 [pinn_trainer][flower][ak_k1][k=-][s=-] INFO Adam   500/1000  loss=2.9244e-02  pde=2.8920e-02  bc=6.4874e-05  ic=0.0000e+00  fc=0.0000e+00
2026-05-28 02:24:24 [pinn_trainer][flower][ak_k1][k=-][s=-] INFO Adam  1000/1000  loss=2.1974e-02  pde=2.1647e-02  bc=6.5243e-05  ic=0.0000e+00  fc=0.0000e+00
2026-05-28 02:24:32 [pinn_trainer][flower][ak_k1][k=-][s=-] INFO L-BFGS  300/300  loss=2.0898e-02
2026-05-28 02:24:32 [pinn_trainer][flower][ak_k1][k=-][s=-] INFO Training done in 79.2 s
2026-05-28 02:24:32 [adaptive_k][flower][adaptive_k][k=adaptive][s=3] INFO   Win  4  k=1  [4.5→6.0 s]  interior_MAE=0.763°C  → k_next=2
2026-05-28 02:24:32 [pinn_trainer][flower][ak_k2][k=-][s=-] INFO Training start: t=[6.0,9.0]s  epochs_adam=1000  epochs_lbfgs=300  params=111439
2026-05-28 02:24:36 [pinn_trainer][flower][ak_k2][k=-][s=-] INFO Adam     1/1000  loss=2.6192e+05  pde=2.6185e+05  bc=1.2725e+01  ic=0.0000e+00  fc=0.0000e+00
2026-05-28 02:25:10 [pinn_trainer][flower][ak_k2][k=-][s=-] INFO Adam   500/1000  loss=1.4811e-01  pde=1.4803e-01  bc=1.5009e-05  ic=0.0000e+00  fc=0.0000e+00
2026-05-28 02:25:44 [pinn_trainer][flower][ak_k2][k=-][s=-] INFO Adam  1000/1000  loss=6.6735e-03  pde=6.6471e-03  bc=5.2852e-06  ic=0.0000e+00  fc=0.0000e+00
2026-05-28 02:25:52 [pinn_trainer][flower][ak_k2][k=-][s=-] INFO L-BFGS  300/300  loss=3.5759e-03
2026-05-28 02:25:52 [pinn_trainer][flower][ak_k2][k=-][s=-] INFO Training done in 80.2 s
2026-05-28 02:25:52 [adaptive_k][flower][adaptive_k][k=adaptive][s=3] INFO   Win  5  k=2  [6.0→9.0 s]  interior_MAE=0.369°C  → k_next=3
2026-05-28 02:25:52 [pinn_trainer][flower][ak_k3][k=-][s=-] INFO Training start: t=[9.0,13.5]s  epochs_adam=1000  epochs_lbfgs=300  params=111439
2026-05-28 02:25:56 [pinn_trainer][flower][ak_k3][k=-][s=-] INFO Adam     1/1000  loss=4.6954e+05  pde=4.6945e+05  bc=1.8185e+01  ic=0.0000e+00  fc=0.0000e+00
2026-05-28 02:26:30 [pinn_trainer][flower][ak_k3][k=-][s=-] INFO Adam   500/1000  loss=1.2365e-01  pde=1.2354e-01  bc=2.2044e-05  ic=0.0000e+00  fc=0.0000e+00
2026-05-28 02:27:04 [pinn_trainer][flower][ak_k3][k=-][s=-] INFO Adam  1000/1000  loss=2.0217e-04  pde=2.0212e-04  bc=9.0936e-09  ic=0.0000e+00  fc=0.0000e+00
2026-05-28 02:27:11 [pinn_trainer][flower][ak_k3][k=-][s=-] INFO L-BFGS  300/300  loss=1.4403e-04
2026-05-28 02:27:11 [pinn_trainer][flower][ak_k3][k=-][s=-] INFO Training done in 79.0 s
2026-05-28 02:27:11 [adaptive_k][flower][adaptive_k][k=adaptive][s=3] INFO   Win  6  k=3  [9.0→13.5 s]  interior_MAE=0.024°C  → k_next=4
2026-05-28 02:27:11 [pinn_trainer][flower][ak_k4][k=-][s=-] INFO Training start: t=[13.5,19.5]s  epochs_adam=1000  epochs_lbfgs=300  params=111439
2026-05-28 02:27:15 [pinn_trainer][flower][ak_k4][k=-][s=-] INFO Adam     1/1000  loss=4.4756e+05  pde=4.4748e+05  bc=1.4102e+01  ic=0.0000e+00  fc=0.0000e+00
2026-05-28 02:27:50 [pinn_trainer][flower][ak_k4][k=-][s=-] INFO Adam   500/1000  loss=1.8469e-02  pde=1.8467e-02  bc=3.2779e-07  ic=0.0000e+00  fc=0.0000e+00
2026-05-28 02:28:23 [pinn_trainer][flower][ak_k4][k=-][s=-] INFO Adam  1000/1000  loss=1.3471e-04  pde=1.3471e-04  bc=1.7312e-10  ic=0.0000e+00  fc=0.0000e+00
2026-05-28 02:28:31 [pinn_trainer][flower][ak_k4][k=-][s=-] INFO L-BFGS  300/300  loss=1.9600e-03
2026-05-28 02:28:31 [pinn_trainer][flower][ak_k4][k=-][s=-] INFO Training done in 79.6 s
2026-05-28 02:28:31 [adaptive_k][flower][adaptive_k][k=adaptive][s=3] INFO   Win  7  k=4  [13.5→19.5 s]  interior_MAE=0.001°C  → k_next=5
2026-05-28 02:28:31 [pinn_trainer][flower][ak_k5][k=-][s=-] INFO Training start: t=[19.5,27.0]s  epochs_adam=1000  epochs_lbfgs=300  params=111439
2026-05-28 02:28:35 [pinn_trainer][flower][ak_k5][k=-][s=-] INFO Adam     1/1000  loss=2.5093e+05  pde=2.5086e+05  bc=1.3975e+01  ic=0.0000e+00  fc=0.0000e+00
2026-05-28 02:29:09 [pinn_trainer][flower][ak_k5][k=-][s=-] INFO Adam   500/1000  loss=4.7980e-03  pde=4.7931e-03  bc=9.6586e-07  ic=0.0000e+00  fc=0.0000e+00
2026-05-28 02:29:43 [pinn_trainer][flower][ak_k5][k=-][s=-] INFO Adam  1000/1000  loss=2.2092e-04  pde=2.2071e-04  bc=4.2162e-08  ic=0.0000e+00  fc=0.0000e+00
2026-05-28 02:29:52 [pinn_trainer][flower][ak_k5][k=-][s=-] INFO L-BFGS  300/300  loss=1.5201e-04
2026-05-28 02:29:52 [pinn_trainer][flower][ak_k5][k=-][s=-] INFO Training done in 81.7 s
2026-05-28 02:29:52 [adaptive_k][flower][adaptive_k][k=adaptive][s=3] INFO   Win  8  k=5  [19.5→27.0 s]  interior_MAE=0.005°C  → k_next=5
2026-05-28 02:29:52 [pinn_trainer][flower][ak_k5][k=-][s=-] INFO Training start: t=[27.0,30.0]s  epochs_adam=1000  epochs_lbfgs=300  params=111439
2026-05-28 02:29:57 [pinn_trainer][flower][ak_k5][k=-][s=-] INFO Adam     1/1000  loss=1.7831e+05  pde=1.7825e+05  bc=1.2430e+01  ic=0.0000e+00  fc=0.0000e+00
2026-05-28 02:30:31 [pinn_trainer][flower][ak_k5][k=-][s=-] INFO Adam   500/1000  loss=1.4856e-02  pde=1.4849e-02  bc=1.2943e-06  ic=0.0000e+00  fc=0.0000e+00
2026-05-28 02:31:05 [pinn_trainer][flower][ak_k5][k=-][s=-] INFO Adam  1000/1000  loss=1.7698e-03  pde=1.7694e-03  bc=8.0108e-08  ic=0.0000e+00  fc=0.0000e+00
2026-05-28 02:31:16 [pinn_trainer][flower][ak_k5][k=-][s=-] INFO L-BFGS  300/300  loss=8.1870e-04
2026-05-28 02:31:16 [pinn_trainer][flower][ak_k5][k=-][s=-] INFO Training done in 83.9 s
2026-05-28 02:31:16 [adaptive_k][flower][adaptive_k][k=adaptive][s=3] INFO   Win  9  k=5  [27.0→30.0 s]  interior_MAE=0.000°C  → k_next=5
2026-05-28 02:31:16 [adaptive_k][flower][adaptive_k][k=adaptive][s=3] INFO AdaptiveK done | wins=9 | FEM_solves=9/60 | FEM_saving=85% | MAE=1.964°C | L2=0.0161 | t=722 s
2026-05-28 02:31:16 [adaptive_k][flower][adaptive_k][k=adaptive][s=3] INFO k schedule: t=0.0s:k=1 → t=1.5s:k=1 → t=3.0s:k=1 → t=4.5s:k=1 → t=6.0s:k=2 → t=9.0s:k=3 → t=13.5s:k=4 → t=19.5s:k=5 → t=27.0s:k=5
2026-05-28 02:31:16 [adaptive_k][flower][adaptive_k][k=adaptive][s=3] INFO Saved → /home/coder/NAS-PINNS1/thermal_pinn/quenching_mswp/results/adaptive_k/flower/seed3_adaptive
2026-05-28 02:31:17 [stage_adaptive_k][all][adaptive_k][k=-][s=-] INFO RESULT geo=flower   seed=3 | MAE=1.964°C | L2=0.0161 | FEM_solves=9/60 | FEM_saving=85%
2026-05-28 02:31:17 [stage_adaptive_k][all][adaptive_k][k=-][s=-] INFO AdaptiveK | geo=flower seed=4 arch=[151, 151, 151, 151, 151] thr_up=2.0 thr_dn=5.0
2026-05-28 02:31:17 [adaptive_k][flower][adaptive_k][k=adaptive][s=4] INFO AdaptiveK | arch=[151, 151, 151, 151, 151] | k=[1..5] | thr_up=2.0°C thr_dn=5.0°C | fourier=True
2026-05-28 02:31:17 [pinn_trainer][flower][ak_k1][k=-][s=-] INFO Training start: t=[0.0,1.5]s  epochs_adam=1000  epochs_lbfgs=300  params=111439
2026-05-28 02:31:21 [pinn_trainer][flower][ak_k1][k=-][s=-] INFO Adam     1/1000  loss=3.6153e+05  pde=3.6142e+05  bc=2.1670e+01  ic=0.0000e+00  fc=0.0000e+00
2026-05-28 02:31:56 [pinn_trainer][flower][ak_k1][k=-][s=-] INFO Adam   500/1000  loss=1.7685e+01  pde=1.5670e+01  bc=4.0314e-01  ic=0.0000e+00  fc=0.0000e+00
2026-05-28 02:32:30 [pinn_trainer][flower][ak_k1][k=-][s=-] INFO Adam  1000/1000  loss=8.5340e+00  pde=6.7649e+00  bc=3.5380e-01  ic=0.0000e+00  fc=0.0000e+00
2026-05-28 02:32:39 [pinn_trainer][flower][ak_k1][k=-][s=-] INFO L-BFGS  300/300  loss=8.3977e+00
2026-05-28 02:32:39 [pinn_trainer][flower][ak_k1][k=-][s=-] INFO Training done in 82.4 s
2026-05-28 02:32:39 [adaptive_k][flower][adaptive_k][k=adaptive][s=4] INFO   Win  1  k=1  [0.0→1.5 s]  interior_MAE=38.826°C  → k_next=1
2026-05-28 02:32:39 [pinn_trainer][flower][ak_k1][k=-][s=-] INFO Training start: t=[1.5,3.0]s  epochs_adam=1000  epochs_lbfgs=300  params=111439
2026-05-28 02:32:43 [pinn_trainer][flower][ak_k1][k=-][s=-] INFO Adam     1/1000  loss=3.0106e+05  pde=3.0097e+05  bc=1.7447e+01  ic=0.0000e+00  fc=0.0000e+00
2026-05-28 02:33:17 [pinn_trainer][flower][ak_k1][k=-][s=-] INFO Adam   500/1000  loss=2.1497e+00  pde=2.0409e+00  bc=2.1743e-02  ic=0.0000e+00  fc=0.0000e+00
2026-05-28 02:33:51 [pinn_trainer][flower][ak_k1][k=-][s=-] INFO Adam  1000/1000  loss=7.9308e-01  pde=6.9234e-01  bc=2.0147e-02  ic=0.0000e+00  fc=0.0000e+00
2026-05-28 02:33:57 [pinn_trainer][flower][ak_k1][k=-][s=-] INFO L-BFGS  300/300  loss=7.9168e-01
2026-05-28 02:33:57 [pinn_trainer][flower][ak_k1][k=-][s=-] INFO Training done in 78.2 s
2026-05-28 02:33:57 [adaptive_k][flower][adaptive_k][k=adaptive][s=4] INFO   Win  2  k=1  [1.5→3.0 s]  interior_MAE=11.751°C  → k_next=1
2026-05-28 02:33:57 [pinn_trainer][flower][ak_k1][k=-][s=-] INFO Training start: t=[3.0,4.5]s  epochs_adam=1000  epochs_lbfgs=300  params=111439
2026-05-28 02:34:02 [pinn_trainer][flower][ak_k1][k=-][s=-] INFO Adam     1/1000  loss=2.1138e+05  pde=2.1133e+05  bc=1.0413e+01  ic=0.0000e+00  fc=0.0000e+00
2026-05-28 02:34:35 [pinn_trainer][flower][ak_k1][k=-][s=-] INFO Adam   500/1000  loss=1.1901e-01  pde=1.1310e-01  bc=1.1835e-03  ic=0.0000e+00  fc=0.0000e+00
2026-05-28 02:35:09 [pinn_trainer][flower][ak_k1][k=-][s=-] INFO Adam  1000/1000  loss=8.7082e-02  pde=8.1583e-02  bc=1.0999e-03  ic=0.0000e+00  fc=0.0000e+00
2026-05-28 02:35:17 [pinn_trainer][flower][ak_k1][k=-][s=-] INFO L-BFGS  300/300  loss=8.9448e-02
2026-05-28 02:35:17 [pinn_trainer][flower][ak_k1][k=-][s=-] INFO Training done in 79.8 s
2026-05-28 02:35:17 [adaptive_k][flower][adaptive_k][k=adaptive][s=4] INFO   Win  3  k=1  [3.0→4.5 s]  interior_MAE=2.875°C  → k_next=1
2026-05-28 02:35:17 [pinn_trainer][flower][ak_k1][k=-][s=-] INFO Training start: t=[4.5,6.0]s  epochs_adam=1000  epochs_lbfgs=300  params=111439
2026-05-28 02:35:21 [pinn_trainer][flower][ak_k1][k=-][s=-] INFO Adam     1/1000  loss=1.9650e+05  pde=1.9645e+05  bc=1.0610e+01  ic=0.0000e+00  fc=0.0000e+00
2026-05-28 02:35:55 [pinn_trainer][flower][ak_k1][k=-][s=-] INFO Adam   500/1000  loss=1.0140e-01  pde=1.0094e-01  bc=9.1608e-05  ic=0.0000e+00  fc=0.0000e+00
2026-05-28 02:36:29 [pinn_trainer][flower][ak_k1][k=-][s=-] INFO Adam  1000/1000  loss=5.0326e-03  pde=4.7199e-03  bc=6.2541e-05  ic=0.0000e+00  fc=0.0000e+00
2026-05-28 02:36:36 [pinn_trainer][flower][ak_k1][k=-][s=-] INFO L-BFGS  300/300  loss=5.1227e-03
2026-05-28 02:36:36 [pinn_trainer][flower][ak_k1][k=-][s=-] INFO Training done in 78.8 s
2026-05-28 02:36:36 [adaptive_k][flower][adaptive_k][k=adaptive][s=4] INFO   Win  4  k=1  [4.5→6.0 s]  interior_MAE=0.764°C  → k_next=2
2026-05-28 02:36:36 [pinn_trainer][flower][ak_k2][k=-][s=-] INFO Training start: t=[6.0,9.0]s  epochs_adam=1000  epochs_lbfgs=300  params=111439
2026-05-28 02:36:40 [pinn_trainer][flower][ak_k2][k=-][s=-] INFO Adam     1/1000  loss=1.8073e+05  pde=1.8069e+05  bc=8.0344e+00  ic=0.0000e+00  fc=0.0000e+00
2026-05-28 02:37:14 [pinn_trainer][flower][ak_k2][k=-][s=-] INFO Adam   500/1000  loss=5.7840e-03  pde=5.7687e-03  bc=3.0533e-06  ic=0.0000e+00  fc=0.0000e+00
2026-05-28 02:37:48 [pinn_trainer][flower][ak_k2][k=-][s=-] INFO Adam  1000/1000  loss=1.0840e-03  pde=1.0694e-03  bc=2.9160e-06  ic=0.0000e+00  fc=0.0000e+00
2026-05-28 02:37:58 [pinn_trainer][flower][ak_k2][k=-][s=-] INFO L-BFGS  300/300  loss=9.7302e-04
2026-05-28 02:37:58 [pinn_trainer][flower][ak_k2][k=-][s=-] INFO Training done in 82.1 s
2026-05-28 02:37:58 [adaptive_k][flower][adaptive_k][k=adaptive][s=4] INFO   Win  5  k=2  [6.0→9.0 s]  interior_MAE=0.360°C  → k_next=3
2026-05-28 02:37:58 [pinn_trainer][flower][ak_k3][k=-][s=-] INFO Training start: t=[9.0,13.5]s  epochs_adam=1000  epochs_lbfgs=300  params=111439
2026-05-28 02:38:02 [pinn_trainer][flower][ak_k3][k=-][s=-] INFO Adam     1/1000  loss=1.7483e+05  pde=1.7479e+05  bc=8.4555e+00  ic=0.0000e+00  fc=0.0000e+00
2026-05-28 02:38:36 [pinn_trainer][flower][ak_k3][k=-][s=-] INFO Adam   500/1000  loss=9.4361e-02  pde=9.4238e-02  bc=2.4680e-05  ic=0.0000e+00  fc=0.0000e+00
2026-05-28 02:39:10 [pinn_trainer][flower][ak_k3][k=-][s=-] INFO Adam  1000/1000  loss=9.3033e-03  pde=9.2907e-03  bc=2.5191e-06  ic=0.0000e+00  fc=0.0000e+00
2026-05-28 02:39:21 [pinn_trainer][flower][ak_k3][k=-][s=-] INFO L-BFGS  300/300  loss=7.2199e-03
2026-05-28 02:39:21 [pinn_trainer][flower][ak_k3][k=-][s=-] INFO Training done in 82.9 s
2026-05-28 02:39:21 [adaptive_k][flower][adaptive_k][k=adaptive][s=4] INFO   Win  6  k=3  [9.0→13.5 s]  interior_MAE=0.027°C  → k_next=4
2026-05-28 02:39:21 [pinn_trainer][flower][ak_k4][k=-][s=-] INFO Training start: t=[13.5,19.5]s  epochs_adam=1000  epochs_lbfgs=300  params=111439
2026-05-28 02:39:25 [pinn_trainer][flower][ak_k4][k=-][s=-] INFO Adam     1/1000  loss=2.2163e+05  pde=2.2157e+05  bc=1.0345e+01  ic=0.0000e+00  fc=0.0000e+00
2026-05-28 02:40:00 [pinn_trainer][flower][ak_k4][k=-][s=-] INFO Adam   500/1000  loss=1.1176e-02  pde=1.1162e-02  bc=2.6166e-06  ic=0.0000e+00  fc=0.0000e+00
2026-05-28 02:40:35 [pinn_trainer][flower][ak_k4][k=-][s=-] INFO Adam  1000/1000  loss=1.2485e-03  pde=1.2443e-03  bc=8.5038e-07  ic=0.0000e+00  fc=0.0000e+00
2026-05-28 02:40:43 [pinn_trainer][flower][ak_k4][k=-][s=-] INFO L-BFGS  300/300  loss=1.2410e-03
2026-05-28 02:40:43 [pinn_trainer][flower][ak_k4][k=-][s=-] INFO Training done in 82.1 s
2026-05-28 02:40:43 [adaptive_k][flower][adaptive_k][k=adaptive][s=4] INFO   Win  7  k=4  [13.5→19.5 s]  interior_MAE=0.011°C  → k_next=5
2026-05-28 02:40:43 [pinn_trainer][flower][ak_k5][k=-][s=-] INFO Training start: t=[19.5,27.0]s  epochs_adam=1000  epochs_lbfgs=300  params=111439
2026-05-28 02:40:48 [pinn_trainer][flower][ak_k5][k=-][s=-] INFO Adam     1/1000  loss=5.2621e+05  pde=5.2614e+05  bc=1.5714e+01  ic=0.0000e+00  fc=0.0000e+00
2026-05-28 02:41:22 [pinn_trainer][flower][ak_k5][k=-][s=-] INFO Adam   500/1000  loss=1.4975e-02  pde=1.4967e-02  bc=1.4715e-06  ic=0.0000e+00  fc=0.0000e+00
2026-05-28 02:41:56 [pinn_trainer][flower][ak_k5][k=-][s=-] INFO Adam  1000/1000  loss=2.7268e-04  pde=2.7191e-04  bc=1.5426e-07  ic=0.0000e+00  fc=0.0000e+00
2026-05-28 02:42:07 [pinn_trainer][flower][ak_k5][k=-][s=-] INFO L-BFGS  300/300  loss=2.3137e-04
2026-05-28 02:42:07 [pinn_trainer][flower][ak_k5][k=-][s=-] INFO Training done in 83.9 s
2026-05-28 02:42:07 [adaptive_k][flower][adaptive_k][k=adaptive][s=4] INFO   Win  8  k=5  [19.5→27.0 s]  interior_MAE=0.000°C  → k_next=5
2026-05-28 02:42:07 [pinn_trainer][flower][ak_k5][k=-][s=-] INFO Training start: t=[27.0,30.0]s  epochs_adam=1000  epochs_lbfgs=300  params=111439
2026-05-28 02:42:11 [pinn_trainer][flower][ak_k5][k=-][s=-] INFO Adam     1/1000  loss=2.5463e+05  pde=2.5457e+05  bc=1.1561e+01  ic=0.0000e+00  fc=0.0000e+00
2026-05-28 02:42:46 [pinn_trainer][flower][ak_k5][k=-][s=-] INFO Adam   500/1000  loss=1.6692e-02  pde=1.6681e-02  bc=2.3399e-06  ic=0.0000e+00  fc=0.0000e+00
2026-05-28 02:43:20 [pinn_trainer][flower][ak_k5][k=-][s=-] INFO Adam  1000/1000  loss=3.4663e-03  pde=3.4658e-03  bc=9.8592e-08  ic=0.0000e+00  fc=0.0000e+00
2026-05-28 02:43:27 [pinn_trainer][flower][ak_k5][k=-][s=-] INFO L-BFGS  300/300  loss=3.1617e-03
2026-05-28 02:43:27 [pinn_trainer][flower][ak_k5][k=-][s=-] INFO Training done in 79.7 s
2026-05-28 02:43:27 [adaptive_k][flower][adaptive_k][k=adaptive][s=4] INFO   Win  9  k=5  [27.0→30.0 s]  interior_MAE=0.003°C  → k_next=5
2026-05-28 02:43:27 [adaptive_k][flower][adaptive_k][k=adaptive][s=4] INFO AdaptiveK done | wins=9 | FEM_solves=9/60 | FEM_saving=85% | MAE=1.843°C | L2=0.0158 | t=730 s
2026-05-28 02:43:27 [adaptive_k][flower][adaptive_k][k=adaptive][s=4] INFO k schedule: t=0.0s:k=1 → t=1.5s:k=1 → t=3.0s:k=1 → t=4.5s:k=1 → t=6.0s:k=2 → t=9.0s:k=3 → t=13.5s:k=4 → t=19.5s:k=5 → t=27.0s:k=5
2026-05-28 02:43:27 [adaptive_k][flower][adaptive_k][k=adaptive][s=4] INFO Saved → /home/coder/NAS-PINNS1/thermal_pinn/quenching_mswp/results/adaptive_k/flower/seed4_adaptive
2026-05-28 02:43:27 [stage_adaptive_k][all][adaptive_k][k=-][s=-] INFO RESULT geo=flower   seed=4 | MAE=1.843°C | L2=0.0158 | FEM_solves=9/60 | FEM_saving=85%
2026-05-28 02:43:27 [stage_adaptive_k][all][adaptive_k][k=-][s=-] INFO AdaptiveK | geo=flower seed=5 arch=[151, 151, 151, 151, 151] thr_up=2.0 thr_dn=5.0
2026-05-28 02:43:27 [adaptive_k][flower][adaptive_k][k=adaptive][s=5] INFO AdaptiveK | arch=[151, 151, 151, 151, 151] | k=[1..5] | thr_up=2.0°C thr_dn=5.0°C | fourier=True
2026-05-28 02:43:27 [pinn_trainer][flower][ak_k1][k=-][s=-] INFO Training start: t=[0.0,1.5]s  epochs_adam=1000  epochs_lbfgs=300  params=111439
2026-05-28 02:43:32 [pinn_trainer][flower][ak_k1][k=-][s=-] INFO Adam     1/1000  loss=2.3882e+05  pde=2.3876e+05  bc=1.2070e+01  ic=0.0000e+00  fc=0.0000e+00
2026-05-28 02:44:05 [pinn_trainer][flower][ak_k1][k=-][s=-] INFO Adam   500/1000  loss=1.7447e+01  pde=1.5448e+01  bc=3.9974e-01  ic=0.0000e+00  fc=0.0000e+00
2026-05-28 02:44:39 [pinn_trainer][flower][ak_k1][k=-][s=-] INFO Adam  1000/1000  loss=6.5679e+00  pde=4.8870e+00  bc=3.3619e-01  ic=0.0000e+00  fc=0.0000e+00
2026-05-28 02:44:48 [pinn_trainer][flower][ak_k1][k=-][s=-] INFO L-BFGS  300/300  loss=6.4081e+00
2026-05-28 02:44:48 [pinn_trainer][flower][ak_k1][k=-][s=-] INFO Training done in 80.5 s
2026-05-28 02:44:48 [adaptive_k][flower][adaptive_k][k=adaptive][s=5] INFO   Win  1  k=1  [0.0→1.5 s]  interior_MAE=32.953°C  → k_next=1
2026-05-28 02:44:48 [pinn_trainer][flower][ak_k1][k=-][s=-] INFO Training start: t=[1.5,3.0]s  epochs_adam=1000  epochs_lbfgs=300  params=111439
2026-05-28 02:44:52 [pinn_trainer][flower][ak_k1][k=-][s=-] INFO Adam     1/1000  loss=1.7979e+05  pde=1.7975e+05  bc=9.2566e+00  ic=0.0000e+00  fc=0.0000e+00
2026-05-28 02:45:26 [pinn_trainer][flower][ak_k1][k=-][s=-] INFO Adam   500/1000  loss=3.3396e+00  pde=3.2317e+00  bc=2.1582e-02  ic=0.0000e+00  fc=0.0000e+00
2026-05-28 02:46:00 [pinn_trainer][flower][ak_k1][k=-][s=-] INFO Adam  1000/1000  loss=1.2918e+00  pde=1.1926e+00  bc=1.9845e-02  ic=0.0000e+00  fc=0.0000e+00
2026-05-28 02:46:09 [pinn_trainer][flower][ak_k1][k=-][s=-] INFO L-BFGS  300/300  loss=1.3002e+00
2026-05-28 02:46:09 [pinn_trainer][flower][ak_k1][k=-][s=-] INFO Training done in 81.3 s
2026-05-28 02:46:09 [adaptive_k][flower][adaptive_k][k=adaptive][s=5] INFO   Win  2  k=1  [1.5→3.0 s]  interior_MAE=10.649°C  → k_next=1
2026-05-28 02:46:09 [pinn_trainer][flower][ak_k1][k=-][s=-] INFO Training start: t=[3.0,4.5]s  epochs_adam=1000  epochs_lbfgs=300  params=111439
2026-05-28 02:46:14 [pinn_trainer][flower][ak_k1][k=-][s=-] INFO Adam     1/1000  loss=3.3871e+05  pde=3.3865e+05  bc=1.2221e+01  ic=0.0000e+00  fc=0.0000e+00
2026-05-28 02:46:48 [pinn_trainer][flower][ak_k1][k=-][s=-] INFO Adam   500/1000  loss=1.6181e-01  pde=1.5556e-01  bc=1.2501e-03  ic=0.0000e+00  fc=0.0000e+00
2026-05-28 02:47:21 [pinn_trainer][flower][ak_k1][k=-][s=-] INFO Adam  1000/1000  loss=1.5289e-01  pde=1.4740e-01  bc=1.0982e-03  ic=0.0000e+00  fc=0.0000e+00
2026-05-28 02:47:28 [pinn_trainer][flower][ak_k1][k=-][s=-] INFO L-BFGS  300/300  loss=1.2726e-01
2026-05-28 02:47:28 [pinn_trainer][flower][ak_k1][k=-][s=-] INFO Training done in 79.0 s
2026-05-28 02:47:28 [adaptive_k][flower][adaptive_k][k=adaptive][s=5] INFO   Win  3  k=1  [3.0→4.5 s]  interior_MAE=3.044°C  → k_next=1
2026-05-28 02:47:28 [pinn_trainer][flower][ak_k1][k=-][s=-] INFO Training start: t=[4.5,6.0]s  epochs_adam=1000  epochs_lbfgs=300  params=111439
2026-05-28 02:47:33 [pinn_trainer][flower][ak_k1][k=-][s=-] INFO Adam     1/1000  loss=1.9575e+05  pde=1.9568e+05  bc=1.2994e+01  ic=0.0000e+00  fc=0.0000e+00
2026-05-28 02:48:06 [pinn_trainer][flower][ak_k1][k=-][s=-] INFO Adam   500/1000  loss=4.5234e-02  pde=4.4813e-02  bc=8.4093e-05  ic=0.0000e+00  fc=0.0000e+00
2026-05-28 02:48:40 [pinn_trainer][flower][ak_k1][k=-][s=-] INFO Adam  1000/1000  loss=6.2641e-03  pde=5.9624e-03  bc=6.0346e-05  ic=0.0000e+00  fc=0.0000e+00
2026-05-28 02:48:50 [pinn_trainer][flower][ak_k1][k=-][s=-] INFO L-BFGS  300/300  loss=6.7611e-03
2026-05-28 02:48:50 [pinn_trainer][flower][ak_k1][k=-][s=-] INFO Training done in 81.7 s
2026-05-28 02:48:50 [adaptive_k][flower][adaptive_k][k=adaptive][s=5] INFO   Win  4  k=1  [4.5→6.0 s]  interior_MAE=0.766°C  → k_next=2
2026-05-28 02:48:50 [pinn_trainer][flower][ak_k2][k=-][s=-] INFO Training start: t=[6.0,9.0]s  epochs_adam=1000  epochs_lbfgs=300  params=111439
2026-05-28 02:48:54 [pinn_trainer][flower][ak_k2][k=-][s=-] INFO Adam     1/1000  loss=1.6985e+05  pde=1.6981e+05  bc=8.7235e+00  ic=0.0000e+00  fc=0.0000e+00
2026-05-28 02:49:28 [pinn_trainer][flower][ak_k2][k=-][s=-] INFO Adam   500/1000  loss=1.4456e-02  pde=1.4437e-02  bc=3.7860e-06  ic=0.0000e+00  fc=0.0000e+00
2026-05-28 02:50:02 [pinn_trainer][flower][ak_k2][k=-][s=-] INFO Adam  1000/1000  loss=3.4594e-03  pde=3.4428e-03  bc=3.3265e-06  ic=0.0000e+00  fc=0.0000e+00
2026-05-28 02:50:10 [pinn_trainer][flower][ak_k2][k=-][s=-] INFO L-BFGS  300/300  loss=1.3938e-03
2026-05-28 02:50:10 [pinn_trainer][flower][ak_k2][k=-][s=-] INFO Training done in 80.0 s
2026-05-28 02:50:10 [adaptive_k][flower][adaptive_k][k=adaptive][s=5] INFO   Win  5  k=2  [6.0→9.0 s]  interior_MAE=0.372°C  → k_next=3
2026-05-28 02:50:10 [pinn_trainer][flower][ak_k3][k=-][s=-] INFO Training start: t=[9.0,13.5]s  epochs_adam=1000  epochs_lbfgs=300  params=111439
2026-05-28 02:50:14 [pinn_trainer][flower][ak_k3][k=-][s=-] INFO Adam     1/1000  loss=5.2012e+05  pde=5.2003e+05  bc=1.7032e+01  ic=0.0000e+00  fc=0.0000e+00
2026-05-28 02:50:48 [pinn_trainer][flower][ak_k3][k=-][s=-] INFO Adam   500/1000  loss=8.8078e-03  pde=8.8037e-03  bc=8.1655e-07  ic=0.0000e+00  fc=0.0000e+00
2026-05-28 02:51:22 [pinn_trainer][flower][ak_k3][k=-][s=-] INFO Adam  1000/1000  loss=5.9795e-04  pde=5.9380e-04  bc=8.3043e-07  ic=0.0000e+00  fc=0.0000e+00
2026-05-28 02:51:30 [pinn_trainer][flower][ak_k3][k=-][s=-] INFO L-BFGS  300/300  loss=9.6684e-04
2026-05-28 02:51:30 [pinn_trainer][flower][ak_k3][k=-][s=-] INFO Training done in 80.5 s
2026-05-28 02:51:30 [adaptive_k][flower][adaptive_k][k=adaptive][s=5] INFO   Win  6  k=3  [9.0→13.5 s]  interior_MAE=0.027°C  → k_next=4
2026-05-28 02:51:30 [pinn_trainer][flower][ak_k4][k=-][s=-] INFO Training start: t=[13.5,19.5]s  epochs_adam=1000  epochs_lbfgs=300  params=111439
2026-05-28 02:51:35 [pinn_trainer][flower][ak_k4][k=-][s=-] INFO Adam     1/1000  loss=1.5616e+05  pde=1.5611e+05  bc=1.0101e+01  ic=0.0000e+00  fc=0.0000e+00
2026-05-28 02:52:09 [pinn_trainer][flower][ak_k4][k=-][s=-] INFO Adam   500/1000  loss=9.8883e-02  pde=9.8753e-02  bc=2.5950e-05  ic=0.0000e+00  fc=0.0000e+00
2026-05-28 02:52:44 [pinn_trainer][flower][ak_k4][k=-][s=-] INFO Adam  1000/1000  loss=3.0429e-03  pde=3.0387e-03  bc=8.3045e-07  ic=0.0000e+00  fc=0.0000e+00
2026-05-28 02:52:51 [pinn_trainer][flower][ak_k4][k=-][s=-] INFO L-BFGS  300/300  loss=1.7566e-03
2026-05-28 02:52:51 [pinn_trainer][flower][ak_k4][k=-][s=-] INFO Training done in 81.1 s
2026-05-28 02:52:52 [adaptive_k][flower][adaptive_k][k=adaptive][s=5] INFO   Win  7  k=4  [13.5→19.5 s]  interior_MAE=0.021°C  → k_next=5
2026-05-28 02:52:52 [pinn_trainer][flower][ak_k5][k=-][s=-] INFO Training start: t=[19.5,27.0]s  epochs_adam=1000  epochs_lbfgs=300  params=111439
2026-05-28 02:52:56 [pinn_trainer][flower][ak_k5][k=-][s=-] INFO Adam     1/1000  loss=3.2405e+05  pde=3.2398e+05  bc=1.4680e+01  ic=0.0000e+00  fc=0.0000e+00
2026-05-28 02:53:30 [pinn_trainer][flower][ak_k5][k=-][s=-] INFO Adam   500/1000  loss=8.7874e-01  pde=8.7789e-01  bc=1.6930e-04  ic=0.0000e+00  fc=0.0000e+00
2026-05-28 02:54:04 [pinn_trainer][flower][ak_k5][k=-][s=-] INFO Adam  1000/1000  loss=2.0065e-03  pde=2.0039e-03  bc=5.2222e-07  ic=0.0000e+00  fc=0.0000e+00
2026-05-28 02:54:12 [pinn_trainer][flower][ak_k5][k=-][s=-] INFO L-BFGS  300/300  loss=2.9841e-03
2026-05-28 02:54:12 [pinn_trainer][flower][ak_k5][k=-][s=-] INFO Training done in 80.2 s
2026-05-28 02:54:12 [adaptive_k][flower][adaptive_k][k=adaptive][s=5] INFO   Win  8  k=5  [19.5→27.0 s]  interior_MAE=0.003°C  → k_next=5
2026-05-28 02:54:12 [pinn_trainer][flower][ak_k5][k=-][s=-] INFO Training start: t=[27.0,30.0]s  epochs_adam=1000  epochs_lbfgs=300  params=111439
2026-05-28 02:54:16 [pinn_trainer][flower][ak_k5][k=-][s=-] INFO Adam     1/1000  loss=1.5186e+05  pde=1.5181e+05  bc=8.9336e+00  ic=0.0000e+00  fc=0.0000e+00
2026-05-28 02:54:50 [pinn_trainer][flower][ak_k5][k=-][s=-] INFO Adam   500/1000  loss=7.3592e-02  pde=7.3513e-02  bc=1.5700e-05  ic=0.0000e+00  fc=0.0000e+00
2026-05-28 02:55:24 [pinn_trainer][flower][ak_k5][k=-][s=-] INFO Adam  1000/1000  loss=7.7415e-04  pde=7.7380e-04  bc=7.0071e-08  ic=0.0000e+00  fc=0.0000e+00
2026-05-28 02:55:36 [pinn_trainer][flower][ak_k5][k=-][s=-] INFO L-BFGS  300/300  loss=6.7658e-04
2026-05-28 02:55:36 [pinn_trainer][flower][ak_k5][k=-][s=-] INFO Training done in 84.6 s
2026-05-28 02:55:36 [adaptive_k][flower][adaptive_k][k=adaptive][s=5] INFO   Win  9  k=5  [27.0→30.0 s]  interior_MAE=0.001°C  → k_next=5
2026-05-28 02:55:36 [adaptive_k][flower][adaptive_k][k=adaptive][s=5] INFO AdaptiveK done | wins=9 | FEM_solves=9/60 | FEM_saving=85% | MAE=1.620°C | L2=0.0150 | t=729 s
2026-05-28 02:55:36 [adaptive_k][flower][adaptive_k][k=adaptive][s=5] INFO k schedule: t=0.0s:k=1 → t=1.5s:k=1 → t=3.0s:k=1 → t=4.5s:k=1 → t=6.0s:k=2 → t=9.0s:k=3 → t=13.5s:k=4 → t=19.5s:k=5 → t=27.0s:k=5
2026-05-28 02:55:36 [adaptive_k][flower][adaptive_k][k=adaptive][s=5] INFO Saved → /home/coder/NAS-PINNS1/thermal_pinn/quenching_mswp/results/adaptive_k/flower/seed5_adaptive
2026-05-28 02:55:37 [stage_adaptive_k][all][adaptive_k][k=-][s=-] INFO RESULT geo=flower   seed=5 | MAE=1.620°C | L2=0.0150 | FEM_solves=9/60 | FEM_saving=85%
2026-05-28 02:55:37 [stage_adaptive_k][all][adaptive_k][k=-][s=-] INFO AdaptiveK | geo=flower seed=6 arch=[151, 151, 151, 151, 151] thr_up=2.0 thr_dn=5.0
2026-05-28 02:55:37 [adaptive_k][flower][adaptive_k][k=adaptive][s=6] INFO AdaptiveK | arch=[151, 151, 151, 151, 151] | k=[1..5] | thr_up=2.0°C thr_dn=5.0°C | fourier=True
2026-05-28 02:55:37 [pinn_trainer][flower][ak_k1][k=-][s=-] INFO Training start: t=[0.0,1.5]s  epochs_adam=1000  epochs_lbfgs=300  params=111439
2026-05-28 02:55:41 [pinn_trainer][flower][ak_k1][k=-][s=-] INFO Adam     1/1000  loss=2.0813e+05  pde=2.0807e+05  bc=1.2294e+01  ic=0.0000e+00  fc=0.0000e+00
2026-05-28 02:56:15 [pinn_trainer][flower][ak_k1][k=-][s=-] INFO Adam   500/1000  loss=1.3880e+01  pde=1.1926e+01  bc=3.9088e-01  ic=0.0000e+00  fc=0.0000e+00
2026-05-28 02:56:49 [pinn_trainer][flower][ak_k1][k=-][s=-] INFO Adam  1000/1000  loss=7.0229e+00  pde=5.3480e+00  bc=3.3498e-01  ic=0.0000e+00  fc=0.0000e+00
2026-05-28 02:56:56 [pinn_trainer][flower][ak_k1][k=-][s=-] INFO L-BFGS  300/300  loss=6.6781e+00
2026-05-28 02:56:56 [pinn_trainer][flower][ak_k1][k=-][s=-] INFO Training done in 79.4 s
2026-05-28 02:56:56 [adaptive_k][flower][adaptive_k][k=adaptive][s=6] INFO   Win  1  k=1  [0.0→1.5 s]  interior_MAE=34.070°C  → k_next=1
2026-05-28 02:56:56 [pinn_trainer][flower][ak_k1][k=-][s=-] INFO Training start: t=[1.5,3.0]s  epochs_adam=1000  epochs_lbfgs=300  params=111439
2026-05-28 02:57:01 [pinn_trainer][flower][ak_k1][k=-][s=-] INFO Adam     1/1000  loss=3.0411e+05  pde=3.0405e+05  bc=1.1373e+01  ic=0.0000e+00  fc=0.0000e+00
2026-05-28 02:57:35 [pinn_trainer][flower][ak_k1][k=-][s=-] INFO Adam   500/1000  loss=1.1408e+00  pde=1.0325e+00  bc=2.1668e-02  ic=0.0000e+00  fc=0.0000e+00
2026-05-28 02:58:08 [pinn_trainer][flower][ak_k1][k=-][s=-] INFO Adam  1000/1000  loss=4.8127e-01  pde=3.8956e-01  bc=1.8343e-02  ic=0.0000e+00  fc=0.0000e+00
2026-05-28 02:58:15 [pinn_trainer][flower][ak_k1][k=-][s=-] INFO L-BFGS  300/300  loss=4.7572e-01
2026-05-28 02:58:15 [pinn_trainer][flower][ak_k1][k=-][s=-] INFO Training done in 79.1 s
2026-05-28 02:58:15 [adaptive_k][flower][adaptive_k][k=adaptive][s=6] INFO   Win  2  k=1  [1.5→3.0 s]  interior_MAE=10.934°C  → k_next=1
2026-05-28 02:58:15 [pinn_trainer][flower][ak_k1][k=-][s=-] INFO Training start: t=[3.0,4.5]s  epochs_adam=1000  epochs_lbfgs=300  params=111439
2026-05-28 02:58:20 [pinn_trainer][flower][ak_k1][k=-][s=-] INFO Adam     1/1000  loss=2.5773e+05  pde=2.5770e+05  bc=7.8055e+00  ic=0.0000e+00  fc=0.0000e+00
2026-05-28 02:58:54 [pinn_trainer][flower][ak_k1][k=-][s=-] INFO Adam   500/1000  loss=1.1990e-01  pde=1.1371e-01  bc=1.2387e-03  ic=0.0000e+00  fc=0.0000e+00
2026-05-28 02:59:28 [pinn_trainer][flower][ak_k1][k=-][s=-] INFO Adam  1000/1000  loss=6.3762e-02  pde=5.8135e-02  bc=1.1255e-03  ic=0.0000e+00  fc=0.0000e+00
2026-05-28 02:59:34 [pinn_trainer][flower][ak_k1][k=-][s=-] INFO L-BFGS  300/300  loss=6.1360e-02
2026-05-28 02:59:34 [pinn_trainer][flower][ak_k1][k=-][s=-] INFO Training done in 78.9 s
2026-05-28 02:59:34 [adaptive_k][flower][adaptive_k][k=adaptive][s=6] INFO   Win  3  k=1  [3.0→4.5 s]  interior_MAE=2.974°C  → k_next=1
2026-05-28 02:59:34 [pinn_trainer][flower][ak_k1][k=-][s=-] INFO Training start: t=[4.5,6.0]s  epochs_adam=1000  epochs_lbfgs=300  params=111439
2026-05-28 02:59:39 [pinn_trainer][flower][ak_k1][k=-][s=-] INFO Adam     1/1000  loss=5.2652e+05  pde=5.2647e+05  bc=1.0441e+01  ic=0.0000e+00  fc=0.0000e+00
2026-05-28 03:00:13 [pinn_trainer][flower][ak_k1][k=-][s=-] INFO Adam   500/1000  loss=4.8917e-02  pde=4.8514e-02  bc=8.0631e-05  ic=0.0000e+00  fc=0.0000e+00
2026-05-28 03:00:47 [pinn_trainer][flower][ak_k1][k=-][s=-] INFO Adam  1000/1000  loss=6.4586e-02  pde=6.4227e-02  bc=7.1802e-05  ic=0.0000e+00  fc=0.0000e+00
2026-05-28 03:00:58 [pinn_trainer][flower][ak_k1][k=-][s=-] INFO L-BFGS  300/300  loss=9.4374e-02
2026-05-28 03:00:58 [pinn_trainer][flower][ak_k1][k=-][s=-] INFO Training done in 83.5 s
2026-05-28 03:00:58 [adaptive_k][flower][adaptive_k][k=adaptive][s=6] INFO   Win  4  k=1  [4.5→6.0 s]  interior_MAE=0.788°C  → k_next=2
2026-05-28 03:00:58 [pinn_trainer][flower][ak_k2][k=-][s=-] INFO Training start: t=[6.0,9.0]s  epochs_adam=1000  epochs_lbfgs=300  params=111439
2026-05-28 03:01:02 [pinn_trainer][flower][ak_k2][k=-][s=-] INFO Adam     1/1000  loss=2.4053e+05  pde=2.4047e+05  bc=1.1526e+01  ic=0.0000e+00  fc=0.0000e+00
2026-05-28 03:01:36 [pinn_trainer][flower][ak_k2][k=-][s=-] INFO Adam   500/1000  loss=1.0357e-03  pde=1.0178e-03  bc=3.5671e-06  ic=0.0000e+00  fc=0.0000e+00
2026-05-28 03:02:10 [pinn_trainer][flower][ak_k2][k=-][s=-] INFO Adam  1000/1000  loss=2.7414e-03  pde=2.7267e-03  bc=2.9383e-06  ic=0.0000e+00  fc=0.0000e+00
2026-05-28 03:02:16 [pinn_trainer][flower][ak_k2][k=-][s=-] INFO L-BFGS  300/300  loss=1.7185e-03
2026-05-28 03:02:16 [pinn_trainer][flower][ak_k2][k=-][s=-] INFO Training done in 78.2 s
2026-05-28 03:02:16 [adaptive_k][flower][adaptive_k][k=adaptive][s=6] INFO   Win  5  k=2  [6.0→9.0 s]  interior_MAE=0.350°C  → k_next=3
2026-05-28 03:02:16 [pinn_trainer][flower][ak_k3][k=-][s=-] INFO Training start: t=[9.0,13.5]s  epochs_adam=1000  epochs_lbfgs=300  params=111439
2026-05-28 03:02:21 [pinn_trainer][flower][ak_k3][k=-][s=-] INFO Adam     1/1000  loss=1.6465e+05  pde=1.6460e+05  bc=9.2221e+00  ic=0.0000e+00  fc=0.0000e+00
2026-05-28 03:02:54 [pinn_trainer][flower][ak_k3][k=-][s=-] INFO Adam   500/1000  loss=2.7010e-03  pde=2.6992e-03  bc=3.7128e-07  ic=0.0000e+00  fc=0.0000e+00
2026-05-28 03:03:28 [pinn_trainer][flower][ak_k3][k=-][s=-] INFO Adam  1000/1000  loss=3.9777e-02  pde=3.9728e-02  bc=9.9403e-06  ic=0.0000e+00  fc=0.0000e+00
2026-05-28 03:03:35 [pinn_trainer][flower][ak_k3][k=-][s=-] INFO L-BFGS  300/300  loss=4.3495e-02
2026-05-28 03:03:35 [pinn_trainer][flower][ak_k3][k=-][s=-] INFO Training done in 79.2 s
2026-05-28 03:03:35 [adaptive_k][flower][adaptive_k][k=adaptive][s=6] INFO   Win  6  k=3  [9.0→13.5 s]  interior_MAE=0.009°C  → k_next=4
2026-05-28 03:03:35 [pinn_trainer][flower][ak_k4][k=-][s=-] INFO Training start: t=[13.5,19.5]s  epochs_adam=1000  epochs_lbfgs=300  params=111439
2026-05-28 03:03:40 [pinn_trainer][flower][ak_k4][k=-][s=-] INFO Adam     1/1000  loss=1.8464e+05  pde=1.8458e+05  bc=1.2577e+01  ic=0.0000e+00  fc=0.0000e+00
2026-05-28 03:04:14 [pinn_trainer][flower][ak_k4][k=-][s=-] INFO Adam   500/1000  loss=2.7517e-02  pde=2.7467e-02  bc=1.0001e-05  ic=0.0000e+00  fc=0.0000e+00
2026-05-28 03:04:48 [pinn_trainer][flower][ak_k4][k=-][s=-] INFO Adam  1000/1000  loss=3.8658e-04  pde=3.8603e-04  bc=1.0995e-07  ic=0.0000e+00  fc=0.0000e+00
2026-05-28 03:04:57 [pinn_trainer][flower][ak_k4][k=-][s=-] INFO L-BFGS  300/300  loss=3.0134e-04
2026-05-28 03:04:57 [pinn_trainer][flower][ak_k4][k=-][s=-] INFO Training done in 82.0 s
2026-05-28 03:04:57 [adaptive_k][flower][adaptive_k][k=adaptive][s=6] INFO   Win  7  k=4  [13.5→19.5 s]  interior_MAE=0.002°C  → k_next=5
2026-05-28 03:04:57 [pinn_trainer][flower][ak_k5][k=-][s=-] INFO Training start: t=[19.5,27.0]s  epochs_adam=1000  epochs_lbfgs=300  params=111439
2026-05-28 03:05:02 [pinn_trainer][flower][ak_k5][k=-][s=-] INFO Adam     1/1000  loss=3.2922e+05  pde=3.2914e+05  bc=1.7053e+01  ic=0.0000e+00  fc=0.0000e+00
2026-05-28 03:05:36 [pinn_trainer][flower][ak_k5][k=-][s=-] INFO Adam   500/1000  loss=2.6715e-02  pde=2.6677e-02  bc=7.6246e-06  ic=0.0000e+00  fc=0.0000e+00
2026-05-28 03:06:10 [pinn_trainer][flower][ak_k5][k=-][s=-] INFO Adam  1000/1000  loss=5.7863e-04  pde=5.7860e-04  bc=5.7531e-09  ic=0.0000e+00  fc=0.0000e+00
2026-05-28 03:06:17 [pinn_trainer][flower][ak_k5][k=-][s=-] INFO L-BFGS  300/300  loss=1.2958e-03
2026-05-28 03:06:17 [pinn_trainer][flower][ak_k5][k=-][s=-] INFO Training done in 79.8 s
2026-05-28 03:06:17 [adaptive_k][flower][adaptive_k][k=adaptive][s=6] INFO   Win  8  k=5  [19.5→27.0 s]  interior_MAE=0.016°C  → k_next=5
2026-05-28 03:06:17 [pinn_trainer][flower][ak_k5][k=-][s=-] INFO Training start: t=[27.0,30.0]s  epochs_adam=1000  epochs_lbfgs=300  params=111439
2026-05-28 03:06:22 [pinn_trainer][flower][ak_k5][k=-][s=-] INFO Adam     1/1000  loss=1.8656e+05  pde=1.8651e+05  bc=9.6041e+00  ic=0.0000e+00  fc=0.0000e+00
2026-05-28 03:06:55 [pinn_trainer][flower][ak_k5][k=-][s=-] INFO Adam   500/1000  loss=4.8040e-01  pde=4.8014e-01  bc=5.0214e-05  ic=0.0000e+00  fc=0.0000e+00
2026-05-28 03:07:30 [pinn_trainer][flower][ak_k5][k=-][s=-] INFO Adam  1000/1000  loss=3.4510e-02  pde=3.4499e-02  bc=2.0216e-06  ic=0.0000e+00  fc=0.0000e+00
2026-05-28 03:07:38 [pinn_trainer][flower][ak_k5][k=-][s=-] INFO L-BFGS  300/300  loss=3.3075e-02
2026-05-28 03:07:38 [pinn_trainer][flower][ak_k5][k=-][s=-] INFO Training done in 81.2 s
2026-05-28 03:07:38 [adaptive_k][flower][adaptive_k][k=adaptive][s=6] INFO   Win  9  k=5  [27.0→30.0 s]  interior_MAE=0.009°C  → k_next=5
2026-05-28 03:07:39 [adaptive_k][flower][adaptive_k][k=adaptive][s=6] INFO AdaptiveK done | wins=9 | FEM_solves=9/60 | FEM_saving=85% | MAE=1.661°C | L2=0.0150 | t=722 s
2026-05-28 03:07:39 [adaptive_k][flower][adaptive_k][k=adaptive][s=6] INFO k schedule: t=0.0s:k=1 → t=1.5s:k=1 → t=3.0s:k=1 → t=4.5s:k=1 → t=6.0s:k=2 → t=9.0s:k=3 → t=13.5s:k=4 → t=19.5s:k=5 → t=27.0s:k=5
2026-05-28 03:07:39 [adaptive_k][flower][adaptive_k][k=adaptive][s=6] INFO Saved → /home/coder/NAS-PINNS1/thermal_pinn/quenching_mswp/results/adaptive_k/flower/seed6_adaptive
2026-05-28 03:07:39 [stage_adaptive_k][all][adaptive_k][k=-][s=-] INFO RESULT geo=flower   seed=6 | MAE=1.661°C | L2=0.0150 | FEM_solves=9/60 | FEM_saving=85%
2026-05-28 03:07:39 [stage_adaptive_k][all][adaptive_k][k=-][s=-] INFO AdaptiveK | geo=flower seed=7 arch=[151, 151, 151, 151, 151] thr_up=2.0 thr_dn=5.0
2026-05-28 03:07:39 [adaptive_k][flower][adaptive_k][k=adaptive][s=7] INFO AdaptiveK | arch=[151, 151, 151, 151, 151] | k=[1..5] | thr_up=2.0°C thr_dn=5.0°C | fourier=True
2026-05-28 03:07:39 [pinn_trainer][flower][ak_k1][k=-][s=-] INFO Training start: t=[0.0,1.5]s  epochs_adam=1000  epochs_lbfgs=300  params=111439
2026-05-28 03:07:44 [pinn_trainer][flower][ak_k1][k=-][s=-] INFO Adam     1/1000  loss=2.1975e+05  pde=2.1969e+05  bc=1.2083e+01  ic=0.0000e+00  fc=0.0000e+00
2026-05-28 03:08:18 [pinn_trainer][flower][ak_k1][k=-][s=-] INFO Adam   500/1000  loss=1.2982e+01  pde=1.1063e+01  bc=3.8385e-01  ic=0.0000e+00  fc=0.0000e+00
2026-05-28 03:08:52 [pinn_trainer][flower][ak_k1][k=-][s=-] INFO Adam  1000/1000  loss=6.6553e+00  pde=5.0041e+00  bc=3.3026e-01  ic=0.0000e+00  fc=0.0000e+00
2026-05-28 03:09:00 [pinn_trainer][flower][ak_k1][k=-][s=-] INFO L-BFGS  300/300  loss=6.4122e+00
2026-05-28 03:09:00 [pinn_trainer][flower][ak_k1][k=-][s=-] INFO Training done in 80.6 s
2026-05-28 03:09:00 [adaptive_k][flower][adaptive_k][k=adaptive][s=7] INFO   Win  1  k=1  [0.0→1.5 s]  interior_MAE=34.129°C  → k_next=1
2026-05-28 03:09:00 [pinn_trainer][flower][ak_k1][k=-][s=-] INFO Training start: t=[1.5,3.0]s  epochs_adam=1000  epochs_lbfgs=300  params=111439
2026-05-28 03:09:04 [pinn_trainer][flower][ak_k1][k=-][s=-] INFO Adam     1/1000  loss=1.0926e+06  pde=1.0925e+06  bc=1.3070e+01  ic=0.0000e+00  fc=0.0000e+00
2026-05-28 03:09:38 [pinn_trainer][flower][ak_k1][k=-][s=-] INFO Adam   500/1000  loss=8.3309e+00  pde=8.2195e+00  bc=2.2276e-02  ic=0.0000e+00  fc=0.0000e+00
2026-05-28 03:10:12 [pinn_trainer][flower][ak_k1][k=-][s=-] INFO Adam  1000/1000  loss=6.2763e-01  pde=5.2822e-01  bc=1.9881e-02  ic=0.0000e+00  fc=0.0000e+00
2026-05-28 03:10:20 [pinn_trainer][flower][ak_k1][k=-][s=-] INFO L-BFGS  300/300  loss=6.2678e-01
2026-05-28 03:10:20 [pinn_trainer][flower][ak_k1][k=-][s=-] INFO Training done in 80.2 s
2026-05-28 03:10:20 [adaptive_k][flower][adaptive_k][k=adaptive][s=7] INFO   Win  2  k=1  [1.5→3.0 s]  interior_MAE=13.313°C  → k_next=1
2026-05-28 03:10:20 [pinn_trainer][flower][ak_k1][k=-][s=-] INFO Training start: t=[3.0,4.5]s  epochs_adam=1000  epochs_lbfgs=300  params=111439
2026-05-28 03:10:25 [pinn_trainer][flower][ak_k1][k=-][s=-] INFO Adam     1/1000  loss=1.8574e+05  pde=1.8569e+05  bc=9.6854e+00  ic=0.0000e+00  fc=0.0000e+00
2026-05-28 03:10:58 [pinn_trainer][flower][ak_k1][k=-][s=-] INFO Adam   500/1000  loss=1.7582e-01  pde=1.6978e-01  bc=1.2072e-03  ic=0.0000e+00  fc=0.0000e+00
2026-05-28 03:11:32 [pinn_trainer][flower][ak_k1][k=-][s=-] INFO Adam  1000/1000  loss=1.9137e-01  pde=1.8555e-01  bc=1.1639e-03  ic=0.0000e+00  fc=0.0000e+00
2026-05-28 03:11:39 [pinn_trainer][flower][ak_k1][k=-][s=-] INFO L-BFGS  300/300  loss=1.8864e-01
2026-05-28 03:11:39 [pinn_trainer][flower][ak_k1][k=-][s=-] INFO Training done in 79.0 s
2026-05-28 03:11:39 [adaptive_k][flower][adaptive_k][k=adaptive][s=7] INFO   Win  3  k=1  [3.0→4.5 s]  interior_MAE=3.247°C  → k_next=1
2026-05-28 03:11:39 [pinn_trainer][flower][ak_k1][k=-][s=-] INFO Training start: t=[4.5,6.0]s  epochs_adam=1000  epochs_lbfgs=300  params=111439
2026-05-28 03:11:44 [pinn_trainer][flower][ak_k1][k=-][s=-] INFO Adam     1/1000  loss=1.8385e+05  pde=1.8380e+05  bc=9.8639e+00  ic=0.0000e+00  fc=0.0000e+00
2026-05-28 03:12:17 [pinn_trainer][flower][ak_k1][k=-][s=-] INFO Adam   500/1000  loss=2.0775e-01  pde=2.0723e-01  bc=1.0410e-04  ic=0.0000e+00  fc=0.0000e+00
2026-05-28 03:12:51 [pinn_trainer][flower][ak_k1][k=-][s=-] INFO Adam  1000/1000  loss=8.7621e-03  pde=8.4478e-03  bc=6.2841e-05  ic=0.0000e+00  fc=0.0000e+00
2026-05-28 03:12:57 [pinn_trainer][flower][ak_k1][k=-][s=-] INFO L-BFGS  300/300  loss=1.1711e-02
2026-05-28 03:12:57 [pinn_trainer][flower][ak_k1][k=-][s=-] INFO Training done in 78.3 s
2026-05-28 03:12:57 [adaptive_k][flower][adaptive_k][k=adaptive][s=7] INFO   Win  4  k=1  [4.5→6.0 s]  interior_MAE=0.771°C  → k_next=2
2026-05-28 03:12:57 [pinn_trainer][flower][ak_k2][k=-][s=-] INFO Training start: t=[6.0,9.0]s  epochs_adam=1000  epochs_lbfgs=300  params=111439
2026-05-28 03:13:02 [pinn_trainer][flower][ak_k2][k=-][s=-] INFO Adam     1/1000  loss=7.4383e+05  pde=7.4375e+05  bc=1.4913e+01  ic=0.0000e+00  fc=0.0000e+00
2026-05-28 03:13:35 [pinn_trainer][flower][ak_k2][k=-][s=-] INFO Adam   500/1000  loss=3.3373e-03  pde=3.3183e-03  bc=3.7853e-06  ic=0.0000e+00  fc=0.0000e+00
2026-05-28 03:14:09 [pinn_trainer][flower][ak_k2][k=-][s=-] INFO Adam  1000/1000  loss=1.0584e-03  pde=1.0445e-03  bc=2.7786e-06  ic=0.0000e+00  fc=0.0000e+00
2026-05-28 03:14:17 [pinn_trainer][flower][ak_k2][k=-][s=-] INFO L-BFGS  300/300  loss=5.3189e-04
2026-05-28 03:14:17 [pinn_trainer][flower][ak_k2][k=-][s=-] INFO Training done in 79.4 s
2026-05-28 03:14:17 [adaptive_k][flower][adaptive_k][k=adaptive][s=7] INFO   Win  5  k=2  [6.0→9.0 s]  interior_MAE=0.367°C  → k_next=3
2026-05-28 03:14:17 [pinn_trainer][flower][ak_k3][k=-][s=-] INFO Training start: t=[9.0,13.5]s  epochs_adam=1000  epochs_lbfgs=300  params=111439
2026-05-28 03:14:21 [pinn_trainer][flower][ak_k3][k=-][s=-] INFO Adam     1/1000  loss=4.0278e+05  pde=4.0271e+05  bc=1.3971e+01  ic=0.0000e+00  fc=0.0000e+00
2026-05-28 03:14:55 [pinn_trainer][flower][ak_k3][k=-][s=-] INFO Adam   500/1000  loss=8.3467e-03  pde=8.3459e-03  bc=1.6768e-07  ic=0.0000e+00  fc=0.0000e+00
2026-05-28 03:15:29 [pinn_trainer][flower][ak_k3][k=-][s=-] INFO Adam  1000/1000  loss=2.7631e-04  pde=2.1493e-04  bc=1.2276e-05  ic=0.0000e+00  fc=0.0000e+00
2026-05-28 03:15:37 [pinn_trainer][flower][ak_k3][k=-][s=-] INFO L-BFGS  300/300  loss=4.6175e-04
2026-05-28 03:15:37 [pinn_trainer][flower][ak_k3][k=-][s=-] INFO Training done in 79.6 s
2026-05-28 03:15:37 [adaptive_k][flower][adaptive_k][k=adaptive][s=7] INFO   Win  6  k=3  [9.0→13.5 s]  interior_MAE=0.023°C  → k_next=4
2026-05-28 03:15:37 [pinn_trainer][flower][ak_k4][k=-][s=-] INFO Training start: t=[13.5,19.5]s  epochs_adam=1000  epochs_lbfgs=300  params=111439
2026-05-28 03:15:41 [pinn_trainer][flower][ak_k4][k=-][s=-] INFO Adam     1/1000  loss=1.9294e+05  pde=1.9289e+05  bc=9.9474e+00  ic=0.0000e+00  fc=0.0000e+00
2026-05-28 03:16:15 [pinn_trainer][flower][ak_k4][k=-][s=-] INFO Adam   500/1000  loss=7.0983e-03  pde=7.0868e-03  bc=2.3045e-06  ic=0.0000e+00  fc=0.0000e+00
2026-05-28 03:16:49 [pinn_trainer][flower][ak_k4][k=-][s=-] INFO Adam  1000/1000  loss=1.4093e-04  pde=1.4043e-04  bc=9.8723e-08  ic=0.0000e+00  fc=0.0000e+00
2026-05-28 03:16:55 [pinn_trainer][flower][ak_k4][k=-][s=-] INFO L-BFGS  300/300  loss=1.2496e-04
2026-05-28 03:16:55 [pinn_trainer][flower][ak_k4][k=-][s=-] INFO Training done in 78.6 s
2026-05-28 03:16:55 [adaptive_k][flower][adaptive_k][k=adaptive][s=7] INFO   Win  7  k=4  [13.5→19.5 s]  interior_MAE=0.001°C  → k_next=5
2026-05-28 03:16:55 [pinn_trainer][flower][ak_k5][k=-][s=-] INFO Training start: t=[19.5,27.0]s  epochs_adam=1000  epochs_lbfgs=300  params=111439
2026-05-28 03:17:00 [pinn_trainer][flower][ak_k5][k=-][s=-] INFO Adam     1/1000  loss=5.3365e+05  pde=5.3361e+05  bc=9.5542e+00  ic=0.0000e+00  fc=0.0000e+00
2026-05-28 03:17:34 [pinn_trainer][flower][ak_k5][k=-][s=-] INFO Adam   500/1000  loss=5.5048e-01  pde=5.4992e-01  bc=1.1272e-04  ic=0.0000e+00  fc=0.0000e+00
2026-05-28 03:18:08 [pinn_trainer][flower][ak_k5][k=-][s=-] INFO Adam  1000/1000  loss=3.5565e-02  pde=3.5534e-02  bc=6.1749e-06  ic=0.0000e+00  fc=0.0000e+00
2026-05-28 03:18:16 [pinn_trainer][flower][ak_k5][k=-][s=-] INFO L-BFGS  300/300  loss=3.5164e-02
2026-05-28 03:18:16 [pinn_trainer][flower][ak_k5][k=-][s=-] INFO Training done in 80.9 s
2026-05-28 03:18:16 [adaptive_k][flower][adaptive_k][k=adaptive][s=7] INFO   Win  8  k=5  [19.5→27.0 s]  interior_MAE=0.020°C  → k_next=5
2026-05-28 03:18:16 [pinn_trainer][flower][ak_k5][k=-][s=-] INFO Training start: t=[27.0,30.0]s  epochs_adam=1000  epochs_lbfgs=300  params=111439
2026-05-28 03:18:20 [pinn_trainer][flower][ak_k5][k=-][s=-] INFO Adam     1/1000  loss=2.5359e+05  pde=2.5351e+05  bc=1.6733e+01  ic=0.0000e+00  fc=0.0000e+00
2026-05-28 03:18:54 [pinn_trainer][flower][ak_k5][k=-][s=-] INFO Adam   500/1000  loss=2.2471e-01  pde=2.2440e-01  bc=6.1241e-05  ic=0.0000e+00  fc=0.0000e+00
2026-05-28 03:19:28 [pinn_trainer][flower][ak_k5][k=-][s=-] INFO Adam  1000/1000  loss=2.0791e-03  pde=2.0708e-03  bc=1.6593e-06  ic=0.0000e+00  fc=0.0000e+00
2026-05-28 03:19:37 [pinn_trainer][flower][ak_k5][k=-][s=-] INFO L-BFGS  300/300  loss=1.4875e-03
2026-05-28 03:19:37 [pinn_trainer][flower][ak_k5][k=-][s=-] INFO Training done in 81.3 s
2026-05-28 03:19:37 [adaptive_k][flower][adaptive_k][k=adaptive][s=7] INFO   Win  9  k=5  [27.0→30.0 s]  interior_MAE=0.001°C  → k_next=5
2026-05-28 03:19:37 [adaptive_k][flower][adaptive_k][k=adaptive][s=7] INFO AdaptiveK done | wins=9 | FEM_solves=9/60 | FEM_saving=85% | MAE=1.754°C | L2=0.0165 | t=718 s
2026-05-28 03:19:37 [adaptive_k][flower][adaptive_k][k=adaptive][s=7] INFO k schedule: t=0.0s:k=1 → t=1.5s:k=1 → t=3.0s:k=1 → t=4.5s:k=1 → t=6.0s:k=2 → t=9.0s:k=3 → t=13.5s:k=4 → t=19.5s:k=5 → t=27.0s:k=5
2026-05-28 03:19:37 [adaptive_k][flower][adaptive_k][k=adaptive][s=7] INFO Saved → /home/coder/NAS-PINNS1/thermal_pinn/quenching_mswp/results/adaptive_k/flower/seed7_adaptive
2026-05-28 03:19:38 [stage_adaptive_k][all][adaptive_k][k=-][s=-] INFO RESULT geo=flower   seed=7 | MAE=1.754°C | L2=0.0165 | FEM_solves=9/60 | FEM_saving=85%
2026-05-28 03:19:38 [stage_adaptive_k][all][adaptive_k][k=-][s=-] INFO AdaptiveK | geo=flower seed=8 arch=[151, 151, 151, 151, 151] thr_up=2.0 thr_dn=5.0
2026-05-28 03:19:38 [adaptive_k][flower][adaptive_k][k=adaptive][s=8] INFO AdaptiveK | arch=[151, 151, 151, 151, 151] | k=[1..5] | thr_up=2.0°C thr_dn=5.0°C | fourier=True
2026-05-28 03:19:38 [pinn_trainer][flower][ak_k1][k=-][s=-] INFO Training start: t=[0.0,1.5]s  epochs_adam=1000  epochs_lbfgs=300  params=111439
2026-05-28 03:19:42 [pinn_trainer][flower][ak_k1][k=-][s=-] INFO Adam     1/1000  loss=1.2235e+05  pde=1.2231e+05  bc=8.0322e+00  ic=0.0000e+00  fc=0.0000e+00
2026-05-28 03:20:17 [pinn_trainer][flower][ak_k1][k=-][s=-] INFO Adam   500/1000  loss=1.5294e+01  pde=1.3279e+01  bc=4.0290e-01  ic=0.0000e+00  fc=0.0000e+00
2026-05-28 03:20:51 [pinn_trainer][flower][ak_k1][k=-][s=-] INFO Adam  1000/1000  loss=8.0478e+00  pde=6.3389e+00  bc=3.4176e-01  ic=0.0000e+00  fc=0.0000e+00
2026-05-28 03:20:59 [pinn_trainer][flower][ak_k1][k=-][s=-] INFO L-BFGS  300/300  loss=7.8301e+00
2026-05-28 03:20:59 [pinn_trainer][flower][ak_k1][k=-][s=-] INFO Training done in 80.6 s
2026-05-28 03:20:59 [adaptive_k][flower][adaptive_k][k=adaptive][s=8] INFO   Win  1  k=1  [0.0→1.5 s]  interior_MAE=37.190°C  → k_next=1
2026-05-28 03:20:59 [pinn_trainer][flower][ak_k1][k=-][s=-] INFO Training start: t=[1.5,3.0]s  epochs_adam=1000  epochs_lbfgs=300  params=111439
2026-05-28 03:21:03 [pinn_trainer][flower][ak_k1][k=-][s=-] INFO Adam     1/1000  loss=1.9938e+05  pde=1.9934e+05  bc=8.9313e+00  ic=0.0000e+00  fc=0.0000e+00
2026-05-28 03:21:37 [pinn_trainer][flower][ak_k1][k=-][s=-] INFO Adam   500/1000  loss=1.1465e+00  pde=1.0409e+00  bc=2.1118e-02  ic=0.0000e+00  fc=0.0000e+00
2026-05-28 03:22:12 [pinn_trainer][flower][ak_k1][k=-][s=-] INFO Adam  1000/1000  loss=8.7161e-01  pde=7.7699e-01  bc=1.8924e-02  ic=0.0000e+00  fc=0.0000e+00
2026-05-28 03:22:18 [pinn_trainer][flower][ak_k1][k=-][s=-] INFO L-BFGS  300/300  loss=8.6197e-01
2026-05-28 03:22:18 [pinn_trainer][flower][ak_k1][k=-][s=-] INFO Training done in 79.9 s
2026-05-28 03:22:18 [adaptive_k][flower][adaptive_k][k=adaptive][s=8] INFO   Win  2  k=1  [1.5→3.0 s]  interior_MAE=9.830°C  → k_next=1
2026-05-28 03:22:18 [pinn_trainer][flower][ak_k1][k=-][s=-] INFO Training start: t=[3.0,4.5]s  epochs_adam=1000  epochs_lbfgs=300  params=111439
2026-05-28 03:22:23 [pinn_trainer][flower][ak_k1][k=-][s=-] INFO Adam     1/1000  loss=4.3864e+05  pde=4.3857e+05  bc=1.4118e+01  ic=0.0000e+00  fc=0.0000e+00
2026-05-28 03:22:57 [pinn_trainer][flower][ak_k1][k=-][s=-] INFO Adam   500/1000  loss=1.4174e-01  pde=1.3569e-01  bc=1.2088e-03  ic=0.0000e+00  fc=0.0000e+00
2026-05-28 03:23:31 [pinn_trainer][flower][ak_k1][k=-][s=-] INFO Adam  1000/1000  loss=1.5553e-01  pde=1.4962e-01  bc=1.1824e-03  ic=0.0000e+00  fc=0.0000e+00
2026-05-28 03:23:39 [pinn_trainer][flower][ak_k1][k=-][s=-] INFO L-BFGS  300/300  loss=1.6478e-01
2026-05-28 03:23:39 [pinn_trainer][flower][ak_k1][k=-][s=-] INFO Training done in 80.1 s
2026-05-28 03:23:39 [adaptive_k][flower][adaptive_k][k=adaptive][s=8] INFO   Win  3  k=1  [3.0→4.5 s]  interior_MAE=3.250°C  → k_next=1
2026-05-28 03:23:39 [pinn_trainer][flower][ak_k1][k=-][s=-] INFO Training start: t=[4.5,6.0]s  epochs_adam=1000  epochs_lbfgs=300  params=111439
2026-05-28 03:23:43 [pinn_trainer][flower][ak_k1][k=-][s=-] INFO Adam     1/1000  loss=1.7824e+05  pde=1.7820e+05  bc=8.1530e+00  ic=0.0000e+00  fc=0.0000e+00
2026-05-28 03:24:17 [pinn_trainer][flower][ak_k1][k=-][s=-] INFO Adam   500/1000  loss=8.0776e-02  pde=8.0362e-02  bc=8.2804e-05  ic=0.0000e+00  fc=0.0000e+00
2026-05-28 03:24:51 [pinn_trainer][flower][ak_k1][k=-][s=-] INFO Adam  1000/1000  loss=6.6829e-03  pde=6.3794e-03  bc=6.0714e-05  ic=0.0000e+00  fc=0.0000e+00
2026-05-28 03:24:57 [pinn_trainer][flower][ak_k1][k=-][s=-] INFO L-BFGS  300/300  loss=6.8227e-03
2026-05-28 03:24:57 [pinn_trainer][flower][ak_k1][k=-][s=-] INFO Training done in 78.7 s
2026-05-28 03:24:57 [adaptive_k][flower][adaptive_k][k=adaptive][s=8] INFO   Win  4  k=1  [4.5→6.0 s]  interior_MAE=0.789°C  → k_next=2
2026-05-28 03:24:57 [pinn_trainer][flower][ak_k2][k=-][s=-] INFO Training start: t=[6.0,9.0]s  epochs_adam=1000  epochs_lbfgs=300  params=111439
2026-05-28 03:25:02 [pinn_trainer][flower][ak_k2][k=-][s=-] INFO Adam     1/1000  loss=4.0054e+05  pde=4.0047e+05  bc=1.3719e+01  ic=0.0000e+00  fc=0.0000e+00
2026-05-28 03:25:36 [pinn_trainer][flower][ak_k2][k=-][s=-] INFO Adam   500/1000  loss=1.7825e-02  pde=1.7790e-02  bc=6.9181e-06  ic=0.0000e+00  fc=0.0000e+00
2026-05-28 03:26:10 [pinn_trainer][flower][ak_k2][k=-][s=-] INFO Adam  1000/1000  loss=8.2344e-04  pde=8.0889e-04  bc=2.9101e-06  ic=0.0000e+00  fc=0.0000e+00
2026-05-28 03:26:17 [pinn_trainer][flower][ak_k2][k=-][s=-] INFO L-BFGS  300/300  loss=8.6801e-04
2026-05-28 03:26:17 [pinn_trainer][flower][ak_k2][k=-][s=-] INFO Training done in 79.7 s
2026-05-28 03:26:17 [adaptive_k][flower][adaptive_k][k=adaptive][s=8] INFO   Win  5  k=2  [6.0→9.0 s]  interior_MAE=0.363°C  → k_next=3
2026-05-28 03:26:17 [pinn_trainer][flower][ak_k3][k=-][s=-] INFO Training start: t=[9.0,13.5]s  epochs_adam=1000  epochs_lbfgs=300  params=111439
2026-05-28 03:26:21 [pinn_trainer][flower][ak_k3][k=-][s=-] INFO Adam     1/1000  loss=2.5987e+05  pde=2.5980e+05  bc=1.3906e+01  ic=0.0000e+00  fc=0.0000e+00
2026-05-28 03:26:55 [pinn_trainer][flower][ak_k3][k=-][s=-] INFO Adam   500/1000  loss=1.2098e-01  pde=1.2070e-01  bc=5.7372e-05  ic=0.0000e+00  fc=0.0000e+00
2026-05-28 03:27:29 [pinn_trainer][flower][ak_k3][k=-][s=-] INFO Adam  1000/1000  loss=4.6043e-04  pde=4.6038e-04  bc=1.1573e-08  ic=0.0000e+00  fc=0.0000e+00
2026-05-28 03:27:38 [pinn_trainer][flower][ak_k3][k=-][s=-] INFO L-BFGS  300/300  loss=3.5948e-04
2026-05-28 03:27:38 [pinn_trainer][flower][ak_k3][k=-][s=-] INFO Training done in 81.5 s
2026-05-28 03:27:39 [adaptive_k][flower][adaptive_k][k=adaptive][s=8] INFO   Win  6  k=3  [9.0→13.5 s]  interior_MAE=0.033°C  → k_next=4
2026-05-28 03:27:39 [pinn_trainer][flower][ak_k4][k=-][s=-] INFO Training start: t=[13.5,19.5]s  epochs_adam=1000  epochs_lbfgs=300  params=111439
2026-05-28 03:27:43 [pinn_trainer][flower][ak_k4][k=-][s=-] INFO Adam     1/1000  loss=3.6275e+05  pde=3.6268e+05  bc=1.3925e+01  ic=0.0000e+00  fc=0.0000e+00
2026-05-28 03:28:17 [pinn_trainer][flower][ak_k4][k=-][s=-] INFO Adam   500/1000  loss=1.1680e-01  pde=1.1666e-01  bc=2.9234e-05  ic=0.0000e+00  fc=0.0000e+00
2026-05-28 03:28:51 [pinn_trainer][flower][ak_k4][k=-][s=-] INFO Adam  1000/1000  loss=5.0148e-02  pde=4.9934e-02  bc=4.2894e-05  ic=0.0000e+00  fc=0.0000e+00
2026-05-28 03:28:59 [pinn_trainer][flower][ak_k4][k=-][s=-] INFO L-BFGS  300/300  loss=4.1151e-02
2026-05-28 03:28:59 [pinn_trainer][flower][ak_k4][k=-][s=-] INFO Training done in 80.1 s
2026-05-28 03:28:59 [adaptive_k][flower][adaptive_k][k=adaptive][s=8] INFO   Win  7  k=4  [13.5→19.5 s]  interior_MAE=0.031°C  → k_next=5
2026-05-28 03:28:59 [pinn_trainer][flower][ak_k5][k=-][s=-] INFO Training start: t=[19.5,27.0]s  epochs_adam=1000  epochs_lbfgs=300  params=111439
2026-05-28 03:29:03 [pinn_trainer][flower][ak_k5][k=-][s=-] INFO Adam     1/1000  loss=3.1595e+05  pde=3.1588e+05  bc=1.3955e+01  ic=0.0000e+00  fc=0.0000e+00
2026-05-28 03:29:37 [pinn_trainer][flower][ak_k5][k=-][s=-] INFO Adam   500/1000  loss=4.4517e-02  pde=4.4467e-02  bc=1.0135e-05  ic=0.0000e+00  fc=0.0000e+00
2026-05-28 03:30:11 [pinn_trainer][flower][ak_k5][k=-][s=-] INFO Adam  1000/1000  loss=1.7069e-03  pde=1.6906e-03  bc=3.2643e-06  ic=0.0000e+00  fc=0.0000e+00
2026-05-28 03:30:20 [pinn_trainer][flower][ak_k5][k=-][s=-] INFO L-BFGS  300/300  loss=1.9435e-03
2026-05-28 03:30:20 [pinn_trainer][flower][ak_k5][k=-][s=-] INFO Training done in 81.0 s
2026-05-28 03:30:20 [adaptive_k][flower][adaptive_k][k=adaptive][s=8] INFO   Win  8  k=5  [19.5→27.0 s]  interior_MAE=0.005°C  → k_next=5
2026-05-28 03:30:20 [pinn_trainer][flower][ak_k5][k=-][s=-] INFO Training start: t=[27.0,30.0]s  epochs_adam=1000  epochs_lbfgs=300  params=111439
2026-05-28 03:30:24 [pinn_trainer][flower][ak_k5][k=-][s=-] INFO Adam     1/1000  loss=2.5315e+05  pde=2.5308e+05  bc=1.4997e+01  ic=0.0000e+00  fc=0.0000e+00
2026-05-28 03:30:58 [pinn_trainer][flower][ak_k5][k=-][s=-] INFO Adam   500/1000  loss=1.7495e-02  pde=1.7465e-02  bc=6.1341e-06  ic=0.0000e+00  fc=0.0000e+00
2026-05-28 03:31:32 [pinn_trainer][flower][ak_k5][k=-][s=-] INFO Adam  1000/1000  loss=5.3428e-04  pde=5.3410e-04  bc=3.5455e-08  ic=0.0000e+00  fc=0.0000e+00
2026-05-28 03:31:39 [pinn_trainer][flower][ak_k5][k=-][s=-] INFO L-BFGS  300/300  loss=1.4419e-03
2026-05-28 03:31:39 [pinn_trainer][flower][ak_k5][k=-][s=-] INFO Training done in 79.7 s
2026-05-28 03:31:39 [adaptive_k][flower][adaptive_k][k=adaptive][s=8] INFO   Win  9  k=5  [27.0→30.0 s]  interior_MAE=0.004°C  → k_next=5
2026-05-28 03:31:39 [adaptive_k][flower][adaptive_k][k=adaptive][s=8] INFO AdaptiveK done | wins=9 | FEM_solves=9/60 | FEM_saving=85% | MAE=1.744°C | L2=0.0155 | t=722 s
2026-05-28 03:31:39 [adaptive_k][flower][adaptive_k][k=adaptive][s=8] INFO k schedule: t=0.0s:k=1 → t=1.5s:k=1 → t=3.0s:k=1 → t=4.5s:k=1 → t=6.0s:k=2 → t=9.0s:k=3 → t=13.5s:k=4 → t=19.5s:k=5 → t=27.0s:k=5
2026-05-28 03:31:40 [adaptive_k][flower][adaptive_k][k=adaptive][s=8] INFO Saved → /home/coder/NAS-PINNS1/thermal_pinn/quenching_mswp/results/adaptive_k/flower/seed8_adaptive
2026-05-28 03:31:40 [stage_adaptive_k][all][adaptive_k][k=-][s=-] INFO RESULT geo=flower   seed=8 | MAE=1.744°C | L2=0.0155 | FEM_solves=9/60 | FEM_saving=85%
2026-05-28 03:31:40 [stage_adaptive_k][all][adaptive_k][k=-][s=-] INFO AdaptiveK | geo=flower seed=9 arch=[151, 151, 151, 151, 151] thr_up=2.0 thr_dn=5.0
2026-05-28 03:31:40 [adaptive_k][flower][adaptive_k][k=adaptive][s=9] INFO AdaptiveK | arch=[151, 151, 151, 151, 151] | k=[1..5] | thr_up=2.0°C thr_dn=5.0°C | fourier=True
2026-05-28 03:31:40 [pinn_trainer][flower][ak_k1][k=-][s=-] INFO Training start: t=[0.0,1.5]s  epochs_adam=1000  epochs_lbfgs=300  params=111439
2026-05-28 03:31:44 [pinn_trainer][flower][ak_k1][k=-][s=-] INFO Adam     1/1000  loss=2.8602e+05  pde=2.8593e+05  bc=1.8201e+01  ic=0.0000e+00  fc=0.0000e+00
2026-05-28 03:32:18 [pinn_trainer][flower][ak_k1][k=-][s=-] INFO Adam   500/1000  loss=2.2866e+01  pde=2.0841e+01  bc=4.0497e-01  ic=0.0000e+00  fc=0.0000e+00
2026-05-28 03:32:52 [pinn_trainer][flower][ak_k1][k=-][s=-] INFO Adam  1000/1000  loss=7.9260e+00  pde=6.3097e+00  bc=3.2326e-01  ic=0.0000e+00  fc=0.0000e+00
2026-05-28 03:32:58 [pinn_trainer][flower][ak_k1][k=-][s=-] INFO L-BFGS  300/300  loss=8.1608e+00
2026-05-28 03:32:58 [pinn_trainer][flower][ak_k1][k=-][s=-] INFO Training done in 78.4 s
2026-05-28 03:32:58 [adaptive_k][flower][adaptive_k][k=adaptive][s=9] INFO   Win  1  k=1  [0.0→1.5 s]  interior_MAE=37.483°C  → k_next=1
2026-05-28 03:32:58 [pinn_trainer][flower][ak_k1][k=-][s=-] INFO Training start: t=[1.5,3.0]s  epochs_adam=1000  epochs_lbfgs=300  params=111439
2026-05-28 03:33:03 [pinn_trainer][flower][ak_k1][k=-][s=-] INFO Adam     1/1000  loss=2.7166e+05  pde=2.7159e+05  bc=1.2872e+01  ic=0.0000e+00  fc=0.0000e+00
2026-05-28 03:33:37 [pinn_trainer][flower][ak_k1][k=-][s=-] INFO Adam   500/1000  loss=4.3215e+00  pde=4.2122e+00  bc=2.1862e-02  ic=0.0000e+00  fc=0.0000e+00
2026-05-28 03:34:11 [pinn_trainer][flower][ak_k1][k=-][s=-] INFO Adam  1000/1000  loss=5.4645e-01  pde=4.5757e-01  bc=1.7776e-02  ic=0.0000e+00  fc=0.0000e+00
2026-05-28 03:34:19 [pinn_trainer][flower][ak_k1][k=-][s=-] INFO L-BFGS  300/300  loss=5.5602e-01
2026-05-28 03:34:19 [pinn_trainer][flower][ak_k1][k=-][s=-] INFO Training done in 80.4 s
2026-05-28 03:34:19 [adaptive_k][flower][adaptive_k][k=adaptive][s=9] INFO   Win  2  k=1  [1.5→3.0 s]  interior_MAE=9.956°C  → k_next=1
2026-05-28 03:34:19 [pinn_trainer][flower][ak_k1][k=-][s=-] INFO Training start: t=[3.0,4.5]s  epochs_adam=1000  epochs_lbfgs=300  params=111439
2026-05-28 03:34:23 [pinn_trainer][flower][ak_k1][k=-][s=-] INFO Adam     1/1000  loss=3.9966e+05  pde=3.9957e+05  bc=1.8038e+01  ic=0.0000e+00  fc=0.0000e+00
2026-05-28 03:34:57 [pinn_trainer][flower][ak_k1][k=-][s=-] INFO Adam   500/1000  loss=3.2766e-01  pde=3.2139e-01  bc=1.2555e-03  ic=0.0000e+00  fc=0.0000e+00
2026-05-28 03:35:32 [pinn_trainer][flower][ak_k1][k=-][s=-] INFO Adam  1000/1000  loss=5.6397e-02  pde=5.0626e-02  bc=1.1542e-03  ic=0.0000e+00  fc=0.0000e+00
2026-05-28 03:35:39 [pinn_trainer][flower][ak_k1][k=-][s=-] INFO L-BFGS  300/300  loss=5.6403e-02
2026-05-28 03:35:39 [pinn_trainer][flower][ak_k1][k=-][s=-] INFO Training done in 80.4 s
2026-05-28 03:35:39 [adaptive_k][flower][adaptive_k][k=adaptive][s=9] INFO   Win  3  k=1  [3.0→4.5 s]  interior_MAE=2.762°C  → k_next=1
2026-05-28 03:35:39 [pinn_trainer][flower][ak_k1][k=-][s=-] INFO Training start: t=[4.5,6.0]s  epochs_adam=1000  epochs_lbfgs=300  params=111439
2026-05-28 03:35:44 [pinn_trainer][flower][ak_k1][k=-][s=-] INFO Adam     1/1000  loss=1.8218e+05  pde=1.8214e+05  bc=8.7741e+00  ic=0.0000e+00  fc=0.0000e+00
2026-05-28 03:36:18 [pinn_trainer][flower][ak_k1][k=-][s=-] INFO Adam   500/1000  loss=2.2933e-01  pde=2.2855e-01  bc=1.5731e-04  ic=0.0000e+00  fc=0.0000e+00
2026-05-28 03:36:51 [pinn_trainer][flower][ak_k1][k=-][s=-] INFO Adam  1000/1000  loss=1.0412e-02  pde=1.0105e-02  bc=6.1475e-05  ic=0.0000e+00  fc=0.0000e+00
2026-05-28 03:36:58 [pinn_trainer][flower][ak_k1][k=-][s=-] INFO L-BFGS  300/300  loss=8.6813e-03
2026-05-28 03:36:58 [pinn_trainer][flower][ak_k1][k=-][s=-] INFO Training done in 79.1 s
2026-05-28 03:36:58 [adaptive_k][flower][adaptive_k][k=adaptive][s=9] INFO   Win  4  k=1  [4.5→6.0 s]  interior_MAE=0.798°C  → k_next=2
2026-05-28 03:36:58 [pinn_trainer][flower][ak_k2][k=-][s=-] INFO Training start: t=[6.0,9.0]s  epochs_adam=1000  epochs_lbfgs=300  params=111439
2026-05-28 03:37:03 [pinn_trainer][flower][ak_k2][k=-][s=-] INFO Adam     1/1000  loss=1.8947e+05  pde=1.8943e+05  bc=8.2709e+00  ic=0.0000e+00  fc=0.0000e+00
2026-05-28 03:37:36 [pinn_trainer][flower][ak_k2][k=-][s=-] INFO Adam   500/1000  loss=3.7737e-02  pde=3.7674e-02  bc=1.2741e-05  ic=0.0000e+00  fc=0.0000e+00
2026-05-28 03:38:10 [pinn_trainer][flower][ak_k2][k=-][s=-] INFO Adam  1000/1000  loss=1.2469e-03  pde=1.2328e-03  bc=2.8115e-06  ic=0.0000e+00  fc=0.0000e+00
2026-05-28 03:38:18 [pinn_trainer][flower][ak_k2][k=-][s=-] INFO L-BFGS  300/300  loss=4.4298e-04
2026-05-28 03:38:18 [pinn_trainer][flower][ak_k2][k=-][s=-] INFO Training done in 79.7 s
2026-05-28 03:38:18 [adaptive_k][flower][adaptive_k][k=adaptive][s=9] INFO   Win  5  k=2  [6.0→9.0 s]  interior_MAE=0.367°C  → k_next=3
2026-05-28 03:38:18 [pinn_trainer][flower][ak_k3][k=-][s=-] INFO Training start: t=[9.0,13.5]s  epochs_adam=1000  epochs_lbfgs=300  params=111439
2026-05-28 03:38:22 [pinn_trainer][flower][ak_k3][k=-][s=-] INFO Adam     1/1000  loss=1.7072e+05  pde=1.7067e+05  bc=8.7416e+00  ic=0.0000e+00  fc=0.0000e+00
2026-05-28 03:38:56 [pinn_trainer][flower][ak_k3][k=-][s=-] INFO Adam   500/1000  loss=2.2266e-02  pde=2.2257e-02  bc=1.8019e-06  ic=0.0000e+00  fc=0.0000e+00
2026-05-28 03:39:30 [pinn_trainer][flower][ak_k3][k=-][s=-] INFO Adam  1000/1000  loss=1.0220e-02  pde=1.0218e-02  bc=5.4799e-07  ic=0.0000e+00  fc=0.0000e+00
2026-05-28 03:39:36 [pinn_trainer][flower][ak_k3][k=-][s=-] INFO L-BFGS  300/300  loss=1.4069e-02
2026-05-28 03:39:36 [pinn_trainer][flower][ak_k3][k=-][s=-] INFO Training done in 77.9 s
2026-05-28 03:39:36 [adaptive_k][flower][adaptive_k][k=adaptive][s=9] INFO   Win  6  k=3  [9.0→13.5 s]  interior_MAE=0.025°C  → k_next=4
2026-05-28 03:39:36 [pinn_trainer][flower][ak_k4][k=-][s=-] INFO Training start: t=[13.5,19.5]s  epochs_adam=1000  epochs_lbfgs=300  params=111439
2026-05-28 03:39:40 [pinn_trainer][flower][ak_k4][k=-][s=-] INFO Adam     1/1000  loss=3.8697e+05  pde=3.8687e+05  bc=1.9790e+01  ic=0.0000e+00  fc=0.0000e+00
2026-05-28 03:40:15 [pinn_trainer][flower][ak_k4][k=-][s=-] INFO Adam   500/1000  loss=1.2699e-02  pde=1.2690e-02  bc=1.8756e-06  ic=0.0000e+00  fc=0.0000e+00
2026-05-28 03:40:49 [pinn_trainer][flower][ak_k4][k=-][s=-] INFO Adam  1000/1000  loss=1.1227e-05  pde=1.1224e-05  bc=5.2530e-10  ic=0.0000e+00  fc=0.0000e+00
2026-05-28 03:41:00 [pinn_trainer][flower][ak_k4][k=-][s=-] INFO L-BFGS  300/300  loss=2.1079e-05
2026-05-28 03:41:00 [pinn_trainer][flower][ak_k4][k=-][s=-] INFO Training done in 84.2 s
2026-05-28 03:41:00 [adaptive_k][flower][adaptive_k][k=adaptive][s=9] INFO   Win  7  k=4  [13.5→19.5 s]  interior_MAE=0.000°C  → k_next=5
2026-05-28 03:41:00 [pinn_trainer][flower][ak_k5][k=-][s=-] INFO Training start: t=[19.5,27.0]s  epochs_adam=1000  epochs_lbfgs=300  params=111439
2026-05-28 03:41:05 [pinn_trainer][flower][ak_k5][k=-][s=-] INFO Adam     1/1000  loss=1.4048e+05  pde=1.4044e+05  bc=7.1169e+00  ic=0.0000e+00  fc=0.0000e+00
2026-05-28 03:41:39 [pinn_trainer][flower][ak_k5][k=-][s=-] INFO Adam   500/1000  loss=2.7205e-03  pde=2.7184e-03  bc=4.2166e-07  ic=0.0000e+00  fc=0.0000e+00
2026-05-28 03:42:13 [pinn_trainer][flower][ak_k5][k=-][s=-] INFO Adam  1000/1000  loss=8.0435e-04  pde=8.0426e-04  bc=1.7640e-08  ic=0.0000e+00  fc=0.0000e+00
2026-05-28 03:42:19 [pinn_trainer][flower][ak_k5][k=-][s=-] INFO L-BFGS  300/300  loss=1.6913e-05
2026-05-28 03:42:19 [pinn_trainer][flower][ak_k5][k=-][s=-] INFO Training done in 78.6 s
2026-05-28 03:42:19 [adaptive_k][flower][adaptive_k][k=adaptive][s=9] INFO   Win  8  k=5  [19.5→27.0 s]  interior_MAE=0.001°C  → k_next=5
2026-05-28 03:42:19 [pinn_trainer][flower][ak_k5][k=-][s=-] INFO Training start: t=[27.0,30.0]s  epochs_adam=1000  epochs_lbfgs=300  params=111439
2026-05-28 03:42:23 [pinn_trainer][flower][ak_k5][k=-][s=-] INFO Adam     1/1000  loss=3.1277e+05  pde=3.1269e+05  bc=1.6606e+01  ic=0.0000e+00  fc=0.0000e+00
2026-05-28 03:42:57 [pinn_trainer][flower][ak_k5][k=-][s=-] INFO Adam   500/1000  loss=3.5161e-02  pde=3.5157e-02  bc=6.7499e-07  ic=0.0000e+00  fc=0.0000e+00
2026-05-28 03:43:32 [pinn_trainer][flower][ak_k5][k=-][s=-] INFO Adam  1000/1000  loss=1.7373e-05  pde=1.7370e-05  bc=6.3594e-10  ic=0.0000e+00  fc=0.0000e+00
2026-05-28 03:43:40 [pinn_trainer][flower][ak_k5][k=-][s=-] INFO L-BFGS  300/300  loss=2.8407e-04
2026-05-28 03:43:40 [pinn_trainer][flower][ak_k5][k=-][s=-] INFO Training done in 81.6 s
2026-05-28 03:43:40 [adaptive_k][flower][adaptive_k][k=adaptive][s=9] INFO   Win  9  k=5  [27.0→30.0 s]  interior_MAE=0.004°C  → k_next=5
2026-05-28 03:43:40 [adaptive_k][flower][adaptive_k][k=adaptive][s=9] INFO AdaptiveK done | wins=9 | FEM_solves=9/60 | FEM_saving=85% | MAE=1.735°C | L2=0.0148 | t=720 s
2026-05-28 03:43:40 [adaptive_k][flower][adaptive_k][k=adaptive][s=9] INFO k schedule: t=0.0s:k=1 → t=1.5s:k=1 → t=3.0s:k=1 → t=4.5s:k=1 → t=6.0s:k=2 → t=9.0s:k=3 → t=13.5s:k=4 → t=19.5s:k=5 → t=27.0s:k=5
2026-05-28 03:43:40 [adaptive_k][flower][adaptive_k][k=adaptive][s=9] INFO Saved → /home/coder/NAS-PINNS1/thermal_pinn/quenching_mswp/results/adaptive_k/flower/seed9_adaptive
2026-05-28 03:43:41 [stage_adaptive_k][all][adaptive_k][k=-][s=-] INFO RESULT geo=flower   seed=9 | MAE=1.735°C | L2=0.0148 | FEM_solves=9/60 | FEM_saving=85%

========================================================================
  FEM vs AdaptiveK — SQUARE
========================================================================
  t(s)    FEM mean(°C)  AdaptiveK mean(°C)    MAE(°C)    FEM max  AdaptiveK max
------------------------------------------------------------------------
     5           38.61               40.61      2.000      39.69         41.81
    10           20.67               21.03      0.361      20.71         21.09
    15           20.02               20.05      0.024      20.03         20.06
    20           20.00               20.00      0.004      20.00         20.00
    25           20.00               20.01      0.012      20.00         20.01
    30           20.00               20.00      0.000      20.00         20.00

Figure saved → /home/coder/NAS-PINNS1/thermal_pinn/quenching_mswp/figures/adaptive_k/adaptive_k_square_adaptive.png

========================================================================
  FEM vs AdaptiveK — SQUARE
========================================================================
  t(s)    FEM mean(°C)  AdaptiveK mean(°C)    MAE(°C)    FEM max  AdaptiveK max
------------------------------------------------------------------------
     5           38.61               40.63      2.015      39.69         41.80
    10           20.67               21.02      0.351      20.71         21.08
    15           20.02               20.02      0.007      20.03         20.02
    20           20.00               19.99      0.007      20.00         20.00
    25           20.00               19.98      0.023      20.00         20.00
    30           20.00               20.00      0.000      20.00         20.00

Figure saved → /home/coder/NAS-PINNS1/thermal_pinn/quenching_mswp/figures/adaptive_k/adaptive_k_square_adaptive.png

========================================================================
  FEM vs AdaptiveK — SQUARE
========================================================================
  t(s)    FEM mean(°C)  AdaptiveK mean(°C)    MAE(°C)    FEM max  AdaptiveK max
------------------------------------------------------------------------
     5           38.61               40.63      2.012      39.69         41.82
    10           20.67               21.02      0.355      20.71         21.08
    15           20.02               20.04      0.015      20.03         20.08
    20           20.00               20.00      0.000      20.00         20.00
    25           20.00               20.00      0.001      20.00         20.01
    30           20.00               20.00      0.000      20.00         20.00

Figure saved → /home/coder/NAS-PINNS1/thermal_pinn/quenching_mswp/figures/adaptive_k/adaptive_k_square_adaptive.png

========================================================================
  FEM vs AdaptiveK — SQUARE
========================================================================
  t(s)    FEM mean(°C)  AdaptiveK mean(°C)    MAE(°C)    FEM max  AdaptiveK max
------------------------------------------------------------------------
     5           38.61               40.49      1.879      39.69         41.67
    10           20.67               21.03      0.360      20.71         21.09
    15           20.02               19.95      0.070      20.03         19.96
    20           20.00               19.99      0.013      20.00         19.99
    25           20.00               19.96      0.040      20.00         19.97
    30           20.00               20.00      0.000      20.00         20.00

Figure saved → /home/coder/NAS-PINNS1/thermal_pinn/quenching_mswp/figures/adaptive_k/adaptive_k_square_adaptive.png

========================================================================
  FEM vs AdaptiveK — SQUARE
========================================================================
  t(s)    FEM mean(°C)  AdaptiveK mean(°C)    MAE(°C)    FEM max  AdaptiveK max
------------------------------------------------------------------------
     5           38.61               40.63      2.013      39.69         41.84
    10           20.67               20.95      0.282      20.71         21.01
    15           20.02               20.03      0.009      20.03         20.04
    20           20.00               20.00      0.004      20.00         20.00
    25           20.00               19.99      0.014      20.00         19.99
    30           20.00               20.00      0.000      20.00         20.00

Figure saved → /home/coder/NAS-PINNS1/thermal_pinn/quenching_mswp/figures/adaptive_k/adaptive_k_square_adaptive.png

========================================================================
  FEM vs AdaptiveK — SQUARE
========================================================================
  t(s)    FEM mean(°C)  AdaptiveK mean(°C)    MAE(°C)    FEM max  AdaptiveK max
------------------------------------------------------------------------
     5           38.61               40.55      1.935      39.69         41.74
    10           20.67               20.95      0.276      20.71         21.06
    15           20.02               20.05      0.030      20.03         20.06
    20           20.00               20.00      0.001      20.00         20.00
    25           20.00               20.00      0.004      20.00         20.00
    30           20.00               20.00      0.000      20.00         20.00

Figure saved → /home/coder/NAS-PINNS1/thermal_pinn/quenching_mswp/figures/adaptive_k/adaptive_k_square_adaptive.png

========================================================================
  FEM vs AdaptiveK — SQUARE
========================================================================
  t(s)    FEM mean(°C)  AdaptiveK mean(°C)    MAE(°C)    FEM max  AdaptiveK max
------------------------------------------------------------------------
     5           38.61               40.59      1.977      39.69         41.79
    10           20.67               21.03      0.361      20.71         21.09
    15           20.02               20.06      0.032      20.03         20.10
    20           20.00               19.97      0.029      20.00         19.97
    25           20.00               19.91      0.091      20.00         19.92
    30           20.00               20.00      0.000      20.00         20.00

Figure saved → /home/coder/NAS-PINNS1/thermal_pinn/quenching_mswp/figures/adaptive_k/adaptive_k_square_adaptive.png

========================================================================
  FEM vs AdaptiveK — SQUARE
========================================================================
  t(s)    FEM mean(°C)  AdaptiveK mean(°C)    MAE(°C)    FEM max  AdaptiveK max
------------------------------------------------------------------------
     5           38.61               40.51      1.895      39.69         41.68
    10           20.67               20.98      0.310      20.71         21.04
    15           20.02               20.04      0.011      20.03         20.04
    20           20.00               20.01      0.008      20.00         20.01
    25           20.00               20.03      0.026      20.00         20.03
    30           20.00               20.00      0.000      20.00         20.00

Figure saved → /home/coder/NAS-PINNS1/thermal_pinn/quenching_mswp/figures/adaptive_k/adaptive_k_square_adaptive.png

========================================================================
  FEM vs AdaptiveK — SQUARE
========================================================================
  t(s)    FEM mean(°C)  AdaptiveK mean(°C)    MAE(°C)    FEM max  AdaptiveK max
------------------------------------------------------------------------
     5           38.61               40.53      1.913      39.69         41.73
    10           20.67               21.05      0.378      20.71         21.11
    15           20.02               20.04      0.013      20.03         20.05
    20           20.00               20.00      0.006      20.00         20.00
    25           20.00               19.98      0.018      20.00         19.98
    30           20.00               20.00      0.000      20.00         20.00

Figure saved → /home/coder/NAS-PINNS1/thermal_pinn/quenching_mswp/figures/adaptive_k/adaptive_k_square_adaptive.png

========================================================================
  FEM vs AdaptiveK — CIRCLE
========================================================================
  t(s)    FEM mean(°C)  AdaptiveK mean(°C)    MAE(°C)    FEM max  AdaptiveK max
------------------------------------------------------------------------
     5           37.80               39.71      1.904      38.47         40.48
    10           20.61               20.93      0.322      20.63         20.97
    15           20.02               20.02      0.003      20.02         20.03
    20           20.00               20.00      0.002      20.00         20.00
    25           20.00               20.01      0.006      20.00         20.04
    30           20.00               20.00      0.000      20.00         20.00

Figure saved → /home/coder/NAS-PINNS1/thermal_pinn/quenching_mswp/figures/adaptive_k/adaptive_k_circle_adaptive.png

========================================================================
  FEM vs AdaptiveK — CIRCLE
========================================================================
  t(s)    FEM mean(°C)  AdaptiveK mean(°C)    MAE(°C)    FEM max  AdaptiveK max
------------------------------------------------------------------------
     5           37.80               39.75      1.952      38.47         40.50
    10           20.61               21.09      0.478      20.63         21.16
    15           20.02               20.02      0.001      20.02         20.03
    20           20.00               20.00      0.002      20.00         20.00
    25           20.00               20.00      0.005      20.00         20.03
    30           20.00               20.00      0.000      20.00         20.00

Figure saved → /home/coder/NAS-PINNS1/thermal_pinn/quenching_mswp/figures/adaptive_k/adaptive_k_circle_adaptive.png

========================================================================
  FEM vs AdaptiveK — CIRCLE
========================================================================
  t(s)    FEM mean(°C)  AdaptiveK mean(°C)    MAE(°C)    FEM max  AdaptiveK max
------------------------------------------------------------------------
     5           37.80               39.78      1.976      38.47         40.50
    10           20.61               20.97      0.364      20.63         21.01
    15           20.02               20.06      0.042      20.02         20.07
    20           20.00               20.00      0.001      20.00         20.00
    25           20.00               20.00      0.004      20.00         20.02
    30           20.00               20.00      0.000      20.00         20.00

Figure saved → /home/coder/NAS-PINNS1/thermal_pinn/quenching_mswp/figures/adaptive_k/adaptive_k_circle_adaptive.png

========================================================================
  FEM vs AdaptiveK — CIRCLE
========================================================================
  t(s)    FEM mean(°C)  AdaptiveK mean(°C)    MAE(°C)    FEM max  AdaptiveK max
------------------------------------------------------------------------
     5           37.80               39.67      1.871      38.47         40.40
    10           20.61               20.99      0.379      20.63         21.02
    15           20.02               20.04      0.024      20.02         20.05
    20           20.00               19.99      0.013      20.00         19.99
    25           20.00               19.96      0.043      20.00         19.99
    30           20.00               20.00      0.000      20.00         20.00

Figure saved → /home/coder/NAS-PINNS1/thermal_pinn/quenching_mswp/figures/adaptive_k/adaptive_k_circle_adaptive.png

========================================================================
  FEM vs AdaptiveK — CIRCLE
========================================================================
  t(s)    FEM mean(°C)  AdaptiveK mean(°C)    MAE(°C)    FEM max  AdaptiveK max
------------------------------------------------------------------------
     5           37.80               39.79      1.985      38.47         40.54
    10           20.61               20.95      0.340      20.63         20.98
    15           20.02               19.98      0.041      20.02         20.00
    20           20.00               19.99      0.009      20.00         19.99
    25           20.00               19.97      0.028      20.00         19.98
    30           20.00               20.00      0.000      20.00         20.00

Figure saved → /home/coder/NAS-PINNS1/thermal_pinn/quenching_mswp/figures/adaptive_k/adaptive_k_circle_adaptive.png

========================================================================
  FEM vs AdaptiveK — CIRCLE
========================================================================
  t(s)    FEM mean(°C)  AdaptiveK mean(°C)    MAE(°C)    FEM max  AdaptiveK max
------------------------------------------------------------------------
     5           37.80               39.70      1.901      38.47         40.47
    10           20.61               20.94      0.334      20.63         20.98
    15           20.02               20.08      0.055      20.02         20.08
    20           20.00               19.97      0.027      20.00         19.97
    25           20.00               19.91      0.087      20.00         19.92
    30           20.00               20.00      0.000      20.00         20.00

Figure saved → /home/coder/NAS-PINNS1/thermal_pinn/quenching_mswp/figures/adaptive_k/adaptive_k_circle_adaptive.png

========================================================================
  FEM vs AdaptiveK — CIRCLE
========================================================================
  t(s)    FEM mean(°C)  AdaptiveK mean(°C)    MAE(°C)    FEM max  AdaptiveK max
------------------------------------------------------------------------
     5           37.80               39.78      1.977      38.47         40.52
    10           20.61               20.95      0.337      20.63         20.98
    15           20.02               20.06      0.041      20.02         20.06
    20           20.00               19.98      0.023      20.00         19.98
    25           20.00               19.93      0.071      20.00         19.94
    30           20.00               20.00      0.000      20.00         20.00

Figure saved → /home/coder/NAS-PINNS1/thermal_pinn/quenching_mswp/figures/adaptive_k/adaptive_k_circle_adaptive.png

========================================================================
  FEM vs AdaptiveK — CIRCLE
========================================================================
  t(s)    FEM mean(°C)  AdaptiveK mean(°C)    MAE(°C)    FEM max  AdaptiveK max
------------------------------------------------------------------------
     5           37.80               39.72      1.920      38.47         40.47
    10           20.61               20.92      0.308      20.63         20.95
    15           20.02               20.04      0.016      20.02         20.04
    20           20.00               20.00      0.000      20.00         20.00
    25           20.00               20.00      0.001      20.00         20.02
    30           20.00               20.00      0.000      20.00         20.00

Figure saved → /home/coder/NAS-PINNS1/thermal_pinn/quenching_mswp/figures/adaptive_k/adaptive_k_circle_adaptive.png

========================================================================
  FEM vs AdaptiveK — CIRCLE
========================================================================
  t(s)    FEM mean(°C)  AdaptiveK mean(°C)    MAE(°C)    FEM max  AdaptiveK max
------------------------------------------------------------------------
     5           37.80               39.81      2.012      38.47         40.59
    10           20.61               20.93      0.326      20.63         20.97
    15           20.02               20.04      0.021      20.02         20.05
    20           20.00               20.00      0.002      20.00         20.00
    25           20.00               20.01      0.007      20.00         20.02
    30           20.00               20.00      0.000      20.00         20.00

Figure saved → /home/coder/NAS-PINNS1/thermal_pinn/quenching_mswp/figures/adaptive_k/adaptive_k_circle_adaptive.png

========================================================================
  FEM vs AdaptiveK — LSHAPE
========================================================================
  t(s)    FEM mean(°C)  AdaptiveK mean(°C)    MAE(°C)    FEM max  AdaptiveK max
------------------------------------------------------------------------
     5           73.01               75.18      2.184      78.96         81.58
    10           25.46               26.46      1.000      26.08         27.19
    15           20.56               20.92      0.356      20.63         21.02
    20           20.06               20.11      0.056      20.06         20.13
    25           20.01               20.02      0.016      20.01         20.03
    30           20.00               20.00      0.000      20.00         20.00

Figure saved → /home/coder/NAS-PINNS1/thermal_pinn/quenching_mswp/figures/adaptive_k/adaptive_k_lshape_adaptive.png

========================================================================
  FEM vs AdaptiveK — LSHAPE
========================================================================
  t(s)    FEM mean(°C)  AdaptiveK mean(°C)    MAE(°C)    FEM max  AdaptiveK max
------------------------------------------------------------------------
     5           73.01               75.56      2.564      78.96         82.33
    10           25.46               26.59      1.129      26.08         27.34
    15           20.56               20.92      0.352      20.63         21.02
    20           20.06               20.12      0.059      20.06         20.15
    25           20.01               20.01      0.001      20.01         20.01
    30           20.00               20.00      0.000      20.00         20.00

Figure saved → /home/coder/NAS-PINNS1/thermal_pinn/quenching_mswp/figures/adaptive_k/adaptive_k_lshape_adaptive.png

========================================================================
  FEM vs AdaptiveK — LSHAPE
========================================================================
  t(s)    FEM mean(°C)  AdaptiveK mean(°C)    MAE(°C)    FEM max  AdaptiveK max
------------------------------------------------------------------------
     5           73.01               75.48      2.510      78.96         82.52
    10           25.46               26.54      1.078      26.08         27.30
    15           20.56               20.90      0.339      20.63         21.01
    20           20.06               20.13      0.073      20.06         20.16
    25           20.01               20.04      0.036      20.01         20.05
    30           20.00               20.00      0.000      20.00         20.00

Figure saved → /home/coder/NAS-PINNS1/thermal_pinn/quenching_mswp/figures/adaptive_k/adaptive_k_lshape_adaptive.png

========================================================================
  FEM vs AdaptiveK — LSHAPE
========================================================================
  t(s)    FEM mean(°C)  AdaptiveK mean(°C)    MAE(°C)    FEM max  AdaptiveK max
------------------------------------------------------------------------
     5           73.01               74.30      1.464      78.96         80.75
    10           25.46               26.48      1.015      26.08         27.26
    15           20.56               20.92      0.352      20.63         21.02
    20           20.06               20.12      0.061      20.06         20.14
    25           20.01               19.98      0.030      20.01         19.98
    30           20.00               20.00      0.000      20.00         20.00

Figure saved → /home/coder/NAS-PINNS1/thermal_pinn/quenching_mswp/figures/adaptive_k/adaptive_k_lshape_adaptive.png

========================================================================
  FEM vs AdaptiveK — LSHAPE
========================================================================
  t(s)    FEM mean(°C)  AdaptiveK mean(°C)    MAE(°C)    FEM max  AdaptiveK max
------------------------------------------------------------------------
     5           73.01               75.29      2.305      78.96         81.71
    10           25.46               26.49      1.024      26.08         27.25
    15           20.56               20.93      0.366      20.63         21.03
    20           20.06               20.12      0.061      20.06         20.13
    25           20.01               20.01      0.007      20.01         20.02
    30           20.00               20.00      0.000      20.00         20.00

Figure saved → /home/coder/NAS-PINNS1/thermal_pinn/quenching_mswp/figures/adaptive_k/adaptive_k_lshape_adaptive.png

========================================================================
  FEM vs AdaptiveK — LSHAPE
========================================================================
  t(s)    FEM mean(°C)  AdaptiveK mean(°C)    MAE(°C)    FEM max  AdaptiveK max
------------------------------------------------------------------------
     5           73.01               75.41      2.442      78.96         82.27
    10           25.46               26.50      1.038      26.08         27.25
    15           20.56               20.92      0.354      20.63         21.03
    20           20.06               20.13      0.071      20.06         20.15
    25           20.01               20.02      0.012      20.01         20.09
    30           20.00               20.00      0.000      20.00         20.00

Figure saved → /home/coder/NAS-PINNS1/thermal_pinn/quenching_mswp/figures/adaptive_k/adaptive_k_lshape_adaptive.png

========================================================================
  FEM vs AdaptiveK — LSHAPE
========================================================================
  t(s)    FEM mean(°C)  AdaptiveK mean(°C)    MAE(°C)    FEM max  AdaptiveK max
------------------------------------------------------------------------
     5           73.01               75.62      2.612      78.96         82.13
    10           25.46               26.46      0.997      26.08         27.19
    15           20.56               20.93      0.364      20.63         21.04
    20           20.06               20.12      0.065      20.06         20.15
    25           20.01               20.01      0.007      20.01         20.02
    30           20.00               20.00      0.000      20.00         20.00

Figure saved → /home/coder/NAS-PINNS1/thermal_pinn/quenching_mswp/figures/adaptive_k/adaptive_k_lshape_adaptive.png

========================================================================
  FEM vs AdaptiveK — LSHAPE
========================================================================
  t(s)    FEM mean(°C)  AdaptiveK mean(°C)    MAE(°C)    FEM max  AdaptiveK max
------------------------------------------------------------------------
     5           73.01               75.34      2.393      78.96         82.18
    10           25.46               26.46      0.999      26.08         27.17
    15           20.56               20.92      0.359      20.63         21.03
    20           20.06               20.12      0.062      20.06         20.14
    25           20.01               20.01      0.005      20.01         20.01
    30           20.00               20.00      0.000      20.00         20.00

Figure saved → /home/coder/NAS-PINNS1/thermal_pinn/quenching_mswp/figures/adaptive_k/adaptive_k_lshape_adaptive.png

========================================================================
  FEM vs AdaptiveK — LSHAPE
========================================================================
  t(s)    FEM mean(°C)  AdaptiveK mean(°C)    MAE(°C)    FEM max  AdaptiveK max
------------------------------------------------------------------------
     5           73.01               75.69      2.722      78.96         82.71
    10           25.46               26.45      0.983      26.08         27.16
    15           20.56               20.56      0.000      20.63         20.63
    20           20.06               20.13      0.071      20.06         20.19
    25           20.01               20.01      0.005      20.01         20.03
    30           20.00               20.00      0.000      20.00         20.00

Figure saved → /home/coder/NAS-PINNS1/thermal_pinn/quenching_mswp/figures/adaptive_k/adaptive_k_lshape_adaptive.png

========================================================================
  FEM vs AdaptiveK — FLOWER
========================================================================
  t(s)    FEM mean(°C)  AdaptiveK mean(°C)    MAE(°C)    FEM max  AdaptiveK max
------------------------------------------------------------------------
     5           24.01               24.95      0.932      24.37         25.45
    10           20.03               20.06      0.033      20.03         20.07
    15           20.00               20.00      0.001      20.00         20.00
    20           20.00               20.00      0.001      20.00         20.00
    25           20.00               20.00      0.004      20.00         20.03
    30           20.00               20.00      0.000      20.00         20.00

Figure saved → /home/coder/NAS-PINNS1/thermal_pinn/quenching_mswp/figures/adaptive_k/adaptive_k_flower_adaptive.png

========================================================================
  FEM vs AdaptiveK — FLOWER
========================================================================
  t(s)    FEM mean(°C)  AdaptiveK mean(°C)    MAE(°C)    FEM max  AdaptiveK max
------------------------------------------------------------------------
     5           24.01               24.84      0.827      24.37         25.29
    10           20.03               20.07      0.037      20.03         20.08
    15           20.00               20.00      0.003      20.00         20.01
    20           20.00               20.00      0.000      20.00         20.00
    25           20.00               20.00      0.000      20.00         20.00
    30           20.00               20.00      0.000      20.00         20.00

Figure saved → /home/coder/NAS-PINNS1/thermal_pinn/quenching_mswp/figures/adaptive_k/adaptive_k_flower_adaptive.png

========================================================================
  FEM vs AdaptiveK — FLOWER
========================================================================
  t(s)    FEM mean(°C)  AdaptiveK mean(°C)    MAE(°C)    FEM max  AdaptiveK max
------------------------------------------------------------------------
     5           24.01               24.86      0.841      24.37         25.30
    10           20.03               20.06      0.032      20.03         20.07
    15           20.00               20.00      0.001      20.00         20.02
    20           20.00               20.00      0.002      20.00         20.00
    25           20.00               19.99      0.006      20.00         20.00
    30           20.00               20.00      0.000      20.00         20.00

Figure saved → /home/coder/NAS-PINNS1/thermal_pinn/quenching_mswp/figures/adaptive_k/adaptive_k_flower_adaptive.png

========================================================================
  FEM vs AdaptiveK — FLOWER
========================================================================
  t(s)    FEM mean(°C)  AdaptiveK mean(°C)    MAE(°C)    FEM max  AdaptiveK max
------------------------------------------------------------------------
     5           24.01               24.85      0.839      24.37         25.29
    10           20.03               20.07      0.034      20.03         20.07
    15           20.00               19.99      0.011      20.00         20.00
    20           20.00               20.00      0.000      20.00         20.00
    25           20.00               20.00      0.000      20.00         20.00
    30           20.00               20.00      0.000      20.00         20.00

Figure saved → /home/coder/NAS-PINNS1/thermal_pinn/quenching_mswp/figures/adaptive_k/adaptive_k_flower_adaptive.png

========================================================================
  FEM vs AdaptiveK — FLOWER
========================================================================
  t(s)    FEM mean(°C)  AdaptiveK mean(°C)    MAE(°C)    FEM max  AdaptiveK max
------------------------------------------------------------------------
     5           24.01               24.85      0.835      24.37         25.29
    10           20.03               20.07      0.035      20.03         20.07
    15           20.00               19.98      0.022      20.00         19.99
    20           20.00               20.00      0.001      20.00         20.00
    25           20.00               20.00      0.003      20.00         20.00
    30           20.00               20.00      0.000      20.00         20.00

Figure saved → /home/coder/NAS-PINNS1/thermal_pinn/quenching_mswp/figures/adaptive_k/adaptive_k_flower_adaptive.png

========================================================================
  FEM vs AdaptiveK — FLOWER
========================================================================
  t(s)    FEM mean(°C)  AdaptiveK mean(°C)    MAE(°C)    FEM max  AdaptiveK max
------------------------------------------------------------------------
     5           24.01               24.87      0.860      24.37         25.32
    10           20.03               20.04      0.008      20.03         20.05
    15           20.00               20.00      0.002      20.00         20.00
    20           20.00               19.99      0.006      20.00         20.00
    25           20.00               19.98      0.018      20.00         19.99
    30           20.00               20.00      0.000      20.00         20.00

Figure saved → /home/coder/NAS-PINNS1/thermal_pinn/quenching_mswp/figures/adaptive_k/adaptive_k_flower_adaptive.png

========================================================================
  FEM vs AdaptiveK — FLOWER
========================================================================
  t(s)    FEM mean(°C)  AdaptiveK mean(°C)    MAE(°C)    FEM max  AdaptiveK max
------------------------------------------------------------------------
     5           24.01               24.86      0.849      24.37         25.30
    10           20.03               20.06      0.030      20.03         20.07
    15           20.00               20.00      0.001      20.00         20.00
    20           20.00               19.99      0.007      20.00         20.00
    25           20.00               19.98      0.022      20.00         19.98
    30           20.00               20.00      0.000      20.00         20.00

Figure saved → /home/coder/NAS-PINNS1/thermal_pinn/quenching_mswp/figures/adaptive_k/adaptive_k_flower_adaptive.png

========================================================================
  FEM vs AdaptiveK — FLOWER
========================================================================
  t(s)    FEM mean(°C)  AdaptiveK mean(°C)    MAE(°C)    FEM max  AdaptiveK max
------------------------------------------------------------------------
     5           24.01               24.88      0.867      24.37         25.31
    10           20.03               20.07      0.040      20.03         20.08
    15           20.00               20.03      0.032      20.00         20.06
    20           20.00               20.00      0.002      20.00         20.00
    25           20.00               20.01      0.005      20.00         20.01
    30           20.00               20.00      0.000      20.00         20.00

Figure saved → /home/coder/NAS-PINNS1/thermal_pinn/quenching_mswp/figures/adaptive_k/adaptive_k_flower_adaptive.png

========================================================================
  FEM vs AdaptiveK — FLOWER
========================================================================
  t(s)    FEM mean(°C)  AdaptiveK mean(°C)    MAE(°C)    FEM max  AdaptiveK max
------------------------------------------------------------------------
     5           24.01               24.88      0.868      24.37         25.33
    10           20.03               20.06      0.033      20.03         20.12
    15           20.00               20.00      0.001      20.00         20.00
    20           20.00               20.00      0.000      20.00         20.00
    25           20.00               20.00      0.001      20.00         20.00
    30           20.00               20.00      0.000      20.00         20.00

Figure saved → /home/coder/NAS-PINNS1/thermal_pinn/quenching_mswp/figures/adaptive_k/adaptive_k_flower_adaptive.png
