nohup: ignoring input
2026-05-28 09:11:38 [stage_adaptive_k][all][adaptive_k][k=-][s=-] INFO AdaptiveK | geo=square seed=1 arch=[153, 153, 153] thr_up=2.0 thr_dn=5.0
2026-05-28 09:11:38 [adaptive_k][square][adaptive_k][k=adaptive][s=1] INFO AdaptiveK | arch=[153, 153, 153] | k=[1..5] | thr_up=2.0°C thr_dn=5.0°C | fourier=False
2026-05-28 09:11:38 [pinn_trainer][square][ak_k1][k=-][s=-] INFO Training start: t=[0.0,1.5]s  epochs_adam=1000  epochs_lbfgs=300  params=47890
2026-05-28 09:11:42 [pinn_trainer][square][ak_k1][k=-][s=-] INFO Adam     1/1000  loss=1.6250e+02  pde=1.6003e+02  bc=4.9438e-01  ic=0.0000e+00  fc=0.0000e+00
2026-05-28 09:12:02 [pinn_trainer][square][ak_k1][k=-][s=-] INFO Adam   500/1000  loss=3.1948e+00  pde=2.4860e+00  bc=1.4176e-01  ic=0.0000e+00  fc=0.0000e+00
2026-05-28 09:12:23 [pinn_trainer][square][ak_k1][k=-][s=-] INFO Adam  1000/1000  loss=1.7224e+00  pde=1.0191e+00  bc=1.4065e-01  ic=0.0000e+00  fc=0.0000e+00
2026-05-28 09:12:33 [pinn_trainer][square][ak_k1][k=-][s=-] INFO L-BFGS  300/300  loss=1.7461e+00
2026-05-28 09:12:33 [pinn_trainer][square][ak_k1][k=-][s=-] INFO Training done in 55.0 s
2026-05-28 09:12:33 [adaptive_k][square][adaptive_k][k=adaptive][s=1] INFO   Win  1  k=1  [0.0→1.5 s]  interior_MAE=32.765°C  → k_next=1
2026-05-28 09:12:33 [pinn_trainer][square][ak_k1][k=-][s=-] INFO Training start: t=[1.5,3.0]s  epochs_adam=1000  epochs_lbfgs=300  params=47890
2026-05-28 09:12:35 [pinn_trainer][square][ak_k1][k=-][s=-] INFO Adam     1/1000  loss=2.0184e+02  pde=1.9870e+02  bc=6.2656e-01  ic=0.0000e+00  fc=0.0000e+00
2026-05-28 09:12:56 [pinn_trainer][square][ak_k1][k=-][s=-] INFO Adam   500/1000  loss=4.0438e-01  pde=3.2117e-01  bc=1.6644e-02  ic=0.0000e+00  fc=0.0000e+00
2026-05-28 09:13:16 [pinn_trainer][square][ak_k1][k=-][s=-] INFO Adam  1000/1000  loss=2.2772e-01  pde=1.5235e-01  bc=1.5075e-02  ic=0.0000e+00  fc=0.0000e+00
2026-05-28 09:13:26 [pinn_trainer][square][ak_k1][k=-][s=-] INFO L-BFGS  300/300  loss=2.3269e-01
2026-05-28 09:13:26 [pinn_trainer][square][ak_k1][k=-][s=-] INFO Training done in 53.5 s
2026-05-28 09:13:26 [adaptive_k][square][adaptive_k][k=adaptive][s=1] INFO   Win  2  k=1  [1.5→3.0 s]  interior_MAE=12.581°C  → k_next=1
2026-05-28 09:13:26 [pinn_trainer][square][ak_k1][k=-][s=-] INFO Training start: t=[3.0,4.5]s  epochs_adam=1000  epochs_lbfgs=300  params=47890
2026-05-28 09:13:29 [pinn_trainer][square][ak_k1][k=-][s=-] INFO Adam     1/1000  loss=1.7313e+02  pde=1.6822e+02  bc=9.8211e-01  ic=0.0000e+00  fc=0.0000e+00
2026-05-28 09:13:49 [pinn_trainer][square][ak_k1][k=-][s=-] INFO Adam   500/1000  loss=9.6244e-02  pde=8.4797e-02  bc=2.2894e-03  ic=0.0000e+00  fc=0.0000e+00
2026-05-28 09:14:10 [pinn_trainer][square][ak_k1][k=-][s=-] INFO Adam  1000/1000  loss=2.7583e-02  pde=1.8223e-02  bc=1.8720e-03  ic=0.0000e+00  fc=0.0000e+00
2026-05-28 09:14:20 [pinn_trainer][square][ak_k1][k=-][s=-] INFO L-BFGS  300/300  loss=2.8146e-02
2026-05-28 09:14:20 [pinn_trainer][square][ak_k1][k=-][s=-] INFO Training done in 53.7 s
2026-05-28 09:14:20 [adaptive_k][square][adaptive_k][k=adaptive][s=1] INFO   Win  3  k=1  [3.0→4.5 s]  interior_MAE=4.249°C  → k_next=1
2026-05-28 09:14:20 [pinn_trainer][square][ak_k1][k=-][s=-] INFO Training start: t=[4.5,6.0]s  epochs_adam=1000  epochs_lbfgs=300  params=47890
2026-05-28 09:14:22 [pinn_trainer][square][ak_k1][k=-][s=-] INFO Adam     1/1000  loss=7.1457e+01  pde=6.6760e+01  bc=9.3928e-01  ic=0.0000e+00  fc=0.0000e+00
2026-05-28 09:14:43 [pinn_trainer][square][ak_k1][k=-][s=-] INFO Adam   500/1000  loss=4.9248e-02  pde=4.5513e-02  bc=7.4713e-04  ic=0.0000e+00  fc=0.0000e+00
2026-05-28 09:15:04 [pinn_trainer][square][ak_k1][k=-][s=-] INFO Adam  1000/1000  loss=6.1720e-03  pde=4.8036e-03  bc=2.7369e-04  ic=0.0000e+00  fc=0.0000e+00
2026-05-28 09:15:14 [pinn_trainer][square][ak_k1][k=-][s=-] INFO L-BFGS  300/300  loss=6.1608e-03
2026-05-28 09:15:14 [pinn_trainer][square][ak_k1][k=-][s=-] INFO Training done in 54.1 s
2026-05-28 09:15:14 [adaptive_k][square][adaptive_k][k=adaptive][s=1] INFO   Win  4  k=1  [4.5→6.0 s]  interior_MAE=1.378°C  → k_next=2
2026-05-28 09:15:14 [pinn_trainer][square][ak_k2][k=-][s=-] INFO Training start: t=[6.0,9.0]s  epochs_adam=1000  epochs_lbfgs=300  params=47890
2026-05-28 09:15:16 [pinn_trainer][square][ak_k2][k=-][s=-] INFO Adam     1/1000  loss=1.9861e+01  pde=1.7010e+01  bc=5.7020e-01  ic=0.0000e+00  fc=0.0000e+00
2026-05-28 09:15:37 [pinn_trainer][square][ak_k2][k=-][s=-] INFO Adam   500/1000  loss=7.2462e-03  pde=6.5977e-03  bc=1.2969e-04  ic=0.0000e+00  fc=0.0000e+00
2026-05-28 09:15:58 [pinn_trainer][square][ak_k2][k=-][s=-] INFO Adam  1000/1000  loss=3.3154e-04  pde=1.1367e-04  bc=4.3574e-05  ic=0.0000e+00  fc=0.0000e+00
2026-05-28 09:16:09 [pinn_trainer][square][ak_k2][k=-][s=-] INFO L-BFGS  300/300  loss=3.6454e-04
2026-05-28 09:16:09 [pinn_trainer][square][ak_k2][k=-][s=-] INFO Training done in 54.5 s
2026-05-28 09:16:09 [adaptive_k][square][adaptive_k][k=adaptive][s=1] INFO   Win  5  k=2  [6.0→9.0 s]  interior_MAE=0.751°C  → k_next=3
2026-05-28 09:16:09 [pinn_trainer][square][ak_k3][k=-][s=-] INFO Training start: t=[9.0,13.5]s  epochs_adam=1000  epochs_lbfgs=300  params=47890
2026-05-28 09:16:11 [pinn_trainer][square][ak_k3][k=-][s=-] INFO Adam     1/1000  loss=1.3321e+01  pde=1.0748e+01  bc=5.1461e-01  ic=0.0000e+00  fc=0.0000e+00
2026-05-28 09:16:32 [pinn_trainer][square][ak_k3][k=-][s=-] INFO Adam   500/1000  loss=1.8973e-03  pde=1.3437e-03  bc=1.1072e-04  ic=0.0000e+00  fc=0.0000e+00
2026-05-28 09:16:52 [pinn_trainer][square][ak_k3][k=-][s=-] INFO Adam  1000/1000  loss=1.2102e-05  pde=7.1715e-06  bc=9.8609e-07  ic=0.0000e+00  fc=0.0000e+00
2026-05-28 09:16:56 [pinn_trainer][square][ak_k3][k=-][s=-] INFO L-BFGS  300/300  loss=1.2553e-05
2026-05-28 09:16:56 [pinn_trainer][square][ak_k3][k=-][s=-] INFO Training done in 47.3 s
2026-05-28 09:16:56 [adaptive_k][square][adaptive_k][k=adaptive][s=1] INFO   Win  6  k=3  [9.0→13.5 s]  interior_MAE=0.251°C  → k_next=4
2026-05-28 09:16:56 [pinn_trainer][square][ak_k4][k=-][s=-] INFO Training start: t=[13.5,19.5]s  epochs_adam=1000  epochs_lbfgs=300  params=47890
2026-05-28 09:16:58 [pinn_trainer][square][ak_k4][k=-][s=-] INFO Adam     1/1000  loss=1.7433e-01  pde=1.2836e-01  bc=9.1936e-03  ic=0.0000e+00  fc=0.0000e+00
2026-05-28 09:17:19 [pinn_trainer][square][ak_k4][k=-][s=-] INFO Adam   500/1000  loss=4.8879e-06  pde=3.9390e-06  bc=1.8978e-07  ic=0.0000e+00  fc=0.0000e+00
2026-05-28 09:17:40 [pinn_trainer][square][ak_k4][k=-][s=-] INFO Adam  1000/1000  loss=1.0780e-06  pde=8.9346e-07  bc=3.6904e-08  ic=0.0000e+00  fc=0.0000e+00
2026-05-28 09:17:42 [pinn_trainer][square][ak_k4][k=-][s=-] INFO L-BFGS  300/300  loss=1.0499e-06
2026-05-28 09:17:42 [pinn_trainer][square][ak_k4][k=-][s=-] INFO Training done in 46.1 s
2026-05-28 09:17:42 [adaptive_k][square][adaptive_k][k=adaptive][s=1] INFO   Win  7  k=4  [13.5→19.5 s]  interior_MAE=0.012°C  → k_next=5
2026-05-28 09:17:42 [pinn_trainer][square][ak_k5][k=-][s=-] INFO Training start: t=[19.5,27.0]s  epochs_adam=1000  epochs_lbfgs=300  params=47890
2026-05-28 09:17:44 [pinn_trainer][square][ak_k5][k=-][s=-] INFO Adam     1/1000  loss=3.0861e+01  pde=1.9704e+01  bc=2.2313e+00  ic=0.0000e+00  fc=0.0000e+00
2026-05-28 09:18:05 [pinn_trainer][square][ak_k5][k=-][s=-] INFO Adam   500/1000  loss=3.7605e-06  pde=2.5879e-06  bc=2.3451e-07  ic=0.0000e+00  fc=0.0000e+00
2026-05-28 09:18:25 [pinn_trainer][square][ak_k5][k=-][s=-] INFO Adam  1000/1000  loss=2.0435e-06  pde=1.4159e-06  bc=1.2552e-07  ic=0.0000e+00  fc=0.0000e+00
2026-05-28 09:18:28 [pinn_trainer][square][ak_k5][k=-][s=-] INFO L-BFGS  300/300  loss=2.0784e-06
2026-05-28 09:18:28 [pinn_trainer][square][ak_k5][k=-][s=-] INFO Training done in 45.6 s
2026-05-28 09:18:28 [adaptive_k][square][adaptive_k][k=adaptive][s=1] INFO   Win  8  k=5  [19.5→27.0 s]  interior_MAE=0.026°C  → k_next=5
2026-05-28 09:18:28 [pinn_trainer][square][ak_k5][k=-][s=-] INFO Training start: t=[27.0,30.0]s  epochs_adam=1000  epochs_lbfgs=300  params=47890
2026-05-28 09:18:30 [pinn_trainer][square][ak_k5][k=-][s=-] INFO Adam     1/1000  loss=2.5098e+01  pde=2.2549e+01  bc=5.0991e-01  ic=0.0000e+00  fc=0.0000e+00
2026-05-28 09:18:51 [pinn_trainer][square][ak_k5][k=-][s=-] INFO Adam   500/1000  loss=2.6226e-03  pde=2.4477e-03  bc=3.5000e-05  ic=0.0000e+00  fc=0.0000e+00
2026-05-28 09:19:11 [pinn_trainer][square][ak_k5][k=-][s=-] INFO Adam  1000/1000  loss=3.0294e-06  pde=2.6003e-06  bc=8.5825e-08  ic=0.0000e+00  fc=0.0000e+00
2026-05-28 09:19:14 [pinn_trainer][square][ak_k5][k=-][s=-] INFO L-BFGS  300/300  loss=2.8654e-06
2026-05-28 09:19:14 [pinn_trainer][square][ak_k5][k=-][s=-] INFO Training done in 46.0 s
2026-05-28 09:19:14 [adaptive_k][square][adaptive_k][k=adaptive][s=1] INFO   Win  9  k=5  [27.0→30.0 s]  interior_MAE=0.007°C  → k_next=5
2026-05-28 09:19:14 [adaptive_k][square][adaptive_k][k=adaptive][s=1] INFO AdaptiveK done | wins=9 | FEM_solves=9/60 | FEM_saving=85% | MAE=1.804°C | L2=0.0151 | t=456 s
2026-05-28 09:19:14 [adaptive_k][square][adaptive_k][k=adaptive][s=1] INFO k schedule: t=0.0s:k=1 → t=1.5s:k=1 → t=3.0s:k=1 → t=4.5s:k=1 → t=6.0s:k=2 → t=9.0s:k=3 → t=13.5s:k=4 → t=19.5s:k=5 → t=27.0s:k=5
2026-05-28 09:19:14 [adaptive_k][square][adaptive_k][k=adaptive][s=1] INFO Saved → /home/coder/NAS-PINNS1/thermal_pinn/quenching_mswp/results/adaptive_k/square/seed1_adaptive_nsga2_153
2026-05-28 09:19:14 [stage_adaptive_k][all][adaptive_k][k=-][s=-] INFO RESULT geo=square   seed=1 | MAE=1.804°C | L2=0.0151 | FEM_solves=9/60 | FEM_saving=85%
2026-05-28 09:19:14 [stage_adaptive_k][all][adaptive_k][k=-][s=-] INFO AdaptiveK | geo=square seed=2 arch=[153, 153, 153] thr_up=2.0 thr_dn=5.0
2026-05-28 09:19:14 [adaptive_k][square][adaptive_k][k=adaptive][s=2] INFO AdaptiveK | arch=[153, 153, 153] | k=[1..5] | thr_up=2.0°C thr_dn=5.0°C | fourier=False
2026-05-28 09:19:14 [pinn_trainer][square][ak_k1][k=-][s=-] INFO Training start: t=[0.0,1.5]s  epochs_adam=1000  epochs_lbfgs=300  params=47890
2026-05-28 09:19:17 [pinn_trainer][square][ak_k1][k=-][s=-] INFO Adam     1/1000  loss=2.5767e+02  pde=2.5293e+02  bc=9.4865e-01  ic=0.0000e+00  fc=0.0000e+00
2026-05-28 09:19:36 [pinn_trainer][square][ak_k1][k=-][s=-] INFO Adam   500/1000  loss=2.4751e+00  pde=1.7547e+00  bc=1.4408e-01  ic=0.0000e+00  fc=0.0000e+00
2026-05-28 09:19:55 [pinn_trainer][square][ak_k1][k=-][s=-] INFO Adam  1000/1000  loss=1.1910e+00  pde=5.2873e-01  bc=1.3245e-01  ic=0.0000e+00  fc=0.0000e+00
2026-05-28 09:20:05 [pinn_trainer][square][ak_k1][k=-][s=-] INFO L-BFGS  300/300  loss=1.2657e+00
2026-05-28 09:20:05 [pinn_trainer][square][ak_k1][k=-][s=-] INFO Training done in 50.4 s
2026-05-28 09:20:05 [adaptive_k][square][adaptive_k][k=adaptive][s=2] INFO   Win  1  k=1  [0.0→1.5 s]  interior_MAE=28.611°C  → k_next=1
2026-05-28 09:20:05 [pinn_trainer][square][ak_k1][k=-][s=-] INFO Training start: t=[1.5,3.0]s  epochs_adam=1000  epochs_lbfgs=300  params=47890
2026-05-28 09:20:07 [pinn_trainer][square][ak_k1][k=-][s=-] INFO Adam     1/1000  loss=6.1937e+01  pde=5.8975e+01  bc=5.9238e-01  ic=0.0000e+00  fc=0.0000e+00
2026-05-28 09:20:26 [pinn_trainer][square][ak_k1][k=-][s=-] INFO Adam   500/1000  loss=3.5755e-01  pde=2.7314e-01  bc=1.6881e-02  ic=0.0000e+00  fc=0.0000e+00
2026-05-28 09:20:45 [pinn_trainer][square][ak_k1][k=-][s=-] INFO Adam  1000/1000  loss=1.4927e-01  pde=8.2513e-02  bc=1.3351e-02  ic=0.0000e+00  fc=0.0000e+00
2026-05-28 09:20:54 [pinn_trainer][square][ak_k1][k=-][s=-] INFO L-BFGS  300/300  loss=1.5702e-01
2026-05-28 09:20:54 [pinn_trainer][square][ak_k1][k=-][s=-] INFO Training done in 49.3 s
2026-05-28 09:20:54 [adaptive_k][square][adaptive_k][k=adaptive][s=2] INFO   Win  2  k=1  [1.5→3.0 s]  interior_MAE=12.856°C  → k_next=1
2026-05-28 09:20:54 [pinn_trainer][square][ak_k1][k=-][s=-] INFO Training start: t=[3.0,4.5]s  epochs_adam=1000  epochs_lbfgs=300  params=47890
2026-05-28 09:20:56 [pinn_trainer][square][ak_k1][k=-][s=-] INFO Adam     1/1000  loss=1.2055e+02  pde=1.1474e+02  bc=1.1629e+00  ic=0.0000e+00  fc=0.0000e+00
2026-05-28 09:21:15 [pinn_trainer][square][ak_k1][k=-][s=-] INFO Adam   500/1000  loss=7.4862e-02  pde=6.2014e-02  bc=2.5696e-03  ic=0.0000e+00  fc=0.0000e+00
2026-05-28 09:21:34 [pinn_trainer][square][ak_k1][k=-][s=-] INFO Adam  1000/1000  loss=4.1035e-02  pde=3.1623e-02  bc=1.8824e-03  ic=0.0000e+00  fc=0.0000e+00
2026-05-28 09:21:43 [pinn_trainer][square][ak_k1][k=-][s=-] INFO L-BFGS  300/300  loss=4.1135e-02
2026-05-28 09:21:43 [pinn_trainer][square][ak_k1][k=-][s=-] INFO Training done in 49.3 s
2026-05-28 09:21:44 [adaptive_k][square][adaptive_k][k=adaptive][s=2] INFO   Win  3  k=1  [3.0→4.5 s]  interior_MAE=3.853°C  → k_next=1
2026-05-28 09:21:44 [pinn_trainer][square][ak_k1][k=-][s=-] INFO Training start: t=[4.5,6.0]s  epochs_adam=1000  epochs_lbfgs=300  params=47890
2026-05-28 09:21:45 [pinn_trainer][square][ak_k1][k=-][s=-] INFO Adam     1/1000  loss=1.5393e+02  pde=1.4466e+02  bc=1.8540e+00  ic=0.0000e+00  fc=0.0000e+00
2026-05-28 09:22:04 [pinn_trainer][square][ak_k1][k=-][s=-] INFO Adam   500/1000  loss=1.0911e-02  pde=9.2655e-03  bc=3.2914e-04  ic=0.0000e+00  fc=0.0000e+00
2026-05-28 09:22:23 [pinn_trainer][square][ak_k1][k=-][s=-] INFO Adam  1000/1000  loss=6.0318e-03  pde=4.6827e-03  bc=2.6982e-04  ic=0.0000e+00  fc=0.0000e+00
2026-05-28 09:22:33 [pinn_trainer][square][ak_k1][k=-][s=-] INFO L-BFGS  300/300  loss=6.0177e-03
2026-05-28 09:22:33 [pinn_trainer][square][ak_k1][k=-][s=-] INFO Training done in 49.6 s
2026-05-28 09:22:33 [adaptive_k][square][adaptive_k][k=adaptive][s=2] INFO   Win  4  k=1  [4.5→6.0 s]  interior_MAE=1.370°C  → k_next=2
2026-05-28 09:22:33 [pinn_trainer][square][ak_k2][k=-][s=-] INFO Training start: t=[6.0,9.0]s  epochs_adam=1000  epochs_lbfgs=300  params=47890
2026-05-28 09:22:35 [pinn_trainer][square][ak_k2][k=-][s=-] INFO Adam     1/1000  loss=1.3446e+01  pde=1.3234e+01  bc=4.2294e-02  ic=0.0000e+00  fc=0.0000e+00
2026-05-28 09:22:54 [pinn_trainer][square][ak_k2][k=-][s=-] INFO Adam   500/1000  loss=4.3368e-03  pde=3.4260e-03  bc=1.8217e-04  ic=0.0000e+00  fc=0.0000e+00
2026-05-28 09:23:13 [pinn_trainer][square][ak_k2][k=-][s=-] INFO Adam  1000/1000  loss=3.0293e-04  pde=8.4457e-05  bc=4.3695e-05  ic=0.0000e+00  fc=0.0000e+00
2026-05-28 09:23:19 [pinn_trainer][square][ak_k2][k=-][s=-] INFO L-BFGS  300/300  loss=3.4083e-04
2026-05-28 09:23:19 [pinn_trainer][square][ak_k2][k=-][s=-] INFO Training done in 45.5 s
2026-05-28 09:23:19 [adaptive_k][square][adaptive_k][k=adaptive][s=2] INFO   Win  5  k=2  [6.0→9.0 s]  interior_MAE=0.757°C  → k_next=3
2026-05-28 09:23:19 [pinn_trainer][square][ak_k3][k=-][s=-] INFO Training start: t=[9.0,13.5]s  epochs_adam=1000  epochs_lbfgs=300  params=47890
2026-05-28 09:23:21 [pinn_trainer][square][ak_k3][k=-][s=-] INFO Adam     1/1000  loss=4.8937e+00  pde=4.3616e+00  bc=1.0643e-01  ic=0.0000e+00  fc=0.0000e+00
2026-05-28 09:23:40 [pinn_trainer][square][ak_k3][k=-][s=-] INFO Adam   500/1000  loss=2.6077e-03  pde=1.7153e-03  bc=1.7847e-04  ic=0.0000e+00  fc=0.0000e+00
2026-05-28 09:23:59 [pinn_trainer][square][ak_k3][k=-][s=-] INFO Adam  1000/1000  loss=1.8808e-05  pde=9.7563e-06  bc=1.8104e-06  ic=0.0000e+00  fc=0.0000e+00
2026-05-28 09:24:03 [pinn_trainer][square][ak_k3][k=-][s=-] INFO L-BFGS  300/300  loss=1.8849e-05
2026-05-28 09:24:03 [pinn_trainer][square][ak_k3][k=-][s=-] INFO Training done in 44.7 s
2026-05-28 09:24:03 [adaptive_k][square][adaptive_k][k=adaptive][s=2] INFO   Win  6  k=3  [9.0→13.5 s]  interior_MAE=0.210°C  → k_next=4
2026-05-28 09:24:03 [pinn_trainer][square][ak_k4][k=-][s=-] INFO Training start: t=[13.5,19.5]s  epochs_adam=1000  epochs_lbfgs=300  params=47890
2026-05-28 09:24:05 [pinn_trainer][square][ak_k4][k=-][s=-] INFO Adam     1/1000  loss=1.7273e+01  pde=1.2462e+01  bc=9.6204e-01  ic=0.0000e+00  fc=0.0000e+00
2026-05-28 09:24:24 [pinn_trainer][square][ak_k4][k=-][s=-] INFO Adam   500/1000  loss=2.1613e-03  pde=1.3189e-03  bc=1.6849e-04  ic=0.0000e+00  fc=0.0000e+00
2026-05-28 09:24:43 [pinn_trainer][square][ak_k4][k=-][s=-] INFO Adam  1000/1000  loss=4.0652e-06  pde=3.3409e-06  bc=1.4487e-07  ic=0.0000e+00  fc=0.0000e+00
2026-05-28 09:24:45 [pinn_trainer][square][ak_k4][k=-][s=-] INFO L-BFGS  300/300  loss=3.9286e-06
2026-05-28 09:24:45 [pinn_trainer][square][ak_k4][k=-][s=-] INFO Training done in 41.7 s
2026-05-28 09:24:45 [adaptive_k][square][adaptive_k][k=adaptive][s=2] INFO   Win  7  k=4  [13.5→19.5 s]  interior_MAE=0.021°C  → k_next=5
2026-05-28 09:24:45 [pinn_trainer][square][ak_k5][k=-][s=-] INFO Training start: t=[19.5,27.0]s  epochs_adam=1000  epochs_lbfgs=300  params=47890
2026-05-28 09:24:47 [pinn_trainer][square][ak_k5][k=-][s=-] INFO Adam     1/1000  loss=5.4219e+00  pde=3.0070e+00  bc=4.8298e-01  ic=0.0000e+00  fc=0.0000e+00
2026-05-28 09:25:06 [pinn_trainer][square][ak_k5][k=-][s=-] INFO Adam   500/1000  loss=1.6297e-06  pde=1.2953e-06  bc=6.6872e-08  ic=0.0000e+00  fc=0.0000e+00
2026-05-28 09:25:25 [pinn_trainer][square][ak_k5][k=-][s=-] INFO Adam  1000/1000  loss=1.1598e-06  pde=8.1542e-07  bc=6.8882e-08  ic=0.0000e+00  fc=0.0000e+00
2026-05-28 09:25:27 [pinn_trainer][square][ak_k5][k=-][s=-] INFO L-BFGS  300/300  loss=1.1247e-06
2026-05-28 09:25:27 [pinn_trainer][square][ak_k5][k=-][s=-] INFO Training done in 41.5 s
2026-05-28 09:25:27 [adaptive_k][square][adaptive_k][k=adaptive][s=2] INFO   Win  8  k=5  [19.5→27.0 s]  interior_MAE=0.038°C  → k_next=5
2026-05-28 09:25:27 [pinn_trainer][square][ak_k5][k=-][s=-] INFO Training start: t=[27.0,30.0]s  epochs_adam=1000  epochs_lbfgs=300  params=47890
2026-05-28 09:25:28 [pinn_trainer][square][ak_k5][k=-][s=-] INFO Adam     1/1000  loss=4.9143e+01  pde=4.1227e+01  bc=1.5834e+00  ic=0.0000e+00  fc=0.0000e+00
2026-05-28 09:25:47 [pinn_trainer][square][ak_k5][k=-][s=-] INFO Adam   500/1000  loss=1.8948e-02  pde=1.7090e-02  bc=3.7157e-04  ic=0.0000e+00  fc=0.0000e+00
2026-05-28 09:26:06 [pinn_trainer][square][ak_k5][k=-][s=-] INFO Adam  1000/1000  loss=2.9441e-06  pde=2.5143e-06  bc=8.5956e-08  ic=0.0000e+00  fc=0.0000e+00
2026-05-28 09:26:08 [pinn_trainer][square][ak_k5][k=-][s=-] INFO L-BFGS  300/300  loss=2.8377e-06
2026-05-28 09:26:08 [pinn_trainer][square][ak_k5][k=-][s=-] INFO Training done in 41.6 s
2026-05-28 09:26:08 [adaptive_k][square][adaptive_k][k=adaptive][s=2] INFO   Win  9  k=5  [27.0→30.0 s]  interior_MAE=0.006°C  → k_next=5
2026-05-28 09:26:08 [adaptive_k][square][adaptive_k][k=adaptive][s=2] INFO AdaptiveK done | wins=9 | FEM_solves=9/60 | FEM_saving=85% | MAE=1.661°C | L2=0.0146 | t=414 s
2026-05-28 09:26:08 [adaptive_k][square][adaptive_k][k=adaptive][s=2] INFO k schedule: t=0.0s:k=1 → t=1.5s:k=1 → t=3.0s:k=1 → t=4.5s:k=1 → t=6.0s:k=2 → t=9.0s:k=3 → t=13.5s:k=4 → t=19.5s:k=5 → t=27.0s:k=5
2026-05-28 09:26:08 [adaptive_k][square][adaptive_k][k=adaptive][s=2] INFO Saved → /home/coder/NAS-PINNS1/thermal_pinn/quenching_mswp/results/adaptive_k/square/seed2_adaptive_nsga2_153
2026-05-28 09:26:09 [stage_adaptive_k][all][adaptive_k][k=-][s=-] INFO RESULT geo=square   seed=2 | MAE=1.661°C | L2=0.0146 | FEM_solves=9/60 | FEM_saving=85%
2026-05-28 09:26:09 [stage_adaptive_k][all][adaptive_k][k=-][s=-] INFO AdaptiveK | geo=square seed=3 arch=[153, 153, 153] thr_up=2.0 thr_dn=5.0
2026-05-28 09:26:09 [adaptive_k][square][adaptive_k][k=adaptive][s=3] INFO AdaptiveK | arch=[153, 153, 153] | k=[1..5] | thr_up=2.0°C thr_dn=5.0°C | fourier=False
2026-05-28 09:26:09 [pinn_trainer][square][ak_k1][k=-][s=-] INFO Training start: t=[0.0,1.5]s  epochs_adam=1000  epochs_lbfgs=300  params=47890
2026-05-28 09:26:11 [pinn_trainer][square][ak_k1][k=-][s=-] INFO Adam     1/1000  loss=2.0000e+02  pde=1.9588e+02  bc=8.2398e-01  ic=0.0000e+00  fc=0.0000e+00
2026-05-28 09:26:30 [pinn_trainer][square][ak_k1][k=-][s=-] INFO Adam   500/1000  loss=1.8451e+00  pde=1.0418e+00  bc=1.6066e-01  ic=0.0000e+00  fc=0.0000e+00
2026-05-28 09:26:49 [pinn_trainer][square][ak_k1][k=-][s=-] INFO Adam  1000/1000  loss=1.1765e+00  pde=5.3324e-01  bc=1.2865e-01  ic=0.0000e+00  fc=0.0000e+00
2026-05-28 09:26:58 [pinn_trainer][square][ak_k1][k=-][s=-] INFO L-BFGS  300/300  loss=1.2538e+00
2026-05-28 09:26:58 [pinn_trainer][square][ak_k1][k=-][s=-] INFO Training done in 49.5 s
2026-05-28 09:26:58 [adaptive_k][square][adaptive_k][k=adaptive][s=3] INFO   Win  1  k=1  [0.0→1.5 s]  interior_MAE=30.005°C  → k_next=1
2026-05-28 09:26:58 [pinn_trainer][square][ak_k1][k=-][s=-] INFO Training start: t=[1.5,3.0]s  epochs_adam=1000  epochs_lbfgs=300  params=47890
2026-05-28 09:27:00 [pinn_trainer][square][ak_k1][k=-][s=-] INFO Adam     1/1000  loss=4.5722e+01  pde=4.3935e+01  bc=3.5743e-01  ic=0.0000e+00  fc=0.0000e+00
2026-05-28 09:27:19 [pinn_trainer][square][ak_k1][k=-][s=-] INFO Adam   500/1000  loss=3.7170e-01  pde=2.8876e-01  bc=1.6587e-02  ic=0.0000e+00  fc=0.0000e+00
2026-05-28 09:27:38 [pinn_trainer][square][ak_k1][k=-][s=-] INFO Adam  1000/1000  loss=2.0061e-01  pde=1.2484e-01  bc=1.5154e-02  ic=0.0000e+00  fc=0.0000e+00
2026-05-28 09:27:48 [pinn_trainer][square][ak_k1][k=-][s=-] INFO L-BFGS  300/300  loss=2.0241e-01
2026-05-28 09:27:48 [pinn_trainer][square][ak_k1][k=-][s=-] INFO Training done in 49.4 s
2026-05-28 09:27:48 [adaptive_k][square][adaptive_k][k=adaptive][s=3] INFO   Win  2  k=1  [1.5→3.0 s]  interior_MAE=12.234°C  → k_next=1
2026-05-28 09:27:48 [pinn_trainer][square][ak_k1][k=-][s=-] INFO Training start: t=[3.0,4.5]s  epochs_adam=1000  epochs_lbfgs=300  params=47890
2026-05-28 09:27:50 [pinn_trainer][square][ak_k1][k=-][s=-] INFO Adam     1/1000  loss=1.3895e+01  pde=1.3416e+01  bc=9.5996e-02  ic=0.0000e+00  fc=0.0000e+00
2026-05-28 09:28:09 [pinn_trainer][square][ak_k1][k=-][s=-] INFO Adam   500/1000  loss=8.3980e-02  pde=7.1352e-02  bc=2.5255e-03  ic=0.0000e+00  fc=0.0000e+00
2026-05-28 09:28:28 [pinn_trainer][square][ak_k1][k=-][s=-] INFO Adam  1000/1000  loss=4.2285e-02  pde=3.2337e-02  bc=1.9896e-03  ic=0.0000e+00  fc=0.0000e+00
2026-05-28 09:28:38 [pinn_trainer][square][ak_k1][k=-][s=-] INFO L-BFGS  300/300  loss=4.2457e-02
2026-05-28 09:28:38 [pinn_trainer][square][ak_k1][k=-][s=-] INFO Training done in 50.1 s
2026-05-28 09:28:38 [adaptive_k][square][adaptive_k][k=adaptive][s=3] INFO   Win  3  k=1  [3.0→4.5 s]  interior_MAE=3.681°C  → k_next=1
2026-05-28 09:28:38 [pinn_trainer][square][ak_k1][k=-][s=-] INFO Training start: t=[4.5,6.0]s  epochs_adam=1000  epochs_lbfgs=300  params=47890
2026-05-28 09:28:40 [pinn_trainer][square][ak_k1][k=-][s=-] INFO Adam     1/1000  loss=6.9769e+01  pde=6.4384e+01  bc=1.0770e+00  ic=0.0000e+00  fc=0.0000e+00
2026-05-28 09:28:59 [pinn_trainer][square][ak_k1][k=-][s=-] INFO Adam   500/1000  loss=3.4911e-02  pde=3.3009e-02  bc=3.8033e-04  ic=0.0000e+00  fc=0.0000e+00
2026-05-28 09:29:17 [pinn_trainer][square][ak_k1][k=-][s=-] INFO Adam  1000/1000  loss=6.1395e-03  pde=4.7656e-03  bc=2.7478e-04  ic=0.0000e+00  fc=0.0000e+00
2026-05-28 09:29:28 [pinn_trainer][square][ak_k1][k=-][s=-] INFO L-BFGS  300/300  loss=6.1200e-03
2026-05-28 09:29:28 [pinn_trainer][square][ak_k1][k=-][s=-] INFO Training done in 49.5 s
2026-05-28 09:29:28 [adaptive_k][square][adaptive_k][k=adaptive][s=3] INFO   Win  4  k=1  [4.5→6.0 s]  interior_MAE=1.369°C  → k_next=2
2026-05-28 09:29:28 [pinn_trainer][square][ak_k2][k=-][s=-] INFO Training start: t=[6.0,9.0]s  epochs_adam=1000  epochs_lbfgs=300  params=47890
2026-05-28 09:29:29 [pinn_trainer][square][ak_k2][k=-][s=-] INFO Adam     1/1000  loss=1.2363e+01  pde=1.1677e+01  bc=1.3708e-01  ic=0.0000e+00  fc=0.0000e+00
2026-05-28 09:29:49 [pinn_trainer][square][ak_k2][k=-][s=-] INFO Adam   500/1000  loss=5.6512e-03  pde=5.0844e-03  bc=1.1337e-04  ic=0.0000e+00  fc=0.0000e+00
2026-05-28 09:30:07 [pinn_trainer][square][ak_k2][k=-][s=-] INFO Adam  1000/1000  loss=3.3163e-04  pde=1.0794e-04  bc=4.4738e-05  ic=0.0000e+00  fc=0.0000e+00
2026-05-28 09:30:14 [pinn_trainer][square][ak_k2][k=-][s=-] INFO L-BFGS  300/300  loss=3.6492e-04
2026-05-28 09:30:14 [pinn_trainer][square][ak_k2][k=-][s=-] INFO Training done in 46.9 s
2026-05-28 09:30:14 [adaptive_k][square][adaptive_k][k=adaptive][s=3] INFO   Win  5  k=2  [6.0→9.0 s]  interior_MAE=0.763°C  → k_next=3
2026-05-28 09:30:14 [pinn_trainer][square][ak_k3][k=-][s=-] INFO Training start: t=[9.0,13.5]s  epochs_adam=1000  epochs_lbfgs=300  params=47890
2026-05-28 09:30:16 [pinn_trainer][square][ak_k3][k=-][s=-] INFO Adam     1/1000  loss=1.9088e+00  pde=1.5186e+00  bc=7.8034e-02  ic=0.0000e+00  fc=0.0000e+00
2026-05-28 09:30:35 [pinn_trainer][square][ak_k3][k=-][s=-] INFO Adam   500/1000  loss=1.1187e-03  pde=7.0993e-04  bc=8.1755e-05  ic=0.0000e+00  fc=0.0000e+00
2026-05-28 09:30:54 [pinn_trainer][square][ak_k3][k=-][s=-] INFO Adam  1000/1000  loss=1.1500e-05  pde=5.5410e-06  bc=1.1918e-06  ic=0.0000e+00  fc=0.0000e+00
2026-05-28 09:30:56 [pinn_trainer][square][ak_k3][k=-][s=-] INFO L-BFGS  300/300  loss=1.1702e-05
2026-05-28 09:30:56 [pinn_trainer][square][ak_k3][k=-][s=-] INFO Training done in 41.2 s
2026-05-28 09:30:56 [adaptive_k][square][adaptive_k][k=adaptive][s=3] INFO   Win  6  k=3  [9.0→13.5 s]  interior_MAE=0.291°C  → k_next=4
2026-05-28 09:30:56 [pinn_trainer][square][ak_k4][k=-][s=-] INFO Training start: t=[13.5,19.5]s  epochs_adam=1000  epochs_lbfgs=300  params=47890
2026-05-28 09:30:58 [pinn_trainer][square][ak_k4][k=-][s=-] INFO Adam     1/1000  loss=4.1835e+00  pde=3.7573e+00  bc=8.5244e-02  ic=0.0000e+00  fc=0.0000e+00
2026-05-28 09:31:16 [pinn_trainer][square][ak_k4][k=-][s=-] INFO Adam   500/1000  loss=3.7652e-03  pde=2.0180e-03  bc=3.4945e-04  ic=0.0000e+00  fc=0.0000e+00
2026-05-28 09:31:35 [pinn_trainer][square][ak_k4][k=-][s=-] INFO Adam  1000/1000  loss=6.1229e-06  pde=5.2364e-06  bc=1.7730e-07  ic=0.0000e+00  fc=0.0000e+00
2026-05-28 09:31:38 [pinn_trainer][square][ak_k4][k=-][s=-] INFO L-BFGS  300/300  loss=6.5347e-06
2026-05-28 09:31:38 [pinn_trainer][square][ak_k4][k=-][s=-] INFO Training done in 42.3 s
2026-05-28 09:31:38 [adaptive_k][square][adaptive_k][k=adaptive][s=3] INFO   Win  7  k=4  [13.5→19.5 s]  interior_MAE=0.015°C  → k_next=5
2026-05-28 09:31:38 [pinn_trainer][square][ak_k5][k=-][s=-] INFO Training start: t=[19.5,27.0]s  epochs_adam=1000  epochs_lbfgs=300  params=47890
2026-05-28 09:31:40 [pinn_trainer][square][ak_k5][k=-][s=-] INFO Adam     1/1000  loss=1.0254e+01  pde=7.3739e+00  bc=5.7605e-01  ic=0.0000e+00  fc=0.0000e+00
2026-05-28 09:31:59 [pinn_trainer][square][ak_k5][k=-][s=-] INFO Adam   500/1000  loss=1.6881e-05  pde=1.4133e-05  bc=5.4965e-07  ic=0.0000e+00  fc=0.0000e+00
2026-05-28 09:32:17 [pinn_trainer][square][ak_k5][k=-][s=-] INFO Adam  1000/1000  loss=6.0472e-06  pde=4.8796e-06  bc=2.3351e-07  ic=0.0000e+00  fc=0.0000e+00
2026-05-28 09:32:20 [pinn_trainer][square][ak_k5][k=-][s=-] INFO L-BFGS  300/300  loss=6.2879e-06
2026-05-28 09:32:20 [pinn_trainer][square][ak_k5][k=-][s=-] INFO Training done in 42.2 s
2026-05-28 09:32:20 [adaptive_k][square][adaptive_k][k=adaptive][s=3] INFO   Win  8  k=5  [19.5→27.0 s]  interior_MAE=0.022°C  → k_next=5
2026-05-28 09:32:20 [pinn_trainer][square][ak_k5][k=-][s=-] INFO Training start: t=[27.0,30.0]s  epochs_adam=1000  epochs_lbfgs=300  params=47890
2026-05-28 09:32:22 [pinn_trainer][square][ak_k5][k=-][s=-] INFO Adam     1/1000  loss=6.9115e+00  pde=6.0279e+00  bc=1.7672e-01  ic=0.0000e+00  fc=0.0000e+00
2026-05-28 09:32:41 [pinn_trainer][square][ak_k5][k=-][s=-] INFO Adam   500/1000  loss=1.6070e-03  pde=1.3628e-03  bc=4.8838e-05  ic=0.0000e+00  fc=0.0000e+00
2026-05-28 09:33:00 [pinn_trainer][square][ak_k5][k=-][s=-] INFO Adam  1000/1000  loss=6.6151e-06  pde=5.1671e-06  bc=2.8960e-07  ic=0.0000e+00  fc=0.0000e+00
2026-05-28 09:33:03 [pinn_trainer][square][ak_k5][k=-][s=-] INFO L-BFGS  300/300  loss=6.4560e-06
2026-05-28 09:33:03 [pinn_trainer][square][ak_k5][k=-][s=-] INFO Training done in 42.6 s
2026-05-28 09:33:03 [adaptive_k][square][adaptive_k][k=adaptive][s=3] INFO   Win  9  k=5  [27.0→30.0 s]  interior_MAE=0.007°C  → k_next=5
2026-05-28 09:33:03 [adaptive_k][square][adaptive_k][k=adaptive][s=3] INFO AdaptiveK done | wins=9 | FEM_solves=9/60 | FEM_saving=85% | MAE=1.687°C | L2=0.0147 | t=414 s
2026-05-28 09:33:03 [adaptive_k][square][adaptive_k][k=adaptive][s=3] INFO k schedule: t=0.0s:k=1 → t=1.5s:k=1 → t=3.0s:k=1 → t=4.5s:k=1 → t=6.0s:k=2 → t=9.0s:k=3 → t=13.5s:k=4 → t=19.5s:k=5 → t=27.0s:k=5
2026-05-28 09:33:03 [adaptive_k][square][adaptive_k][k=adaptive][s=3] INFO Saved → /home/coder/NAS-PINNS1/thermal_pinn/quenching_mswp/results/adaptive_k/square/seed3_adaptive_nsga2_153
2026-05-28 09:33:04 [stage_adaptive_k][all][adaptive_k][k=-][s=-] INFO RESULT geo=square   seed=3 | MAE=1.687°C | L2=0.0147 | FEM_solves=9/60 | FEM_saving=85%
2026-05-28 09:33:04 [stage_adaptive_k][all][adaptive_k][k=-][s=-] INFO AdaptiveK | geo=square seed=4 arch=[153, 153, 153] thr_up=2.0 thr_dn=5.0
2026-05-28 09:33:04 [adaptive_k][square][adaptive_k][k=adaptive][s=4] INFO AdaptiveK | arch=[153, 153, 153] | k=[1..5] | thr_up=2.0°C thr_dn=5.0°C | fourier=False
2026-05-28 09:33:04 [pinn_trainer][square][ak_k1][k=-][s=-] INFO Training start: t=[0.0,1.5]s  epochs_adam=1000  epochs_lbfgs=300  params=47890
2026-05-28 09:33:05 [pinn_trainer][square][ak_k1][k=-][s=-] INFO Adam     1/1000  loss=2.4000e+02  pde=2.3550e+02  bc=8.9907e-01  ic=0.0000e+00  fc=0.0000e+00
2026-05-28 09:33:25 [pinn_trainer][square][ak_k1][k=-][s=-] INFO Adam   500/1000  loss=2.3891e+00  pde=1.5039e+00  bc=1.7704e-01  ic=0.0000e+00  fc=0.0000e+00
2026-05-28 09:33:44 [pinn_trainer][square][ak_k1][k=-][s=-] INFO Adam  1000/1000  loss=1.2776e+00  pde=6.2279e-01  bc=1.3097e-01  ic=0.0000e+00  fc=0.0000e+00
2026-05-28 09:33:53 [pinn_trainer][square][ak_k1][k=-][s=-] INFO L-BFGS  300/300  loss=1.3399e+00
2026-05-28 09:33:53 [pinn_trainer][square][ak_k1][k=-][s=-] INFO Training done in 49.8 s
2026-05-28 09:33:53 [adaptive_k][square][adaptive_k][k=adaptive][s=4] INFO   Win  1  k=1  [0.0→1.5 s]  interior_MAE=33.029°C  → k_next=1
2026-05-28 09:33:53 [pinn_trainer][square][ak_k1][k=-][s=-] INFO Training start: t=[1.5,3.0]s  epochs_adam=1000  epochs_lbfgs=300  params=47890
2026-05-28 09:33:55 [pinn_trainer][square][ak_k1][k=-][s=-] INFO Adam     1/1000  loss=1.5064e+02  pde=1.4885e+02  bc=3.5820e-01  ic=0.0000e+00  fc=0.0000e+00
2026-05-28 09:34:14 [pinn_trainer][square][ak_k1][k=-][s=-] INFO Adam   500/1000  loss=3.5331e-01  pde=2.6786e-01  bc=1.7091e-02  ic=0.0000e+00  fc=0.0000e+00
2026-05-28 09:34:33 [pinn_trainer][square][ak_k1][k=-][s=-] INFO Adam  1000/1000  loss=1.5248e-01  pde=8.3169e-02  bc=1.3861e-02  ic=0.0000e+00  fc=0.0000e+00
2026-05-28 09:34:43 [pinn_trainer][square][ak_k1][k=-][s=-] INFO L-BFGS  300/300  loss=1.6079e-01
2026-05-28 09:34:43 [pinn_trainer][square][ak_k1][k=-][s=-] INFO Training done in 49.4 s
2026-05-28 09:34:43 [adaptive_k][square][adaptive_k][k=adaptive][s=4] INFO   Win  2  k=1  [1.5→3.0 s]  interior_MAE=12.667°C  → k_next=1
2026-05-28 09:34:43 [pinn_trainer][square][ak_k1][k=-][s=-] INFO Training start: t=[3.0,4.5]s  epochs_adam=1000  epochs_lbfgs=300  params=47890
2026-05-28 09:34:45 [pinn_trainer][square][ak_k1][k=-][s=-] INFO Adam     1/1000  loss=1.0440e+02  pde=1.0169e+02  bc=5.4158e-01  ic=0.0000e+00  fc=0.0000e+00
2026-05-28 09:35:04 [pinn_trainer][square][ak_k1][k=-][s=-] INFO Adam   500/1000  loss=7.9378e-02  pde=6.5894e-02  bc=2.6968e-03  ic=0.0000e+00  fc=0.0000e+00
2026-05-28 09:35:23 [pinn_trainer][square][ak_k1][k=-][s=-] INFO Adam  1000/1000  loss=3.3052e-02  pde=2.2603e-02  bc=2.0899e-03  ic=0.0000e+00  fc=0.0000e+00
2026-05-28 09:35:33 [pinn_trainer][square][ak_k1][k=-][s=-] INFO L-BFGS  300/300  loss=3.3246e-02
2026-05-28 09:35:33 [pinn_trainer][square][ak_k1][k=-][s=-] INFO Training done in 49.7 s
2026-05-28 09:35:33 [adaptive_k][square][adaptive_k][k=adaptive][s=4] INFO   Win  3  k=1  [3.0→4.5 s]  interior_MAE=3.866°C  → k_next=1
2026-05-28 09:35:33 [pinn_trainer][square][ak_k1][k=-][s=-] INFO Training start: t=[4.5,6.0]s  epochs_adam=1000  epochs_lbfgs=300  params=47890
2026-05-28 09:35:35 [pinn_trainer][square][ak_k1][k=-][s=-] INFO Adam     1/1000  loss=1.1784e+02  pde=1.1235e+02  bc=1.0992e+00  ic=0.0000e+00  fc=0.0000e+00
2026-05-28 09:35:53 [pinn_trainer][square][ak_k1][k=-][s=-] INFO Adam   500/1000  loss=1.0264e-01  pde=9.4567e-02  bc=1.6142e-03  ic=0.0000e+00  fc=0.0000e+00
2026-05-28 09:36:13 [pinn_trainer][square][ak_k1][k=-][s=-] INFO Adam  1000/1000  loss=6.1882e-03  pde=4.8573e-03  bc=2.6617e-04  ic=0.0000e+00  fc=0.0000e+00
2026-05-28 09:36:22 [pinn_trainer][square][ak_k1][k=-][s=-] INFO L-BFGS  300/300  loss=6.1705e-03
2026-05-28 09:36:22 [pinn_trainer][square][ak_k1][k=-][s=-] INFO Training done in 49.9 s
2026-05-28 09:36:22 [adaptive_k][square][adaptive_k][k=adaptive][s=4] INFO   Win  4  k=1  [4.5→6.0 s]  interior_MAE=1.395°C  → k_next=2
2026-05-28 09:36:22 [pinn_trainer][square][ak_k2][k=-][s=-] INFO Training start: t=[6.0,9.0]s  epochs_adam=1000  epochs_lbfgs=300  params=47890
2026-05-28 09:36:24 [pinn_trainer][square][ak_k2][k=-][s=-] INFO Adam     1/1000  loss=2.6740e+01  pde=2.2462e+01  bc=8.5562e-01  ic=0.0000e+00  fc=0.0000e+00
2026-05-28 09:36:43 [pinn_trainer][square][ak_k2][k=-][s=-] INFO Adam   500/1000  loss=3.0967e-03  pde=2.2521e-03  bc=1.6890e-04  ic=0.0000e+00  fc=0.0000e+00
2026-05-28 09:37:02 [pinn_trainer][square][ak_k2][k=-][s=-] INFO Adam  1000/1000  loss=3.2330e-04  pde=1.0716e-04  bc=4.3229e-05  ic=0.0000e+00  fc=0.0000e+00
2026-05-28 09:37:10 [pinn_trainer][square][ak_k2][k=-][s=-] INFO L-BFGS  300/300  loss=3.5445e-04
2026-05-28 09:37:10 [pinn_trainer][square][ak_k2][k=-][s=-] INFO Training done in 47.4 s
2026-05-28 09:37:10 [adaptive_k][square][adaptive_k][k=adaptive][s=4] INFO   Win  5  k=2  [6.0→9.0 s]  interior_MAE=0.753°C  → k_next=3
2026-05-28 09:37:10 [pinn_trainer][square][ak_k3][k=-][s=-] INFO Training start: t=[9.0,13.5]s  epochs_adam=1000  epochs_lbfgs=300  params=47890
2026-05-28 09:37:12 [pinn_trainer][square][ak_k3][k=-][s=-] INFO Adam     1/1000  loss=7.9030e+00  pde=5.6808e+00  bc=4.4442e-01  ic=0.0000e+00  fc=0.0000e+00
2026-05-28 09:37:31 [pinn_trainer][square][ak_k3][k=-][s=-] INFO Adam   500/1000  loss=4.1071e-03  pde=4.0577e-03  bc=9.8835e-06  ic=0.0000e+00  fc=0.0000e+00
2026-05-28 09:37:50 [pinn_trainer][square][ak_k3][k=-][s=-] INFO Adam  1000/1000  loss=8.7038e-06  pde=4.5726e-06  bc=8.2625e-07  ic=0.0000e+00  fc=0.0000e+00
2026-05-28 09:37:52 [pinn_trainer][square][ak_k3][k=-][s=-] INFO L-BFGS  300/300  loss=9.2965e-06
2026-05-28 09:37:52 [pinn_trainer][square][ak_k3][k=-][s=-] INFO Training done in 42.0 s
2026-05-28 09:37:52 [adaptive_k][square][adaptive_k][k=adaptive][s=4] INFO   Win  6  k=3  [9.0→13.5 s]  interior_MAE=0.238°C  → k_next=4
2026-05-28 09:37:52 [pinn_trainer][square][ak_k4][k=-][s=-] INFO Training start: t=[13.5,19.5]s  epochs_adam=1000  epochs_lbfgs=300  params=47890
2026-05-28 09:37:54 [pinn_trainer][square][ak_k4][k=-][s=-] INFO Adam     1/1000  loss=1.1694e+01  pde=8.2266e+00  bc=6.9343e-01  ic=0.0000e+00  fc=0.0000e+00
2026-05-28 09:38:12 [pinn_trainer][square][ak_k4][k=-][s=-] INFO Adam   500/1000  loss=6.8443e-06  pde=4.3555e-06  bc=4.9776e-07  ic=0.0000e+00  fc=0.0000e+00
2026-05-28 09:38:31 [pinn_trainer][square][ak_k4][k=-][s=-] INFO Adam  1000/1000  loss=7.5081e-07  pde=5.4594e-07  bc=4.0974e-08  ic=0.0000e+00  fc=0.0000e+00
2026-05-28 09:38:33 [pinn_trainer][square][ak_k4][k=-][s=-] INFO L-BFGS  300/300  loss=7.3641e-07
2026-05-28 09:38:33 [pinn_trainer][square][ak_k4][k=-][s=-] INFO Training done in 41.6 s
2026-05-28 09:38:33 [adaptive_k][square][adaptive_k][k=adaptive][s=4] INFO   Win  7  k=4  [13.5→19.5 s]  interior_MAE=0.023°C  → k_next=5
2026-05-28 09:38:33 [pinn_trainer][square][ak_k5][k=-][s=-] INFO Training start: t=[19.5,27.0]s  epochs_adam=1000  epochs_lbfgs=300  params=47890
2026-05-28 09:38:35 [pinn_trainer][square][ak_k5][k=-][s=-] INFO Adam     1/1000  loss=9.1434e+00  pde=5.9457e+00  bc=6.3954e-01  ic=0.0000e+00  fc=0.0000e+00
2026-05-28 09:38:54 [pinn_trainer][square][ak_k5][k=-][s=-] INFO Adam   500/1000  loss=3.8171e-06  pde=2.6184e-06  bc=2.3974e-07  ic=0.0000e+00  fc=0.0000e+00
2026-05-28 09:39:13 [pinn_trainer][square][ak_k5][k=-][s=-] INFO Adam  1000/1000  loss=1.5664e-06  pde=1.1528e-06  bc=8.2720e-08  ic=0.0000e+00  fc=0.0000e+00
2026-05-28 09:39:15 [pinn_trainer][square][ak_k5][k=-][s=-] INFO L-BFGS  300/300  loss=1.4961e-06
2026-05-28 09:39:15 [pinn_trainer][square][ak_k5][k=-][s=-] INFO Training done in 41.5 s
2026-05-28 09:39:15 [adaptive_k][square][adaptive_k][k=adaptive][s=4] INFO   Win  8  k=5  [19.5→27.0 s]  interior_MAE=0.008°C  → k_next=5
2026-05-28 09:39:15 [pinn_trainer][square][ak_k5][k=-][s=-] INFO Training start: t=[27.0,30.0]s  epochs_adam=1000  epochs_lbfgs=300  params=47890
2026-05-28 09:39:17 [pinn_trainer][square][ak_k5][k=-][s=-] INFO Adam     1/1000  loss=4.6359e+00  pde=4.0325e+00  bc=1.2068e-01  ic=0.0000e+00  fc=0.0000e+00
2026-05-28 09:39:36 [pinn_trainer][square][ak_k5][k=-][s=-] INFO Adam   500/1000  loss=3.5096e-03  pde=2.9741e-03  bc=1.0710e-04  ic=0.0000e+00  fc=0.0000e+00
2026-05-28 09:39:55 [pinn_trainer][square][ak_k5][k=-][s=-] INFO Adam  1000/1000  loss=8.8970e-06  pde=8.1445e-06  bc=1.5049e-07  ic=0.0000e+00  fc=0.0000e+00
2026-05-28 09:39:58 [pinn_trainer][square][ak_k5][k=-][s=-] INFO L-BFGS  300/300  loss=8.9420e-06
2026-05-28 09:39:58 [pinn_trainer][square][ak_k5][k=-][s=-] INFO Training done in 43.2 s
2026-05-28 09:39:58 [adaptive_k][square][adaptive_k][k=adaptive][s=4] INFO   Win  9  k=5  [27.0→30.0 s]  interior_MAE=0.010°C  → k_next=5
2026-05-28 09:39:58 [adaptive_k][square][adaptive_k][k=adaptive][s=4] INFO AdaptiveK done | wins=9 | FEM_solves=9/60 | FEM_saving=85% | MAE=1.800°C | L2=0.0148 | t=415 s
2026-05-28 09:39:58 [adaptive_k][square][adaptive_k][k=adaptive][s=4] INFO k schedule: t=0.0s:k=1 → t=1.5s:k=1 → t=3.0s:k=1 → t=4.5s:k=1 → t=6.0s:k=2 → t=9.0s:k=3 → t=13.5s:k=4 → t=19.5s:k=5 → t=27.0s:k=5
2026-05-28 09:39:58 [adaptive_k][square][adaptive_k][k=adaptive][s=4] INFO Saved → /home/coder/NAS-PINNS1/thermal_pinn/quenching_mswp/results/adaptive_k/square/seed4_adaptive_nsga2_153
2026-05-28 09:39:59 [stage_adaptive_k][all][adaptive_k][k=-][s=-] INFO RESULT geo=square   seed=4 | MAE=1.800°C | L2=0.0148 | FEM_solves=9/60 | FEM_saving=85%
2026-05-28 09:39:59 [stage_adaptive_k][all][adaptive_k][k=-][s=-] INFO AdaptiveK | geo=square seed=5 arch=[153, 153, 153] thr_up=2.0 thr_dn=5.0
2026-05-28 09:39:59 [adaptive_k][square][adaptive_k][k=adaptive][s=5] INFO AdaptiveK | arch=[153, 153, 153] | k=[1..5] | thr_up=2.0°C thr_dn=5.0°C | fourier=False
2026-05-28 09:39:59 [pinn_trainer][square][ak_k1][k=-][s=-] INFO Training start: t=[0.0,1.5]s  epochs_adam=1000  epochs_lbfgs=300  params=47890
2026-05-28 09:40:01 [pinn_trainer][square][ak_k1][k=-][s=-] INFO Adam     1/1000  loss=1.9083e+02  pde=1.8660e+02  bc=8.4608e-01  ic=0.0000e+00  fc=0.0000e+00
2026-05-28 09:40:20 [pinn_trainer][square][ak_k1][k=-][s=-] INFO Adam   500/1000  loss=3.5459e+00  pde=2.8602e+00  bc=1.3714e-01  ic=0.0000e+00  fc=0.0000e+00
2026-05-28 09:40:39 [pinn_trainer][square][ak_k1][k=-][s=-] INFO Adam  1000/1000  loss=2.3285e+00  pde=1.7186e+00  bc=1.2197e-01  ic=0.0000e+00  fc=0.0000e+00
2026-05-28 09:40:49 [pinn_trainer][square][ak_k1][k=-][s=-] INFO L-BFGS  300/300  loss=2.3155e+00
2026-05-28 09:40:49 [pinn_trainer][square][ak_k1][k=-][s=-] INFO Training done in 50.3 s
2026-05-28 09:40:49 [adaptive_k][square][adaptive_k][k=adaptive][s=5] INFO   Win  1  k=1  [0.0→1.5 s]  interior_MAE=33.349°C  → k_next=1
2026-05-28 09:40:49 [pinn_trainer][square][ak_k1][k=-][s=-] INFO Training start: t=[1.5,3.0]s  epochs_adam=1000  epochs_lbfgs=300  params=47890
2026-05-28 09:40:51 [pinn_trainer][square][ak_k1][k=-][s=-] INFO Adam     1/1000  loss=8.7256e+01  pde=8.2281e+01  bc=9.9512e-01  ic=0.0000e+00  fc=0.0000e+00
2026-05-28 09:41:10 [pinn_trainer][square][ak_k1][k=-][s=-] INFO Adam   500/1000  loss=3.5138e-01  pde=2.6877e-01  bc=1.6522e-02  ic=0.0000e+00  fc=0.0000e+00
2026-05-28 09:41:29 [pinn_trainer][square][ak_k1][k=-][s=-] INFO Adam  1000/1000  loss=2.4051e-01  pde=1.5994e-01  bc=1.6115e-02  ic=0.0000e+00  fc=0.0000e+00
2026-05-28 09:41:39 [pinn_trainer][square][ak_k1][k=-][s=-] INFO L-BFGS  300/300  loss=2.4785e-01
2026-05-28 09:41:39 [pinn_trainer][square][ak_k1][k=-][s=-] INFO Training done in 50.2 s
2026-05-28 09:41:39 [adaptive_k][square][adaptive_k][k=adaptive][s=5] INFO   Win  2  k=1  [1.5→3.0 s]  interior_MAE=12.469°C  → k_next=1
2026-05-28 09:41:39 [pinn_trainer][square][ak_k1][k=-][s=-] INFO Training start: t=[3.0,4.5]s  epochs_adam=1000  epochs_lbfgs=300  params=47890
2026-05-28 09:41:41 [pinn_trainer][square][ak_k1][k=-][s=-] INFO Adam     1/1000  loss=3.4621e+01  pde=3.2850e+01  bc=3.5420e-01  ic=0.0000e+00  fc=0.0000e+00
2026-05-28 09:42:00 [pinn_trainer][square][ak_k1][k=-][s=-] INFO Adam   500/1000  loss=1.2141e-01  pde=1.0540e-01  bc=3.2025e-03  ic=0.0000e+00  fc=0.0000e+00
2026-05-28 09:42:20 [pinn_trainer][square][ak_k1][k=-][s=-] INFO Adam  1000/1000  loss=3.1006e-02  pde=2.1683e-02  bc=1.8646e-03  ic=0.0000e+00  fc=0.0000e+00
2026-05-28 09:42:29 [pinn_trainer][square][ak_k1][k=-][s=-] INFO L-BFGS  300/300  loss=3.1233e-02
2026-05-28 09:42:29 [pinn_trainer][square][ak_k1][k=-][s=-] INFO Training done in 50.2 s
2026-05-28 09:42:29 [adaptive_k][square][adaptive_k][k=adaptive][s=5] INFO   Win  3  k=1  [3.0→4.5 s]  interior_MAE=4.246°C  → k_next=1
2026-05-28 09:42:29 [pinn_trainer][square][ak_k1][k=-][s=-] INFO Training start: t=[4.5,6.0]s  epochs_adam=1000  epochs_lbfgs=300  params=47890
2026-05-28 09:42:31 [pinn_trainer][square][ak_k1][k=-][s=-] INFO Adam     1/1000  loss=3.1031e+01  pde=2.8979e+01  bc=4.1034e-01  ic=0.0000e+00  fc=0.0000e+00
2026-05-28 09:42:51 [pinn_trainer][square][ak_k1][k=-][s=-] INFO Adam   500/1000  loss=4.1310e-02  pde=3.8625e-02  bc=5.3705e-04  ic=0.0000e+00  fc=0.0000e+00
2026-05-28 09:43:10 [pinn_trainer][square][ak_k1][k=-][s=-] INFO Adam  1000/1000  loss=5.6939e-03  pde=4.3294e-03  bc=2.7290e-04  ic=0.0000e+00  fc=0.0000e+00
2026-05-28 09:43:20 [pinn_trainer][square][ak_k1][k=-][s=-] INFO L-BFGS  300/300  loss=5.7545e-03
2026-05-28 09:43:20 [pinn_trainer][square][ak_k1][k=-][s=-] INFO Training done in 50.5 s
2026-05-28 09:43:20 [adaptive_k][square][adaptive_k][k=adaptive][s=5] INFO   Win  4  k=1  [4.5→6.0 s]  interior_MAE=1.407°C  → k_next=2
2026-05-28 09:43:20 [pinn_trainer][square][ak_k2][k=-][s=-] INFO Training start: t=[6.0,9.0]s  epochs_adam=1000  epochs_lbfgs=300  params=47890
2026-05-28 09:43:22 [pinn_trainer][square][ak_k2][k=-][s=-] INFO Adam     1/1000  loss=5.3287e+01  pde=4.5213e+01  bc=1.6148e+00  ic=0.0000e+00  fc=0.0000e+00
2026-05-28 09:43:41 [pinn_trainer][square][ak_k2][k=-][s=-] INFO Adam   500/1000  loss=8.6587e-03  pde=6.8015e-03  bc=3.7144e-04  ic=0.0000e+00  fc=0.0000e+00
2026-05-28 09:44:00 [pinn_trainer][square][ak_k2][k=-][s=-] INFO Adam  1000/1000  loss=3.2452e-04  pde=1.1124e-04  bc=4.2656e-05  ic=0.0000e+00  fc=0.0000e+00
2026-05-28 09:44:06 [pinn_trainer][square][ak_k2][k=-][s=-] INFO L-BFGS  300/300  loss=3.5706e-04
2026-05-28 09:44:06 [pinn_trainer][square][ak_k2][k=-][s=-] INFO Training done in 46.4 s
2026-05-28 09:44:06 [adaptive_k][square][adaptive_k][k=adaptive][s=5] INFO   Win  5  k=2  [6.0→9.0 s]  interior_MAE=0.750°C  → k_next=3
2026-05-28 09:44:06 [pinn_trainer][square][ak_k3][k=-][s=-] INFO Training start: t=[9.0,13.5]s  epochs_adam=1000  epochs_lbfgs=300  params=47890
2026-05-28 09:44:08 [pinn_trainer][square][ak_k3][k=-][s=-] INFO Adam     1/1000  loss=1.9663e+01  pde=1.6865e+01  bc=5.5962e-01  ic=0.0000e+00  fc=0.0000e+00
2026-05-28 09:44:27 [pinn_trainer][square][ak_k3][k=-][s=-] INFO Adam   500/1000  loss=3.6937e-03  pde=2.6232e-03  bc=2.1411e-04  ic=0.0000e+00  fc=0.0000e+00
2026-05-28 09:44:47 [pinn_trainer][square][ak_k3][k=-][s=-] INFO Adam  1000/1000  loss=9.7497e-06  pde=4.6477e-06  bc=1.0204e-06  ic=0.0000e+00  fc=0.0000e+00
2026-05-28 09:44:49 [pinn_trainer][square][ak_k3][k=-][s=-] INFO L-BFGS  300/300  loss=1.0287e-05
2026-05-28 09:44:49 [pinn_trainer][square][ak_k3][k=-][s=-] INFO Training done in 42.1 s
2026-05-28 09:44:49 [adaptive_k][square][adaptive_k][k=adaptive][s=5] INFO   Win  6  k=3  [9.0→13.5 s]  interior_MAE=0.277°C  → k_next=4
2026-05-28 09:44:49 [pinn_trainer][square][ak_k4][k=-][s=-] INFO Training start: t=[13.5,19.5]s  epochs_adam=1000  epochs_lbfgs=300  params=47890
2026-05-28 09:44:50 [pinn_trainer][square][ak_k4][k=-][s=-] INFO Adam     1/1000  loss=1.0341e+01  pde=6.1033e+00  bc=8.4751e-01  ic=0.0000e+00  fc=0.0000e+00
2026-05-28 09:45:10 [pinn_trainer][square][ak_k4][k=-][s=-] INFO Adam   500/1000  loss=2.3962e-03  pde=1.9180e-03  bc=9.5646e-05  ic=0.0000e+00  fc=0.0000e+00
2026-05-28 09:45:30 [pinn_trainer][square][ak_k4][k=-][s=-] INFO Adam  1000/1000  loss=8.1094e-06  pde=6.1812e-06  bc=3.8564e-07  ic=0.0000e+00  fc=0.0000e+00
2026-05-28 09:45:33 [pinn_trainer][square][ak_k4][k=-][s=-] INFO L-BFGS  300/300  loss=8.1109e-06
2026-05-28 09:45:33 [pinn_trainer][square][ak_k4][k=-][s=-] INFO Training done in 44.4 s
2026-05-28 09:45:33 [adaptive_k][square][adaptive_k][k=adaptive][s=5] INFO   Win  7  k=4  [13.5→19.5 s]  interior_MAE=0.014°C  → k_next=5
2026-05-28 09:45:33 [pinn_trainer][square][ak_k5][k=-][s=-] INFO Training start: t=[19.5,27.0]s  epochs_adam=1000  epochs_lbfgs=300  params=47890
2026-05-28 09:45:35 [pinn_trainer][square][ak_k5][k=-][s=-] INFO Adam     1/1000  loss=6.9821e+00  pde=5.6359e+00  bc=2.6924e-01  ic=0.0000e+00  fc=0.0000e+00
2026-05-28 09:45:54 [pinn_trainer][square][ak_k5][k=-][s=-] INFO Adam   500/1000  loss=2.3034e-05  pde=1.8061e-05  bc=9.9452e-07  ic=0.0000e+00  fc=0.0000e+00
2026-05-28 09:46:13 [pinn_trainer][square][ak_k5][k=-][s=-] INFO Adam  1000/1000  loss=1.8337e-06  pde=1.5971e-06  bc=4.7313e-08  ic=0.0000e+00  fc=0.0000e+00
2026-05-28 09:46:15 [pinn_trainer][square][ak_k5][k=-][s=-] INFO L-BFGS  300/300  loss=1.7495e-06
2026-05-28 09:46:15 [pinn_trainer][square][ak_k5][k=-][s=-] INFO Training done in 41.9 s
2026-05-28 09:46:15 [adaptive_k][square][adaptive_k][k=adaptive][s=5] INFO   Win  8  k=5  [19.5→27.0 s]  interior_MAE=0.028°C  → k_next=5
2026-05-28 09:46:15 [pinn_trainer][square][ak_k5][k=-][s=-] INFO Training start: t=[27.0,30.0]s  epochs_adam=1000  epochs_lbfgs=300  params=47890
2026-05-28 09:46:17 [pinn_trainer][square][ak_k5][k=-][s=-] INFO Adam     1/1000  loss=2.9399e+01  pde=2.3533e+01  bc=1.1732e+00  ic=0.0000e+00  fc=0.0000e+00
2026-05-28 09:46:36 [pinn_trainer][square][ak_k5][k=-][s=-] INFO Adam   500/1000  loss=1.3854e-02  pde=1.2434e-02  bc=2.8399e-04  ic=0.0000e+00  fc=0.0000e+00
2026-05-28 09:46:55 [pinn_trainer][square][ak_k5][k=-][s=-] INFO Adam  1000/1000  loss=1.5629e-05  pde=1.2158e-05  bc=6.9405e-07  ic=0.0000e+00  fc=0.0000e+00
2026-05-28 09:46:59 [pinn_trainer][square][ak_k5][k=-][s=-] INFO L-BFGS  300/300  loss=1.5892e-05
2026-05-28 09:46:59 [pinn_trainer][square][ak_k5][k=-][s=-] INFO Training done in 43.8 s
2026-05-28 09:46:59 [adaptive_k][square][adaptive_k][k=adaptive][s=5] INFO   Win  9  k=5  [27.0→30.0 s]  interior_MAE=0.027°C  → k_next=5
2026-05-28 09:46:59 [adaptive_k][square][adaptive_k][k=adaptive][s=5] INFO AdaptiveK done | wins=9 | FEM_solves=9/60 | FEM_saving=85% | MAE=1.826°C | L2=0.0155 | t=420 s
2026-05-28 09:46:59 [adaptive_k][square][adaptive_k][k=adaptive][s=5] INFO k schedule: t=0.0s:k=1 → t=1.5s:k=1 → t=3.0s:k=1 → t=4.5s:k=1 → t=6.0s:k=2 → t=9.0s:k=3 → t=13.5s:k=4 → t=19.5s:k=5 → t=27.0s:k=5
2026-05-28 09:46:59 [adaptive_k][square][adaptive_k][k=adaptive][s=5] INFO Saved → /home/coder/NAS-PINNS1/thermal_pinn/quenching_mswp/results/adaptive_k/square/seed5_adaptive_nsga2_153
2026-05-28 09:46:59 [stage_adaptive_k][all][adaptive_k][k=-][s=-] INFO RESULT geo=square   seed=5 | MAE=1.826°C | L2=0.0155 | FEM_solves=9/60 | FEM_saving=85%
2026-05-28 09:46:59 [stage_adaptive_k][all][adaptive_k][k=-][s=-] INFO AdaptiveK | geo=square seed=6 arch=[153, 153, 153] thr_up=2.0 thr_dn=5.0
2026-05-28 09:46:59 [adaptive_k][square][adaptive_k][k=adaptive][s=6] INFO AdaptiveK | arch=[153, 153, 153] | k=[1..5] | thr_up=2.0°C thr_dn=5.0°C | fourier=False
2026-05-28 09:46:59 [pinn_trainer][square][ak_k1][k=-][s=-] INFO Training start: t=[0.0,1.5]s  epochs_adam=1000  epochs_lbfgs=300  params=47890
2026-05-28 09:47:01 [pinn_trainer][square][ak_k1][k=-][s=-] INFO Adam     1/1000  loss=1.8834e+02  pde=1.8538e+02  bc=5.9311e-01  ic=0.0000e+00  fc=0.0000e+00
2026-05-28 09:47:20 [pinn_trainer][square][ak_k1][k=-][s=-] INFO Adam   500/1000  loss=4.4195e+00  pde=3.6960e+00  bc=1.4471e-01  ic=0.0000e+00  fc=0.0000e+00
2026-05-28 09:47:39 [pinn_trainer][square][ak_k1][k=-][s=-] INFO Adam  1000/1000  loss=1.4739e+00  pde=7.7137e-01  bc=1.4050e-01  ic=0.0000e+00  fc=0.0000e+00
2026-05-28 09:47:49 [pinn_trainer][square][ak_k1][k=-][s=-] INFO L-BFGS  300/300  loss=1.5262e+00
2026-05-28 09:47:49 [pinn_trainer][square][ak_k1][k=-][s=-] INFO Training done in 49.3 s
2026-05-28 09:47:49 [adaptive_k][square][adaptive_k][k=adaptive][s=6] INFO   Win  1  k=1  [0.0→1.5 s]  interior_MAE=32.992°C  → k_next=1
2026-05-28 09:47:49 [pinn_trainer][square][ak_k1][k=-][s=-] INFO Training start: t=[1.5,3.0]s  epochs_adam=1000  epochs_lbfgs=300  params=47890
2026-05-28 09:47:50 [pinn_trainer][square][ak_k1][k=-][s=-] INFO Adam     1/1000  loss=3.5178e+01  pde=3.4288e+01  bc=1.7800e-01  ic=0.0000e+00  fc=0.0000e+00
2026-05-28 09:48:09 [pinn_trainer][square][ak_k1][k=-][s=-] INFO Adam   500/1000  loss=3.3013e-01  pde=2.3771e-01  bc=1.8486e-02  ic=0.0000e+00  fc=0.0000e+00
2026-05-28 09:48:29 [pinn_trainer][square][ak_k1][k=-][s=-] INFO Adam  1000/1000  loss=1.8231e-01  pde=1.0662e-01  bc=1.5137e-02  ic=0.0000e+00  fc=0.0000e+00
2026-05-28 09:48:39 [pinn_trainer][square][ak_k1][k=-][s=-] INFO L-BFGS  300/300  loss=1.9093e-01
2026-05-28 09:48:39 [pinn_trainer][square][ak_k1][k=-][s=-] INFO Training done in 49.9 s
2026-05-28 09:48:39 [adaptive_k][square][adaptive_k][k=adaptive][s=6] INFO   Win  2  k=1  [1.5→3.0 s]  interior_MAE=12.759°C  → k_next=1
2026-05-28 09:48:39 [pinn_trainer][square][ak_k1][k=-][s=-] INFO Training start: t=[3.0,4.5]s  epochs_adam=1000  epochs_lbfgs=300  params=47890
2026-05-28 09:48:41 [pinn_trainer][square][ak_k1][k=-][s=-] INFO Adam     1/1000  loss=3.8131e+01  pde=3.7001e+01  bc=2.2601e-01  ic=0.0000e+00  fc=0.0000e+00
2026-05-28 09:49:00 [pinn_trainer][square][ak_k1][k=-][s=-] INFO Adam   500/1000  loss=1.0935e-01  pde=9.5263e-02  bc=2.8172e-03  ic=0.0000e+00  fc=0.0000e+00
2026-05-28 09:49:19 [pinn_trainer][square][ak_k1][k=-][s=-] INFO Adam  1000/1000  loss=3.4701e-02  pde=2.4758e-02  bc=1.9886e-03  ic=0.0000e+00  fc=0.0000e+00
2026-05-28 09:49:29 [pinn_trainer][square][ak_k1][k=-][s=-] INFO L-BFGS  300/300  loss=3.4741e-02
2026-05-28 09:49:29 [pinn_trainer][square][ak_k1][k=-][s=-] INFO Training done in 50.1 s
2026-05-28 09:49:29 [adaptive_k][square][adaptive_k][k=adaptive][s=6] INFO   Win  3  k=1  [3.0→4.5 s]  interior_MAE=4.030°C  → k_next=1
2026-05-28 09:49:29 [pinn_trainer][square][ak_k1][k=-][s=-] INFO Training start: t=[4.5,6.0]s  epochs_adam=1000  epochs_lbfgs=300  params=47890
2026-05-28 09:49:31 [pinn_trainer][square][ak_k1][k=-][s=-] INFO Adam     1/1000  loss=9.3662e+01  pde=9.3053e+01  bc=1.2181e-01  ic=0.0000e+00  fc=0.0000e+00
2026-05-28 09:49:50 [pinn_trainer][square][ak_k1][k=-][s=-] INFO Adam   500/1000  loss=8.3508e-02  pde=8.1520e-02  bc=3.9760e-04  ic=0.0000e+00  fc=0.0000e+00
2026-05-28 09:50:09 [pinn_trainer][square][ak_k1][k=-][s=-] INFO Adam  1000/1000  loss=5.6692e-03  pde=4.3623e-03  bc=2.6139e-04  ic=0.0000e+00  fc=0.0000e+00
2026-05-28 09:50:19 [pinn_trainer][square][ak_k1][k=-][s=-] INFO L-BFGS  300/300  loss=5.7184e-03
2026-05-28 09:50:19 [pinn_trainer][square][ak_k1][k=-][s=-] INFO Training done in 50.2 s
2026-05-28 09:50:19 [adaptive_k][square][adaptive_k][k=adaptive][s=6] INFO   Win  4  k=1  [4.5→6.0 s]  interior_MAE=1.328°C  → k_next=2
2026-05-28 09:50:19 [pinn_trainer][square][ak_k2][k=-][s=-] INFO Training start: t=[6.0,9.0]s  epochs_adam=1000  epochs_lbfgs=300  params=47890
2026-05-28 09:50:21 [pinn_trainer][square][ak_k2][k=-][s=-] INFO Adam     1/1000  loss=1.2869e+01  pde=1.2300e+01  bc=1.1377e-01  ic=0.0000e+00  fc=0.0000e+00
2026-05-28 09:50:40 [pinn_trainer][square][ak_k2][k=-][s=-] INFO Adam   500/1000  loss=3.2165e-02  pde=2.7082e-02  bc=1.0167e-03  ic=0.0000e+00  fc=0.0000e+00
2026-05-28 09:50:59 [pinn_trainer][square][ak_k2][k=-][s=-] INFO Adam  1000/1000  loss=3.0972e-04  pde=9.1259e-05  bc=4.3691e-05  ic=0.0000e+00  fc=0.0000e+00
2026-05-28 09:51:08 [pinn_trainer][square][ak_k2][k=-][s=-] INFO L-BFGS  300/300  loss=3.4464e-04
2026-05-28 09:51:08 [pinn_trainer][square][ak_k2][k=-][s=-] INFO Training done in 49.1 s
2026-05-28 09:51:08 [adaptive_k][square][adaptive_k][k=adaptive][s=6] INFO   Win  5  k=2  [6.0→9.0 s]  interior_MAE=0.747°C  → k_next=3
2026-05-28 09:51:08 [pinn_trainer][square][ak_k3][k=-][s=-] INFO Training start: t=[9.0,13.5]s  epochs_adam=1000  epochs_lbfgs=300  params=47890
2026-05-28 09:51:10 [pinn_trainer][square][ak_k3][k=-][s=-] INFO Adam     1/1000  loss=5.0083e+00  pde=4.1721e+00  bc=1.6723e-01  ic=0.0000e+00  fc=0.0000e+00
2026-05-28 09:51:29 [pinn_trainer][square][ak_k3][k=-][s=-] INFO Adam   500/1000  loss=1.8105e-03  pde=1.1352e-03  bc=1.3506e-04  ic=0.0000e+00  fc=0.0000e+00
2026-05-28 09:51:48 [pinn_trainer][square][ak_k3][k=-][s=-] INFO Adam  1000/1000  loss=6.7132e-06  pde=2.0120e-06  bc=9.4023e-07  ic=0.0000e+00  fc=0.0000e+00
2026-05-28 09:51:50 [pinn_trainer][square][ak_k3][k=-][s=-] INFO L-BFGS  300/300  loss=7.4579e-06
2026-05-28 09:51:50 [pinn_trainer][square][ak_k3][k=-][s=-] INFO Training done in 42.4 s
2026-05-28 09:51:50 [adaptive_k][square][adaptive_k][k=adaptive][s=6] INFO   Win  6  k=3  [9.0→13.5 s]  interior_MAE=0.282°C  → k_next=4
2026-05-28 09:51:50 [pinn_trainer][square][ak_k4][k=-][s=-] INFO Training start: t=[13.5,19.5]s  epochs_adam=1000  epochs_lbfgs=300  params=47890
2026-05-28 09:51:52 [pinn_trainer][square][ak_k4][k=-][s=-] INFO Adam     1/1000  loss=7.2297e+00  pde=4.9407e+00  bc=4.5781e-01  ic=0.0000e+00  fc=0.0000e+00
2026-05-28 09:52:12 [pinn_trainer][square][ak_k4][k=-][s=-] INFO Adam   500/1000  loss=9.1171e-04  pde=5.3129e-04  bc=7.6084e-05  ic=0.0000e+00  fc=0.0000e+00
2026-05-28 09:52:31 [pinn_trainer][square][ak_k4][k=-][s=-] INFO Adam  1000/1000  loss=3.7343e-06  pde=2.9028e-06  bc=1.6629e-07  ic=0.0000e+00  fc=0.0000e+00
2026-05-28 09:52:33 [pinn_trainer][square][ak_k4][k=-][s=-] INFO L-BFGS  300/300  loss=3.7444e-06
2026-05-28 09:52:33 [pinn_trainer][square][ak_k4][k=-][s=-] INFO Training done in 42.3 s
2026-05-28 09:52:33 [adaptive_k][square][adaptive_k][k=adaptive][s=6] INFO   Win  7  k=4  [13.5→19.5 s]  interior_MAE=0.043°C  → k_next=5
2026-05-28 09:52:33 [pinn_trainer][square][ak_k5][k=-][s=-] INFO Training start: t=[19.5,27.0]s  epochs_adam=1000  epochs_lbfgs=300  params=47890
2026-05-28 09:52:35 [pinn_trainer][square][ak_k5][k=-][s=-] INFO Adam     1/1000  loss=3.6919e-01  pde=2.3525e-01  bc=2.6787e-02  ic=0.0000e+00  fc=0.0000e+00
2026-05-28 09:52:54 [pinn_trainer][square][ak_k5][k=-][s=-] INFO Adam   500/1000  loss=1.2217e-05  pde=8.6040e-06  bc=7.2265e-07  ic=0.0000e+00  fc=0.0000e+00
2026-05-28 09:53:13 [pinn_trainer][square][ak_k5][k=-][s=-] INFO Adam  1000/1000  loss=5.4548e-06  pde=3.8336e-06  bc=3.2424e-07  ic=0.0000e+00  fc=0.0000e+00
2026-05-28 09:53:16 [pinn_trainer][square][ak_k5][k=-][s=-] INFO L-BFGS  300/300  loss=5.1824e-06
2026-05-28 09:53:16 [pinn_trainer][square][ak_k5][k=-][s=-] INFO Training done in 42.9 s
2026-05-28 09:53:16 [adaptive_k][square][adaptive_k][k=adaptive][s=6] INFO   Win  8  k=5  [19.5→27.0 s]  interior_MAE=0.026°C  → k_next=5
2026-05-28 09:53:16 [pinn_trainer][square][ak_k5][k=-][s=-] INFO Training start: t=[27.0,30.0]s  epochs_adam=1000  epochs_lbfgs=300  params=47890
2026-05-28 09:53:18 [pinn_trainer][square][ak_k5][k=-][s=-] INFO Adam     1/1000  loss=1.0633e+01  pde=1.0107e+01  bc=1.0520e-01  ic=0.0000e+00  fc=0.0000e+00
2026-05-28 09:53:37 [pinn_trainer][square][ak_k5][k=-][s=-] INFO Adam   500/1000  loss=5.6011e-03  pde=5.2120e-03  bc=7.7820e-05  ic=0.0000e+00  fc=0.0000e+00
2026-05-28 09:53:56 [pinn_trainer][square][ak_k5][k=-][s=-] INFO Adam  1000/1000  loss=5.7276e-06  pde=5.3141e-06  bc=8.2712e-08  ic=0.0000e+00  fc=0.0000e+00
2026-05-28 09:53:58 [pinn_trainer][square][ak_k5][k=-][s=-] INFO L-BFGS  300/300  loss=5.6268e-06
2026-05-28 09:53:58 [pinn_trainer][square][ak_k5][k=-][s=-] INFO Training done in 41.9 s
2026-05-28 09:53:58 [adaptive_k][square][adaptive_k][k=adaptive][s=6] INFO   Win  9  k=5  [27.0→30.0 s]  interior_MAE=0.012°C  → k_next=5
2026-05-28 09:53:58 [adaptive_k][square][adaptive_k][k=adaptive][s=6] INFO AdaptiveK done | wins=9 | FEM_solves=9/60 | FEM_saving=85% | MAE=1.818°C | L2=0.0155 | t=418 s
2026-05-28 09:53:58 [adaptive_k][square][adaptive_k][k=adaptive][s=6] INFO k schedule: t=0.0s:k=1 → t=1.5s:k=1 → t=3.0s:k=1 → t=4.5s:k=1 → t=6.0s:k=2 → t=9.0s:k=3 → t=13.5s:k=4 → t=19.5s:k=5 → t=27.0s:k=5
2026-05-28 09:53:58 [adaptive_k][square][adaptive_k][k=adaptive][s=6] INFO Saved → /home/coder/NAS-PINNS1/thermal_pinn/quenching_mswp/results/adaptive_k/square/seed6_adaptive_nsga2_153
2026-05-28 09:53:58 [stage_adaptive_k][all][adaptive_k][k=-][s=-] INFO RESULT geo=square   seed=6 | MAE=1.818°C | L2=0.0155 | FEM_solves=9/60 | FEM_saving=85%
2026-05-28 09:53:58 [stage_adaptive_k][all][adaptive_k][k=-][s=-] INFO AdaptiveK | geo=square seed=7 arch=[153, 153, 153] thr_up=2.0 thr_dn=5.0
2026-05-28 09:53:58 [adaptive_k][square][adaptive_k][k=adaptive][s=7] INFO AdaptiveK | arch=[153, 153, 153] | k=[1..5] | thr_up=2.0°C thr_dn=5.0°C | fourier=False
2026-05-28 09:53:58 [pinn_trainer][square][ak_k1][k=-][s=-] INFO Training start: t=[0.0,1.5]s  epochs_adam=1000  epochs_lbfgs=300  params=47890
2026-05-28 09:54:00 [pinn_trainer][square][ak_k1][k=-][s=-] INFO Adam     1/1000  loss=3.6798e+02  pde=3.6288e+02  bc=1.0194e+00  ic=0.0000e+00  fc=0.0000e+00
2026-05-28 09:54:19 [pinn_trainer][square][ak_k1][k=-][s=-] INFO Adam   500/1000  loss=3.4301e+00  pde=2.7103e+00  bc=1.4396e-01  ic=0.0000e+00  fc=0.0000e+00
2026-05-28 09:54:38 [pinn_trainer][square][ak_k1][k=-][s=-] INFO Adam  1000/1000  loss=1.3905e+00  pde=6.6902e-01  bc=1.4430e-01  ic=0.0000e+00  fc=0.0000e+00
2026-05-28 09:54:48 [pinn_trainer][square][ak_k1][k=-][s=-] INFO L-BFGS  300/300  loss=1.4394e+00
2026-05-28 09:54:48 [pinn_trainer][square][ak_k1][k=-][s=-] INFO Training done in 49.4 s
2026-05-28 09:54:48 [adaptive_k][square][adaptive_k][k=adaptive][s=7] INFO   Win  1  k=1  [0.0→1.5 s]  interior_MAE=34.188°C  → k_next=1
2026-05-28 09:54:48 [pinn_trainer][square][ak_k1][k=-][s=-] INFO Training start: t=[1.5,3.0]s  epochs_adam=1000  epochs_lbfgs=300  params=47890
2026-05-28 09:54:49 [pinn_trainer][square][ak_k1][k=-][s=-] INFO Adam     1/1000  loss=3.9288e+01  pde=3.7877e+01  bc=2.8218e-01  ic=0.0000e+00  fc=0.0000e+00
2026-05-28 09:55:08 [pinn_trainer][square][ak_k1][k=-][s=-] INFO Adam   500/1000  loss=2.8341e-01  pde=1.8644e-01  bc=1.9393e-02  ic=0.0000e+00  fc=0.0000e+00
2026-05-28 09:55:28 [pinn_trainer][square][ak_k1][k=-][s=-] INFO Adam  1000/1000  loss=1.9025e-01  pde=1.0917e-01  bc=1.6216e-02  ic=0.0000e+00  fc=0.0000e+00
2026-05-28 09:55:38 [pinn_trainer][square][ak_k1][k=-][s=-] INFO L-BFGS  300/300  loss=1.9425e-01
2026-05-28 09:55:38 [pinn_trainer][square][ak_k1][k=-][s=-] INFO Training done in 50.1 s
2026-05-28 09:55:38 [adaptive_k][square][adaptive_k][k=adaptive][s=7] INFO   Win  2  k=1  [1.5→3.0 s]  interior_MAE=12.592°C  → k_next=1
2026-05-28 09:55:38 [pinn_trainer][square][ak_k1][k=-][s=-] INFO Training start: t=[3.0,4.5]s  epochs_adam=1000  epochs_lbfgs=300  params=47890
2026-05-28 09:55:40 [pinn_trainer][square][ak_k1][k=-][s=-] INFO Adam     1/1000  loss=9.6998e+01  pde=9.5473e+01  bc=3.0488e-01  ic=0.0000e+00  fc=0.0000e+00
2026-05-28 09:55:59 [pinn_trainer][square][ak_k1][k=-][s=-] INFO Adam   500/1000  loss=6.8360e-02  pde=5.6388e-02  bc=2.3945e-03  ic=0.0000e+00  fc=0.0000e+00
2026-05-28 09:56:17 [pinn_trainer][square][ak_k1][k=-][s=-] INFO Adam  1000/1000  loss=3.9225e-02  pde=2.9613e-02  bc=1.9223e-03  ic=0.0000e+00  fc=0.0000e+00
2026-05-28 09:56:27 [pinn_trainer][square][ak_k1][k=-][s=-] INFO L-BFGS  300/300  loss=3.9057e-02
2026-05-28 09:56:27 [pinn_trainer][square][ak_k1][k=-][s=-] INFO Training done in 49.4 s
2026-05-28 09:56:27 [adaptive_k][square][adaptive_k][k=adaptive][s=7] INFO   Win  3  k=1  [3.0→4.5 s]  interior_MAE=3.708°C  → k_next=1
2026-05-28 09:56:27 [pinn_trainer][square][ak_k1][k=-][s=-] INFO Training start: t=[4.5,6.0]s  epochs_adam=1000  epochs_lbfgs=300  params=47890
2026-05-28 09:56:29 [pinn_trainer][square][ak_k1][k=-][s=-] INFO Adam     1/1000  loss=8.1747e+01  pde=8.0008e+01  bc=3.4784e-01  ic=0.0000e+00  fc=0.0000e+00
2026-05-28 09:56:48 [pinn_trainer][square][ak_k1][k=-][s=-] INFO Adam   500/1000  loss=1.2150e-02  pde=1.0579e-02  bc=3.1420e-04  ic=0.0000e+00  fc=0.0000e+00
2026-05-28 09:57:07 [pinn_trainer][square][ak_k1][k=-][s=-] INFO Adam  1000/1000  loss=5.8503e-03  pde=4.4767e-03  bc=2.7471e-04  ic=0.0000e+00  fc=0.0000e+00
2026-05-28 09:57:17 [pinn_trainer][square][ak_k1][k=-][s=-] INFO L-BFGS  300/300  loss=5.8565e-03
2026-05-28 09:57:17 [pinn_trainer][square][ak_k1][k=-][s=-] INFO Training done in 49.7 s
2026-05-28 09:57:17 [adaptive_k][square][adaptive_k][k=adaptive][s=7] INFO   Win  4  k=1  [4.5→6.0 s]  interior_MAE=1.372°C  → k_next=2
2026-05-28 09:57:17 [pinn_trainer][square][ak_k2][k=-][s=-] INFO Training start: t=[6.0,9.0]s  epochs_adam=1000  epochs_lbfgs=300  params=47890
2026-05-28 09:57:19 [pinn_trainer][square][ak_k2][k=-][s=-] INFO Adam     1/1000  loss=2.2604e+01  pde=1.8926e+01  bc=7.3554e-01  ic=0.0000e+00  fc=0.0000e+00
2026-05-28 09:57:38 [pinn_trainer][square][ak_k2][k=-][s=-] INFO Adam   500/1000  loss=3.2253e-03  pde=2.4910e-03  bc=1.4687e-04  ic=0.0000e+00  fc=0.0000e+00
2026-05-28 09:57:56 [pinn_trainer][square][ak_k2][k=-][s=-] INFO Adam  1000/1000  loss=3.0484e-04  pde=9.2100e-05  bc=4.2548e-05  ic=0.0000e+00  fc=0.0000e+00
2026-05-28 09:58:02 [pinn_trainer][square][ak_k2][k=-][s=-] INFO L-BFGS  300/300  loss=3.4242e-04
2026-05-28 09:58:02 [pinn_trainer][square][ak_k2][k=-][s=-] INFO Training done in 45.2 s
2026-05-28 09:58:02 [adaptive_k][square][adaptive_k][k=adaptive][s=7] INFO   Win  5  k=2  [6.0→9.0 s]  interior_MAE=0.762°C  → k_next=3
2026-05-28 09:58:02 [pinn_trainer][square][ak_k3][k=-][s=-] INFO Training start: t=[9.0,13.5]s  epochs_adam=1000  epochs_lbfgs=300  params=47890
2026-05-28 09:58:04 [pinn_trainer][square][ak_k3][k=-][s=-] INFO Adam     1/1000  loss=1.3138e+01  pde=9.4686e+00  bc=7.3392e-01  ic=0.0000e+00  fc=0.0000e+00
2026-05-28 09:58:23 [pinn_trainer][square][ak_k3][k=-][s=-] INFO Adam   500/1000  loss=1.9749e-03  pde=1.2961e-03  bc=1.3575e-04  ic=0.0000e+00  fc=0.0000e+00
2026-05-28 09:58:42 [pinn_trainer][square][ak_k3][k=-][s=-] INFO Adam  1000/1000  loss=1.1079e-05  pde=5.5401e-06  bc=1.1078e-06  ic=0.0000e+00  fc=0.0000e+00
2026-05-28 09:58:46 [pinn_trainer][square][ak_k3][k=-][s=-] INFO L-BFGS  300/300  loss=1.1379e-05
2026-05-28 09:58:46 [pinn_trainer][square][ak_k3][k=-][s=-] INFO Training done in 44.0 s
2026-05-28 09:58:46 [adaptive_k][square][adaptive_k][k=adaptive][s=7] INFO   Win  6  k=3  [9.0→13.5 s]  interior_MAE=0.191°C  → k_next=4
2026-05-28 09:58:46 [pinn_trainer][square][ak_k4][k=-][s=-] INFO Training start: t=[13.5,19.5]s  epochs_adam=1000  epochs_lbfgs=300  params=47890
2026-05-28 09:58:48 [pinn_trainer][square][ak_k4][k=-][s=-] INFO Adam     1/1000  loss=4.7057e+00  pde=3.7243e+00  bc=1.9629e-01  ic=0.0000e+00  fc=0.0000e+00
2026-05-28 09:59:07 [pinn_trainer][square][ak_k4][k=-][s=-] INFO Adam   500/1000  loss=3.0421e-06  pde=2.3877e-06  bc=1.3087e-07  ic=0.0000e+00  fc=0.0000e+00
2026-05-28 09:59:26 [pinn_trainer][square][ak_k4][k=-][s=-] INFO Adam  1000/1000  loss=1.2616e-06  pde=9.8704e-07  bc=5.4909e-08  ic=0.0000e+00  fc=0.0000e+00
2026-05-28 09:59:28 [pinn_trainer][square][ak_k4][k=-][s=-] INFO L-BFGS  300/300  loss=1.2629e-06
2026-05-28 09:59:28 [pinn_trainer][square][ak_k4][k=-][s=-] INFO Training done in 42.3 s
2026-05-28 09:59:28 [adaptive_k][square][adaptive_k][k=adaptive][s=7] INFO   Win  7  k=4  [13.5→19.5 s]  interior_MAE=0.021°C  → k_next=5
2026-05-28 09:59:28 [pinn_trainer][square][ak_k5][k=-][s=-] INFO Training start: t=[19.5,27.0]s  epochs_adam=1000  epochs_lbfgs=300  params=47890
2026-05-28 09:59:30 [pinn_trainer][square][ak_k5][k=-][s=-] INFO Adam     1/1000  loss=6.6479e+00  pde=3.7100e+00  bc=5.8757e-01  ic=0.0000e+00  fc=0.0000e+00
2026-05-28 09:59:49 [pinn_trainer][square][ak_k5][k=-][s=-] INFO Adam   500/1000  loss=8.9893e-06  pde=6.5859e-06  bc=4.8068e-07  ic=0.0000e+00  fc=0.0000e+00
2026-05-28 10:00:08 [pinn_trainer][square][ak_k5][k=-][s=-] INFO Adam  1000/1000  loss=3.5323e-06  pde=2.7616e-06  bc=1.5413e-07  ic=0.0000e+00  fc=0.0000e+00
2026-05-28 10:00:10 [pinn_trainer][square][ak_k5][k=-][s=-] INFO L-BFGS  300/300  loss=3.4588e-06
2026-05-28 10:00:10 [pinn_trainer][square][ak_k5][k=-][s=-] INFO Training done in 41.5 s
2026-05-28 10:00:10 [adaptive_k][square][adaptive_k][k=adaptive][s=7] INFO   Win  8  k=5  [19.5→27.0 s]  interior_MAE=0.017°C  → k_next=5
2026-05-28 10:00:10 [pinn_trainer][square][ak_k5][k=-][s=-] INFO Training start: t=[27.0,30.0]s  epochs_adam=1000  epochs_lbfgs=300  params=47890
2026-05-28 10:00:12 [pinn_trainer][square][ak_k5][k=-][s=-] INFO Adam     1/1000  loss=4.9706e+01  pde=4.2430e+01  bc=1.4553e+00  ic=0.0000e+00  fc=0.0000e+00
2026-05-28 10:00:31 [pinn_trainer][square][ak_k5][k=-][s=-] INFO Adam   500/1000  loss=1.0456e-02  pde=8.0479e-03  bc=4.8162e-04  ic=0.0000e+00  fc=0.0000e+00
2026-05-28 10:00:50 [pinn_trainer][square][ak_k5][k=-][s=-] INFO Adam  1000/1000  loss=8.4347e-06  pde=7.3916e-06  bc=2.0863e-07  ic=0.0000e+00  fc=0.0000e+00
2026-05-28 10:00:52 [pinn_trainer][square][ak_k5][k=-][s=-] INFO L-BFGS  300/300  loss=8.6473e-06
2026-05-28 10:00:52 [pinn_trainer][square][ak_k5][k=-][s=-] INFO Training done in 41.7 s
2026-05-28 10:00:52 [adaptive_k][square][adaptive_k][k=adaptive][s=7] INFO   Win  9  k=5  [27.0→30.0 s]  interior_MAE=0.016°C  → k_next=5
2026-05-28 10:00:52 [adaptive_k][square][adaptive_k][k=adaptive][s=7] INFO AdaptiveK done | wins=9 | FEM_solves=9/60 | FEM_saving=85% | MAE=1.827°C | L2=0.0147 | t=414 s
2026-05-28 10:00:52 [adaptive_k][square][adaptive_k][k=adaptive][s=7] INFO k schedule: t=0.0s:k=1 → t=1.5s:k=1 → t=3.0s:k=1 → t=4.5s:k=1 → t=6.0s:k=2 → t=9.0s:k=3 → t=13.5s:k=4 → t=19.5s:k=5 → t=27.0s:k=5
2026-05-28 10:00:52 [adaptive_k][square][adaptive_k][k=adaptive][s=7] INFO Saved → /home/coder/NAS-PINNS1/thermal_pinn/quenching_mswp/results/adaptive_k/square/seed7_adaptive_nsga2_153
2026-05-28 10:00:52 [stage_adaptive_k][all][adaptive_k][k=-][s=-] INFO RESULT geo=square   seed=7 | MAE=1.827°C | L2=0.0147 | FEM_solves=9/60 | FEM_saving=85%
2026-05-28 10:00:52 [stage_adaptive_k][all][adaptive_k][k=-][s=-] INFO AdaptiveK | geo=square seed=8 arch=[153, 153, 153] thr_up=2.0 thr_dn=5.0
2026-05-28 10:00:52 [adaptive_k][square][adaptive_k][k=adaptive][s=8] INFO AdaptiveK | arch=[153, 153, 153] | k=[1..5] | thr_up=2.0°C thr_dn=5.0°C | fourier=False
2026-05-28 10:00:52 [pinn_trainer][square][ak_k1][k=-][s=-] INFO Training start: t=[0.0,1.5]s  epochs_adam=1000  epochs_lbfgs=300  params=47890
2026-05-28 10:00:54 [pinn_trainer][square][ak_k1][k=-][s=-] INFO Adam     1/1000  loss=4.0664e+02  pde=4.0084e+02  bc=1.1614e+00  ic=0.0000e+00  fc=0.0000e+00
2026-05-28 10:01:13 [pinn_trainer][square][ak_k1][k=-][s=-] INFO Adam   500/1000  loss=2.6377e+00  pde=1.7504e+00  bc=1.7745e-01  ic=0.0000e+00  fc=0.0000e+00
2026-05-28 10:01:32 [pinn_trainer][square][ak_k1][k=-][s=-] INFO Adam  1000/1000  loss=1.5987e+00  pde=8.5977e-01  bc=1.4779e-01  ic=0.0000e+00  fc=0.0000e+00
2026-05-28 10:01:42 [pinn_trainer][square][ak_k1][k=-][s=-] INFO L-BFGS  300/300  loss=1.6407e+00
2026-05-28 10:01:42 [pinn_trainer][square][ak_k1][k=-][s=-] INFO Training done in 49.3 s
2026-05-28 10:01:42 [adaptive_k][square][adaptive_k][k=adaptive][s=8] INFO   Win  1  k=1  [0.0→1.5 s]  interior_MAE=30.789°C  → k_next=1
2026-05-28 10:01:42 [pinn_trainer][square][ak_k1][k=-][s=-] INFO Training start: t=[1.5,3.0]s  epochs_adam=1000  epochs_lbfgs=300  params=47890
2026-05-28 10:01:43 [pinn_trainer][square][ak_k1][k=-][s=-] INFO Adam     1/1000  loss=5.5694e+01  pde=5.3917e+01  bc=3.5532e-01  ic=0.0000e+00  fc=0.0000e+00
2026-05-28 10:02:02 [pinn_trainer][square][ak_k1][k=-][s=-] INFO Adam   500/1000  loss=3.7852e-01  pde=2.8783e-01  bc=1.8137e-02  ic=0.0000e+00  fc=0.0000e+00
2026-05-28 10:02:21 [pinn_trainer][square][ak_k1][k=-][s=-] INFO Adam  1000/1000  loss=1.9234e-01  pde=1.1522e-01  bc=1.5424e-02  ic=0.0000e+00  fc=0.0000e+00
2026-05-28 10:02:31 [pinn_trainer][square][ak_k1][k=-][s=-] INFO L-BFGS  300/300  loss=1.9930e-01
2026-05-28 10:02:31 [pinn_trainer][square][ak_k1][k=-][s=-] INFO Training done in 49.0 s
2026-05-28 10:02:31 [adaptive_k][square][adaptive_k][k=adaptive][s=8] INFO   Win  2  k=1  [1.5→3.0 s]  interior_MAE=12.646°C  → k_next=1
2026-05-28 10:02:31 [pinn_trainer][square][ak_k1][k=-][s=-] INFO Training start: t=[3.0,4.5]s  epochs_adam=1000  epochs_lbfgs=300  params=47890
2026-05-28 10:02:32 [pinn_trainer][square][ak_k1][k=-][s=-] INFO Adam     1/1000  loss=6.7658e+01  pde=6.3407e+01  bc=8.5019e-01  ic=0.0000e+00  fc=0.0000e+00
2026-05-28 10:02:52 [pinn_trainer][square][ak_k1][k=-][s=-] INFO Adam   500/1000  loss=7.4827e-02  pde=6.1852e-02  bc=2.5950e-03  ic=0.0000e+00  fc=0.0000e+00
2026-05-28 10:03:10 [pinn_trainer][square][ak_k1][k=-][s=-] INFO Adam  1000/1000  loss=3.4715e-02  pde=2.4878e-02  bc=1.9673e-03  ic=0.0000e+00  fc=0.0000e+00
2026-05-28 10:03:20 [pinn_trainer][square][ak_k1][k=-][s=-] INFO L-BFGS  300/300  loss=3.5167e-02
2026-05-28 10:03:20 [pinn_trainer][square][ak_k1][k=-][s=-] INFO Training done in 49.6 s
2026-05-28 10:03:20 [adaptive_k][square][adaptive_k][k=adaptive][s=8] INFO   Win  3  k=1  [3.0→4.5 s]  interior_MAE=4.037°C  → k_next=1
2026-05-28 10:03:20 [pinn_trainer][square][ak_k1][k=-][s=-] INFO Training start: t=[4.5,6.0]s  epochs_adam=1000  epochs_lbfgs=300  params=47890
2026-05-28 10:03:22 [pinn_trainer][square][ak_k1][k=-][s=-] INFO Adam     1/1000  loss=1.7217e+02  pde=1.7145e+02  bc=1.4417e-01  ic=0.0000e+00  fc=0.0000e+00
2026-05-28 10:03:41 [pinn_trainer][square][ak_k1][k=-][s=-] INFO Adam   500/1000  loss=2.1744e-02  pde=1.9939e-02  bc=3.6081e-04  ic=0.0000e+00  fc=0.0000e+00
2026-05-28 10:04:00 [pinn_trainer][square][ak_k1][k=-][s=-] INFO Adam  1000/1000  loss=5.8471e-03  pde=4.4777e-03  bc=2.7387e-04  ic=0.0000e+00  fc=0.0000e+00
2026-05-28 10:04:10 [pinn_trainer][square][ak_k1][k=-][s=-] INFO L-BFGS  300/300  loss=5.8263e-03
2026-05-28 10:04:10 [pinn_trainer][square][ak_k1][k=-][s=-] INFO Training done in 49.9 s
2026-05-28 10:04:10 [adaptive_k][square][adaptive_k][k=adaptive][s=8] INFO   Win  4  k=1  [4.5→6.0 s]  interior_MAE=1.370°C  → k_next=2
2026-05-28 10:04:10 [pinn_trainer][square][ak_k2][k=-][s=-] INFO Training start: t=[6.0,9.0]s  epochs_adam=1000  epochs_lbfgs=300  params=47890
2026-05-28 10:04:12 [pinn_trainer][square][ak_k2][k=-][s=-] INFO Adam     1/1000  loss=8.4002e+00  pde=7.7387e+00  bc=1.3231e-01  ic=0.0000e+00  fc=0.0000e+00
2026-05-28 10:04:31 [pinn_trainer][square][ak_k2][k=-][s=-] INFO Adam   500/1000  loss=7.0079e-03  pde=5.2827e-03  bc=3.4504e-04  ic=0.0000e+00  fc=0.0000e+00
2026-05-28 10:04:50 [pinn_trainer][square][ak_k2][k=-][s=-] INFO Adam  1000/1000  loss=3.0353e-04  pde=8.6088e-05  bc=4.3488e-05  ic=0.0000e+00  fc=0.0000e+00
2026-05-28 10:04:58 [pinn_trainer][square][ak_k2][k=-][s=-] INFO L-BFGS  300/300  loss=3.3888e-04
2026-05-28 10:04:58 [pinn_trainer][square][ak_k2][k=-][s=-] INFO Training done in 48.2 s
2026-05-28 10:04:58 [adaptive_k][square][adaptive_k][k=adaptive][s=8] INFO   Win  5  k=2  [6.0→9.0 s]  interior_MAE=0.757°C  → k_next=3
2026-05-28 10:04:58 [pinn_trainer][square][ak_k3][k=-][s=-] INFO Training start: t=[9.0,13.5]s  epochs_adam=1000  epochs_lbfgs=300  params=47890
2026-05-28 10:05:00 [pinn_trainer][square][ak_k3][k=-][s=-] INFO Adam     1/1000  loss=6.6056e+00  pde=6.3864e+00  bc=4.3833e-02  ic=0.0000e+00  fc=0.0000e+00
2026-05-28 10:05:19 [pinn_trainer][square][ak_k3][k=-][s=-] INFO Adam   500/1000  loss=2.5656e-03  pde=1.7027e-03  bc=1.7258e-04  ic=0.0000e+00  fc=0.0000e+00
2026-05-28 10:05:38 [pinn_trainer][square][ak_k3][k=-][s=-] INFO Adam  1000/1000  loss=8.9080e-06  pde=3.0855e-06  bc=1.1645e-06  ic=0.0000e+00  fc=0.0000e+00
2026-05-28 10:05:40 [pinn_trainer][square][ak_k3][k=-][s=-] INFO L-BFGS  300/300  loss=9.5125e-06
2026-05-28 10:05:40 [pinn_trainer][square][ak_k3][k=-][s=-] INFO Training done in 41.5 s
2026-05-28 10:05:40 [adaptive_k][square][adaptive_k][k=adaptive][s=8] INFO   Win  6  k=3  [9.0→13.5 s]  interior_MAE=0.285°C  → k_next=4
2026-05-28 10:05:40 [pinn_trainer][square][ak_k4][k=-][s=-] INFO Training start: t=[13.5,19.5]s  epochs_adam=1000  epochs_lbfgs=300  params=47890
2026-05-28 10:05:42 [pinn_trainer][square][ak_k4][k=-][s=-] INFO Adam     1/1000  loss=3.5058e+00  pde=2.1626e+00  bc=2.6866e-01  ic=0.0000e+00  fc=0.0000e+00
2026-05-28 10:06:00 [pinn_trainer][square][ak_k4][k=-][s=-] INFO Adam   500/1000  loss=5.7003e-06  pde=4.8116e-06  bc=1.7774e-07  ic=0.0000e+00  fc=0.0000e+00
2026-05-28 10:06:19 [pinn_trainer][square][ak_k4][k=-][s=-] INFO Adam  1000/1000  loss=2.1305e-06  pde=1.8314e-06  bc=5.9820e-08  ic=0.0000e+00  fc=0.0000e+00
2026-05-28 10:06:21 [pinn_trainer][square][ak_k4][k=-][s=-] INFO L-BFGS  300/300  loss=2.1673e-06
2026-05-28 10:06:21 [pinn_trainer][square][ak_k4][k=-][s=-] INFO Training done in 41.5 s
2026-05-28 10:06:21 [adaptive_k][square][adaptive_k][k=adaptive][s=8] INFO   Win  7  k=4  [13.5→19.5 s]  interior_MAE=0.021°C  → k_next=5
2026-05-28 10:06:21 [pinn_trainer][square][ak_k5][k=-][s=-] INFO Training start: t=[19.5,27.0]s  epochs_adam=1000  epochs_lbfgs=300  params=47890
2026-05-28 10:06:23 [pinn_trainer][square][ak_k5][k=-][s=-] INFO Adam     1/1000  loss=1.1048e+00  pde=4.4171e-01  bc=1.3262e-01  ic=0.0000e+00  fc=0.0000e+00
2026-05-28 10:06:42 [pinn_trainer][square][ak_k5][k=-][s=-] INFO Adam   500/1000  loss=1.3828e-06  pde=1.1397e-06  bc=4.8631e-08  ic=0.0000e+00  fc=0.0000e+00
2026-05-28 10:07:01 [pinn_trainer][square][ak_k5][k=-][s=-] INFO Adam  1000/1000  loss=6.6724e-07  pde=5.3936e-07  bc=2.5576e-08  ic=0.0000e+00  fc=0.0000e+00
2026-05-28 10:07:03 [pinn_trainer][square][ak_k5][k=-][s=-] INFO L-BFGS  300/300  loss=6.5558e-07
2026-05-28 10:07:03 [pinn_trainer][square][ak_k5][k=-][s=-] INFO Training done in 41.5 s
2026-05-28 10:07:03 [adaptive_k][square][adaptive_k][k=adaptive][s=8] INFO   Win  8  k=5  [19.5→27.0 s]  interior_MAE=0.006°C  → k_next=5
2026-05-28 10:07:03 [pinn_trainer][square][ak_k5][k=-][s=-] INFO Training start: t=[27.0,30.0]s  epochs_adam=1000  epochs_lbfgs=300  params=47890
2026-05-28 10:07:05 [pinn_trainer][square][ak_k5][k=-][s=-] INFO Adam     1/1000  loss=5.9957e+00  pde=5.5950e+00  bc=8.0146e-02  ic=0.0000e+00  fc=0.0000e+00
2026-05-28 10:07:24 [pinn_trainer][square][ak_k5][k=-][s=-] INFO Adam   500/1000  loss=7.6960e-03  pde=6.3410e-03  bc=2.7100e-04  ic=0.0000e+00  fc=0.0000e+00
2026-05-28 10:07:43 [pinn_trainer][square][ak_k5][k=-][s=-] INFO Adam  1000/1000  loss=8.7457e-06  pde=7.3123e-06  bc=2.8667e-07  ic=0.0000e+00  fc=0.0000e+00
2026-05-28 10:07:46 [pinn_trainer][square][ak_k5][k=-][s=-] INFO L-BFGS  300/300  loss=8.2955e-06
2026-05-28 10:07:46 [pinn_trainer][square][ak_k5][k=-][s=-] INFO Training done in 43.0 s
2026-05-28 10:07:46 [adaptive_k][square][adaptive_k][k=adaptive][s=8] INFO   Win  9  k=5  [27.0→30.0 s]  interior_MAE=0.017°C  → k_next=5
2026-05-28 10:07:46 [adaptive_k][square][adaptive_k][k=adaptive][s=8] INFO AdaptiveK done | wins=9 | FEM_solves=9/60 | FEM_saving=85% | MAE=1.736°C | L2=0.0150 | t=414 s
2026-05-28 10:07:46 [adaptive_k][square][adaptive_k][k=adaptive][s=8] INFO k schedule: t=0.0s:k=1 → t=1.5s:k=1 → t=3.0s:k=1 → t=4.5s:k=1 → t=6.0s:k=2 → t=9.0s:k=3 → t=13.5s:k=4 → t=19.5s:k=5 → t=27.0s:k=5
2026-05-28 10:07:46 [adaptive_k][square][adaptive_k][k=adaptive][s=8] INFO Saved → /home/coder/NAS-PINNS1/thermal_pinn/quenching_mswp/results/adaptive_k/square/seed8_adaptive_nsga2_153
2026-05-28 10:07:46 [stage_adaptive_k][all][adaptive_k][k=-][s=-] INFO RESULT geo=square   seed=8 | MAE=1.736°C | L2=0.0150 | FEM_solves=9/60 | FEM_saving=85%
2026-05-28 10:07:46 [stage_adaptive_k][all][adaptive_k][k=-][s=-] INFO AdaptiveK | geo=square seed=9 arch=[153, 153, 153] thr_up=2.0 thr_dn=5.0
2026-05-28 10:07:46 [adaptive_k][square][adaptive_k][k=adaptive][s=9] INFO AdaptiveK | arch=[153, 153, 153] | k=[1..5] | thr_up=2.0°C thr_dn=5.0°C | fourier=False
2026-05-28 10:07:46 [pinn_trainer][square][ak_k1][k=-][s=-] INFO Training start: t=[0.0,1.5]s  epochs_adam=1000  epochs_lbfgs=300  params=47890
2026-05-28 10:07:48 [pinn_trainer][square][ak_k1][k=-][s=-] INFO Adam     1/1000  loss=2.5273e+02  pde=2.4446e+02  bc=1.6540e+00  ic=0.0000e+00  fc=0.0000e+00
2026-05-28 10:08:07 [pinn_trainer][square][ak_k1][k=-][s=-] INFO Adam   500/1000  loss=2.3417e+00  pde=1.5632e+00  bc=1.5571e-01  ic=0.0000e+00  fc=0.0000e+00
2026-05-28 10:08:27 [pinn_trainer][square][ak_k1][k=-][s=-] INFO Adam  1000/1000  loss=1.3129e+00  pde=6.2839e-01  bc=1.3690e-01  ic=0.0000e+00  fc=0.0000e+00
2026-05-28 10:08:37 [pinn_trainer][square][ak_k1][k=-][s=-] INFO L-BFGS  300/300  loss=1.3872e+00
2026-05-28 10:08:37 [pinn_trainer][square][ak_k1][k=-][s=-] INFO Training done in 50.1 s
2026-05-28 10:08:37 [adaptive_k][square][adaptive_k][k=adaptive][s=9] INFO   Win  1  k=1  [0.0→1.5 s]  interior_MAE=32.029°C  → k_next=1
2026-05-28 10:08:37 [pinn_trainer][square][ak_k1][k=-][s=-] INFO Training start: t=[1.5,3.0]s  epochs_adam=1000  epochs_lbfgs=300  params=47890
2026-05-28 10:08:38 [pinn_trainer][square][ak_k1][k=-][s=-] INFO Adam     1/1000  loss=4.8442e+01  pde=4.7897e+01  bc=1.0904e-01  ic=0.0000e+00  fc=0.0000e+00
2026-05-28 10:08:58 [pinn_trainer][square][ak_k1][k=-][s=-] INFO Adam   500/1000  loss=3.4124e-01  pde=2.5361e-01  bc=1.7526e-02  ic=0.0000e+00  fc=0.0000e+00
2026-05-28 10:09:17 [pinn_trainer][square][ak_k1][k=-][s=-] INFO Adam  1000/1000  loss=1.8028e-01  pde=1.0063e-01  bc=1.5931e-02  ic=0.0000e+00  fc=0.0000e+00
2026-05-28 10:09:27 [pinn_trainer][square][ak_k1][k=-][s=-] INFO L-BFGS  300/300  loss=1.8731e-01
2026-05-28 10:09:27 [pinn_trainer][square][ak_k1][k=-][s=-] INFO Training done in 50.0 s
2026-05-28 10:09:27 [adaptive_k][square][adaptive_k][k=adaptive][s=9] INFO   Win  2  k=1  [1.5→3.0 s]  interior_MAE=12.438°C  → k_next=1
2026-05-28 10:09:27 [pinn_trainer][square][ak_k1][k=-][s=-] INFO Training start: t=[3.0,4.5]s  epochs_adam=1000  epochs_lbfgs=300  params=47890
2026-05-28 10:09:28 [pinn_trainer][square][ak_k1][k=-][s=-] INFO Adam     1/1000  loss=3.7088e+01  pde=3.5894e+01  bc=2.3878e-01  ic=0.0000e+00  fc=0.0000e+00
2026-05-28 10:09:48 [pinn_trainer][square][ak_k1][k=-][s=-] INFO Adam   500/1000  loss=5.9573e-02  pde=4.7441e-02  bc=2.4265e-03  ic=0.0000e+00  fc=0.0000e+00
2026-05-28 10:10:07 [pinn_trainer][square][ak_k1][k=-][s=-] INFO Adam  1000/1000  loss=3.0593e-02  pde=1.9460e-02  bc=2.2266e-03  ic=0.0000e+00  fc=0.0000e+00
2026-05-28 10:10:17 [pinn_trainer][square][ak_k1][k=-][s=-] INFO L-BFGS  300/300  loss=3.1579e-02
2026-05-28 10:10:17 [pinn_trainer][square][ak_k1][k=-][s=-] INFO Training done in 50.5 s
2026-05-28 10:10:17 [adaptive_k][square][adaptive_k][k=adaptive][s=9] INFO   Win  3  k=1  [3.0→4.5 s]  interior_MAE=3.850°C  → k_next=1
2026-05-28 10:10:17 [pinn_trainer][square][ak_k1][k=-][s=-] INFO Training start: t=[4.5,6.0]s  epochs_adam=1000  epochs_lbfgs=300  params=47890
2026-05-28 10:10:19 [pinn_trainer][square][ak_k1][k=-][s=-] INFO Adam     1/1000  loss=3.9825e+01  pde=3.7720e+01  bc=4.2101e-01  ic=0.0000e+00  fc=0.0000e+00
2026-05-28 10:10:38 [pinn_trainer][square][ak_k1][k=-][s=-] INFO Adam   500/1000  loss=2.4954e-02  pde=2.2096e-02  bc=5.7149e-04  ic=0.0000e+00  fc=0.0000e+00
2026-05-28 10:10:57 [pinn_trainer][square][ak_k1][k=-][s=-] INFO Adam  1000/1000  loss=5.2477e-03  pde=3.9298e-03  bc=2.6358e-04  ic=0.0000e+00  fc=0.0000e+00
2026-05-28 10:11:07 [pinn_trainer][square][ak_k1][k=-][s=-] INFO L-BFGS  300/300  loss=5.3067e-03
2026-05-28 10:11:07 [pinn_trainer][square][ak_k1][k=-][s=-] INFO Training done in 50.0 s
2026-05-28 10:11:07 [adaptive_k][square][adaptive_k][k=adaptive][s=9] INFO   Win  4  k=1  [4.5→6.0 s]  interior_MAE=1.379°C  → k_next=2
2026-05-28 10:11:07 [pinn_trainer][square][ak_k2][k=-][s=-] INFO Training start: t=[6.0,9.0]s  epochs_adam=1000  epochs_lbfgs=300  params=47890
2026-05-28 10:11:09 [pinn_trainer][square][ak_k2][k=-][s=-] INFO Adam     1/1000  loss=4.8874e+01  pde=3.8515e+01  bc=2.0716e+00  ic=0.0000e+00  fc=0.0000e+00
2026-05-28 10:11:28 [pinn_trainer][square][ak_k2][k=-][s=-] INFO Adam   500/1000  loss=4.0471e-03  pde=3.1689e-03  bc=1.7564e-04  ic=0.0000e+00  fc=0.0000e+00
2026-05-28 10:11:47 [pinn_trainer][square][ak_k2][k=-][s=-] INFO Adam  1000/1000  loss=2.9278e-04  pde=7.3938e-05  bc=4.3769e-05  ic=0.0000e+00  fc=0.0000e+00
2026-05-28 10:11:54 [pinn_trainer][square][ak_k2][k=-][s=-] INFO L-BFGS  300/300  loss=3.3003e-04
2026-05-28 10:11:54 [pinn_trainer][square][ak_k2][k=-][s=-] INFO Training done in 46.9 s
2026-05-28 10:11:54 [adaptive_k][square][adaptive_k][k=adaptive][s=9] INFO   Win  5  k=2  [6.0→9.0 s]  interior_MAE=0.751°C  → k_next=3
2026-05-28 10:11:54 [pinn_trainer][square][ak_k3][k=-][s=-] INFO Training start: t=[9.0,13.5]s  epochs_adam=1000  epochs_lbfgs=300  params=47890
2026-05-28 10:11:56 [pinn_trainer][square][ak_k3][k=-][s=-] INFO Adam     1/1000  loss=1.0743e+01  pde=9.7474e+00  bc=1.9908e-01  ic=0.0000e+00  fc=0.0000e+00
2026-05-28 10:12:15 [pinn_trainer][square][ak_k3][k=-][s=-] INFO Adam   500/1000  loss=1.8125e-03  pde=1.7991e-03  bc=2.6717e-06  ic=0.0000e+00  fc=0.0000e+00
2026-05-28 10:12:34 [pinn_trainer][square][ak_k3][k=-][s=-] INFO Adam  1000/1000  loss=9.3048e-06  pde=3.8566e-06  bc=1.0896e-06  ic=0.0000e+00  fc=0.0000e+00
2026-05-28 10:12:37 [pinn_trainer][square][ak_k3][k=-][s=-] INFO L-BFGS  300/300  loss=1.0335e-05
2026-05-28 10:12:37 [pinn_trainer][square][ak_k3][k=-][s=-] INFO Training done in 42.6 s
2026-05-28 10:12:37 [adaptive_k][square][adaptive_k][k=adaptive][s=9] INFO   Win  6  k=3  [9.0→13.5 s]  interior_MAE=0.288°C  → k_next=4
2026-05-28 10:12:37 [pinn_trainer][square][ak_k4][k=-][s=-] INFO Training start: t=[13.5,19.5]s  epochs_adam=1000  epochs_lbfgs=300  params=47890
2026-05-28 10:12:38 [pinn_trainer][square][ak_k4][k=-][s=-] INFO Adam     1/1000  loss=5.4428e+00  pde=3.0672e+00  bc=4.7512e-01  ic=0.0000e+00  fc=0.0000e+00
2026-05-28 10:12:57 [pinn_trainer][square][ak_k4][k=-][s=-] INFO Adam   500/1000  loss=1.2717e-03  pde=7.7145e-04  bc=1.0005e-04  ic=0.0000e+00  fc=0.0000e+00
2026-05-28 10:13:16 [pinn_trainer][square][ak_k4][k=-][s=-] INFO Adam  1000/1000  loss=3.9978e-06  pde=3.4329e-06  bc=1.1298e-07  ic=0.0000e+00  fc=0.0000e+00
2026-05-28 10:13:18 [pinn_trainer][square][ak_k4][k=-][s=-] INFO L-BFGS  300/300  loss=3.9546e-06
2026-05-28 10:13:18 [pinn_trainer][square][ak_k4][k=-][s=-] INFO Training done in 41.9 s
2026-05-28 10:13:19 [adaptive_k][square][adaptive_k][k=adaptive][s=9] INFO   Win  7  k=4  [13.5→19.5 s]  interior_MAE=0.024°C  → k_next=5
2026-05-28 10:13:19 [pinn_trainer][square][ak_k5][k=-][s=-] INFO Training start: t=[19.5,27.0]s  epochs_adam=1000  epochs_lbfgs=300  params=47890
2026-05-28 10:13:20 [pinn_trainer][square][ak_k5][k=-][s=-] INFO Adam     1/1000  loss=1.8621e+00  pde=1.4312e+00  bc=8.6177e-02  ic=0.0000e+00  fc=0.0000e+00
2026-05-28 10:13:39 [pinn_trainer][square][ak_k5][k=-][s=-] INFO Adam   500/1000  loss=2.2809e-06  pde=1.7002e-06  bc=1.1613e-07  ic=0.0000e+00  fc=0.0000e+00
2026-05-28 10:13:58 [pinn_trainer][square][ak_k5][k=-][s=-] INFO Adam  1000/1000  loss=1.5179e-06  pde=1.1418e-06  bc=7.5219e-08  ic=0.0000e+00  fc=0.0000e+00
2026-05-28 10:14:00 [pinn_trainer][square][ak_k5][k=-][s=-] INFO L-BFGS  300/300  loss=1.4170e-06
2026-05-28 10:14:00 [pinn_trainer][square][ak_k5][k=-][s=-] INFO Training done in 41.7 s
2026-05-28 10:14:00 [adaptive_k][square][adaptive_k][k=adaptive][s=9] INFO   Win  8  k=5  [19.5→27.0 s]  interior_MAE=0.022°C  → k_next=5
2026-05-28 10:14:00 [pinn_trainer][square][ak_k5][k=-][s=-] INFO Training start: t=[27.0,30.0]s  epochs_adam=1000  epochs_lbfgs=300  params=47890
2026-05-28 10:14:02 [pinn_trainer][square][ak_k5][k=-][s=-] INFO Adam     1/1000  loss=5.2844e+00  pde=4.3089e+00  bc=1.9511e-01  ic=0.0000e+00  fc=0.0000e+00
2026-05-28 10:14:21 [pinn_trainer][square][ak_k5][k=-][s=-] INFO Adam   500/1000  loss=4.7403e-03  pde=4.0481e-03  bc=1.3843e-04  ic=0.0000e+00  fc=0.0000e+00
2026-05-28 10:14:40 [pinn_trainer][square][ak_k5][k=-][s=-] INFO Adam  1000/1000  loss=5.4247e-06  pde=4.6937e-06  bc=1.4620e-07  ic=0.0000e+00  fc=0.0000e+00
2026-05-28 10:14:42 [pinn_trainer][square][ak_k5][k=-][s=-] INFO L-BFGS  300/300  loss=5.2253e-06
2026-05-28 10:14:42 [pinn_trainer][square][ak_k5][k=-][s=-] INFO Training done in 41.4 s
2026-05-28 10:14:42 [adaptive_k][square][adaptive_k][k=adaptive][s=9] INFO   Win  9  k=5  [27.0→30.0 s]  interior_MAE=0.051°C  → k_next=5
2026-05-28 10:14:42 [adaptive_k][square][adaptive_k][k=adaptive][s=9] INFO AdaptiveK done | wins=9 | FEM_solves=9/60 | FEM_saving=85% | MAE=1.771°C | L2=0.0153 | t=415 s
2026-05-28 10:14:42 [adaptive_k][square][adaptive_k][k=adaptive][s=9] INFO k schedule: t=0.0s:k=1 → t=1.5s:k=1 → t=3.0s:k=1 → t=4.5s:k=1 → t=6.0s:k=2 → t=9.0s:k=3 → t=13.5s:k=4 → t=19.5s:k=5 → t=27.0s:k=5
2026-05-28 10:14:42 [adaptive_k][square][adaptive_k][k=adaptive][s=9] INFO Saved → /home/coder/NAS-PINNS1/thermal_pinn/quenching_mswp/results/adaptive_k/square/seed9_adaptive_nsga2_153
2026-05-28 10:14:42 [stage_adaptive_k][all][adaptive_k][k=-][s=-] INFO RESULT geo=square   seed=9 | MAE=1.771°C | L2=0.0153 | FEM_solves=9/60 | FEM_saving=85%
2026-05-28 10:14:43 [stage_adaptive_k][all][adaptive_k][k=-][s=-] INFO AdaptiveK | geo=circle seed=1 arch=[153, 153, 153] thr_up=2.0 thr_dn=5.0
2026-05-28 10:14:43 [adaptive_k][circle][adaptive_k][k=adaptive][s=1] INFO AdaptiveK | arch=[153, 153, 153] | k=[1..5] | thr_up=2.0°C thr_dn=5.0°C | fourier=False
2026-05-28 10:14:43 [pinn_trainer][circle][ak_k1][k=-][s=-] INFO Training start: t=[0.0,1.5]s  epochs_adam=1000  epochs_lbfgs=300  params=47890
2026-05-28 10:14:45 [pinn_trainer][circle][ak_k1][k=-][s=-] INFO Adam     1/1000  loss=1.6512e+02  pde=1.6270e+02  bc=4.8411e-01  ic=0.0000e+00  fc=0.0000e+00
2026-05-28 10:15:07 [pinn_trainer][circle][ak_k1][k=-][s=-] INFO Adam   500/1000  loss=2.5090e+00  pde=1.8461e+00  bc=1.3256e-01  ic=0.0000e+00  fc=0.0000e+00
2026-05-28 10:15:29 [pinn_trainer][circle][ak_k1][k=-][s=-] INFO Adam  1000/1000  loss=1.4700e+00  pde=8.6196e-01  bc=1.2161e-01  ic=0.0000e+00  fc=0.0000e+00
2026-05-28 10:15:39 [pinn_trainer][circle][ak_k1][k=-][s=-] INFO L-BFGS  300/300  loss=1.5470e+00
2026-05-28 10:15:39 [pinn_trainer][circle][ak_k1][k=-][s=-] INFO Training done in 56.2 s
2026-05-28 10:15:39 [adaptive_k][circle][adaptive_k][k=adaptive][s=1] INFO   Win  1  k=1  [0.0→1.5 s]  interior_MAE=30.390°C  → k_next=1
2026-05-28 10:15:39 [pinn_trainer][circle][ak_k1][k=-][s=-] INFO Training start: t=[1.5,3.0]s  epochs_adam=1000  epochs_lbfgs=300  params=47890
2026-05-28 10:15:42 [pinn_trainer][circle][ak_k1][k=-][s=-] INFO Adam     1/1000  loss=1.9226e+02  pde=1.8917e+02  bc=6.1841e-01  ic=0.0000e+00  fc=0.0000e+00
2026-05-28 10:16:04 [pinn_trainer][circle][ak_k1][k=-][s=-] INFO Adam   500/1000  loss=2.5073e-01  pde=1.7073e-01  bc=1.5999e-02  ic=0.0000e+00  fc=0.0000e+00
2026-05-28 10:16:25 [pinn_trainer][circle][ak_k1][k=-][s=-] INFO Adam  1000/1000  loss=1.7872e-01  pde=1.1360e-01  bc=1.3024e-02  ic=0.0000e+00  fc=0.0000e+00
2026-05-28 10:16:36 [pinn_trainer][circle][ak_k1][k=-][s=-] INFO L-BFGS  300/300  loss=1.8951e-01
2026-05-28 10:16:36 [pinn_trainer][circle][ak_k1][k=-][s=-] INFO Training done in 56.3 s
2026-05-28 10:16:36 [adaptive_k][circle][adaptive_k][k=adaptive][s=1] INFO   Win  2  k=1  [1.5→3.0 s]  interior_MAE=10.847°C  → k_next=1
2026-05-28 10:16:36 [pinn_trainer][circle][ak_k1][k=-][s=-] INFO Training start: t=[3.0,4.5]s  epochs_adam=1000  epochs_lbfgs=300  params=47890
2026-05-28 10:16:38 [pinn_trainer][circle][ak_k1][k=-][s=-] INFO Adam     1/1000  loss=1.5672e+02  pde=1.5200e+02  bc=9.4436e-01  ic=0.0000e+00  fc=0.0000e+00
2026-05-28 10:17:00 [pinn_trainer][circle][ak_k1][k=-][s=-] INFO Adam   500/1000  loss=4.1257e-02  pde=3.0327e-02  bc=2.1861e-03  ic=0.0000e+00  fc=0.0000e+00
2026-05-28 10:17:21 [pinn_trainer][circle][ak_k1][k=-][s=-] INFO Adam  1000/1000  loss=2.1060e-02  pde=1.2019e-02  bc=1.8082e-03  ic=0.0000e+00  fc=0.0000e+00
2026-05-28 10:17:32 [pinn_trainer][circle][ak_k1][k=-][s=-] INFO L-BFGS  300/300  loss=2.2600e-02
2026-05-28 10:17:32 [pinn_trainer][circle][ak_k1][k=-][s=-] INFO Training done in 56.2 s
2026-05-28 10:17:32 [adaptive_k][circle][adaptive_k][k=adaptive][s=1] INFO   Win  3  k=1  [3.0→4.5 s]  interior_MAE=3.688°C  → k_next=1
2026-05-28 10:17:32 [pinn_trainer][circle][ak_k1][k=-][s=-] INFO Training start: t=[4.5,6.0]s  epochs_adam=1000  epochs_lbfgs=300  params=47890
2026-05-28 10:17:34 [pinn_trainer][circle][ak_k1][k=-][s=-] INFO Adam     1/1000  loss=5.6881e+01  pde=5.1696e+01  bc=1.0370e+00  ic=0.0000e+00  fc=0.0000e+00
2026-05-28 10:17:56 [pinn_trainer][circle][ak_k1][k=-][s=-] INFO Adam   500/1000  loss=1.8286e-02  pde=1.5645e-02  bc=5.2823e-04  ic=0.0000e+00  fc=0.0000e+00
2026-05-28 10:18:17 [pinn_trainer][circle][ak_k1][k=-][s=-] INFO Adam  1000/1000  loss=3.4773e-03  pde=2.2434e-03  bc=2.4678e-04  ic=0.0000e+00  fc=0.0000e+00
2026-05-28 10:18:28 [pinn_trainer][circle][ak_k1][k=-][s=-] INFO L-BFGS  300/300  loss=3.6663e-03
2026-05-28 10:18:28 [pinn_trainer][circle][ak_k1][k=-][s=-] INFO Training done in 56.3 s
2026-05-28 10:18:28 [adaptive_k][circle][adaptive_k][k=adaptive][s=1] INFO   Win  4  k=1  [4.5→6.0 s]  interior_MAE=1.268°C  → k_next=2
2026-05-28 10:18:28 [pinn_trainer][circle][ak_k2][k=-][s=-] INFO Training start: t=[6.0,9.0]s  epochs_adam=1000  epochs_lbfgs=300  params=47890
2026-05-28 10:18:30 [pinn_trainer][circle][ak_k2][k=-][s=-] INFO Adam     1/1000  loss=1.8488e+01  pde=1.5389e+01  bc=6.1975e-01  ic=0.0000e+00  fc=0.0000e+00
2026-05-28 10:18:52 [pinn_trainer][circle][ak_k2][k=-][s=-] INFO Adam   500/1000  loss=4.3082e-03  pde=3.6776e-03  bc=1.2612e-04  ic=0.0000e+00  fc=0.0000e+00
2026-05-28 10:19:14 [pinn_trainer][circle][ak_k2][k=-][s=-] INFO Adam  1000/1000  loss=2.7668e-04  pde=7.8574e-05  bc=3.9620e-05  ic=0.0000e+00  fc=0.0000e+00
2026-05-28 10:19:21 [pinn_trainer][circle][ak_k2][k=-][s=-] INFO L-BFGS  300/300  loss=3.0830e-04
2026-05-28 10:19:21 [pinn_trainer][circle][ak_k2][k=-][s=-] INFO Training done in 53.0 s
2026-05-28 10:19:21 [adaptive_k][circle][adaptive_k][k=adaptive][s=1] INFO   Win  5  k=2  [6.0→9.0 s]  interior_MAE=0.680°C  → k_next=3
2026-05-28 10:19:21 [pinn_trainer][circle][ak_k3][k=-][s=-] INFO Training start: t=[9.0,13.5]s  epochs_adam=1000  epochs_lbfgs=300  params=47890
2026-05-28 10:19:23 [pinn_trainer][circle][ak_k3][k=-][s=-] INFO Adam     1/1000  loss=1.1511e+01  pde=8.8767e+00  bc=5.2685e-01  ic=0.0000e+00  fc=0.0000e+00
2026-05-28 10:19:45 [pinn_trainer][circle][ak_k3][k=-][s=-] INFO Adam   500/1000  loss=2.0435e-03  pde=1.1476e-03  bc=1.7918e-04  ic=0.0000e+00  fc=0.0000e+00
2026-05-28 10:20:07 [pinn_trainer][circle][ak_k3][k=-][s=-] INFO Adam  1000/1000  loss=9.4863e-06  pde=5.2326e-06  bc=8.5074e-07  ic=0.0000e+00  fc=0.0000e+00
2026-05-28 10:20:09 [pinn_trainer][circle][ak_k3][k=-][s=-] INFO L-BFGS  300/300  loss=9.8332e-06
2026-05-28 10:20:09 [pinn_trainer][circle][ak_k3][k=-][s=-] INFO Training done in 47.9 s
2026-05-28 10:20:09 [adaptive_k][circle][adaptive_k][k=adaptive][s=1] INFO   Win  6  k=3  [9.0→13.5 s]  interior_MAE=0.250°C  → k_next=4
2026-05-28 10:20:09 [pinn_trainer][circle][ak_k4][k=-][s=-] INFO Training start: t=[13.5,19.5]s  epochs_adam=1000  epochs_lbfgs=300  params=47890
2026-05-28 10:20:12 [pinn_trainer][circle][ak_k4][k=-][s=-] INFO Adam     1/1000  loss=1.6355e-01  pde=1.2654e-01  bc=7.4025e-03  ic=0.0000e+00  fc=0.0000e+00
2026-05-28 10:20:33 [pinn_trainer][circle][ak_k4][k=-][s=-] INFO Adam   500/1000  loss=1.9038e-06  pde=1.5682e-06  bc=6.7124e-08  ic=0.0000e+00  fc=0.0000e+00
2026-05-28 10:20:55 [pinn_trainer][circle][ak_k4][k=-][s=-] INFO Adam  1000/1000  loss=7.2428e-07  pde=5.9958e-07  bc=2.4939e-08  ic=0.0000e+00  fc=0.0000e+00
2026-05-28 10:20:57 [pinn_trainer][circle][ak_k4][k=-][s=-] INFO L-BFGS  300/300  loss=7.3557e-07
2026-05-28 10:20:57 [pinn_trainer][circle][ak_k4][k=-][s=-] INFO Training done in 48.0 s
2026-05-28 10:20:57 [adaptive_k][circle][adaptive_k][k=adaptive][s=1] INFO   Win  7  k=4  [13.5→19.5 s]  interior_MAE=0.008°C  → k_next=5
2026-05-28 10:20:57 [pinn_trainer][circle][ak_k5][k=-][s=-] INFO Training start: t=[19.5,27.0]s  epochs_adam=1000  epochs_lbfgs=300  params=47890
2026-05-28 10:21:00 [pinn_trainer][circle][ak_k5][k=-][s=-] INFO Adam     1/1000  loss=2.6949e+01  pde=1.6466e+01  bc=2.0967e+00  ic=0.0000e+00  fc=0.0000e+00
2026-05-28 10:21:21 [pinn_trainer][circle][ak_k5][k=-][s=-] INFO Adam   500/1000  loss=3.7134e-06  pde=2.7542e-06  bc=1.9183e-07  ic=0.0000e+00  fc=0.0000e+00
2026-05-28 10:21:43 [pinn_trainer][circle][ak_k5][k=-][s=-] INFO Adam  1000/1000  loss=2.2882e-06  pde=1.7145e-06  bc=1.1476e-07  ic=0.0000e+00  fc=0.0000e+00
2026-05-28 10:21:46 [pinn_trainer][circle][ak_k5][k=-][s=-] INFO L-BFGS  300/300  loss=2.3491e-06
2026-05-28 10:21:46 [pinn_trainer][circle][ak_k5][k=-][s=-] INFO Training done in 48.5 s
2026-05-28 10:21:46 [adaptive_k][circle][adaptive_k][k=adaptive][s=1] INFO   Win  8  k=5  [19.5→27.0 s]  interior_MAE=0.026°C  → k_next=5
2026-05-28 10:21:46 [pinn_trainer][circle][ak_k5][k=-][s=-] INFO Training start: t=[27.0,30.0]s  epochs_adam=1000  epochs_lbfgs=300  params=47890
2026-05-28 10:21:48 [pinn_trainer][circle][ak_k5][k=-][s=-] INFO Adam     1/1000  loss=2.3223e+01  pde=2.0460e+01  bc=5.5268e-01  ic=0.0000e+00  fc=0.0000e+00
2026-05-28 10:22:10 [pinn_trainer][circle][ak_k5][k=-][s=-] INFO Adam   500/1000  loss=1.2733e-03  pde=1.0694e-03  bc=4.0782e-05  ic=0.0000e+00  fc=0.0000e+00
2026-05-28 10:22:32 [pinn_trainer][circle][ak_k5][k=-][s=-] INFO Adam  1000/1000  loss=4.2685e-06  pde=3.8327e-06  bc=8.7160e-08  ic=0.0000e+00  fc=0.0000e+00
2026-05-28 10:22:34 [pinn_trainer][circle][ak_k5][k=-][s=-] INFO L-BFGS  300/300  loss=4.1801e-06
2026-05-28 10:22:34 [pinn_trainer][circle][ak_k5][k=-][s=-] INFO Training done in 48.0 s
2026-05-28 10:22:34 [adaptive_k][circle][adaptive_k][k=adaptive][s=1] INFO   Win  9  k=5  [27.0→30.0 s]  interior_MAE=0.009°C  → k_next=5
2026-05-28 10:22:34 [adaptive_k][circle][adaptive_k][k=adaptive][s=1] INFO AdaptiveK done | wins=9 | FEM_solves=9/60 | FEM_saving=85% | MAE=1.638°C | L2=0.0134 | t=471 s
2026-05-28 10:22:34 [adaptive_k][circle][adaptive_k][k=adaptive][s=1] INFO k schedule: t=0.0s:k=1 → t=1.5s:k=1 → t=3.0s:k=1 → t=4.5s:k=1 → t=6.0s:k=2 → t=9.0s:k=3 → t=13.5s:k=4 → t=19.5s:k=5 → t=27.0s:k=5
2026-05-28 10:22:34 [adaptive_k][circle][adaptive_k][k=adaptive][s=1] INFO Saved → /home/coder/NAS-PINNS1/thermal_pinn/quenching_mswp/results/adaptive_k/circle/seed1_adaptive_nsga2_153
2026-05-28 10:22:36 [stage_adaptive_k][all][adaptive_k][k=-][s=-] INFO RESULT geo=circle   seed=1 | MAE=1.638°C | L2=0.0134 | FEM_solves=9/60 | FEM_saving=85%
2026-05-28 10:22:36 [stage_adaptive_k][all][adaptive_k][k=-][s=-] INFO AdaptiveK | geo=circle seed=2 arch=[153, 153, 153] thr_up=2.0 thr_dn=5.0
2026-05-28 10:22:36 [adaptive_k][circle][adaptive_k][k=adaptive][s=2] INFO AdaptiveK | arch=[153, 153, 153] | k=[1..5] | thr_up=2.0°C thr_dn=5.0°C | fourier=False
2026-05-28 10:22:36 [pinn_trainer][circle][ak_k1][k=-][s=-] INFO Training start: t=[0.0,1.5]s  epochs_adam=1000  epochs_lbfgs=300  params=47890
2026-05-28 10:22:38 [pinn_trainer][circle][ak_k1][k=-][s=-] INFO Adam     1/1000  loss=2.5275e+02  pde=2.4828e+02  bc=8.9489e-01  ic=0.0000e+00  fc=0.0000e+00
2026-05-28 10:23:00 [pinn_trainer][circle][ak_k1][k=-][s=-] INFO Adam   500/1000  loss=2.1532e+00  pde=1.4645e+00  bc=1.3774e-01  ic=0.0000e+00  fc=0.0000e+00
2026-05-28 10:23:22 [pinn_trainer][circle][ak_k1][k=-][s=-] INFO Adam  1000/1000  loss=1.0396e+00  pde=3.8597e-01  bc=1.3074e-01  ic=0.0000e+00  fc=0.0000e+00
2026-05-28 10:23:33 [pinn_trainer][circle][ak_k1][k=-][s=-] INFO L-BFGS  300/300  loss=1.1417e+00
2026-05-28 10:23:33 [pinn_trainer][circle][ak_k1][k=-][s=-] INFO Training done in 56.9 s
2026-05-28 10:23:33 [adaptive_k][circle][adaptive_k][k=adaptive][s=2] INFO   Win  1  k=1  [0.0→1.5 s]  interior_MAE=31.261°C  → k_next=1
2026-05-28 10:23:33 [pinn_trainer][circle][ak_k1][k=-][s=-] INFO Training start: t=[1.5,3.0]s  epochs_adam=1000  epochs_lbfgs=300  params=47890
2026-05-28 10:23:35 [pinn_trainer][circle][ak_k1][k=-][s=-] INFO Adam     1/1000  loss=5.4811e+01  pde=5.1798e+01  bc=6.0253e-01  ic=0.0000e+00  fc=0.0000e+00
2026-05-28 10:23:57 [pinn_trainer][circle][ak_k1][k=-][s=-] INFO Adam   500/1000  loss=3.6633e-01  pde=2.7764e-01  bc=1.7740e-02  ic=0.0000e+00  fc=0.0000e+00
2026-05-28 10:24:19 [pinn_trainer][circle][ak_k1][k=-][s=-] INFO Adam  1000/1000  loss=1.7966e-01  pde=1.1371e-01  bc=1.3191e-02  ic=0.0000e+00  fc=0.0000e+00
2026-05-28 10:24:30 [pinn_trainer][circle][ak_k1][k=-][s=-] INFO L-BFGS  300/300  loss=1.9025e-01
2026-05-28 10:24:30 [pinn_trainer][circle][ak_k1][k=-][s=-] INFO Training done in 57.0 s
2026-05-28 10:24:30 [adaptive_k][circle][adaptive_k][k=adaptive][s=2] INFO   Win  2  k=1  [1.5→3.0 s]  interior_MAE=10.963°C  → k_next=1
2026-05-28 10:24:30 [pinn_trainer][circle][ak_k1][k=-][s=-] INFO Training start: t=[3.0,4.5]s  epochs_adam=1000  epochs_lbfgs=300  params=47890
2026-05-28 10:24:32 [pinn_trainer][circle][ak_k1][k=-][s=-] INFO Adam     1/1000  loss=1.0770e+02  pde=1.0191e+02  bc=1.1581e+00  ic=0.0000e+00  fc=0.0000e+00
2026-05-28 10:24:55 [pinn_trainer][circle][ak_k1][k=-][s=-] INFO Adam   500/1000  loss=8.3533e-02  pde=7.1184e-02  bc=2.4697e-03  ic=0.0000e+00  fc=0.0000e+00
2026-05-28 10:25:17 [pinn_trainer][circle][ak_k1][k=-][s=-] INFO Adam  1000/1000  loss=2.6540e-02  pde=1.7717e-02  bc=1.7648e-03  ic=0.0000e+00  fc=0.0000e+00
2026-05-28 10:25:28 [pinn_trainer][circle][ak_k1][k=-][s=-] INFO L-BFGS  300/300  loss=2.7868e-02
2026-05-28 10:25:28 [pinn_trainer][circle][ak_k1][k=-][s=-] INFO Training done in 58.0 s
2026-05-28 10:25:28 [adaptive_k][circle][adaptive_k][k=adaptive][s=2] INFO   Win  3  k=1  [3.0→4.5 s]  interior_MAE=3.581°C  → k_next=1
2026-05-28 10:25:28 [pinn_trainer][circle][ak_k1][k=-][s=-] INFO Training start: t=[4.5,6.0]s  epochs_adam=1000  epochs_lbfgs=300  params=47890
2026-05-28 10:25:30 [pinn_trainer][circle][ak_k1][k=-][s=-] INFO Adam     1/1000  loss=1.2491e+02  pde=1.1618e+02  bc=1.7463e+00  ic=0.0000e+00  fc=0.0000e+00
2026-05-28 10:25:53 [pinn_trainer][circle][ak_k1][k=-][s=-] INFO Adam   500/1000  loss=4.1157e-02  pde=3.7646e-02  bc=7.0209e-04  ic=0.0000e+00  fc=0.0000e+00
2026-05-28 10:26:15 [pinn_trainer][circle][ak_k1][k=-][s=-] INFO Adam  1000/1000  loss=3.5078e-03  pde=2.2538e-03  bc=2.5080e-04  ic=0.0000e+00  fc=0.0000e+00
2026-05-28 10:26:26 [pinn_trainer][circle][ak_k1][k=-][s=-] INFO L-BFGS  300/300  loss=3.6797e-03
2026-05-28 10:26:26 [pinn_trainer][circle][ak_k1][k=-][s=-] INFO Training done in 58.1 s
2026-05-28 10:26:26 [adaptive_k][circle][adaptive_k][k=adaptive][s=2] INFO   Win  4  k=1  [4.5→6.0 s]  interior_MAE=1.323°C  → k_next=2
2026-05-28 10:26:26 [pinn_trainer][circle][ak_k2][k=-][s=-] INFO Training start: t=[6.0,9.0]s  epochs_adam=1000  epochs_lbfgs=300  params=47890
2026-05-28 10:26:28 [pinn_trainer][circle][ak_k2][k=-][s=-] INFO Adam     1/1000  loss=1.3427e+01  pde=1.3208e+01  bc=4.3902e-02  ic=0.0000e+00  fc=0.0000e+00
2026-05-28 10:26:51 [pinn_trainer][circle][ak_k2][k=-][s=-] INFO Adam   500/1000  loss=3.9807e-03  pde=3.2828e-03  bc=1.3958e-04  ic=0.0000e+00  fc=0.0000e+00
2026-05-28 10:27:13 [pinn_trainer][circle][ak_k2][k=-][s=-] INFO Adam  1000/1000  loss=2.4122e-04  pde=4.3552e-05  bc=3.9533e-05  ic=0.0000e+00  fc=0.0000e+00
2026-05-28 10:27:19 [pinn_trainer][circle][ak_k2][k=-][s=-] INFO L-BFGS  300/300  loss=2.7756e-04
2026-05-28 10:27:19 [pinn_trainer][circle][ak_k2][k=-][s=-] INFO Training done in 53.3 s
2026-05-28 10:27:19 [adaptive_k][circle][adaptive_k][k=adaptive][s=2] INFO   Win  5  k=2  [6.0→9.0 s]  interior_MAE=0.685°C  → k_next=3
2026-05-28 10:27:19 [pinn_trainer][circle][ak_k3][k=-][s=-] INFO Training start: t=[9.0,13.5]s  epochs_adam=1000  epochs_lbfgs=300  params=47890
2026-05-28 10:27:22 [pinn_trainer][circle][ak_k3][k=-][s=-] INFO Adam     1/1000  loss=4.2765e+00  pde=3.8072e+00  bc=9.3867e-02  ic=0.0000e+00  fc=0.0000e+00
2026-05-28 10:27:45 [pinn_trainer][circle][ak_k3][k=-][s=-] INFO Adam   500/1000  loss=5.2536e-03  pde=4.1732e-03  bc=2.1609e-04  ic=0.0000e+00  fc=0.0000e+00
2026-05-28 10:28:08 [pinn_trainer][circle][ak_k3][k=-][s=-] INFO Adam  1000/1000  loss=1.2196e-05  pde=5.2572e-06  bc=1.3877e-06  ic=0.0000e+00  fc=0.0000e+00
2026-05-28 10:28:12 [pinn_trainer][circle][ak_k3][k=-][s=-] INFO L-BFGS  300/300  loss=1.3515e-05
2026-05-28 10:28:12 [pinn_trainer][circle][ak_k3][k=-][s=-] INFO Training done in 52.7 s
2026-05-28 10:28:12 [adaptive_k][circle][adaptive_k][k=adaptive][s=2] INFO   Win  6  k=3  [9.0→13.5 s]  interior_MAE=0.240°C  → k_next=4
2026-05-28 10:28:12 [pinn_trainer][circle][ak_k4][k=-][s=-] INFO Training start: t=[13.5,19.5]s  epochs_adam=1000  epochs_lbfgs=300  params=47890
2026-05-28 10:28:15 [pinn_trainer][circle][ak_k4][k=-][s=-] INFO Adam     1/1000  loss=1.6340e+01  pde=1.1133e+01  bc=1.0414e+00  ic=0.0000e+00  fc=0.0000e+00
2026-05-28 10:28:37 [pinn_trainer][circle][ak_k4][k=-][s=-] INFO Adam   500/1000  loss=7.5089e-06  pde=6.2217e-06  bc=2.5744e-07  ic=0.0000e+00  fc=0.0000e+00
2026-05-28 10:28:59 [pinn_trainer][circle][ak_k4][k=-][s=-] INFO Adam  1000/1000  loss=2.5273e-06  pde=2.1785e-06  bc=6.9747e-08  ic=0.0000e+00  fc=0.0000e+00
2026-05-28 10:29:02 [pinn_trainer][circle][ak_k4][k=-][s=-] INFO L-BFGS  300/300  loss=2.6736e-06
2026-05-28 10:29:02 [pinn_trainer][circle][ak_k4][k=-][s=-] INFO Training done in 49.9 s
2026-05-28 10:29:02 [adaptive_k][circle][adaptive_k][k=adaptive][s=2] INFO   Win  7  k=4  [13.5→19.5 s]  interior_MAE=0.008°C  → k_next=5
2026-05-28 10:29:02 [pinn_trainer][circle][ak_k5][k=-][s=-] INFO Training start: t=[19.5,27.0]s  epochs_adam=1000  epochs_lbfgs=300  params=47890
2026-05-28 10:29:05 [pinn_trainer][circle][ak_k5][k=-][s=-] INFO Adam     1/1000  loss=5.0353e+00  pde=2.4238e+00  bc=5.2229e-01  ic=0.0000e+00  fc=0.0000e+00
2026-05-28 10:29:27 [pinn_trainer][circle][ak_k5][k=-][s=-] INFO Adam   500/1000  loss=1.7409e-06  pde=1.2308e-06  bc=1.0202e-07  ic=0.0000e+00  fc=0.0000e+00
2026-05-28 10:29:49 [pinn_trainer][circle][ak_k5][k=-][s=-] INFO Adam  1000/1000  loss=1.1550e-06  pde=7.9671e-07  bc=7.1650e-08  ic=0.0000e+00  fc=0.0000e+00
2026-05-28 10:29:52 [pinn_trainer][circle][ak_k5][k=-][s=-] INFO L-BFGS  300/300  loss=1.1512e-06
2026-05-28 10:29:52 [pinn_trainer][circle][ak_k5][k=-][s=-] INFO Training done in 49.9 s
2026-05-28 10:29:52 [adaptive_k][circle][adaptive_k][k=adaptive][s=2] INFO   Win  8  k=5  [19.5→27.0 s]  interior_MAE=0.049°C  → k_next=5
2026-05-28 10:29:52 [pinn_trainer][circle][ak_k5][k=-][s=-] INFO Training start: t=[27.0,30.0]s  epochs_adam=1000  epochs_lbfgs=300  params=47890
2026-05-28 10:29:55 [pinn_trainer][circle][ak_k5][k=-][s=-] INFO Adam     1/1000  loss=3.9988e+01  pde=3.2178e+01  bc=1.5619e+00  ic=0.0000e+00  fc=0.0000e+00
2026-05-28 10:30:17 [pinn_trainer][circle][ak_k5][k=-][s=-] INFO Adam   500/1000  loss=7.6787e-03  pde=7.1737e-03  bc=1.0100e-04  ic=0.0000e+00  fc=0.0000e+00
2026-05-28 10:30:40 [pinn_trainer][circle][ak_k5][k=-][s=-] INFO Adam  1000/1000  loss=2.9439e-06  pde=2.5318e-06  bc=8.2421e-08  ic=0.0000e+00  fc=0.0000e+00
2026-05-28 10:30:42 [pinn_trainer][circle][ak_k5][k=-][s=-] INFO L-BFGS  300/300  loss=2.9961e-06
2026-05-28 10:30:42 [pinn_trainer][circle][ak_k5][k=-][s=-] INFO Training done in 50.1 s
2026-05-28 10:30:42 [adaptive_k][circle][adaptive_k][k=adaptive][s=2] INFO   Win  9  k=5  [27.0→30.0 s]  interior_MAE=0.009°C  → k_next=5
2026-05-28 10:30:42 [adaptive_k][circle][adaptive_k][k=adaptive][s=2] INFO AdaptiveK done | wins=9 | FEM_solves=9/60 | FEM_saving=85% | MAE=1.674°C | L2=0.0137 | t=487 s
2026-05-28 10:30:42 [adaptive_k][circle][adaptive_k][k=adaptive][s=2] INFO k schedule: t=0.0s:k=1 → t=1.5s:k=1 → t=3.0s:k=1 → t=4.5s:k=1 → t=6.0s:k=2 → t=9.0s:k=3 → t=13.5s:k=4 → t=19.5s:k=5 → t=27.0s:k=5
2026-05-28 10:30:43 [adaptive_k][circle][adaptive_k][k=adaptive][s=2] INFO Saved → /home/coder/NAS-PINNS1/thermal_pinn/quenching_mswp/results/adaptive_k/circle/seed2_adaptive_nsga2_153
2026-05-28 10:30:44 [stage_adaptive_k][all][adaptive_k][k=-][s=-] INFO RESULT geo=circle   seed=2 | MAE=1.674°C | L2=0.0137 | FEM_solves=9/60 | FEM_saving=85%
2026-05-28 10:30:44 [stage_adaptive_k][all][adaptive_k][k=-][s=-] INFO AdaptiveK | geo=circle seed=3 arch=[153, 153, 153] thr_up=2.0 thr_dn=5.0
2026-05-28 10:30:44 [adaptive_k][circle][adaptive_k][k=adaptive][s=3] INFO AdaptiveK | arch=[153, 153, 153] | k=[1..5] | thr_up=2.0°C thr_dn=5.0°C | fourier=False
2026-05-28 10:30:44 [pinn_trainer][circle][ak_k1][k=-][s=-] INFO Training start: t=[0.0,1.5]s  epochs_adam=1000  epochs_lbfgs=300  params=47890
2026-05-28 10:30:47 [pinn_trainer][circle][ak_k1][k=-][s=-] INFO Adam     1/1000  loss=1.9574e+02  pde=1.9155e+02  bc=8.3743e-01  ic=0.0000e+00  fc=0.0000e+00
2026-05-28 10:31:09 [pinn_trainer][circle][ak_k1][k=-][s=-] INFO Adam   500/1000  loss=1.6846e+00  pde=8.9870e-01  bc=1.5719e-01  ic=0.0000e+00  fc=0.0000e+00
2026-05-28 10:31:31 [pinn_trainer][circle][ak_k1][k=-][s=-] INFO Adam  1000/1000  loss=1.0297e+00  pde=4.1416e-01  bc=1.2312e-01  ic=0.0000e+00  fc=0.0000e+00
2026-05-28 10:31:41 [pinn_trainer][circle][ak_k1][k=-][s=-] INFO L-BFGS  300/300  loss=1.1544e+00
2026-05-28 10:31:41 [pinn_trainer][circle][ak_k1][k=-][s=-] INFO Training done in 57.0 s
2026-05-28 10:31:41 [adaptive_k][circle][adaptive_k][k=adaptive][s=3] INFO   Win  1  k=1  [0.0→1.5 s]  interior_MAE=28.129°C  → k_next=1
2026-05-28 10:31:41 [pinn_trainer][circle][ak_k1][k=-][s=-] INFO Training start: t=[1.5,3.0]s  epochs_adam=1000  epochs_lbfgs=300  params=47890
2026-05-28 10:31:44 [pinn_trainer][circle][ak_k1][k=-][s=-] INFO Adam     1/1000  loss=4.0333e+01  pde=3.8635e+01  bc=3.3955e-01  ic=0.0000e+00  fc=0.0000e+00
2026-05-28 10:32:06 [pinn_trainer][circle][ak_k1][k=-][s=-] INFO Adam   500/1000  loss=3.5132e-01  pde=2.7104e-01  bc=1.6056e-02  ic=0.0000e+00  fc=0.0000e+00
2026-05-28 10:32:28 [pinn_trainer][circle][ak_k1][k=-][s=-] INFO Adam  1000/1000  loss=1.6157e-01  pde=9.5466e-02  bc=1.3222e-02  ic=0.0000e+00  fc=0.0000e+00
2026-05-28 10:32:38 [pinn_trainer][circle][ak_k1][k=-][s=-] INFO L-BFGS  300/300  loss=1.7016e-01
2026-05-28 10:32:38 [pinn_trainer][circle][ak_k1][k=-][s=-] INFO Training done in 56.7 s
2026-05-28 10:32:38 [adaptive_k][circle][adaptive_k][k=adaptive][s=3] INFO   Win  2  k=1  [1.5→3.0 s]  interior_MAE=11.652°C  → k_next=1
2026-05-28 10:32:38 [pinn_trainer][circle][ak_k1][k=-][s=-] INFO Training start: t=[3.0,4.5]s  epochs_adam=1000  epochs_lbfgs=300  params=47890
2026-05-28 10:32:41 [pinn_trainer][circle][ak_k1][k=-][s=-] INFO Adam     1/1000  loss=1.2445e+01  pde=1.1997e+01  bc=8.9517e-02  ic=0.0000e+00  fc=0.0000e+00
2026-05-28 10:33:02 [pinn_trainer][circle][ak_k1][k=-][s=-] INFO Adam   500/1000  loss=4.7295e-02  pde=3.5623e-02  bc=2.3343e-03  ic=0.0000e+00  fc=0.0000e+00
2026-05-28 10:33:24 [pinn_trainer][circle][ak_k1][k=-][s=-] INFO Adam  1000/1000  loss=2.5869e-02  pde=1.6742e-02  bc=1.8255e-03  ic=0.0000e+00  fc=0.0000e+00
2026-05-28 10:33:35 [pinn_trainer][circle][ak_k1][k=-][s=-] INFO L-BFGS  300/300  loss=2.7239e-02
2026-05-28 10:33:35 [pinn_trainer][circle][ak_k1][k=-][s=-] INFO Training done in 57.1 s
2026-05-28 10:33:35 [adaptive_k][circle][adaptive_k][k=adaptive][s=3] INFO   Win  3  k=1  [3.0→4.5 s]  interior_MAE=3.554°C  → k_next=1
2026-05-28 10:33:35 [pinn_trainer][circle][ak_k1][k=-][s=-] INFO Training start: t=[4.5,6.0]s  epochs_adam=1000  epochs_lbfgs=300  params=47890
2026-05-28 10:33:38 [pinn_trainer][circle][ak_k1][k=-][s=-] INFO Adam     1/1000  loss=5.3905e+01  pde=4.8624e+01  bc=1.0561e+00  ic=0.0000e+00  fc=0.0000e+00
2026-05-28 10:34:00 [pinn_trainer][circle][ak_k1][k=-][s=-] INFO Adam   500/1000  loss=2.7655e-02  pde=2.4631e-02  bc=6.0489e-04  ic=0.0000e+00  fc=0.0000e+00
2026-05-28 10:34:22 [pinn_trainer][circle][ak_k1][k=-][s=-] INFO Adam  1000/1000  loss=3.7489e-03  pde=2.4560e-03  bc=2.5857e-04  ic=0.0000e+00  fc=0.0000e+00
2026-05-28 10:34:33 [pinn_trainer][circle][ak_k1][k=-][s=-] INFO L-BFGS  300/300  loss=3.9309e-03
2026-05-28 10:34:33 [pinn_trainer][circle][ak_k1][k=-][s=-] INFO Training done in 57.4 s
2026-05-28 10:34:33 [adaptive_k][circle][adaptive_k][k=adaptive][s=3] INFO   Win  4  k=1  [4.5→6.0 s]  interior_MAE=1.280°C  → k_next=2
2026-05-28 10:34:33 [pinn_trainer][circle][ak_k2][k=-][s=-] INFO Training start: t=[6.0,9.0]s  epochs_adam=1000  epochs_lbfgs=300  params=47890
2026-05-28 10:34:35 [pinn_trainer][circle][ak_k2][k=-][s=-] INFO Adam     1/1000  loss=1.1268e+01  pde=1.0585e+01  bc=1.3645e-01  ic=0.0000e+00  fc=0.0000e+00
2026-05-28 10:34:57 [pinn_trainer][circle][ak_k2][k=-][s=-] INFO Adam   500/1000  loss=1.4562e-03  pde=1.1440e-03  bc=6.2436e-05  ic=0.0000e+00  fc=0.0000e+00
2026-05-28 10:35:19 [pinn_trainer][circle][ak_k2][k=-][s=-] INFO Adam  1000/1000  loss=2.6723e-04  pde=6.7044e-05  bc=4.0036e-05  ic=0.0000e+00  fc=0.0000e+00
2026-05-28 10:35:30 [pinn_trainer][circle][ak_k2][k=-][s=-] INFO L-BFGS  300/300  loss=3.0523e-04
2026-05-28 10:35:30 [pinn_trainer][circle][ak_k2][k=-][s=-] INFO Training done in 57.0 s
2026-05-28 10:35:30 [adaptive_k][circle][adaptive_k][k=adaptive][s=3] INFO   Win  5  k=2  [6.0→9.0 s]  interior_MAE=0.690°C  → k_next=3
2026-05-28 10:35:30 [pinn_trainer][circle][ak_k3][k=-][s=-] INFO Training start: t=[9.0,13.5]s  epochs_adam=1000  epochs_lbfgs=300  params=47890
2026-05-28 10:35:32 [pinn_trainer][circle][ak_k3][k=-][s=-] INFO Adam     1/1000  loss=1.6962e+00  pde=1.3032e+00  bc=7.8614e-02  ic=0.0000e+00  fc=0.0000e+00
2026-05-28 10:35:54 [pinn_trainer][circle][ak_k3][k=-][s=-] INFO Adam   500/1000  loss=9.1294e-04  pde=5.6166e-04  bc=7.0256e-05  ic=0.0000e+00  fc=0.0000e+00
2026-05-28 10:36:16 [pinn_trainer][circle][ak_k3][k=-][s=-] INFO Adam  1000/1000  loss=8.3717e-06  pde=3.8048e-06  bc=9.1337e-07  ic=0.0000e+00  fc=0.0000e+00
2026-05-28 10:36:18 [pinn_trainer][circle][ak_k3][k=-][s=-] INFO L-BFGS  300/300  loss=9.2248e-06
2026-05-28 10:36:18 [pinn_trainer][circle][ak_k3][k=-][s=-] INFO Training done in 48.6 s
2026-05-28 10:36:19 [adaptive_k][circle][adaptive_k][k=adaptive][s=3] INFO   Win  6  k=3  [9.0→13.5 s]  interior_MAE=0.271°C  → k_next=4
2026-05-28 10:36:19 [pinn_trainer][circle][ak_k4][k=-][s=-] INFO Training start: t=[13.5,19.5]s  epochs_adam=1000  epochs_lbfgs=300  params=47890
2026-05-28 10:36:21 [pinn_trainer][circle][ak_k4][k=-][s=-] INFO Adam     1/1000  loss=4.0815e+00  pde=3.6158e+00  bc=9.3137e-02  ic=0.0000e+00  fc=0.0000e+00
2026-05-28 10:36:43 [pinn_trainer][circle][ak_k4][k=-][s=-] INFO Adam   500/1000  loss=1.3838e-03  pde=1.3640e-03  bc=3.9726e-06  ic=0.0000e+00  fc=0.0000e+00
2026-05-28 10:37:05 [pinn_trainer][circle][ak_k4][k=-][s=-] INFO Adam  1000/1000  loss=4.3473e-06  pde=3.5817e-06  bc=1.5312e-07  ic=0.0000e+00  fc=0.0000e+00
2026-05-28 10:37:08 [pinn_trainer][circle][ak_k4][k=-][s=-] INFO L-BFGS  300/300  loss=4.4192e-06
2026-05-28 10:37:08 [pinn_trainer][circle][ak_k4][k=-][s=-] INFO Training done in 49.0 s
2026-05-28 10:37:08 [adaptive_k][circle][adaptive_k][k=adaptive][s=3] INFO   Win  7  k=4  [13.5→19.5 s]  interior_MAE=0.029°C  → k_next=5
2026-05-28 10:37:08 [pinn_trainer][circle][ak_k5][k=-][s=-] INFO Training start: t=[19.5,27.0]s  epochs_adam=1000  epochs_lbfgs=300  params=47890
2026-05-28 10:37:10 [pinn_trainer][circle][ak_k5][k=-][s=-] INFO Adam     1/1000  loss=9.2156e+00  pde=6.1583e+00  bc=6.1146e-01  ic=0.0000e+00  fc=0.0000e+00
2026-05-28 10:37:32 [pinn_trainer][circle][ak_k5][k=-][s=-] INFO Adam   500/1000  loss=1.1043e-05  pde=9.2026e-06  bc=3.6809e-07  ic=0.0000e+00  fc=0.0000e+00
2026-05-28 10:37:54 [pinn_trainer][circle][ak_k5][k=-][s=-] INFO Adam  1000/1000  loss=5.4822e-06  pde=4.3984e-06  bc=2.1678e-07  ic=0.0000e+00  fc=0.0000e+00
2026-05-28 10:37:57 [pinn_trainer][circle][ak_k5][k=-][s=-] INFO L-BFGS  300/300  loss=5.4926e-06
2026-05-28 10:37:57 [pinn_trainer][circle][ak_k5][k=-][s=-] INFO Training done in 49.3 s
2026-05-28 10:37:57 [adaptive_k][circle][adaptive_k][k=adaptive][s=3] INFO   Win  8  k=5  [19.5→27.0 s]  interior_MAE=0.010°C  → k_next=5
2026-05-28 10:37:57 [pinn_trainer][circle][ak_k5][k=-][s=-] INFO Training start: t=[27.0,30.0]s  epochs_adam=1000  epochs_lbfgs=300  params=47890
2026-05-28 10:37:59 [pinn_trainer][circle][ak_k5][k=-][s=-] INFO Adam     1/1000  loss=5.7892e+00  pde=4.8459e+00  bc=1.8866e-01  ic=0.0000e+00  fc=0.0000e+00
2026-05-28 10:38:22 [pinn_trainer][circle][ak_k5][k=-][s=-] INFO Adam   500/1000  loss=6.4374e-03  pde=5.1360e-03  bc=2.6027e-04  ic=0.0000e+00  fc=0.0000e+00
2026-05-28 10:38:44 [pinn_trainer][circle][ak_k5][k=-][s=-] INFO Adam  1000/1000  loss=1.0127e-05  pde=7.3413e-06  bc=5.5705e-07  ic=0.0000e+00  fc=0.0000e+00
2026-05-28 10:38:48 [pinn_trainer][circle][ak_k5][k=-][s=-] INFO L-BFGS  300/300  loss=1.1030e-05
2026-05-28 10:38:48 [pinn_trainer][circle][ak_k5][k=-][s=-] INFO Training done in 50.5 s
2026-05-28 10:38:48 [adaptive_k][circle][adaptive_k][k=adaptive][s=3] INFO   Win  9  k=5  [27.0→30.0 s]  interior_MAE=0.021°C  → k_next=5
2026-05-28 10:38:48 [adaptive_k][circle][adaptive_k][k=adaptive][s=3] INFO AdaptiveK done | wins=9 | FEM_solves=9/60 | FEM_saving=85% | MAE=1.590°C | L2=0.0135 | t=483 s
2026-05-28 10:38:48 [adaptive_k][circle][adaptive_k][k=adaptive][s=3] INFO k schedule: t=0.0s:k=1 → t=1.5s:k=1 → t=3.0s:k=1 → t=4.5s:k=1 → t=6.0s:k=2 → t=9.0s:k=3 → t=13.5s:k=4 → t=19.5s:k=5 → t=27.0s:k=5
2026-05-28 10:38:48 [adaptive_k][circle][adaptive_k][k=adaptive][s=3] INFO Saved → /home/coder/NAS-PINNS1/thermal_pinn/quenching_mswp/results/adaptive_k/circle/seed3_adaptive_nsga2_153
2026-05-28 10:38:50 [stage_adaptive_k][all][adaptive_k][k=-][s=-] INFO RESULT geo=circle   seed=3 | MAE=1.590°C | L2=0.0135 | FEM_solves=9/60 | FEM_saving=85%
2026-05-28 10:38:50 [stage_adaptive_k][all][adaptive_k][k=-][s=-] INFO AdaptiveK | geo=circle seed=4 arch=[153, 153, 153] thr_up=2.0 thr_dn=5.0
2026-05-28 10:38:50 [adaptive_k][circle][adaptive_k][k=adaptive][s=4] INFO AdaptiveK | arch=[153, 153, 153] | k=[1..5] | thr_up=2.0°C thr_dn=5.0°C | fourier=False
2026-05-28 10:38:50 [pinn_trainer][circle][ak_k1][k=-][s=-] INFO Training start: t=[0.0,1.5]s  epochs_adam=1000  epochs_lbfgs=300  params=47890
2026-05-28 10:38:52 [pinn_trainer][circle][ak_k1][k=-][s=-] INFO Adam     1/1000  loss=2.3613e+02  pde=2.3158e+02  bc=9.1120e-01  ic=0.0000e+00  fc=0.0000e+00
2026-05-28 10:39:14 [pinn_trainer][circle][ak_k1][k=-][s=-] INFO Adam   500/1000  loss=2.3803e+00  pde=1.7049e+00  bc=1.3507e-01  ic=0.0000e+00  fc=0.0000e+00
2026-05-28 10:39:37 [pinn_trainer][circle][ak_k1][k=-][s=-] INFO Adam  1000/1000  loss=1.0238e+00  pde=4.0105e-01  bc=1.2455e-01  ic=0.0000e+00  fc=0.0000e+00
2026-05-28 10:39:47 [pinn_trainer][circle][ak_k1][k=-][s=-] INFO L-BFGS  300/300  loss=1.1319e+00
2026-05-28 10:39:47 [pinn_trainer][circle][ak_k1][k=-][s=-] INFO Training done in 57.9 s
2026-05-28 10:39:47 [adaptive_k][circle][adaptive_k][k=adaptive][s=4] INFO   Win  1  k=1  [0.0→1.5 s]  interior_MAE=31.278°C  → k_next=1
2026-05-28 10:39:47 [pinn_trainer][circle][ak_k1][k=-][s=-] INFO Training start: t=[1.5,3.0]s  epochs_adam=1000  epochs_lbfgs=300  params=47890
2026-05-28 10:39:50 [pinn_trainer][circle][ak_k1][k=-][s=-] INFO Adam     1/1000  loss=1.4692e+02  pde=1.4489e+02  bc=4.0607e-01  ic=0.0000e+00  fc=0.0000e+00
2026-05-28 10:40:12 [pinn_trainer][circle][ak_k1][k=-][s=-] INFO Adam   500/1000  loss=2.7682e-01  pde=1.9627e-01  bc=1.6110e-02  ic=0.0000e+00  fc=0.0000e+00
2026-05-28 10:40:35 [pinn_trainer][circle][ak_k1][k=-][s=-] INFO Adam  1000/1000  loss=1.1493e-01  pde=4.6501e-02  bc=1.3686e-02  ic=0.0000e+00  fc=0.0000e+00
2026-05-28 10:40:46 [pinn_trainer][circle][ak_k1][k=-][s=-] INFO L-BFGS  300/300  loss=1.2598e-01
2026-05-28 10:40:46 [pinn_trainer][circle][ak_k1][k=-][s=-] INFO Training done in 58.4 s
2026-05-28 10:40:46 [adaptive_k][circle][adaptive_k][k=adaptive][s=4] INFO   Win  2  k=1  [1.5→3.0 s]  interior_MAE=11.538°C  → k_next=1
2026-05-28 10:40:46 [pinn_trainer][circle][ak_k1][k=-][s=-] INFO Training start: t=[3.0,4.5]s  epochs_adam=1000  epochs_lbfgs=300  params=47890
2026-05-28 10:40:48 [pinn_trainer][circle][ak_k1][k=-][s=-] INFO Adam     1/1000  loss=9.6673e+01  pde=9.3996e+01  bc=5.3522e-01  ic=0.0000e+00  fc=0.0000e+00
2026-05-28 10:41:11 [pinn_trainer][circle][ak_k1][k=-][s=-] INFO Adam   500/1000  loss=4.9285e-02  pde=3.8170e-02  bc=2.2229e-03  ic=0.0000e+00  fc=0.0000e+00
2026-05-28 10:41:34 [pinn_trainer][circle][ak_k1][k=-][s=-] INFO Adam  1000/1000  loss=2.2357e-02  pde=1.3201e-02  bc=1.8312e-03  ic=0.0000e+00  fc=0.0000e+00
2026-05-28 10:41:45 [pinn_trainer][circle][ak_k1][k=-][s=-] INFO L-BFGS  300/300  loss=2.3506e-02
2026-05-28 10:41:45 [pinn_trainer][circle][ak_k1][k=-][s=-] INFO Training done in 58.8 s
2026-05-28 10:41:45 [adaptive_k][circle][adaptive_k][k=adaptive][s=4] INFO   Win  3  k=1  [3.0→4.5 s]  interior_MAE=3.703°C  → k_next=1
2026-05-28 10:41:45 [pinn_trainer][circle][ak_k1][k=-][s=-] INFO Training start: t=[4.5,6.0]s  epochs_adam=1000  epochs_lbfgs=300  params=47890
2026-05-28 10:41:47 [pinn_trainer][circle][ak_k1][k=-][s=-] INFO Adam     1/1000  loss=1.0376e+02  pde=9.8591e+01  bc=1.0331e+00  ic=0.0000e+00  fc=0.0000e+00
2026-05-28 10:42:10 [pinn_trainer][circle][ak_k1][k=-][s=-] INFO Adam   500/1000  loss=7.4259e-03  pde=5.7263e-03  bc=3.3992e-04  ic=0.0000e+00  fc=0.0000e+00
2026-05-28 10:42:33 [pinn_trainer][circle][ak_k1][k=-][s=-] INFO Adam  1000/1000  loss=3.3597e-03  pde=2.1936e-03  bc=2.3322e-04  ic=0.0000e+00  fc=0.0000e+00
2026-05-28 10:42:44 [pinn_trainer][circle][ak_k1][k=-][s=-] INFO L-BFGS  300/300  loss=3.5562e-03
2026-05-28 10:42:44 [pinn_trainer][circle][ak_k1][k=-][s=-] INFO Training done in 59.2 s
2026-05-28 10:42:44 [adaptive_k][circle][adaptive_k][k=adaptive][s=4] INFO   Win  4  k=1  [4.5→6.0 s]  interior_MAE=1.270°C  → k_next=2
2026-05-28 10:42:44 [pinn_trainer][circle][ak_k2][k=-][s=-] INFO Training start: t=[6.0,9.0]s  epochs_adam=1000  epochs_lbfgs=300  params=47890
2026-05-28 10:42:46 [pinn_trainer][circle][ak_k2][k=-][s=-] INFO Adam     1/1000  loss=2.2588e+01  pde=1.7839e+01  bc=9.4984e-01  ic=0.0000e+00  fc=0.0000e+00
2026-05-28 10:43:09 [pinn_trainer][circle][ak_k2][k=-][s=-] INFO Adam   500/1000  loss=4.3883e-03  pde=3.2829e-03  bc=2.2106e-04  ic=0.0000e+00  fc=0.0000e+00
2026-05-28 10:43:31 [pinn_trainer][circle][ak_k2][k=-][s=-] INFO Adam  1000/1000  loss=2.7441e-04  pde=7.6251e-05  bc=3.9633e-05  ic=0.0000e+00  fc=0.0000e+00
2026-05-28 10:43:42 [pinn_trainer][circle][ak_k2][k=-][s=-] INFO L-BFGS  300/300  loss=3.0434e-04
2026-05-28 10:43:42 [pinn_trainer][circle][ak_k2][k=-][s=-] INFO Training done in 57.8 s
2026-05-28 10:43:42 [adaptive_k][circle][adaptive_k][k=adaptive][s=4] INFO   Win  5  k=2  [6.0→9.0 s]  interior_MAE=0.684°C  → k_next=3
2026-05-28 10:43:42 [pinn_trainer][circle][ak_k3][k=-][s=-] INFO Training start: t=[9.0,13.5]s  epochs_adam=1000  epochs_lbfgs=300  params=47890
2026-05-28 10:43:44 [pinn_trainer][circle][ak_k3][k=-][s=-] INFO Adam     1/1000  loss=6.8376e+00  pde=4.8782e+00  bc=3.9189e-01  ic=0.0000e+00  fc=0.0000e+00
2026-05-28 10:44:07 [pinn_trainer][circle][ak_k3][k=-][s=-] INFO Adam   500/1000  loss=2.5977e-03  pde=1.4973e-03  bc=2.2008e-04  ic=0.0000e+00  fc=0.0000e+00
2026-05-28 10:44:29 [pinn_trainer][circle][ak_k3][k=-][s=-] INFO Adam  1000/1000  loss=7.7779e-06  pde=3.4846e-06  bc=8.5866e-07  ic=0.0000e+00  fc=0.0000e+00
2026-05-28 10:44:31 [pinn_trainer][circle][ak_k3][k=-][s=-] INFO L-BFGS  300/300  loss=8.3967e-06
2026-05-28 10:44:31 [pinn_trainer][circle][ak_k3][k=-][s=-] INFO Training done in 49.4 s
2026-05-28 10:44:31 [adaptive_k][circle][adaptive_k][k=adaptive][s=4] INFO   Win  6  k=3  [9.0→13.5 s]  interior_MAE=0.239°C  → k_next=4
2026-05-28 10:44:31 [pinn_trainer][circle][ak_k4][k=-][s=-] INFO Training start: t=[13.5,19.5]s  epochs_adam=1000  epochs_lbfgs=300  params=47890
2026-05-28 10:44:34 [pinn_trainer][circle][ak_k4][k=-][s=-] INFO Adam     1/1000  loss=9.9668e+00  pde=6.7112e+00  bc=6.5112e-01  ic=0.0000e+00  fc=0.0000e+00
2026-05-28 10:44:56 [pinn_trainer][circle][ak_k4][k=-][s=-] INFO Adam   500/1000  loss=1.4436e-03  pde=6.4903e-04  bc=1.5891e-04  ic=0.0000e+00  fc=0.0000e+00
2026-05-28 10:45:18 [pinn_trainer][circle][ak_k4][k=-][s=-] INFO Adam  1000/1000  loss=1.1034e-06  pde=9.5781e-07  bc=2.9110e-08  ic=0.0000e+00  fc=0.0000e+00
2026-05-28 10:45:21 [pinn_trainer][circle][ak_k4][k=-][s=-] INFO L-BFGS  300/300  loss=1.1146e-06
2026-05-28 10:45:21 [pinn_trainer][circle][ak_k4][k=-][s=-] INFO Training done in 49.5 s
2026-05-28 10:45:21 [adaptive_k][circle][adaptive_k][k=adaptive][s=4] INFO   Win  7  k=4  [13.5→19.5 s]  interior_MAE=0.020°C  → k_next=5
2026-05-28 10:45:21 [pinn_trainer][circle][ak_k5][k=-][s=-] INFO Training start: t=[19.5,27.0]s  epochs_adam=1000  epochs_lbfgs=300  params=47890
2026-05-28 10:45:23 [pinn_trainer][circle][ak_k5][k=-][s=-] INFO Adam     1/1000  loss=8.0866e+00  pde=5.0866e+00  bc=5.9999e-01  ic=0.0000e+00  fc=0.0000e+00
2026-05-28 10:45:46 [pinn_trainer][circle][ak_k5][k=-][s=-] INFO Adam   500/1000  loss=7.8841e-06  pde=5.8187e-06  bc=4.1308e-07  ic=0.0000e+00  fc=0.0000e+00
2026-05-28 10:46:08 [pinn_trainer][circle][ak_k5][k=-][s=-] INFO Adam  1000/1000  loss=3.3176e-06  pde=2.4302e-06  bc=1.7749e-07  ic=0.0000e+00  fc=0.0000e+00
2026-05-28 10:46:10 [pinn_trainer][circle][ak_k5][k=-][s=-] INFO L-BFGS  300/300  loss=3.1587e-06
2026-05-28 10:46:10 [pinn_trainer][circle][ak_k5][k=-][s=-] INFO Training done in 49.3 s
2026-05-28 10:46:11 [adaptive_k][circle][adaptive_k][k=adaptive][s=4] INFO   Win  8  k=5  [19.5→27.0 s]  interior_MAE=0.010°C  → k_next=5
2026-05-28 10:46:11 [pinn_trainer][circle][ak_k5][k=-][s=-] INFO Training start: t=[27.0,30.0]s  epochs_adam=1000  epochs_lbfgs=300  params=47890
2026-05-28 10:46:13 [pinn_trainer][circle][ak_k5][k=-][s=-] INFO Adam     1/1000  loss=3.8806e+00  pde=3.2039e+00  bc=1.3533e-01  ic=0.0000e+00  fc=0.0000e+00
2026-05-28 10:46:35 [pinn_trainer][circle][ak_k5][k=-][s=-] INFO Adam   500/1000  loss=4.1958e-03  pde=3.3176e-03  bc=1.7563e-04  ic=0.0000e+00  fc=0.0000e+00
2026-05-28 10:46:57 [pinn_trainer][circle][ak_k5][k=-][s=-] INFO Adam  1000/1000  loss=8.1734e-06  pde=7.1947e-06  bc=1.9575e-07  ic=0.0000e+00  fc=0.0000e+00
2026-05-28 10:47:01 [pinn_trainer][circle][ak_k5][k=-][s=-] INFO L-BFGS  300/300  loss=8.5703e-06
2026-05-28 10:47:01 [pinn_trainer][circle][ak_k5][k=-][s=-] INFO Training done in 50.8 s
2026-05-28 10:47:01 [adaptive_k][circle][adaptive_k][k=adaptive][s=4] INFO   Win  9  k=5  [27.0→30.0 s]  interior_MAE=0.006°C  → k_next=5
2026-05-28 10:47:01 [adaptive_k][circle][adaptive_k][k=adaptive][s=4] INFO AdaptiveK done | wins=9 | FEM_solves=9/60 | FEM_saving=85% | MAE=1.688°C | L2=0.0136 | t=492 s
2026-05-28 10:47:01 [adaptive_k][circle][adaptive_k][k=adaptive][s=4] INFO k schedule: t=0.0s:k=1 → t=1.5s:k=1 → t=3.0s:k=1 → t=4.5s:k=1 → t=6.0s:k=2 → t=9.0s:k=3 → t=13.5s:k=4 → t=19.5s:k=5 → t=27.0s:k=5
2026-05-28 10:47:02 [adaptive_k][circle][adaptive_k][k=adaptive][s=4] INFO Saved → /home/coder/NAS-PINNS1/thermal_pinn/quenching_mswp/results/adaptive_k/circle/seed4_adaptive_nsga2_153
2026-05-28 10:47:03 [stage_adaptive_k][all][adaptive_k][k=-][s=-] INFO RESULT geo=circle   seed=4 | MAE=1.688°C | L2=0.0136 | FEM_solves=9/60 | FEM_saving=85%
2026-05-28 10:47:03 [stage_adaptive_k][all][adaptive_k][k=-][s=-] INFO AdaptiveK | geo=circle seed=5 arch=[153, 153, 153] thr_up=2.0 thr_dn=5.0
2026-05-28 10:47:03 [adaptive_k][circle][adaptive_k][k=adaptive][s=5] INFO AdaptiveK | arch=[153, 153, 153] | k=[1..5] | thr_up=2.0°C thr_dn=5.0°C | fourier=False
2026-05-28 10:47:03 [pinn_trainer][circle][ak_k1][k=-][s=-] INFO Training start: t=[0.0,1.5]s  epochs_adam=1000  epochs_lbfgs=300  params=47890
2026-05-28 10:47:06 [pinn_trainer][circle][ak_k1][k=-][s=-] INFO Adam     1/1000  loss=1.8880e+02  pde=1.8474e+02  bc=8.1076e-01  ic=0.0000e+00  fc=0.0000e+00
2026-05-28 10:47:27 [pinn_trainer][circle][ak_k1][k=-][s=-] INFO Adam   500/1000  loss=3.5001e+00  pde=2.8258e+00  bc=1.3487e-01  ic=0.0000e+00  fc=0.0000e+00
2026-05-28 10:47:49 [pinn_trainer][circle][ak_k1][k=-][s=-] INFO Adam  1000/1000  loss=1.8534e+00  pde=1.2791e+00  bc=1.1484e-01  ic=0.0000e+00  fc=0.0000e+00
2026-05-28 10:47:59 [pinn_trainer][circle][ak_k1][k=-][s=-] INFO L-BFGS  300/300  loss=1.9171e+00
2026-05-28 10:47:59 [pinn_trainer][circle][ak_k1][k=-][s=-] INFO Training done in 55.8 s
2026-05-28 10:47:59 [adaptive_k][circle][adaptive_k][k=adaptive][s=5] INFO   Win  1  k=1  [0.0→1.5 s]  interior_MAE=29.327°C  → k_next=1
2026-05-28 10:47:59 [pinn_trainer][circle][ak_k1][k=-][s=-] INFO Training start: t=[1.5,3.0]s  epochs_adam=1000  epochs_lbfgs=300  params=47890
2026-05-28 10:48:01 [pinn_trainer][circle][ak_k1][k=-][s=-] INFO Adam     1/1000  loss=7.2808e+01  pde=6.7275e+01  bc=1.1066e+00  ic=0.0000e+00  fc=0.0000e+00
2026-05-28 10:48:23 [pinn_trainer][circle][ak_k1][k=-][s=-] INFO Adam   500/1000  loss=2.8639e-01  pde=2.0085e-01  bc=1.7108e-02  ic=0.0000e+00  fc=0.0000e+00
2026-05-28 10:48:45 [pinn_trainer][circle][ak_k1][k=-][s=-] INFO Adam  1000/1000  loss=1.8307e-01  pde=1.1643e-01  bc=1.3328e-02  ic=0.0000e+00  fc=0.0000e+00
2026-05-28 10:48:55 [pinn_trainer][circle][ak_k1][k=-][s=-] INFO L-BFGS  300/300  loss=1.9445e-01
2026-05-28 10:48:55 [pinn_trainer][circle][ak_k1][k=-][s=-] INFO Training done in 55.8 s
2026-05-28 10:48:55 [adaptive_k][circle][adaptive_k][k=adaptive][s=5] INFO   Win  2  k=1  [1.5→3.0 s]  interior_MAE=10.305°C  → k_next=1
2026-05-28 10:48:55 [pinn_trainer][circle][ak_k1][k=-][s=-] INFO Training start: t=[3.0,4.5]s  epochs_adam=1000  epochs_lbfgs=300  params=47890
2026-05-28 10:48:57 [pinn_trainer][circle][ak_k1][k=-][s=-] INFO Adam     1/1000  loss=2.8469e+01  pde=2.6564e+01  bc=3.8097e-01  ic=0.0000e+00  fc=0.0000e+00
2026-05-28 10:49:19 [pinn_trainer][circle][ak_k1][k=-][s=-] INFO Adam   500/1000  loss=5.2042e-02  pde=4.0395e-02  bc=2.3293e-03  ic=0.0000e+00  fc=0.0000e+00
2026-05-28 10:49:40 [pinn_trainer][circle][ak_k1][k=-][s=-] INFO Adam  1000/1000  loss=2.6656e-02  pde=1.7554e-02  bc=1.8203e-03  ic=0.0000e+00  fc=0.0000e+00
2026-05-28 10:49:51 [pinn_trainer][circle][ak_k1][k=-][s=-] INFO L-BFGS  300/300  loss=2.8047e-02
2026-05-28 10:49:51 [pinn_trainer][circle][ak_k1][k=-][s=-] INFO Training done in 55.7 s
2026-05-28 10:49:51 [adaptive_k][circle][adaptive_k][k=adaptive][s=5] INFO   Win  3  k=1  [3.0→4.5 s]  interior_MAE=3.598°C  → k_next=1
2026-05-28 10:49:51 [pinn_trainer][circle][ak_k1][k=-][s=-] INFO Training start: t=[4.5,6.0]s  epochs_adam=1000  epochs_lbfgs=300  params=47890
2026-05-28 10:49:53 [pinn_trainer][circle][ak_k1][k=-][s=-] INFO Adam     1/1000  loss=2.5068e+01  pde=2.3005e+01  bc=4.1261e-01  ic=0.0000e+00  fc=0.0000e+00
2026-05-28 10:50:14 [pinn_trainer][circle][ak_k1][k=-][s=-] INFO Adam   500/1000  loss=1.9245e-02  pde=1.7435e-02  bc=3.6202e-04  ic=0.0000e+00  fc=0.0000e+00
2026-05-28 10:50:36 [pinn_trainer][circle][ak_k1][k=-][s=-] INFO Adam  1000/1000  loss=3.4764e-03  pde=2.2143e-03  bc=2.5242e-04  ic=0.0000e+00  fc=0.0000e+00
2026-05-28 10:50:47 [pinn_trainer][circle][ak_k1][k=-][s=-] INFO L-BFGS  300/300  loss=3.6791e-03
2026-05-28 10:50:47 [pinn_trainer][circle][ak_k1][k=-][s=-] INFO Training done in 56.0 s
2026-05-28 10:50:47 [adaptive_k][circle][adaptive_k][k=adaptive][s=5] INFO   Win  4  k=1  [4.5→6.0 s]  interior_MAE=1.276°C  → k_next=2
2026-05-28 10:50:47 [pinn_trainer][circle][ak_k2][k=-][s=-] INFO Training start: t=[6.0,9.0]s  epochs_adam=1000  epochs_lbfgs=300  params=47890
2026-05-28 10:50:49 [pinn_trainer][circle][ak_k2][k=-][s=-] INFO Adam     1/1000  loss=4.6226e+01  pde=3.8102e+01  bc=1.6248e+00  ic=0.0000e+00  fc=0.0000e+00
2026-05-28 10:51:10 [pinn_trainer][circle][ak_k2][k=-][s=-] INFO Adam   500/1000  loss=4.7038e-03  pde=4.4359e-03  bc=5.3593e-05  ic=0.0000e+00  fc=0.0000e+00
2026-05-28 10:51:32 [pinn_trainer][circle][ak_k2][k=-][s=-] INFO Adam  1000/1000  loss=2.5919e-04  pde=5.8718e-05  bc=4.0094e-05  ic=0.0000e+00  fc=0.0000e+00
2026-05-28 10:51:38 [pinn_trainer][circle][ak_k2][k=-][s=-] INFO L-BFGS  300/300  loss=2.9265e-04
2026-05-28 10:51:38 [pinn_trainer][circle][ak_k2][k=-][s=-] INFO Training done in 50.9 s
2026-05-28 10:51:38 [adaptive_k][circle][adaptive_k][k=adaptive][s=5] INFO   Win  5  k=2  [6.0→9.0 s]  interior_MAE=0.696°C  → k_next=3
2026-05-28 10:51:38 [pinn_trainer][circle][ak_k3][k=-][s=-] INFO Training start: t=[9.0,13.5]s  epochs_adam=1000  epochs_lbfgs=300  params=47890
2026-05-28 10:51:40 [pinn_trainer][circle][ak_k3][k=-][s=-] INFO Adam     1/1000  loss=1.8116e+01  pde=1.5047e+01  bc=6.1378e-01  ic=0.0000e+00  fc=0.0000e+00
2026-05-28 10:52:01 [pinn_trainer][circle][ak_k3][k=-][s=-] INFO Adam   500/1000  loss=1.9447e-03  pde=1.7011e-03  bc=4.8714e-05  ic=0.0000e+00  fc=0.0000e+00
2026-05-28 10:52:23 [pinn_trainer][circle][ak_k3][k=-][s=-] INFO Adam  1000/1000  loss=6.7295e-06  pde=2.2807e-06  bc=8.8978e-07  ic=0.0000e+00  fc=0.0000e+00
2026-05-28 10:52:25 [pinn_trainer][circle][ak_k3][k=-][s=-] INFO L-BFGS  300/300  loss=7.2154e-06
2026-05-28 10:52:25 [pinn_trainer][circle][ak_k3][k=-][s=-] INFO Training done in 47.7 s
2026-05-28 10:52:25 [adaptive_k][circle][adaptive_k][k=adaptive][s=5] INFO   Win  6  k=3  [9.0→13.5 s]  interior_MAE=0.264°C  → k_next=4
2026-05-28 10:52:25 [pinn_trainer][circle][ak_k4][k=-][s=-] INFO Training start: t=[13.5,19.5]s  epochs_adam=1000  epochs_lbfgs=300  params=47890
2026-05-28 10:52:28 [pinn_trainer][circle][ak_k4][k=-][s=-] INFO Adam     1/1000  loss=8.8737e+00  pde=4.8663e+00  bc=8.0148e-01  ic=0.0000e+00  fc=0.0000e+00
2026-05-28 10:52:49 [pinn_trainer][circle][ak_k4][k=-][s=-] INFO Adam   500/1000  loss=1.2469e-03  pde=6.7962e-04  bc=1.1346e-04  ic=0.0000e+00  fc=0.0000e+00
2026-05-28 10:53:11 [pinn_trainer][circle][ak_k4][k=-][s=-] INFO Adam  1000/1000  loss=6.3310e-06  pde=5.0104e-06  bc=2.6413e-07  ic=0.0000e+00  fc=0.0000e+00
2026-05-28 10:53:13 [pinn_trainer][circle][ak_k4][k=-][s=-] INFO L-BFGS  300/300  loss=6.3188e-06
2026-05-28 10:53:13 [pinn_trainer][circle][ak_k4][k=-][s=-] INFO Training done in 47.6 s
2026-05-28 10:53:13 [adaptive_k][circle][adaptive_k][k=adaptive][s=5] INFO   Win  7  k=4  [13.5→19.5 s]  interior_MAE=0.015°C  → k_next=5
2026-05-28 10:53:13 [pinn_trainer][circle][ak_k5][k=-][s=-] INFO Training start: t=[19.5,27.0]s  epochs_adam=1000  epochs_lbfgs=300  params=47890
2026-05-28 10:53:15 [pinn_trainer][circle][ak_k5][k=-][s=-] INFO Adam     1/1000  loss=6.7880e+00  pde=5.3358e+00  bc=2.9043e-01  ic=0.0000e+00  fc=0.0000e+00
2026-05-28 10:53:37 [pinn_trainer][circle][ak_k5][k=-][s=-] INFO Adam   500/1000  loss=8.1965e-04  pde=3.2924e-04  bc=9.8081e-05  ic=0.0000e+00  fc=0.0000e+00
2026-05-28 10:53:58 [pinn_trainer][circle][ak_k5][k=-][s=-] INFO Adam  1000/1000  loss=2.3226e-06  pde=1.9791e-06  bc=6.8706e-08  ic=0.0000e+00  fc=0.0000e+00
2026-05-28 10:54:00 [pinn_trainer][circle][ak_k5][k=-][s=-] INFO L-BFGS  300/300  loss=2.2792e-06
2026-05-28 10:54:00 [pinn_trainer][circle][ak_k5][k=-][s=-] INFO Training done in 47.2 s
2026-05-28 10:54:01 [adaptive_k][circle][adaptive_k][k=adaptive][s=5] INFO   Win  8  k=5  [19.5→27.0 s]  interior_MAE=0.046°C  → k_next=5
2026-05-28 10:54:01 [pinn_trainer][circle][ak_k5][k=-][s=-] INFO Training start: t=[27.0,30.0]s  epochs_adam=1000  epochs_lbfgs=300  params=47890
2026-05-28 10:54:03 [pinn_trainer][circle][ak_k5][k=-][s=-] INFO Adam     1/1000  loss=2.3895e+01  pde=1.8356e+01  bc=1.1078e+00  ic=0.0000e+00  fc=0.0000e+00
2026-05-28 10:54:24 [pinn_trainer][circle][ak_k5][k=-][s=-] INFO Adam   500/1000  loss=8.1524e-03  pde=8.0140e-03  bc=2.7686e-05  ic=0.0000e+00  fc=0.0000e+00
2026-05-28 10:54:45 [pinn_trainer][circle][ak_k5][k=-][s=-] INFO Adam  1000/1000  loss=1.6881e-05  pde=1.2757e-05  bc=8.2489e-07  ic=0.0000e+00  fc=0.0000e+00
2026-05-28 10:54:49 [pinn_trainer][circle][ak_k5][k=-][s=-] INFO L-BFGS  300/300  loss=1.6808e-05
2026-05-28 10:54:49 [pinn_trainer][circle][ak_k5][k=-][s=-] INFO Training done in 48.6 s
2026-05-28 10:54:49 [adaptive_k][circle][adaptive_k][k=adaptive][s=5] INFO   Win  9  k=5  [27.0→30.0 s]  interior_MAE=0.031°C  → k_next=5
2026-05-28 10:54:49 [adaptive_k][circle][adaptive_k][k=adaptive][s=5] INFO AdaptiveK done | wins=9 | FEM_solves=9/60 | FEM_saving=85% | MAE=1.593°C | L2=0.0135 | t=466 s
2026-05-28 10:54:49 [adaptive_k][circle][adaptive_k][k=adaptive][s=5] INFO k schedule: t=0.0s:k=1 → t=1.5s:k=1 → t=3.0s:k=1 → t=4.5s:k=1 → t=6.0s:k=2 → t=9.0s:k=3 → t=13.5s:k=4 → t=19.5s:k=5 → t=27.0s:k=5
2026-05-28 10:54:49 [adaptive_k][circle][adaptive_k][k=adaptive][s=5] INFO Saved → /home/coder/NAS-PINNS1/thermal_pinn/quenching_mswp/results/adaptive_k/circle/seed5_adaptive_nsga2_153
2026-05-28 10:54:51 [stage_adaptive_k][all][adaptive_k][k=-][s=-] INFO RESULT geo=circle   seed=5 | MAE=1.593°C | L2=0.0135 | FEM_solves=9/60 | FEM_saving=85%
2026-05-28 10:54:51 [stage_adaptive_k][all][adaptive_k][k=-][s=-] INFO AdaptiveK | geo=circle seed=6 arch=[153, 153, 153] thr_up=2.0 thr_dn=5.0
2026-05-28 10:54:51 [adaptive_k][circle][adaptive_k][k=adaptive][s=6] INFO AdaptiveK | arch=[153, 153, 153] | k=[1..5] | thr_up=2.0°C thr_dn=5.0°C | fourier=False
2026-05-28 10:54:51 [pinn_trainer][circle][ak_k1][k=-][s=-] INFO Training start: t=[0.0,1.5]s  epochs_adam=1000  epochs_lbfgs=300  params=47890
2026-05-28 10:54:53 [pinn_trainer][circle][ak_k1][k=-][s=-] INFO Adam     1/1000  loss=1.8900e+02  pde=1.8617e+02  bc=5.6628e-01  ic=0.0000e+00  fc=0.0000e+00
2026-05-28 10:55:15 [pinn_trainer][circle][ak_k1][k=-][s=-] INFO Adam   500/1000  loss=2.2775e+00  pde=1.5825e+00  bc=1.3900e-01  ic=0.0000e+00  fc=0.0000e+00
2026-05-28 10:55:36 [pinn_trainer][circle][ak_k1][k=-][s=-] INFO Adam  1000/1000  loss=1.3265e+00  pde=6.7806e-01  bc=1.2968e-01  ic=0.0000e+00  fc=0.0000e+00
2026-05-28 10:55:46 [pinn_trainer][circle][ak_k1][k=-][s=-] INFO L-BFGS  300/300  loss=1.4147e+00
2026-05-28 10:55:46 [pinn_trainer][circle][ak_k1][k=-][s=-] INFO Training done in 55.2 s
2026-05-28 10:55:46 [adaptive_k][circle][adaptive_k][k=adaptive][s=6] INFO   Win  1  k=1  [0.0→1.5 s]  interior_MAE=30.655°C  → k_next=1
2026-05-28 10:55:46 [pinn_trainer][circle][ak_k1][k=-][s=-] INFO Training start: t=[1.5,3.0]s  epochs_adam=1000  epochs_lbfgs=300  params=47890
2026-05-28 10:55:48 [pinn_trainer][circle][ak_k1][k=-][s=-] INFO Adam     1/1000  loss=3.3622e+01  pde=3.2778e+01  bc=1.6888e-01  ic=0.0000e+00  fc=0.0000e+00
2026-05-28 10:56:10 [pinn_trainer][circle][ak_k1][k=-][s=-] INFO Adam   500/1000  loss=2.6331e-01  pde=1.8072e-01  bc=1.6518e-02  ic=0.0000e+00  fc=0.0000e+00
2026-05-28 10:56:31 [pinn_trainer][circle][ak_k1][k=-][s=-] INFO Adam  1000/1000  loss=1.3090e-01  pde=6.0478e-02  bc=1.4085e-02  ic=0.0000e+00  fc=0.0000e+00
2026-05-28 10:56:41 [pinn_trainer][circle][ak_k1][k=-][s=-] INFO L-BFGS  300/300  loss=1.4603e-01
2026-05-28 10:56:41 [pinn_trainer][circle][ak_k1][k=-][s=-] INFO Training done in 55.0 s
2026-05-28 10:56:41 [adaptive_k][circle][adaptive_k][k=adaptive][s=6] INFO   Win  2  k=1  [1.5→3.0 s]  interior_MAE=11.117°C  → k_next=1
2026-05-28 10:56:41 [pinn_trainer][circle][ak_k1][k=-][s=-] INFO Training start: t=[3.0,4.5]s  epochs_adam=1000  epochs_lbfgs=300  params=47890
2026-05-28 10:56:43 [pinn_trainer][circle][ak_k1][k=-][s=-] INFO Adam     1/1000  loss=3.4696e+01  pde=3.3632e+01  bc=2.1267e-01  ic=0.0000e+00  fc=0.0000e+00
2026-05-28 10:57:05 [pinn_trainer][circle][ak_k1][k=-][s=-] INFO Adam   500/1000  loss=3.5386e-02  pde=2.4305e-02  bc=2.2162e-03  ic=0.0000e+00  fc=0.0000e+00
2026-05-28 10:57:26 [pinn_trainer][circle][ak_k1][k=-][s=-] INFO Adam  1000/1000  loss=2.3753e-02  pde=1.5083e-02  bc=1.7341e-03  ic=0.0000e+00  fc=0.0000e+00
2026-05-28 10:57:37 [pinn_trainer][circle][ak_k1][k=-][s=-] INFO L-BFGS  300/300  loss=2.5028e-02
2026-05-28 10:57:37 [pinn_trainer][circle][ak_k1][k=-][s=-] INFO Training done in 55.3 s
2026-05-28 10:57:37 [adaptive_k][circle][adaptive_k][k=adaptive][s=6] INFO   Win  3  k=1  [3.0→4.5 s]  interior_MAE=3.573°C  → k_next=1
2026-05-28 10:57:37 [pinn_trainer][circle][ak_k1][k=-][s=-] INFO Training start: t=[4.5,6.0]s  epochs_adam=1000  epochs_lbfgs=300  params=47890
2026-05-28 10:57:39 [pinn_trainer][circle][ak_k1][k=-][s=-] INFO Adam     1/1000  loss=9.2102e+01  pde=9.1479e+01  bc=1.2471e-01  ic=0.0000e+00  fc=0.0000e+00
2026-05-28 10:58:00 [pinn_trainer][circle][ak_k1][k=-][s=-] INFO Adam   500/1000  loss=1.3823e-02  pde=1.2163e-02  bc=3.3194e-04  ic=0.0000e+00  fc=0.0000e+00
2026-05-28 10:58:22 [pinn_trainer][circle][ak_k1][k=-][s=-] INFO Adam  1000/1000  loss=3.3888e-03  pde=2.2040e-03  bc=2.3696e-04  ic=0.0000e+00  fc=0.0000e+00
2026-05-28 10:58:32 [pinn_trainer][circle][ak_k1][k=-][s=-] INFO L-BFGS  300/300  loss=3.5825e-03
2026-05-28 10:58:32 [pinn_trainer][circle][ak_k1][k=-][s=-] INFO Training done in 55.6 s
2026-05-28 10:58:32 [adaptive_k][circle][adaptive_k][k=adaptive][s=6] INFO   Win  4  k=1  [4.5→6.0 s]  interior_MAE=1.270°C  → k_next=2
2026-05-28 10:58:32 [pinn_trainer][circle][ak_k2][k=-][s=-] INFO Training start: t=[6.0,9.0]s  epochs_adam=1000  epochs_lbfgs=300  params=47890
2026-05-28 10:58:34 [pinn_trainer][circle][ak_k2][k=-][s=-] INFO Adam     1/1000  loss=1.1894e+01  pde=1.1350e+01  bc=1.0873e-01  ic=0.0000e+00  fc=0.0000e+00
2026-05-28 10:58:56 [pinn_trainer][circle][ak_k2][k=-][s=-] INFO Adam   500/1000  loss=3.5376e-03  pde=3.0158e-03  bc=1.0436e-04  ic=0.0000e+00  fc=0.0000e+00
2026-05-28 10:59:17 [pinn_trainer][circle][ak_k2][k=-][s=-] INFO Adam  1000/1000  loss=2.4651e-04  pde=4.6124e-05  bc=4.0077e-05  ic=0.0000e+00  fc=0.0000e+00
2026-05-28 10:59:25 [pinn_trainer][circle][ak_k2][k=-][s=-] INFO L-BFGS  300/300  loss=2.8095e-04
2026-05-28 10:59:25 [pinn_trainer][circle][ak_k2][k=-][s=-] INFO Training done in 52.4 s
2026-05-28 10:59:25 [adaptive_k][circle][adaptive_k][k=adaptive][s=6] INFO   Win  5  k=2  [6.0→9.0 s]  interior_MAE=0.691°C  → k_next=3
2026-05-28 10:59:25 [pinn_trainer][circle][ak_k3][k=-][s=-] INFO Training start: t=[9.0,13.5]s  epochs_adam=1000  epochs_lbfgs=300  params=47890
2026-05-28 10:59:27 [pinn_trainer][circle][ak_k3][k=-][s=-] INFO Adam     1/1000  loss=4.6323e+00  pde=3.8439e+00  bc=1.5769e-01  ic=0.0000e+00  fc=0.0000e+00
2026-05-28 10:59:48 [pinn_trainer][circle][ak_k3][k=-][s=-] INFO Adam   500/1000  loss=1.8331e-03  pde=1.6889e-03  bc=2.8829e-05  ic=0.0000e+00  fc=0.0000e+00
2026-05-28 11:00:10 [pinn_trainer][circle][ak_k3][k=-][s=-] INFO Adam  1000/1000  loss=5.9894e-06  pde=1.8813e-06  bc=8.2161e-07  ic=0.0000e+00  fc=0.0000e+00
2026-05-28 11:00:12 [pinn_trainer][circle][ak_k3][k=-][s=-] INFO L-BFGS  300/300  loss=6.5832e-06
2026-05-28 11:00:12 [pinn_trainer][circle][ak_k3][k=-][s=-] INFO Training done in 47.3 s
2026-05-28 11:00:12 [adaptive_k][circle][adaptive_k][k=adaptive][s=6] INFO   Win  6  k=3  [9.0→13.5 s]  interior_MAE=0.263°C  → k_next=4
2026-05-28 11:00:12 [pinn_trainer][circle][ak_k4][k=-][s=-] INFO Training start: t=[13.5,19.5]s  epochs_adam=1000  epochs_lbfgs=300  params=47890
2026-05-28 11:00:14 [pinn_trainer][circle][ak_k4][k=-][s=-] INFO Adam     1/1000  loss=6.9125e+00  pde=4.4537e+00  bc=4.9176e-01  ic=0.0000e+00  fc=0.0000e+00
2026-05-28 11:00:36 [pinn_trainer][circle][ak_k4][k=-][s=-] INFO Adam   500/1000  loss=1.1540e-05  pde=1.0382e-05  bc=2.3170e-07  ic=0.0000e+00  fc=0.0000e+00
2026-05-28 11:00:57 [pinn_trainer][circle][ak_k4][k=-][s=-] INFO Adam  1000/1000  loss=3.8211e-06  pde=3.0465e-06  bc=1.5491e-07  ic=0.0000e+00  fc=0.0000e+00
2026-05-28 11:00:59 [pinn_trainer][circle][ak_k4][k=-][s=-] INFO L-BFGS  300/300  loss=3.8658e-06
2026-05-28 11:00:59 [pinn_trainer][circle][ak_k4][k=-][s=-] INFO Training done in 47.2 s
2026-05-28 11:00:59 [adaptive_k][circle][adaptive_k][k=adaptive][s=6] INFO   Win  7  k=4  [13.5→19.5 s]  interior_MAE=0.015°C  → k_next=5
2026-05-28 11:00:59 [pinn_trainer][circle][ak_k5][k=-][s=-] INFO Training start: t=[19.5,27.0]s  epochs_adam=1000  epochs_lbfgs=300  params=47890
2026-05-28 11:01:02 [pinn_trainer][circle][ak_k5][k=-][s=-] INFO Adam     1/1000  loss=3.4969e-01  pde=2.1826e-01  bc=2.6285e-02  ic=0.0000e+00  fc=0.0000e+00
2026-05-28 11:01:23 [pinn_trainer][circle][ak_k5][k=-][s=-] INFO Adam   500/1000  loss=1.0747e-05  pde=7.8645e-06  bc=5.7645e-07  ic=0.0000e+00  fc=0.0000e+00
2026-05-28 11:01:44 [pinn_trainer][circle][ak_k5][k=-][s=-] INFO Adam  1000/1000  loss=5.4670e-06  pde=4.1772e-06  bc=2.5795e-07  ic=0.0000e+00  fc=0.0000e+00
2026-05-28 11:01:48 [pinn_trainer][circle][ak_k5][k=-][s=-] INFO L-BFGS  300/300  loss=5.7825e-06
2026-05-28 11:01:48 [pinn_trainer][circle][ak_k5][k=-][s=-] INFO Training done in 48.2 s
2026-05-28 11:01:48 [adaptive_k][circle][adaptive_k][k=adaptive][s=6] INFO   Win  8  k=5  [19.5→27.0 s]  interior_MAE=0.016°C  → k_next=5
2026-05-28 11:01:48 [pinn_trainer][circle][ak_k5][k=-][s=-] INFO Training start: t=[27.0,30.0]s  epochs_adam=1000  epochs_lbfgs=300  params=47890
2026-05-28 11:01:50 [pinn_trainer][circle][ak_k5][k=-][s=-] INFO Adam     1/1000  loss=1.0051e+01  pde=9.4760e+00  bc=1.1510e-01  ic=0.0000e+00  fc=0.0000e+00
2026-05-28 11:02:11 [pinn_trainer][circle][ak_k5][k=-][s=-] INFO Adam   500/1000  loss=7.0937e-03  pde=6.5584e-03  bc=1.0705e-04  ic=0.0000e+00  fc=0.0000e+00
2026-05-28 11:02:33 [pinn_trainer][circle][ak_k5][k=-][s=-] INFO Adam  1000/1000  loss=6.3544e-06  pde=6.1113e-06  bc=4.8628e-08  ic=0.0000e+00  fc=0.0000e+00
2026-05-28 11:02:35 [pinn_trainer][circle][ak_k5][k=-][s=-] INFO L-BFGS  300/300  loss=6.3883e-06
2026-05-28 11:02:35 [pinn_trainer][circle][ak_k5][k=-][s=-] INFO Training done in 47.0 s
2026-05-28 11:02:35 [adaptive_k][circle][adaptive_k][k=adaptive][s=6] INFO   Win  9  k=5  [27.0→30.0 s]  interior_MAE=0.024°C  → k_next=5
2026-05-28 11:02:35 [adaptive_k][circle][adaptive_k][k=adaptive][s=6] INFO AdaptiveK done | wins=9 | FEM_solves=9/60 | FEM_saving=85% | MAE=1.655°C | L2=0.0136 | t=464 s
2026-05-28 11:02:35 [adaptive_k][circle][adaptive_k][k=adaptive][s=6] INFO k schedule: t=0.0s:k=1 → t=1.5s:k=1 → t=3.0s:k=1 → t=4.5s:k=1 → t=6.0s:k=2 → t=9.0s:k=3 → t=13.5s:k=4 → t=19.5s:k=5 → t=27.0s:k=5
2026-05-28 11:02:35 [adaptive_k][circle][adaptive_k][k=adaptive][s=6] INFO Saved → /home/coder/NAS-PINNS1/thermal_pinn/quenching_mswp/results/adaptive_k/circle/seed6_adaptive_nsga2_153
2026-05-28 11:02:37 [stage_adaptive_k][all][adaptive_k][k=-][s=-] INFO RESULT geo=circle   seed=6 | MAE=1.655°C | L2=0.0136 | FEM_solves=9/60 | FEM_saving=85%
2026-05-28 11:02:37 [stage_adaptive_k][all][adaptive_k][k=-][s=-] INFO AdaptiveK | geo=circle seed=7 arch=[153, 153, 153] thr_up=2.0 thr_dn=5.0
2026-05-28 11:02:37 [adaptive_k][circle][adaptive_k][k=adaptive][s=7] INFO AdaptiveK | arch=[153, 153, 153] | k=[1..5] | thr_up=2.0°C thr_dn=5.0°C | fourier=False
2026-05-28 11:02:37 [pinn_trainer][circle][ak_k1][k=-][s=-] INFO Training start: t=[0.0,1.5]s  epochs_adam=1000  epochs_lbfgs=300  params=47890
2026-05-28 11:02:39 [pinn_trainer][circle][ak_k1][k=-][s=-] INFO Adam     1/1000  loss=3.6195e+02  pde=3.5708e+02  bc=9.7384e-01  ic=0.0000e+00  fc=0.0000e+00
2026-05-28 11:03:01 [pinn_trainer][circle][ak_k1][k=-][s=-] INFO Adam   500/1000  loss=2.3908e+00  pde=1.7001e+00  bc=1.3815e-01  ic=0.0000e+00  fc=0.0000e+00
2026-05-28 11:03:22 [pinn_trainer][circle][ak_k1][k=-][s=-] INFO Adam  1000/1000  loss=1.4486e+00  pde=7.6525e-01  bc=1.3666e-01  ic=0.0000e+00  fc=0.0000e+00
2026-05-28 11:03:33 [pinn_trainer][circle][ak_k1][k=-][s=-] INFO L-BFGS  300/300  loss=1.5382e+00
2026-05-28 11:03:33 [pinn_trainer][circle][ak_k1][k=-][s=-] INFO Training done in 55.9 s
2026-05-28 11:03:33 [adaptive_k][circle][adaptive_k][k=adaptive][s=7] INFO   Win  1  k=1  [0.0→1.5 s]  interior_MAE=31.264°C  → k_next=1
2026-05-28 11:03:33 [pinn_trainer][circle][ak_k1][k=-][s=-] INFO Training start: t=[1.5,3.0]s  epochs_adam=1000  epochs_lbfgs=300  params=47890
2026-05-28 11:03:35 [pinn_trainer][circle][ak_k1][k=-][s=-] INFO Adam     1/1000  loss=3.5780e+01  pde=3.4405e+01  bc=2.7501e-01  ic=0.0000e+00  fc=0.0000e+00
2026-05-28 11:03:56 [pinn_trainer][circle][ak_k1][k=-][s=-] INFO Adam   500/1000  loss=2.4344e-01  pde=1.5881e-01  bc=1.6927e-02  ic=0.0000e+00  fc=0.0000e+00
2026-05-28 11:04:18 [pinn_trainer][circle][ak_k1][k=-][s=-] INFO Adam  1000/1000  loss=1.3926e-01  pde=6.3528e-02  bc=1.5145e-02  ic=0.0000e+00  fc=0.0000e+00
2026-05-28 11:04:28 [pinn_trainer][circle][ak_k1][k=-][s=-] INFO L-BFGS  300/300  loss=1.5098e-01
2026-05-28 11:04:28 [pinn_trainer][circle][ak_k1][k=-][s=-] INFO Training done in 55.8 s
2026-05-28 11:04:28 [adaptive_k][circle][adaptive_k][k=adaptive][s=7] INFO   Win  2  k=1  [1.5→3.0 s]  interior_MAE=11.278°C  → k_next=1
2026-05-28 11:04:28 [pinn_trainer][circle][ak_k1][k=-][s=-] INFO Training start: t=[3.0,4.5]s  epochs_adam=1000  epochs_lbfgs=300  params=47890
2026-05-28 11:04:31 [pinn_trainer][circle][ak_k1][k=-][s=-] INFO Adam     1/1000  loss=8.8456e+01  pde=8.6746e+01  bc=3.4205e-01  ic=0.0000e+00  fc=0.0000e+00
2026-05-28 11:04:52 [pinn_trainer][circle][ak_k1][k=-][s=-] INFO Adam   500/1000  loss=7.7685e-02  pde=6.3020e-02  bc=2.9331e-03  ic=0.0000e+00  fc=0.0000e+00
2026-05-28 11:05:14 [pinn_trainer][circle][ak_k1][k=-][s=-] INFO Adam  1000/1000  loss=2.4404e-02  pde=1.5248e-02  bc=1.8313e-03  ic=0.0000e+00  fc=0.0000e+00
2026-05-28 11:05:24 [pinn_trainer][circle][ak_k1][k=-][s=-] INFO L-BFGS  300/300  loss=2.5818e-02
2026-05-28 11:05:24 [pinn_trainer][circle][ak_k1][k=-][s=-] INFO Training done in 55.7 s
2026-05-28 11:05:24 [adaptive_k][circle][adaptive_k][k=adaptive][s=7] INFO   Win  3  k=1  [3.0→4.5 s]  interior_MAE=3.537°C  → k_next=1
2026-05-28 11:05:24 [pinn_trainer][circle][ak_k1][k=-][s=-] INFO Training start: t=[4.5,6.0]s  epochs_adam=1000  epochs_lbfgs=300  params=47890
2026-05-28 11:05:27 [pinn_trainer][circle][ak_k1][k=-][s=-] INFO Adam     1/1000  loss=7.9453e+01  pde=7.7598e+01  bc=3.7099e-01  ic=0.0000e+00  fc=0.0000e+00
2026-05-28 11:05:48 [pinn_trainer][circle][ak_k1][k=-][s=-] INFO Adam   500/1000  loss=1.9097e-02  pde=1.6578e-02  bc=5.0379e-04  ic=0.0000e+00  fc=0.0000e+00
2026-05-28 11:06:10 [pinn_trainer][circle][ak_k1][k=-][s=-] INFO Adam  1000/1000  loss=3.5679e-03  pde=2.3069e-03  bc=2.5221e-04  ic=0.0000e+00  fc=0.0000e+00
2026-05-28 11:06:20 [pinn_trainer][circle][ak_k1][k=-][s=-] INFO L-BFGS  300/300  loss=3.7564e-03
2026-05-28 11:06:20 [pinn_trainer][circle][ak_k1][k=-][s=-] INFO Training done in 55.9 s
2026-05-28 11:06:20 [adaptive_k][circle][adaptive_k][k=adaptive][s=7] INFO   Win  4  k=1  [4.5→6.0 s]  interior_MAE=1.266°C  → k_next=2
2026-05-28 11:06:20 [pinn_trainer][circle][ak_k2][k=-][s=-] INFO Training start: t=[6.0,9.0]s  epochs_adam=1000  epochs_lbfgs=300  params=47890
2026-05-28 11:06:23 [pinn_trainer][circle][ak_k2][k=-][s=-] INFO Adam     1/1000  loss=1.9148e+01  pde=1.5680e+01  bc=6.9366e-01  ic=0.0000e+00  fc=0.0000e+00
2026-05-28 11:06:44 [pinn_trainer][circle][ak_k2][k=-][s=-] INFO Adam   500/1000  loss=3.6071e-03  pde=2.6557e-03  bc=1.9028e-04  ic=0.0000e+00  fc=0.0000e+00
2026-05-28 11:07:06 [pinn_trainer][circle][ak_k2][k=-][s=-] INFO Adam  1000/1000  loss=2.6451e-04  pde=6.6450e-05  bc=3.9611e-05  ic=0.0000e+00  fc=0.0000e+00
2026-05-28 11:07:15 [pinn_trainer][circle][ak_k2][k=-][s=-] INFO L-BFGS  300/300  loss=2.9709e-04
2026-05-28 11:07:15 [pinn_trainer][circle][ak_k2][k=-][s=-] INFO Training done in 54.3 s
2026-05-28 11:07:15 [adaptive_k][circle][adaptive_k][k=adaptive][s=7] INFO   Win  5  k=2  [6.0→9.0 s]  interior_MAE=0.686°C  → k_next=3
2026-05-28 11:07:15 [pinn_trainer][circle][ak_k3][k=-][s=-] INFO Training start: t=[9.0,13.5]s  epochs_adam=1000  epochs_lbfgs=300  params=47890
2026-05-28 11:07:17 [pinn_trainer][circle][ak_k3][k=-][s=-] INFO Adam     1/1000  loss=1.0902e+01  pde=7.2855e+00  bc=7.2322e-01  ic=0.0000e+00  fc=0.0000e+00
2026-05-28 11:07:38 [pinn_trainer][circle][ak_k3][k=-][s=-] INFO Adam   500/1000  loss=1.5346e-03  pde=1.4480e-03  bc=1.7304e-05  ic=0.0000e+00  fc=0.0000e+00
2026-05-28 11:08:00 [pinn_trainer][circle][ak_k3][k=-][s=-] INFO Adam  1000/1000  loss=1.1168e-05  pde=5.8600e-06  bc=1.0616e-06  ic=0.0000e+00  fc=0.0000e+00
2026-05-28 11:08:02 [pinn_trainer][circle][ak_k3][k=-][s=-] INFO L-BFGS  300/300  loss=1.1759e-05
2026-05-28 11:08:02 [pinn_trainer][circle][ak_k3][k=-][s=-] INFO Training done in 47.8 s
2026-05-28 11:08:02 [adaptive_k][circle][adaptive_k][k=adaptive][s=7] INFO   Win  6  k=3  [9.0→13.5 s]  interior_MAE=0.276°C  → k_next=4
2026-05-28 11:08:02 [pinn_trainer][circle][ak_k4][k=-][s=-] INFO Training start: t=[13.5,19.5]s  epochs_adam=1000  epochs_lbfgs=300  params=47890
2026-05-28 11:08:05 [pinn_trainer][circle][ak_k4][k=-][s=-] INFO Adam     1/1000  loss=4.0602e+00  pde=2.9998e+00  bc=2.1209e-01  ic=0.0000e+00  fc=0.0000e+00
2026-05-28 11:08:27 [pinn_trainer][circle][ak_k4][k=-][s=-] INFO Adam   500/1000  loss=4.4272e-06  pde=3.2853e-06  bc=2.2839e-07  ic=0.0000e+00  fc=0.0000e+00
2026-05-28 11:08:48 [pinn_trainer][circle][ak_k4][k=-][s=-] INFO Adam  1000/1000  loss=1.5294e-06  pde=1.2803e-06  bc=4.9831e-08  ic=0.0000e+00  fc=0.0000e+00
2026-05-28 11:08:51 [pinn_trainer][circle][ak_k4][k=-][s=-] INFO L-BFGS  300/300  loss=1.5775e-06
2026-05-28 11:08:51 [pinn_trainer][circle][ak_k4][k=-][s=-] INFO Training done in 48.3 s
2026-05-28 11:08:51 [adaptive_k][circle][adaptive_k][k=adaptive][s=7] INFO   Win  7  k=4  [13.5→19.5 s]  interior_MAE=0.016°C  → k_next=5
2026-05-28 11:08:51 [pinn_trainer][circle][ak_k5][k=-][s=-] INFO Training start: t=[19.5,27.0]s  epochs_adam=1000  epochs_lbfgs=300  params=47890
2026-05-28 11:08:53 [pinn_trainer][circle][ak_k5][k=-][s=-] INFO Adam     1/1000  loss=5.8092e+00  pde=2.9475e+00  bc=5.7235e-01  ic=0.0000e+00  fc=0.0000e+00
2026-05-28 11:09:15 [pinn_trainer][circle][ak_k5][k=-][s=-] INFO Adam   500/1000  loss=4.9162e-06  pde=3.6701e-06  bc=2.4923e-07  ic=0.0000e+00  fc=0.0000e+00
2026-05-28 11:09:36 [pinn_trainer][circle][ak_k5][k=-][s=-] INFO Adam  1000/1000  loss=2.5589e-06  pde=1.8882e-06  bc=1.3414e-07  ic=0.0000e+00  fc=0.0000e+00
2026-05-28 11:09:39 [pinn_trainer][circle][ak_k5][k=-][s=-] INFO L-BFGS  300/300  loss=2.6401e-06
2026-05-28 11:09:39 [pinn_trainer][circle][ak_k5][k=-][s=-] INFO Training done in 47.6 s
2026-05-28 11:09:39 [adaptive_k][circle][adaptive_k][k=adaptive][s=7] INFO   Win  8  k=5  [19.5→27.0 s]  interior_MAE=0.023°C  → k_next=5
2026-05-28 11:09:39 [pinn_trainer][circle][ak_k5][k=-][s=-] INFO Training start: t=[27.0,30.0]s  epochs_adam=1000  epochs_lbfgs=300  params=47890
2026-05-28 11:09:41 [pinn_trainer][circle][ak_k5][k=-][s=-] INFO Adam     1/1000  loss=4.4767e+01  pde=3.7694e+01  bc=1.4146e+00  ic=0.0000e+00  fc=0.0000e+00
2026-05-28 11:10:03 [pinn_trainer][circle][ak_k5][k=-][s=-] INFO Adam   500/1000  loss=2.3215e-02  pde=1.7347e-02  bc=1.1736e-03  ic=0.0000e+00  fc=0.0000e+00
2026-05-28 11:10:24 [pinn_trainer][circle][ak_k5][k=-][s=-] INFO Adam  1000/1000  loss=7.4351e-06  pde=6.4600e-06  bc=1.9501e-07  ic=0.0000e+00  fc=0.0000e+00
2026-05-28 11:10:27 [pinn_trainer][circle][ak_k5][k=-][s=-] INFO L-BFGS  300/300  loss=7.2145e-06
2026-05-28 11:10:27 [pinn_trainer][circle][ak_k5][k=-][s=-] INFO Training done in 47.8 s
2026-05-28 11:10:27 [adaptive_k][circle][adaptive_k][k=adaptive][s=7] INFO   Win  9  k=5  [27.0→30.0 s]  interior_MAE=0.012°C  → k_next=5
2026-05-28 11:10:27 [adaptive_k][circle][adaptive_k][k=adaptive][s=7] INFO AdaptiveK done | wins=9 | FEM_solves=9/60 | FEM_saving=85% | MAE=1.681°C | L2=0.0138 | t=470 s
2026-05-28 11:10:27 [adaptive_k][circle][adaptive_k][k=adaptive][s=7] INFO k schedule: t=0.0s:k=1 → t=1.5s:k=1 → t=3.0s:k=1 → t=4.5s:k=1 → t=6.0s:k=2 → t=9.0s:k=3 → t=13.5s:k=4 → t=19.5s:k=5 → t=27.0s:k=5
2026-05-28 11:10:27 [adaptive_k][circle][adaptive_k][k=adaptive][s=7] INFO Saved → /home/coder/NAS-PINNS1/thermal_pinn/quenching_mswp/results/adaptive_k/circle/seed7_adaptive_nsga2_153
2026-05-28 11:10:28 [stage_adaptive_k][all][adaptive_k][k=-][s=-] INFO RESULT geo=circle   seed=7 | MAE=1.681°C | L2=0.0138 | FEM_solves=9/60 | FEM_saving=85%
2026-05-28 11:10:28 [stage_adaptive_k][all][adaptive_k][k=-][s=-] INFO AdaptiveK | geo=circle seed=8 arch=[153, 153, 153] thr_up=2.0 thr_dn=5.0
2026-05-28 11:10:28 [adaptive_k][circle][adaptive_k][k=adaptive][s=8] INFO AdaptiveK | arch=[153, 153, 153] | k=[1..5] | thr_up=2.0°C thr_dn=5.0°C | fourier=False
2026-05-28 11:10:28 [pinn_trainer][circle][ak_k1][k=-][s=-] INFO Training start: t=[0.0,1.5]s  epochs_adam=1000  epochs_lbfgs=300  params=47890
2026-05-28 11:10:31 [pinn_trainer][circle][ak_k1][k=-][s=-] INFO Adam     1/1000  loss=4.0805e+02  pde=4.0250e+02  bc=1.1101e+00  ic=0.0000e+00  fc=0.0000e+00
2026-05-28 11:10:52 [pinn_trainer][circle][ak_k1][k=-][s=-] INFO Adam   500/1000  loss=1.9355e+00  pde=1.1949e+00  bc=1.4812e-01  ic=0.0000e+00  fc=0.0000e+00
2026-05-28 11:11:14 [pinn_trainer][circle][ak_k1][k=-][s=-] INFO Adam  1000/1000  loss=1.3362e+00  pde=6.7595e-01  bc=1.3205e-01  ic=0.0000e+00  fc=0.0000e+00
2026-05-28 11:11:24 [pinn_trainer][circle][ak_k1][k=-][s=-] INFO L-BFGS  300/300  loss=1.4537e+00
2026-05-28 11:11:24 [pinn_trainer][circle][ak_k1][k=-][s=-] INFO Training done in 55.6 s
2026-05-28 11:11:24 [adaptive_k][circle][adaptive_k][k=adaptive][s=8] INFO   Win  1  k=1  [0.0→1.5 s]  interior_MAE=31.385°C  → k_next=1
2026-05-28 11:11:24 [pinn_trainer][circle][ak_k1][k=-][s=-] INFO Training start: t=[1.5,3.0]s  epochs_adam=1000  epochs_lbfgs=300  params=47890
2026-05-28 11:11:26 [pinn_trainer][circle][ak_k1][k=-][s=-] INFO Adam     1/1000  loss=5.2488e+01  pde=5.0462e+01  bc=4.0508e-01  ic=0.0000e+00  fc=0.0000e+00
2026-05-28 11:11:48 [pinn_trainer][circle][ak_k1][k=-][s=-] INFO Adam   500/1000  loss=2.5669e-01  pde=1.7336e-01  bc=1.6667e-02  ic=0.0000e+00  fc=0.0000e+00
2026-05-28 11:12:09 [pinn_trainer][circle][ak_k1][k=-][s=-] INFO Adam  1000/1000  loss=1.7494e-01  pde=1.0796e-01  bc=1.3396e-02  ic=0.0000e+00  fc=0.0000e+00
2026-05-28 11:12:19 [pinn_trainer][circle][ak_k1][k=-][s=-] INFO L-BFGS  300/300  loss=1.8545e-01
2026-05-28 11:12:19 [pinn_trainer][circle][ak_k1][k=-][s=-] INFO Training done in 55.4 s
2026-05-28 11:12:19 [adaptive_k][circle][adaptive_k][k=adaptive][s=8] INFO   Win  2  k=1  [1.5→3.0 s]  interior_MAE=10.532°C  → k_next=1
2026-05-28 11:12:19 [pinn_trainer][circle][ak_k1][k=-][s=-] INFO Training start: t=[3.0,4.5]s  epochs_adam=1000  epochs_lbfgs=300  params=47890
2026-05-28 11:12:22 [pinn_trainer][circle][ak_k1][k=-][s=-] INFO Adam     1/1000  loss=5.3700e+01  pde=4.9404e+01  bc=8.5918e-01  ic=0.0000e+00  fc=0.0000e+00
2026-05-28 11:12:43 [pinn_trainer][circle][ak_k1][k=-][s=-] INFO Adam   500/1000  loss=5.3979e-02  pde=4.2449e-02  bc=2.3060e-03  ic=0.0000e+00  fc=0.0000e+00
2026-05-28 11:13:05 [pinn_trainer][circle][ak_k1][k=-][s=-] INFO Adam  1000/1000  loss=2.5248e-02  pde=1.6028e-02  bc=1.8440e-03  ic=0.0000e+00  fc=0.0000e+00
2026-05-28 11:13:15 [pinn_trainer][circle][ak_k1][k=-][s=-] INFO L-BFGS  300/300  loss=2.6625e-02
2026-05-28 11:13:15 [pinn_trainer][circle][ak_k1][k=-][s=-] INFO Training done in 55.5 s
2026-05-28 11:13:15 [adaptive_k][circle][adaptive_k][k=adaptive][s=8] INFO   Win  3  k=1  [3.0→4.5 s]  interior_MAE=3.589°C  → k_next=1
2026-05-28 11:13:15 [pinn_trainer][circle][ak_k1][k=-][s=-] INFO Training start: t=[4.5,6.0]s  epochs_adam=1000  epochs_lbfgs=300  params=47890
2026-05-28 11:13:17 [pinn_trainer][circle][ak_k1][k=-][s=-] INFO Adam     1/1000  loss=1.7414e+02  pde=1.7341e+02  bc=1.4683e-01  ic=0.0000e+00  fc=0.0000e+00
2026-05-28 11:13:39 [pinn_trainer][circle][ak_k1][k=-][s=-] INFO Adam   500/1000  loss=2.5791e-02  pde=2.2471e-02  bc=6.6400e-04  ic=0.0000e+00  fc=0.0000e+00
2026-05-28 11:14:00 [pinn_trainer][circle][ak_k1][k=-][s=-] INFO Adam  1000/1000  loss=3.4618e-03  pde=2.1941e-03  bc=2.5354e-04  ic=0.0000e+00  fc=0.0000e+00
2026-05-28 11:14:10 [pinn_trainer][circle][ak_k1][k=-][s=-] INFO L-BFGS  300/300  loss=3.6708e-03
2026-05-28 11:14:10 [pinn_trainer][circle][ak_k1][k=-][s=-] INFO Training done in 55.5 s
2026-05-28 11:14:10 [adaptive_k][circle][adaptive_k][k=adaptive][s=8] INFO   Win  4  k=1  [4.5→6.0 s]  interior_MAE=1.289°C  → k_next=2
2026-05-28 11:14:10 [pinn_trainer][circle][ak_k2][k=-][s=-] INFO Training start: t=[6.0,9.0]s  epochs_adam=1000  epochs_lbfgs=300  params=47890
2026-05-28 11:14:13 [pinn_trainer][circle][ak_k2][k=-][s=-] INFO Adam     1/1000  loss=6.9644e+00  pde=6.2681e+00  bc=1.3927e-01  ic=0.0000e+00  fc=0.0000e+00
2026-05-28 11:14:34 [pinn_trainer][circle][ak_k2][k=-][s=-] INFO Adam   500/1000  loss=7.3250e-04  pde=4.9659e-04  bc=4.7183e-05  ic=0.0000e+00  fc=0.0000e+00
2026-05-28 11:14:56 [pinn_trainer][circle][ak_k2][k=-][s=-] INFO Adam  1000/1000  loss=2.4597e-04  pde=4.6007e-05  bc=3.9993e-05  ic=0.0000e+00  fc=0.0000e+00
2026-05-28 11:15:04 [pinn_trainer][circle][ak_k2][k=-][s=-] INFO L-BFGS  300/300  loss=2.8135e-04
2026-05-28 11:15:04 [pinn_trainer][circle][ak_k2][k=-][s=-] INFO Training done in 53.3 s
2026-05-28 11:15:04 [adaptive_k][circle][adaptive_k][k=adaptive][s=8] INFO   Win  5  k=2  [6.0→9.0 s]  interior_MAE=0.694°C  → k_next=3
2026-05-28 11:15:04 [pinn_trainer][circle][ak_k3][k=-][s=-] INFO Training start: t=[9.0,13.5]s  epochs_adam=1000  epochs_lbfgs=300  params=47890
2026-05-28 11:15:06 [pinn_trainer][circle][ak_k3][k=-][s=-] INFO Adam     1/1000  loss=6.6256e+00  pde=6.4005e+00  bc=4.5025e-02  ic=0.0000e+00  fc=0.0000e+00
2026-05-28 11:15:28 [pinn_trainer][circle][ak_k3][k=-][s=-] INFO Adam   500/1000  loss=1.4044e-03  pde=1.0296e-03  bc=7.4971e-05  ic=0.0000e+00  fc=0.0000e+00
2026-05-28 11:15:49 [pinn_trainer][circle][ak_k3][k=-][s=-] INFO Adam  1000/1000  loss=7.7850e-06  pde=2.5298e-06  bc=1.0510e-06  ic=0.0000e+00  fc=0.0000e+00
2026-05-28 11:15:51 [pinn_trainer][circle][ak_k3][k=-][s=-] INFO L-BFGS  300/300  loss=8.6883e-06
2026-05-28 11:15:51 [pinn_trainer][circle][ak_k3][k=-][s=-] INFO Training done in 47.5 s
2026-05-28 11:15:51 [adaptive_k][circle][adaptive_k][k=adaptive][s=8] INFO   Win  6  k=3  [9.0→13.5 s]  interior_MAE=0.300°C  → k_next=4
2026-05-28 11:15:51 [pinn_trainer][circle][ak_k4][k=-][s=-] INFO Training start: t=[13.5,19.5]s  epochs_adam=1000  epochs_lbfgs=300  params=47890
2026-05-28 11:15:54 [pinn_trainer][circle][ak_k4][k=-][s=-] INFO Adam     1/1000  loss=3.1209e+00  pde=1.8155e+00  bc=2.6109e-01  ic=0.0000e+00  fc=0.0000e+00
2026-05-28 11:16:16 [pinn_trainer][circle][ak_k4][k=-][s=-] INFO Adam   500/1000  loss=4.8853e-06  pde=4.0190e-06  bc=1.7326e-07  ic=0.0000e+00  fc=0.0000e+00
2026-05-28 11:16:39 [pinn_trainer][circle][ak_k4][k=-][s=-] INFO Adam  1000/1000  loss=2.3876e-06  pde=1.9675e-06  bc=8.4020e-08  ic=0.0000e+00  fc=0.0000e+00
2026-05-28 11:16:41 [pinn_trainer][circle][ak_k4][k=-][s=-] INFO L-BFGS  300/300  loss=2.4229e-06
2026-05-28 11:16:41 [pinn_trainer][circle][ak_k4][k=-][s=-] INFO Training done in 49.4 s
2026-05-28 11:16:41 [adaptive_k][circle][adaptive_k][k=adaptive][s=8] INFO   Win  7  k=4  [13.5→19.5 s]  interior_MAE=0.011°C  → k_next=5
2026-05-28 11:16:41 [pinn_trainer][circle][ak_k5][k=-][s=-] INFO Training start: t=[19.5,27.0]s  epochs_adam=1000  epochs_lbfgs=300  params=47890
2026-05-28 11:16:43 [pinn_trainer][circle][ak_k5][k=-][s=-] INFO Adam     1/1000  loss=1.0089e+00  pde=3.6437e-01  bc=1.2890e-01  ic=0.0000e+00  fc=0.0000e+00
2026-05-28 11:17:05 [pinn_trainer][circle][ak_k5][k=-][s=-] INFO Adam   500/1000  loss=4.7206e-06  pde=2.4442e-06  bc=4.5527e-07  ic=0.0000e+00  fc=0.0000e+00
2026-05-28 11:17:27 [pinn_trainer][circle][ak_k5][k=-][s=-] INFO Adam  1000/1000  loss=2.0775e-06  pde=1.6808e-06  bc=7.9346e-08  ic=0.0000e+00  fc=0.0000e+00
2026-05-28 11:17:29 [pinn_trainer][circle][ak_k5][k=-][s=-] INFO L-BFGS  300/300  loss=2.0767e-06
2026-05-28 11:17:29 [pinn_trainer][circle][ak_k5][k=-][s=-] INFO Training done in 47.9 s
2026-05-28 11:17:29 [adaptive_k][circle][adaptive_k][k=adaptive][s=8] INFO   Win  8  k=5  [19.5→27.0 s]  interior_MAE=0.009°C  → k_next=5
2026-05-28 11:17:29 [pinn_trainer][circle][ak_k5][k=-][s=-] INFO Training start: t=[27.0,30.0]s  epochs_adam=1000  epochs_lbfgs=300  params=47890
2026-05-28 11:17:31 [pinn_trainer][circle][ak_k5][k=-][s=-] INFO Adam     1/1000  loss=5.5164e+00  pde=5.0733e+00  bc=8.8613e-02  ic=0.0000e+00  fc=0.0000e+00
2026-05-28 11:17:53 [pinn_trainer][circle][ak_k5][k=-][s=-] INFO Adam   500/1000  loss=1.7363e-02  pde=1.7163e-02  bc=3.9919e-05  ic=0.0000e+00  fc=0.0000e+00
2026-05-28 11:18:14 [pinn_trainer][circle][ak_k5][k=-][s=-] INFO Adam  1000/1000  loss=5.8391e-06  pde=5.0926e-06  bc=1.4930e-07  ic=0.0000e+00  fc=0.0000e+00
2026-05-28 11:18:16 [pinn_trainer][circle][ak_k5][k=-][s=-] INFO L-BFGS  300/300  loss=5.9098e-06
2026-05-28 11:18:16 [pinn_trainer][circle][ak_k5][k=-][s=-] INFO Training done in 47.2 s
2026-05-28 11:18:16 [adaptive_k][circle][adaptive_k][k=adaptive][s=8] INFO   Win  9  k=5  [27.0→30.0 s]  interior_MAE=0.016°C  → k_next=5
2026-05-28 11:18:16 [adaptive_k][circle][adaptive_k][k=adaptive][s=8] INFO AdaptiveK done | wins=9 | FEM_solves=9/60 | FEM_saving=85% | MAE=1.663°C | L2=0.0136 | t=468 s
2026-05-28 11:18:16 [adaptive_k][circle][adaptive_k][k=adaptive][s=8] INFO k schedule: t=0.0s:k=1 → t=1.5s:k=1 → t=3.0s:k=1 → t=4.5s:k=1 → t=6.0s:k=2 → t=9.0s:k=3 → t=13.5s:k=4 → t=19.5s:k=5 → t=27.0s:k=5
2026-05-28 11:18:17 [adaptive_k][circle][adaptive_k][k=adaptive][s=8] INFO Saved → /home/coder/NAS-PINNS1/thermal_pinn/quenching_mswp/results/adaptive_k/circle/seed8_adaptive_nsga2_153
2026-05-28 11:18:18 [stage_adaptive_k][all][adaptive_k][k=-][s=-] INFO RESULT geo=circle   seed=8 | MAE=1.663°C | L2=0.0136 | FEM_solves=9/60 | FEM_saving=85%
2026-05-28 11:18:18 [stage_adaptive_k][all][adaptive_k][k=-][s=-] INFO AdaptiveK | geo=circle seed=9 arch=[153, 153, 153] thr_up=2.0 thr_dn=5.0
2026-05-28 11:18:18 [adaptive_k][circle][adaptive_k][k=adaptive][s=9] INFO AdaptiveK | arch=[153, 153, 153] | k=[1..5] | thr_up=2.0°C thr_dn=5.0°C | fourier=False
2026-05-28 11:18:18 [pinn_trainer][circle][ak_k1][k=-][s=-] INFO Training start: t=[0.0,1.5]s  epochs_adam=1000  epochs_lbfgs=300  params=47890
2026-05-28 11:18:20 [pinn_trainer][circle][ak_k1][k=-][s=-] INFO Adam     1/1000  loss=2.3810e+02  pde=2.2936e+02  bc=1.7480e+00  ic=0.0000e+00  fc=0.0000e+00
2026-05-28 11:18:42 [pinn_trainer][circle][ak_k1][k=-][s=-] INFO Adam   500/1000  loss=1.9543e+00  pde=1.2387e+00  bc=1.4311e-01  ic=0.0000e+00  fc=0.0000e+00
2026-05-28 11:19:03 [pinn_trainer][circle][ak_k1][k=-][s=-] INFO Adam  1000/1000  loss=1.1101e+00  pde=4.8035e-01  bc=1.2596e-01  ic=0.0000e+00  fc=0.0000e+00
2026-05-28 11:19:14 [pinn_trainer][circle][ak_k1][k=-][s=-] INFO L-BFGS  300/300  loss=1.2187e+00
2026-05-28 11:19:14 [pinn_trainer][circle][ak_k1][k=-][s=-] INFO Training done in 55.6 s
2026-05-28 11:19:14 [adaptive_k][circle][adaptive_k][k=adaptive][s=9] INFO   Win  1  k=1  [0.0→1.5 s]  interior_MAE=31.335°C  → k_next=1
2026-05-28 11:19:14 [pinn_trainer][circle][ak_k1][k=-][s=-] INFO Training start: t=[1.5,3.0]s  epochs_adam=1000  epochs_lbfgs=300  params=47890
2026-05-28 11:19:16 [pinn_trainer][circle][ak_k1][k=-][s=-] INFO Adam     1/1000  loss=4.7593e+01  pde=4.7039e+01  bc=1.1086e-01  ic=0.0000e+00  fc=0.0000e+00
2026-05-28 11:19:38 [pinn_trainer][circle][ak_k1][k=-][s=-] INFO Adam   500/1000  loss=3.5627e-01  pde=2.6930e-01  bc=1.7394e-02  ic=0.0000e+00  fc=0.0000e+00
2026-05-28 11:19:59 [pinn_trainer][circle][ak_k1][k=-][s=-] INFO Adam  1000/1000  loss=1.6859e-01  pde=9.8264e-02  bc=1.4065e-02  ic=0.0000e+00  fc=0.0000e+00
2026-05-28 11:20:10 [pinn_trainer][circle][ak_k1][k=-][s=-] INFO L-BFGS  300/300  loss=1.8150e-01
2026-05-28 11:20:10 [pinn_trainer][circle][ak_k1][k=-][s=-] INFO Training done in 56.1 s
2026-05-28 11:20:10 [adaptive_k][circle][adaptive_k][k=adaptive][s=9] INFO   Win  2  k=1  [1.5→3.0 s]  interior_MAE=11.282°C  → k_next=1
2026-05-28 11:20:10 [pinn_trainer][circle][ak_k1][k=-][s=-] INFO Training start: t=[3.0,4.5]s  epochs_adam=1000  epochs_lbfgs=300  params=47890
2026-05-28 11:20:12 [pinn_trainer][circle][ak_k1][k=-][s=-] INFO Adam     1/1000  loss=3.2447e+01  pde=3.1255e+01  bc=2.3831e-01  ic=0.0000e+00  fc=0.0000e+00
2026-05-28 11:20:34 [pinn_trainer][circle][ak_k1][k=-][s=-] INFO Adam   500/1000  loss=5.2908e-02  pde=4.0294e-02  bc=2.5229e-03  ic=0.0000e+00  fc=0.0000e+00
2026-05-28 11:20:55 [pinn_trainer][circle][ak_k1][k=-][s=-] INFO Adam  1000/1000  loss=2.3276e-02  pde=1.3806e-02  bc=1.8942e-03  ic=0.0000e+00  fc=0.0000e+00
2026-05-28 11:21:05 [pinn_trainer][circle][ak_k1][k=-][s=-] INFO L-BFGS  300/300  loss=2.5034e-02
2026-05-28 11:21:05 [pinn_trainer][circle][ak_k1][k=-][s=-] INFO Training done in 55.6 s
2026-05-28 11:21:06 [adaptive_k][circle][adaptive_k][k=adaptive][s=9] INFO   Win  3  k=1  [3.0→4.5 s]  interior_MAE=3.546°C  → k_next=1
2026-05-28 11:21:06 [pinn_trainer][circle][ak_k1][k=-][s=-] INFO Training start: t=[4.5,6.0]s  epochs_adam=1000  epochs_lbfgs=300  params=47890
2026-05-28 11:21:08 [pinn_trainer][circle][ak_k1][k=-][s=-] INFO Adam     1/1000  loss=3.2827e+01  pde=3.0524e+01  bc=4.6062e-01  ic=0.0000e+00  fc=0.0000e+00
2026-05-28 11:21:29 [pinn_trainer][circle][ak_k1][k=-][s=-] INFO Adam   500/1000  loss=3.9116e-02  pde=3.6712e-02  bc=4.8093e-04  ic=0.0000e+00  fc=0.0000e+00
2026-05-28 11:21:50 [pinn_trainer][circle][ak_k1][k=-][s=-] INFO Adam  1000/1000  loss=3.2664e-03  pde=2.0506e-03  bc=2.4316e-04  ic=0.0000e+00  fc=0.0000e+00
2026-05-28 11:22:01 [pinn_trainer][circle][ak_k1][k=-][s=-] INFO L-BFGS  300/300  loss=3.4603e-03
2026-05-28 11:22:01 [pinn_trainer][circle][ak_k1][k=-][s=-] INFO Training done in 55.5 s
2026-05-28 11:22:01 [adaptive_k][circle][adaptive_k][k=adaptive][s=9] INFO   Win  4  k=1  [4.5→6.0 s]  interior_MAE=1.261°C  → k_next=2
2026-05-28 11:22:01 [pinn_trainer][circle][ak_k2][k=-][s=-] INFO Training start: t=[6.0,9.0]s  epochs_adam=1000  epochs_lbfgs=300  params=47890
2026-05-28 11:22:03 [pinn_trainer][circle][ak_k2][k=-][s=-] INFO Adam     1/1000  loss=4.0267e+01  pde=3.0627e+01  bc=1.9279e+00  ic=0.0000e+00  fc=0.0000e+00
2026-05-28 11:22:25 [pinn_trainer][circle][ak_k2][k=-][s=-] INFO Adam   500/1000  loss=2.4582e-03  pde=1.9662e-03  bc=9.8395e-05  ic=0.0000e+00  fc=0.0000e+00
2026-05-28 11:22:46 [pinn_trainer][circle][ak_k2][k=-][s=-] INFO Adam  1000/1000  loss=2.3928e-04  pde=3.8693e-05  bc=4.0117e-05  ic=0.0000e+00  fc=0.0000e+00
2026-05-28 11:22:54 [pinn_trainer][circle][ak_k2][k=-][s=-] INFO L-BFGS  300/300  loss=2.7583e-04
2026-05-28 11:22:54 [pinn_trainer][circle][ak_k2][k=-][s=-] INFO Training done in 53.0 s
2026-05-28 11:22:54 [adaptive_k][circle][adaptive_k][k=adaptive][s=9] INFO   Win  5  k=2  [6.0→9.0 s]  interior_MAE=0.689°C  → k_next=3
2026-05-28 11:22:54 [pinn_trainer][circle][ak_k3][k=-][s=-] INFO Training start: t=[9.0,13.5]s  epochs_adam=1000  epochs_lbfgs=300  params=47890
2026-05-28 11:22:56 [pinn_trainer][circle][ak_k3][k=-][s=-] INFO Adam     1/1000  loss=1.0468e+01  pde=9.5692e+00  bc=1.7969e-01  ic=0.0000e+00  fc=0.0000e+00
2026-05-28 11:23:18 [pinn_trainer][circle][ak_k3][k=-][s=-] INFO Adam   500/1000  loss=2.3331e-03  pde=1.7769e-03  bc=1.1123e-04  ic=0.0000e+00  fc=0.0000e+00
2026-05-28 11:23:39 [pinn_trainer][circle][ak_k3][k=-][s=-] INFO Adam  1000/1000  loss=1.0971e-05  pde=5.3352e-06  bc=1.1272e-06  ic=0.0000e+00  fc=0.0000e+00
2026-05-28 11:23:43 [pinn_trainer][circle][ak_k3][k=-][s=-] INFO L-BFGS  300/300  loss=1.1642e-05
2026-05-28 11:23:43 [pinn_trainer][circle][ak_k3][k=-][s=-] INFO Training done in 49.1 s
2026-05-28 11:23:43 [adaptive_k][circle][adaptive_k][k=adaptive][s=9] INFO   Win  6  k=3  [9.0→13.5 s]  interior_MAE=0.166°C  → k_next=4
2026-05-28 11:23:43 [pinn_trainer][circle][ak_k4][k=-][s=-] INFO Training start: t=[13.5,19.5]s  epochs_adam=1000  epochs_lbfgs=300  params=47890
2026-05-28 11:23:46 [pinn_trainer][circle][ak_k4][k=-][s=-] INFO Adam     1/1000  loss=4.7512e+00  pde=2.5068e+00  bc=4.4887e-01  ic=0.0000e+00  fc=0.0000e+00
2026-05-28 11:24:07 [pinn_trainer][circle][ak_k4][k=-][s=-] INFO Adam   500/1000  loss=1.1977e-04  pde=7.1645e-05  bc=9.6245e-06  ic=0.0000e+00  fc=0.0000e+00
2026-05-28 11:24:29 [pinn_trainer][circle][ak_k4][k=-][s=-] INFO Adam  1000/1000  loss=2.7226e-06  pde=2.3518e-06  bc=7.4155e-08  ic=0.0000e+00  fc=0.0000e+00
2026-05-28 11:24:31 [pinn_trainer][circle][ak_k4][k=-][s=-] INFO L-BFGS  300/300  loss=2.6066e-06
2026-05-28 11:24:31 [pinn_trainer][circle][ak_k4][k=-][s=-] INFO Training done in 47.6 s
2026-05-28 11:24:31 [adaptive_k][circle][adaptive_k][k=adaptive][s=9] INFO   Win  7  k=4  [13.5→19.5 s]  interior_MAE=0.020°C  → k_next=5
2026-05-28 11:24:31 [pinn_trainer][circle][ak_k5][k=-][s=-] INFO Training start: t=[19.5,27.0]s  epochs_adam=1000  epochs_lbfgs=300  params=47890
2026-05-28 11:24:33 [pinn_trainer][circle][ak_k5][k=-][s=-] INFO Adam     1/1000  loss=1.7796e+00  pde=1.3749e+00  bc=8.0946e-02  ic=0.0000e+00  fc=0.0000e+00
2026-05-28 11:24:55 [pinn_trainer][circle][ak_k5][k=-][s=-] INFO Adam   500/1000  loss=2.6474e-06  pde=1.9946e-06  bc=1.3055e-07  ic=0.0000e+00  fc=0.0000e+00
2026-05-28 11:25:17 [pinn_trainer][circle][ak_k5][k=-][s=-] INFO Adam  1000/1000  loss=1.4608e-06  pde=1.0171e-06  bc=8.8727e-08  ic=0.0000e+00  fc=0.0000e+00
2026-05-28 11:25:19 [pinn_trainer][circle][ak_k5][k=-][s=-] INFO L-BFGS  300/300  loss=1.5769e-06
2026-05-28 11:25:19 [pinn_trainer][circle][ak_k5][k=-][s=-] INFO Training done in 47.8 s
2026-05-28 11:25:19 [adaptive_k][circle][adaptive_k][k=adaptive][s=9] INFO   Win  8  k=5  [19.5→27.0 s]  interior_MAE=0.019°C  → k_next=5
2026-05-28 11:25:19 [pinn_trainer][circle][ak_k5][k=-][s=-] INFO Training start: t=[27.0,30.0]s  epochs_adam=1000  epochs_lbfgs=300  params=47890
2026-05-28 11:25:21 [pinn_trainer][circle][ak_k5][k=-][s=-] INFO Adam     1/1000  loss=4.2749e+00  pde=3.3926e+00  bc=1.7646e-01  ic=0.0000e+00  fc=0.0000e+00
2026-05-28 11:25:43 [pinn_trainer][circle][ak_k5][k=-][s=-] INFO Adam   500/1000  loss=1.1500e-03  pde=1.0007e-03  bc=2.9847e-05  ic=0.0000e+00  fc=0.0000e+00
2026-05-28 11:26:04 [pinn_trainer][circle][ak_k5][k=-][s=-] INFO Adam  1000/1000  loss=2.8505e-06  pde=2.5053e-06  bc=6.9040e-08  ic=0.0000e+00  fc=0.0000e+00
2026-05-28 11:26:07 [pinn_trainer][circle][ak_k5][k=-][s=-] INFO L-BFGS  300/300  loss=2.8851e-06
2026-05-28 11:26:07 [pinn_trainer][circle][ak_k5][k=-][s=-] INFO Training done in 48.2 s
2026-05-28 11:26:07 [adaptive_k][circle][adaptive_k][k=adaptive][s=9] INFO   Win  9  k=5  [27.0→30.0 s]  interior_MAE=0.014°C  → k_next=5
2026-05-28 11:26:07 [adaptive_k][circle][adaptive_k][k=adaptive][s=9] INFO AdaptiveK done | wins=9 | FEM_solves=9/60 | FEM_saving=85% | MAE=1.670°C | L2=0.0131 | t=469 s
2026-05-28 11:26:07 [adaptive_k][circle][adaptive_k][k=adaptive][s=9] INFO k schedule: t=0.0s:k=1 → t=1.5s:k=1 → t=3.0s:k=1 → t=4.5s:k=1 → t=6.0s:k=2 → t=9.0s:k=3 → t=13.5s:k=4 → t=19.5s:k=5 → t=27.0s:k=5
2026-05-28 11:26:08 [adaptive_k][circle][adaptive_k][k=adaptive][s=9] INFO Saved → /home/coder/NAS-PINNS1/thermal_pinn/quenching_mswp/results/adaptive_k/circle/seed9_adaptive_nsga2_153
2026-05-28 11:26:09 [stage_adaptive_k][all][adaptive_k][k=-][s=-] INFO RESULT geo=circle   seed=9 | MAE=1.670°C | L2=0.0131 | FEM_solves=9/60 | FEM_saving=85%
2026-05-28 11:26:09 [stage_adaptive_k][all][adaptive_k][k=-][s=-] INFO AdaptiveK | geo=lshape seed=1 arch=[153, 153, 153] thr_up=2.0 thr_dn=5.0
2026-05-28 11:26:09 [adaptive_k][lshape][adaptive_k][k=adaptive][s=1] INFO AdaptiveK | arch=[153, 153, 153] | k=[1..5] | thr_up=2.0°C thr_dn=5.0°C | fourier=False
2026-05-28 11:26:09 [pinn_trainer][lshape][ak_k1][k=-][s=-] INFO Training start: t=[0.0,1.5]s  epochs_adam=1000  epochs_lbfgs=300  params=47890
2026-05-28 11:26:12 [pinn_trainer][lshape][ak_k1][k=-][s=-] INFO Adam     1/1000  loss=1.0238e+02  pde=9.9503e+01  bc=5.7515e-01  ic=0.0000e+00  fc=0.0000e+00
2026-05-28 11:26:33 [pinn_trainer][lshape][ak_k1][k=-][s=-] INFO Adam   500/1000  loss=7.1846e+00  pde=4.7779e+00  bc=4.8135e-01  ic=0.0000e+00  fc=0.0000e+00
2026-05-28 11:26:53 [pinn_trainer][lshape][ak_k1][k=-][s=-] INFO Adam  1000/1000  loss=4.8816e+00  pde=2.5518e+00  bc=4.6595e-01  ic=0.0000e+00  fc=0.0000e+00
2026-05-28 11:27:03 [pinn_trainer][lshape][ak_k1][k=-][s=-] INFO L-BFGS  300/300  loss=4.8715e+00
2026-05-28 11:27:03 [pinn_trainer][lshape][ak_k1][k=-][s=-] INFO Training done in 53.7 s
2026-05-28 11:27:03 [adaptive_k][lshape][adaptive_k][k=adaptive][s=1] INFO   Win  1  k=1  [0.0→1.5 s]  interior_MAE=32.896°C  → k_next=1
2026-05-28 11:27:03 [pinn_trainer][lshape][ak_k1][k=-][s=-] INFO Training start: t=[1.5,3.0]s  epochs_adam=1000  epochs_lbfgs=300  params=47890
2026-05-28 11:27:05 [pinn_trainer][lshape][ak_k1][k=-][s=-] INFO Adam     1/1000  loss=1.9495e+02  pde=1.9335e+02  bc=3.1818e-01  ic=0.0000e+00  fc=0.0000e+00
2026-05-28 11:27:26 [pinn_trainer][lshape][ak_k1][k=-][s=-] INFO Adam   500/1000  loss=1.9710e+00  pde=1.4366e+00  bc=1.0688e-01  ic=0.0000e+00  fc=0.0000e+00
2026-05-28 11:27:46 [pinn_trainer][lshape][ak_k1][k=-][s=-] INFO Adam  1000/1000  loss=1.3394e+00  pde=8.4686e-01  bc=9.8507e-02  ic=0.0000e+00  fc=0.0000e+00
2026-05-28 11:27:56 [pinn_trainer][lshape][ak_k1][k=-][s=-] INFO L-BFGS  300/300  loss=1.3315e+00
2026-05-28 11:27:56 [pinn_trainer][lshape][ak_k1][k=-][s=-] INFO Training done in 52.5 s
2026-05-28 11:27:56 [adaptive_k][lshape][adaptive_k][k=adaptive][s=1] INFO   Win  2  k=1  [1.5→3.0 s]  interior_MAE=20.237°C  → k_next=1
2026-05-28 11:27:56 [pinn_trainer][lshape][ak_k1][k=-][s=-] INFO Training start: t=[3.0,4.5]s  epochs_adam=1000  epochs_lbfgs=300  params=47890
2026-05-28 11:27:58 [pinn_trainer][lshape][ak_k1][k=-][s=-] INFO Adam     1/1000  loss=1.6390e+02  pde=1.6255e+02  bc=2.6997e-01  ic=0.0000e+00  fc=0.0000e+00
2026-05-28 11:28:18 [pinn_trainer][lshape][ak_k1][k=-][s=-] INFO Adam   500/1000  loss=6.0700e-01  pde=4.7419e-01  bc=2.6561e-02  ic=0.0000e+00  fc=0.0000e+00
2026-05-28 11:28:39 [pinn_trainer][lshape][ak_k1][k=-][s=-] INFO Adam  1000/1000  loss=4.0464e-01  pde=2.6514e-01  bc=2.7901e-02  ic=0.0000e+00  fc=0.0000e+00
2026-05-28 11:28:49 [pinn_trainer][lshape][ak_k1][k=-][s=-] INFO L-BFGS  300/300  loss=4.0400e-01
2026-05-28 11:28:49 [pinn_trainer][lshape][ak_k1][k=-][s=-] INFO Training done in 53.1 s
2026-05-28 11:28:49 [adaptive_k][lshape][adaptive_k][k=adaptive][s=1] INFO   Win  3  k=1  [3.0→4.5 s]  interior_MAE=9.465°C  → k_next=1
2026-05-28 11:28:49 [pinn_trainer][lshape][ak_k1][k=-][s=-] INFO Training start: t=[4.5,6.0]s  epochs_adam=1000  epochs_lbfgs=300  params=47890
2026-05-28 11:28:51 [pinn_trainer][lshape][ak_k1][k=-][s=-] INFO Adam     1/1000  loss=7.2255e+01  pde=7.0781e+01  bc=2.9481e-01  ic=0.0000e+00  fc=0.0000e+00
2026-05-28 11:29:11 [pinn_trainer][lshape][ak_k1][k=-][s=-] INFO Adam   500/1000  loss=3.0367e-01  pde=2.5853e-01  bc=9.0268e-03  ic=0.0000e+00  fc=0.0000e+00
2026-05-28 11:29:31 [pinn_trainer][lshape][ak_k1][k=-][s=-] INFO Adam  1000/1000  loss=1.2490e-01  pde=8.4550e-02  bc=8.0696e-03  ic=0.0000e+00  fc=0.0000e+00
2026-05-28 11:29:41 [pinn_trainer][lshape][ak_k1][k=-][s=-] INFO L-BFGS  300/300  loss=1.2554e-01
2026-05-28 11:29:41 [pinn_trainer][lshape][ak_k1][k=-][s=-] INFO Training done in 52.4 s
2026-05-28 11:29:41 [adaptive_k][lshape][adaptive_k][k=adaptive][s=1] INFO   Win  4  k=1  [4.5→6.0 s]  interior_MAE=4.565°C  → k_next=1
2026-05-28 11:29:41 [pinn_trainer][lshape][ak_k1][k=-][s=-] INFO Training start: t=[6.0,7.5]s  epochs_adam=1000  epochs_lbfgs=300  params=47890
2026-05-28 11:29:43 [pinn_trainer][lshape][ak_k1][k=-][s=-] INFO Adam     1/1000  loss=6.5877e+01  pde=6.5022e+01  bc=1.7105e-01  ic=0.0000e+00  fc=0.0000e+00
2026-05-28 11:30:03 [pinn_trainer][lshape][ak_k1][k=-][s=-] INFO Adam   500/1000  loss=6.0285e-02  pde=5.2161e-02  bc=1.6247e-03  ic=0.0000e+00  fc=0.0000e+00
2026-05-28 11:30:24 [pinn_trainer][lshape][ak_k1][k=-][s=-] INFO Adam  1000/1000  loss=3.4266e-02  pde=2.3181e-02  bc=2.2170e-03  ic=0.0000e+00  fc=0.0000e+00
2026-05-28 11:30:33 [pinn_trainer][lshape][ak_k1][k=-][s=-] INFO L-BFGS  300/300  loss=3.4060e-02
2026-05-28 11:30:33 [pinn_trainer][lshape][ak_k1][k=-][s=-] INFO Training done in 52.3 s
2026-05-28 11:30:33 [adaptive_k][lshape][adaptive_k][k=adaptive][s=1] INFO   Win  5  k=1  [6.0→7.5 s]  interior_MAE=2.096°C  → k_next=1
2026-05-28 11:30:33 [pinn_trainer][lshape][ak_k1][k=-][s=-] INFO Training start: t=[7.5,9.0]s  epochs_adam=1000  epochs_lbfgs=300  params=47890
2026-05-28 11:30:36 [pinn_trainer][lshape][ak_k1][k=-][s=-] INFO Adam     1/1000  loss=4.5832e+01  pde=4.5097e+01  bc=1.4710e-01  ic=0.0000e+00  fc=0.0000e+00
2026-05-28 11:30:56 [pinn_trainer][lshape][ak_k1][k=-][s=-] INFO Adam   500/1000  loss=3.6956e-02  pde=3.4917e-02  bc=4.0790e-04  ic=0.0000e+00  fc=0.0000e+00
2026-05-28 11:31:16 [pinn_trainer][lshape][ak_k1][k=-][s=-] INFO Adam  1000/1000  loss=8.5068e-03  pde=5.6597e-03  bc=5.6943e-04  ic=0.0000e+00  fc=0.0000e+00
2026-05-28 11:31:27 [pinn_trainer][lshape][ak_k1][k=-][s=-] INFO L-BFGS  300/300  loss=8.5444e-03
2026-05-28 11:31:27 [pinn_trainer][lshape][ak_k1][k=-][s=-] INFO Training done in 53.1 s
2026-05-28 11:31:27 [adaptive_k][lshape][adaptive_k][k=adaptive][s=1] INFO   Win  6  k=1  [7.5→9.0 s]  interior_MAE=0.967°C  → k_next=2
2026-05-28 11:31:27 [pinn_trainer][lshape][ak_k2][k=-][s=-] INFO Training start: t=[9.0,12.0]s  epochs_adam=1000  epochs_lbfgs=300  params=47890
2026-05-28 11:31:29 [pinn_trainer][lshape][ak_k2][k=-][s=-] INFO Adam     1/1000  loss=1.4717e-01  pde=1.3433e-01  bc=2.5672e-03  ic=0.0000e+00  fc=0.0000e+00
2026-05-28 11:31:49 [pinn_trainer][lshape][ak_k2][k=-][s=-] INFO Adam   500/1000  loss=1.0499e-02  pde=9.9454e-03  bc=1.1074e-04  ic=0.0000e+00  fc=0.0000e+00
2026-05-28 11:32:09 [pinn_trainer][lshape][ak_k2][k=-][s=-] INFO Adam  1000/1000  loss=6.6937e-04  pde=2.8929e-04  bc=7.6017e-05  ic=0.0000e+00  fc=0.0000e+00
2026-05-28 11:32:19 [pinn_trainer][lshape][ak_k2][k=-][s=-] INFO L-BFGS  300/300  loss=6.7876e-04
2026-05-28 11:32:19 [pinn_trainer][lshape][ak_k2][k=-][s=-] INFO Training done in 52.6 s
2026-05-28 11:32:19 [adaptive_k][lshape][adaptive_k][k=adaptive][s=1] INFO   Win  7  k=2  [9.0→12.0 s]  interior_MAE=0.708°C  → k_next=3
2026-05-28 11:32:19 [pinn_trainer][lshape][ak_k3][k=-][s=-] INFO Training start: t=[12.0,16.5]s  epochs_adam=1000  epochs_lbfgs=300  params=47890
2026-05-28 11:32:21 [pinn_trainer][lshape][ak_k3][k=-][s=-] INFO Adam     1/1000  loss=2.3565e+01  pde=2.0515e+01  bc=6.1006e-01  ic=0.0000e+00  fc=0.0000e+00
2026-05-28 11:32:41 [pinn_trainer][lshape][ak_k3][k=-][s=-] INFO Adam   500/1000  loss=2.8942e-05  pde=9.4987e-06  bc=3.8887e-06  ic=0.0000e+00  fc=0.0000e+00
2026-05-28 11:33:02 [pinn_trainer][lshape][ak_k3][k=-][s=-] INFO Adam  1000/1000  loss=2.6560e-05  pde=7.6865e-06  bc=3.7747e-06  ic=0.0000e+00  fc=0.0000e+00
2026-05-28 11:33:04 [pinn_trainer][lshape][ak_k3][k=-][s=-] INFO L-BFGS  300/300  loss=2.7775e-05
2026-05-28 11:33:04 [pinn_trainer][lshape][ak_k3][k=-][s=-] INFO Training done in 44.7 s
2026-05-28 11:33:04 [adaptive_k][lshape][adaptive_k][k=adaptive][s=1] INFO   Win  8  k=3  [12.0→16.5 s]  interior_MAE=0.313°C  → k_next=4
2026-05-28 11:33:04 [pinn_trainer][lshape][ak_k4][k=-][s=-] INFO Training start: t=[16.5,22.5]s  epochs_adam=1000  epochs_lbfgs=300  params=47890
2026-05-28 11:33:06 [pinn_trainer][lshape][ak_k4][k=-][s=-] INFO Adam     1/1000  loss=5.7871e+00  pde=4.9609e+00  bc=1.6524e-01  ic=0.0000e+00  fc=0.0000e+00
2026-05-28 11:33:26 [pinn_trainer][lshape][ak_k4][k=-][s=-] INFO Adam   500/1000  loss=1.9728e-06  pde=1.3652e-06  bc=1.2154e-07  ic=0.0000e+00  fc=0.0000e+00
2026-05-28 11:33:46 [pinn_trainer][lshape][ak_k4][k=-][s=-] INFO Adam  1000/1000  loss=1.2871e-06  pde=8.0907e-07  bc=9.5614e-08  ic=0.0000e+00  fc=0.0000e+00
2026-05-28 11:33:49 [pinn_trainer][lshape][ak_k4][k=-][s=-] INFO L-BFGS  300/300  loss=1.2714e-06
2026-05-28 11:33:49 [pinn_trainer][lshape][ak_k4][k=-][s=-] INFO Training done in 44.7 s
2026-05-28 11:33:49 [adaptive_k][lshape][adaptive_k][k=adaptive][s=1] INFO   Win  9  k=4  [16.5→22.5 s]  interior_MAE=0.063°C  → k_next=5
2026-05-28 11:33:49 [pinn_trainer][lshape][ak_k5][k=-][s=-] INFO Training start: t=[22.5,30.0]s  epochs_adam=1000  epochs_lbfgs=300  params=47890
2026-05-28 11:33:51 [pinn_trainer][lshape][ak_k5][k=-][s=-] INFO Adam     1/1000  loss=3.0602e+00  pde=2.3973e+00  bc=1.3257e-01  ic=0.0000e+00  fc=0.0000e+00
2026-05-28 11:34:11 [pinn_trainer][lshape][ak_k5][k=-][s=-] INFO Adam   500/1000  loss=1.1778e-06  pde=1.0174e-06  bc=3.2081e-08  ic=0.0000e+00  fc=0.0000e+00
2026-05-28 11:34:31 [pinn_trainer][lshape][ak_k5][k=-][s=-] INFO Adam  1000/1000  loss=8.8118e-07  pde=7.4151e-07  bc=2.7932e-08  ic=0.0000e+00  fc=0.0000e+00
2026-05-28 11:34:33 [pinn_trainer][lshape][ak_k5][k=-][s=-] INFO L-BFGS  300/300  loss=8.5911e-07
2026-05-28 11:34:33 [pinn_trainer][lshape][ak_k5][k=-][s=-] INFO Training done in 44.6 s
2026-05-28 11:34:33 [adaptive_k][lshape][adaptive_k][k=adaptive][s=1] INFO   Win 10  k=5  [22.5→30.0 s]  interior_MAE=0.025°C  → k_next=5
2026-05-28 11:34:33 [adaptive_k][lshape][adaptive_k][k=adaptive][s=1] INFO AdaptiveK done | wins=10 | FEM_solves=10/60 | FEM_saving=83% | MAE=2.459°C | L2=0.0223 | t=504 s
2026-05-28 11:34:33 [adaptive_k][lshape][adaptive_k][k=adaptive][s=1] INFO k schedule: t=0.0s:k=1 → t=1.5s:k=1 → t=3.0s:k=1 → t=4.5s:k=1 → t=6.0s:k=1 → t=7.5s:k=1 → t=9.0s:k=2 → t=12.0s:k=3 → t=16.5s:k=4 → t=22.5s:k=5
2026-05-28 11:34:33 [adaptive_k][lshape][adaptive_k][k=adaptive][s=1] INFO Saved → /home/coder/NAS-PINNS1/thermal_pinn/quenching_mswp/results/adaptive_k/lshape/seed1_adaptive_nsga2_153
2026-05-28 11:34:34 [stage_adaptive_k][all][adaptive_k][k=-][s=-] INFO RESULT geo=lshape   seed=1 | MAE=2.459°C | L2=0.0223 | FEM_solves=10/60 | FEM_saving=83%
2026-05-28 11:34:34 [stage_adaptive_k][all][adaptive_k][k=-][s=-] INFO AdaptiveK | geo=lshape seed=2 arch=[153, 153, 153] thr_up=2.0 thr_dn=5.0
2026-05-28 11:34:34 [adaptive_k][lshape][adaptive_k][k=adaptive][s=2] INFO AdaptiveK | arch=[153, 153, 153] | k=[1..5] | thr_up=2.0°C thr_dn=5.0°C | fourier=False
2026-05-28 11:34:34 [pinn_trainer][lshape][ak_k1][k=-][s=-] INFO Training start: t=[0.0,1.5]s  epochs_adam=1000  epochs_lbfgs=300  params=47890
2026-05-28 11:34:36 [pinn_trainer][lshape][ak_k1][k=-][s=-] INFO Adam     1/1000  loss=2.0268e+02  pde=1.9842e+02  bc=8.5297e-01  ic=0.0000e+00  fc=0.0000e+00
2026-05-28 11:34:55 [pinn_trainer][lshape][ak_k1][k=-][s=-] INFO Adam   500/1000  loss=7.3691e+00  pde=5.0379e+00  bc=4.6623e-01  ic=0.0000e+00  fc=0.0000e+00
2026-05-28 11:35:15 [pinn_trainer][lshape][ak_k1][k=-][s=-] INFO Adam  1000/1000  loss=4.8464e+00  pde=2.5944e+00  bc=4.5039e-01  ic=0.0000e+00  fc=0.0000e+00
2026-05-28 11:35:24 [pinn_trainer][lshape][ak_k1][k=-][s=-] INFO L-BFGS  300/300  loss=4.9227e+00
2026-05-28 11:35:24 [pinn_trainer][lshape][ak_k1][k=-][s=-] INFO Training done in 50.5 s
2026-05-28 11:35:24 [adaptive_k][lshape][adaptive_k][k=adaptive][s=2] INFO   Win  1  k=1  [0.0→1.5 s]  interior_MAE=32.847°C  → k_next=1
2026-05-28 11:35:24 [pinn_trainer][lshape][ak_k1][k=-][s=-] INFO Training start: t=[1.5,3.0]s  epochs_adam=1000  epochs_lbfgs=300  params=47890
2026-05-28 11:35:26 [pinn_trainer][lshape][ak_k1][k=-][s=-] INFO Adam     1/1000  loss=6.7093e+01  pde=6.5343e+01  bc=3.4996e-01  ic=0.0000e+00  fc=0.0000e+00
2026-05-28 11:35:46 [pinn_trainer][lshape][ak_k1][k=-][s=-] INFO Adam   500/1000  loss=1.9410e+00  pde=1.4240e+00  bc=1.0340e-01  ic=0.0000e+00  fc=0.0000e+00
2026-05-28 11:36:05 [pinn_trainer][lshape][ak_k1][k=-][s=-] INFO Adam  1000/1000  loss=1.3748e+00  pde=8.7178e-01  bc=1.0061e-01  ic=0.0000e+00  fc=0.0000e+00
2026-05-28 11:36:15 [pinn_trainer][lshape][ak_k1][k=-][s=-] INFO L-BFGS  300/300  loss=1.3585e+00
2026-05-28 11:36:15 [pinn_trainer][lshape][ak_k1][k=-][s=-] INFO Training done in 50.6 s
2026-05-28 11:36:15 [adaptive_k][lshape][adaptive_k][k=adaptive][s=2] INFO   Win  2  k=1  [1.5→3.0 s]  interior_MAE=19.109°C  → k_next=1
2026-05-28 11:36:15 [pinn_trainer][lshape][ak_k1][k=-][s=-] INFO Training start: t=[3.0,4.5]s  epochs_adam=1000  epochs_lbfgs=300  params=47890
2026-05-28 11:36:17 [pinn_trainer][lshape][ak_k1][k=-][s=-] INFO Adam     1/1000  loss=1.0288e+02  pde=1.0123e+02  bc=3.3161e-01  ic=0.0000e+00  fc=0.0000e+00
2026-05-28 11:36:37 [pinn_trainer][lshape][ak_k1][k=-][s=-] INFO Adam   500/1000  loss=6.0433e-01  pde=4.5908e-01  bc=2.9049e-02  ic=0.0000e+00  fc=0.0000e+00
2026-05-28 11:36:56 [pinn_trainer][lshape][ak_k1][k=-][s=-] INFO Adam  1000/1000  loss=4.0980e-01  pde=2.7871e-01  bc=2.6218e-02  ic=0.0000e+00  fc=0.0000e+00
2026-05-28 11:37:06 [pinn_trainer][lshape][ak_k1][k=-][s=-] INFO L-BFGS  300/300  loss=4.1216e-01
2026-05-28 11:37:06 [pinn_trainer][lshape][ak_k1][k=-][s=-] INFO Training done in 50.7 s
2026-05-28 11:37:06 [adaptive_k][lshape][adaptive_k][k=adaptive][s=2] INFO   Win  3  k=1  [3.0→4.5 s]  interior_MAE=9.819°C  → k_next=1
2026-05-28 11:37:06 [pinn_trainer][lshape][ak_k1][k=-][s=-] INFO Training start: t=[4.5,6.0]s  epochs_adam=1000  epochs_lbfgs=300  params=47890
2026-05-28 11:37:08 [pinn_trainer][lshape][ak_k1][k=-][s=-] INFO Adam     1/1000  loss=1.1288e+02  pde=1.1044e+02  bc=4.8866e-01  ic=0.0000e+00  fc=0.0000e+00
2026-05-28 11:37:27 [pinn_trainer][lshape][ak_k1][k=-][s=-] INFO Adam   500/1000  loss=1.9543e-01  pde=1.6091e-01  bc=6.9033e-03  ic=0.0000e+00  fc=0.0000e+00
2026-05-28 11:37:47 [pinn_trainer][lshape][ak_k1][k=-][s=-] INFO Adam  1000/1000  loss=1.2604e-01  pde=8.4223e-02  bc=8.3626e-03  ic=0.0000e+00  fc=0.0000e+00
2026-05-28 11:37:57 [pinn_trainer][lshape][ak_k1][k=-][s=-] INFO L-BFGS  300/300  loss=1.2313e-01
2026-05-28 11:37:57 [pinn_trainer][lshape][ak_k1][k=-][s=-] INFO Training done in 50.9 s
2026-05-28 11:37:57 [adaptive_k][lshape][adaptive_k][k=adaptive][s=2] INFO   Win  4  k=1  [4.5→6.0 s]  interior_MAE=4.850°C  → k_next=1
2026-05-28 11:37:57 [pinn_trainer][lshape][ak_k1][k=-][s=-] INFO Training start: t=[6.0,7.5]s  epochs_adam=1000  epochs_lbfgs=300  params=47890
2026-05-28 11:37:59 [pinn_trainer][lshape][ak_k1][k=-][s=-] INFO Adam     1/1000  loss=5.0308e+01  pde=5.0209e+01  bc=1.9881e-02  ic=0.0000e+00  fc=0.0000e+00
2026-05-28 11:38:19 [pinn_trainer][lshape][ak_k1][k=-][s=-] INFO Adam   500/1000  loss=8.5212e-02  pde=7.4980e-02  bc=2.0464e-03  ic=0.0000e+00  fc=0.0000e+00
2026-05-28 11:38:38 [pinn_trainer][lshape][ak_k1][k=-][s=-] INFO Adam  1000/1000  loss=3.4362e-02  pde=2.3235e-02  bc=2.2255e-03  ic=0.0000e+00  fc=0.0000e+00
2026-05-28 11:38:48 [pinn_trainer][lshape][ak_k1][k=-][s=-] INFO L-BFGS  300/300  loss=3.4410e-02
2026-05-28 11:38:48 [pinn_trainer][lshape][ak_k1][k=-][s=-] INFO Training done in 51.5 s
2026-05-28 11:38:48 [adaptive_k][lshape][adaptive_k][k=adaptive][s=2] INFO   Win  5  k=1  [6.0→7.5 s]  interior_MAE=2.264°C  → k_next=1
2026-05-28 11:38:48 [pinn_trainer][lshape][ak_k1][k=-][s=-] INFO Training start: t=[7.5,9.0]s  epochs_adam=1000  epochs_lbfgs=300  params=47890
2026-05-28 11:38:50 [pinn_trainer][lshape][ak_k1][k=-][s=-] INFO Adam     1/1000  loss=6.4591e+00  pde=6.2999e+00  bc=3.1845e-02  ic=0.0000e+00  fc=0.0000e+00
2026-05-28 11:39:10 [pinn_trainer][lshape][ak_k1][k=-][s=-] INFO Adam   500/1000  loss=3.3132e-02  pde=3.0727e-02  bc=4.8106e-04  ic=0.0000e+00  fc=0.0000e+00
2026-05-28 11:39:29 [pinn_trainer][lshape][ak_k1][k=-][s=-] INFO Adam  1000/1000  loss=8.8999e-03  pde=6.1586e-03  bc=5.4826e-04  ic=0.0000e+00  fc=0.0000e+00
2026-05-28 11:39:40 [pinn_trainer][lshape][ak_k1][k=-][s=-] INFO L-BFGS  300/300  loss=8.8833e-03
2026-05-28 11:39:40 [pinn_trainer][lshape][ak_k1][k=-][s=-] INFO Training done in 51.2 s
2026-05-28 11:39:40 [adaptive_k][lshape][adaptive_k][k=adaptive][s=2] INFO   Win  6  k=1  [7.5→9.0 s]  interior_MAE=1.015°C  → k_next=2
2026-05-28 11:39:40 [pinn_trainer][lshape][ak_k2][k=-][s=-] INFO Training start: t=[9.0,12.0]s  epochs_adam=1000  epochs_lbfgs=300  params=47890
2026-05-28 11:39:42 [pinn_trainer][lshape][ak_k2][k=-][s=-] INFO Adam     1/1000  loss=3.3468e+01  pde=3.1923e+01  bc=3.0908e-01  ic=0.0000e+00  fc=0.0000e+00
2026-05-28 11:40:01 [pinn_trainer][lshape][ak_k2][k=-][s=-] INFO Adam   500/1000  loss=7.1483e-03  pde=6.6511e-03  bc=9.9432e-05  ic=0.0000e+00  fc=0.0000e+00
2026-05-28 11:40:20 [pinn_trainer][lshape][ak_k2][k=-][s=-] INFO Adam  1000/1000  loss=6.7608e-04  pde=2.6777e-04  bc=8.1662e-05  ic=0.0000e+00  fc=0.0000e+00
2026-05-28 11:40:30 [pinn_trainer][lshape][ak_k2][k=-][s=-] INFO L-BFGS  300/300  loss=6.7832e-04
2026-05-28 11:40:30 [pinn_trainer][lshape][ak_k2][k=-][s=-] INFO Training done in 50.6 s
2026-05-28 11:40:30 [adaptive_k][lshape][adaptive_k][k=adaptive][s=2] INFO   Win  7  k=2  [9.0→12.0 s]  interior_MAE=0.665°C  → k_next=3
2026-05-28 11:40:30 [pinn_trainer][lshape][ak_k3][k=-][s=-] INFO Training start: t=[12.0,16.5]s  epochs_adam=1000  epochs_lbfgs=300  params=47890
2026-05-28 11:40:32 [pinn_trainer][lshape][ak_k3][k=-][s=-] INFO Adam     1/1000  loss=5.5133e+00  pde=4.7452e+00  bc=1.5362e-01  ic=0.0000e+00  fc=0.0000e+00
2026-05-28 11:40:52 [pinn_trainer][lshape][ak_k3][k=-][s=-] INFO Adam   500/1000  loss=8.5911e-05  pde=5.5564e-05  bc=6.0693e-06  ic=0.0000e+00  fc=0.0000e+00
2026-05-28 11:41:12 [pinn_trainer][lshape][ak_k3][k=-][s=-] INFO Adam  1000/1000  loss=2.6461e-05  pde=7.8370e-06  bc=3.7248e-06  ic=0.0000e+00  fc=0.0000e+00
2026-05-28 11:41:14 [pinn_trainer][lshape][ak_k3][k=-][s=-] INFO L-BFGS  300/300  loss=2.7720e-05
2026-05-28 11:41:14 [pinn_trainer][lshape][ak_k3][k=-][s=-] INFO Training done in 43.5 s
2026-05-28 11:41:14 [adaptive_k][lshape][adaptive_k][k=adaptive][s=2] INFO   Win  8  k=3  [12.0→16.5 s]  interior_MAE=0.316°C  → k_next=4
2026-05-28 11:41:14 [pinn_trainer][lshape][ak_k4][k=-][s=-] INFO Training start: t=[16.5,22.5]s  epochs_adam=1000  epochs_lbfgs=300  params=47890
2026-05-28 11:41:16 [pinn_trainer][lshape][ak_k4][k=-][s=-] INFO Adam     1/1000  loss=8.0914e+00  pde=5.9051e+00  bc=4.3725e-01  ic=0.0000e+00  fc=0.0000e+00
2026-05-28 11:41:35 [pinn_trainer][lshape][ak_k4][k=-][s=-] INFO Adam   500/1000  loss=3.6495e-05  pde=2.7493e-05  bc=1.8004e-06  ic=0.0000e+00  fc=0.0000e+00
2026-05-28 11:41:55 [pinn_trainer][lshape][ak_k4][k=-][s=-] INFO Adam  1000/1000  loss=9.6734e-07  pde=4.5351e-07  bc=1.0277e-07  ic=0.0000e+00  fc=0.0000e+00
2026-05-28 11:41:57 [pinn_trainer][lshape][ak_k4][k=-][s=-] INFO L-BFGS  300/300  loss=9.9743e-07
2026-05-28 11:41:57 [pinn_trainer][lshape][ak_k4][k=-][s=-] INFO Training done in 43.0 s
2026-05-28 11:41:57 [adaptive_k][lshape][adaptive_k][k=adaptive][s=2] INFO   Win  9  k=4  [16.5→22.5 s]  interior_MAE=0.066°C  → k_next=5
2026-05-28 11:41:57 [pinn_trainer][lshape][ak_k5][k=-][s=-] INFO Training start: t=[22.5,30.0]s  epochs_adam=1000  epochs_lbfgs=300  params=47890
2026-05-28 11:41:59 [pinn_trainer][lshape][ak_k5][k=-][s=-] INFO Adam     1/1000  loss=1.3515e+00  pde=8.2231e-01  bc=1.0583e-01  ic=0.0000e+00  fc=0.0000e+00
2026-05-28 11:42:18 [pinn_trainer][lshape][ak_k5][k=-][s=-] INFO Adam   500/1000  loss=1.8287e-06  pde=1.6798e-06  bc=2.9777e-08  ic=0.0000e+00  fc=0.0000e+00
2026-05-28 11:42:38 [pinn_trainer][lshape][ak_k5][k=-][s=-] INFO Adam  1000/1000  loss=8.8844e-07  pde=7.7620e-07  bc=2.2448e-08  ic=0.0000e+00  fc=0.0000e+00
2026-05-28 11:42:40 [pinn_trainer][lshape][ak_k5][k=-][s=-] INFO L-BFGS  300/300  loss=8.9940e-07
2026-05-28 11:42:40 [pinn_trainer][lshape][ak_k5][k=-][s=-] INFO Training done in 43.0 s
2026-05-28 11:42:40 [adaptive_k][lshape][adaptive_k][k=adaptive][s=2] INFO   Win 10  k=5  [22.5→30.0 s]  interior_MAE=0.027°C  → k_next=5
2026-05-28 11:42:40 [adaptive_k][lshape][adaptive_k][k=adaptive][s=2] INFO AdaptiveK done | wins=10 | FEM_solves=10/60 | FEM_saving=83% | MAE=2.446°C | L2=0.0224 | t=486 s
2026-05-28 11:42:40 [adaptive_k][lshape][adaptive_k][k=adaptive][s=2] INFO k schedule: t=0.0s:k=1 → t=1.5s:k=1 → t=3.0s:k=1 → t=4.5s:k=1 → t=6.0s:k=1 → t=7.5s:k=1 → t=9.0s:k=2 → t=12.0s:k=3 → t=16.5s:k=4 → t=22.5s:k=5
2026-05-28 11:42:40 [adaptive_k][lshape][adaptive_k][k=adaptive][s=2] INFO Saved → /home/coder/NAS-PINNS1/thermal_pinn/quenching_mswp/results/adaptive_k/lshape/seed2_adaptive_nsga2_153
2026-05-28 11:42:40 [stage_adaptive_k][all][adaptive_k][k=-][s=-] INFO RESULT geo=lshape   seed=2 | MAE=2.446°C | L2=0.0224 | FEM_solves=10/60 | FEM_saving=83%
2026-05-28 11:42:40 [stage_adaptive_k][all][adaptive_k][k=-][s=-] INFO AdaptiveK | geo=lshape seed=3 arch=[153, 153, 153] thr_up=2.0 thr_dn=5.0
2026-05-28 11:42:40 [adaptive_k][lshape][adaptive_k][k=adaptive][s=3] INFO AdaptiveK | arch=[153, 153, 153] | k=[1..5] | thr_up=2.0°C thr_dn=5.0°C | fourier=False
2026-05-28 11:42:40 [pinn_trainer][lshape][ak_k1][k=-][s=-] INFO Training start: t=[0.0,1.5]s  epochs_adam=1000  epochs_lbfgs=300  params=47890
2026-05-28 11:42:42 [pinn_trainer][lshape][ak_k1][k=-][s=-] INFO Adam     1/1000  loss=1.1946e+02  pde=1.1599e+02  bc=6.9332e-01  ic=0.0000e+00  fc=0.0000e+00
2026-05-28 11:43:02 [pinn_trainer][lshape][ak_k1][k=-][s=-] INFO Adam   500/1000  loss=6.8959e+00  pde=4.4038e+00  bc=4.9842e-01  ic=0.0000e+00  fc=0.0000e+00
2026-05-28 11:43:21 [pinn_trainer][lshape][ak_k1][k=-][s=-] INFO Adam  1000/1000  loss=4.4564e+00  pde=2.0633e+00  bc=4.7861e-01  ic=0.0000e+00  fc=0.0000e+00
2026-05-28 11:43:31 [pinn_trainer][lshape][ak_k1][k=-][s=-] INFO L-BFGS  300/300  loss=4.4889e+00
2026-05-28 11:43:31 [pinn_trainer][lshape][ak_k1][k=-][s=-] INFO Training done in 50.5 s
2026-05-28 11:43:31 [adaptive_k][lshape][adaptive_k][k=adaptive][s=3] INFO   Win  1  k=1  [0.0→1.5 s]  interior_MAE=31.562°C  → k_next=1
2026-05-28 11:43:31 [pinn_trainer][lshape][ak_k1][k=-][s=-] INFO Training start: t=[1.5,3.0]s  epochs_adam=1000  epochs_lbfgs=300  params=47890
2026-05-28 11:43:33 [pinn_trainer][lshape][ak_k1][k=-][s=-] INFO Adam     1/1000  loss=4.9589e+01  pde=4.8181e+01  bc=2.8153e-01  ic=0.0000e+00  fc=0.0000e+00
2026-05-28 11:43:52 [pinn_trainer][lshape][ak_k1][k=-][s=-] INFO Adam   500/1000  loss=2.1268e+00  pde=1.5858e+00  bc=1.0820e-01  ic=0.0000e+00  fc=0.0000e+00
2026-05-28 11:44:12 [pinn_trainer][lshape][ak_k1][k=-][s=-] INFO Adam  1000/1000  loss=1.4695e+00  pde=9.4951e-01  bc=1.0400e-01  ic=0.0000e+00  fc=0.0000e+00
2026-05-28 11:44:21 [pinn_trainer][lshape][ak_k1][k=-][s=-] INFO L-BFGS  300/300  loss=1.4362e+00
2026-05-28 11:44:21 [pinn_trainer][lshape][ak_k1][k=-][s=-] INFO Training done in 50.6 s
2026-05-28 11:44:21 [adaptive_k][lshape][adaptive_k][k=adaptive][s=3] INFO   Win  2  k=1  [1.5→3.0 s]  interior_MAE=20.080°C  → k_next=1
2026-05-28 11:44:21 [pinn_trainer][lshape][ak_k1][k=-][s=-] INFO Training start: t=[3.0,4.5]s  epochs_adam=1000  epochs_lbfgs=300  params=47890
2026-05-28 11:44:23 [pinn_trainer][lshape][ak_k1][k=-][s=-] INFO Adam     1/1000  loss=1.5123e+01  pde=1.4813e+01  bc=6.1912e-02  ic=0.0000e+00  fc=0.0000e+00
2026-05-28 11:44:43 [pinn_trainer][lshape][ak_k1][k=-][s=-] INFO Adam   500/1000  loss=5.3423e-01  pde=3.9850e-01  bc=2.7146e-02  ic=0.0000e+00  fc=0.0000e+00
2026-05-28 11:45:03 [pinn_trainer][lshape][ak_k1][k=-][s=-] INFO Adam  1000/1000  loss=4.0549e-01  pde=2.6687e-01  bc=2.7722e-02  ic=0.0000e+00  fc=0.0000e+00
2026-05-28 11:45:13 [pinn_trainer][lshape][ak_k1][k=-][s=-] INFO L-BFGS  300/300  loss=4.0490e-01
2026-05-28 11:45:13 [pinn_trainer][lshape][ak_k1][k=-][s=-] INFO Training done in 51.5 s
2026-05-28 11:45:13 [adaptive_k][lshape][adaptive_k][k=adaptive][s=3] INFO   Win  3  k=1  [3.0→4.5 s]  interior_MAE=9.867°C  → k_next=1
2026-05-28 11:45:13 [pinn_trainer][lshape][ak_k1][k=-][s=-] INFO Training start: t=[4.5,6.0]s  epochs_adam=1000  epochs_lbfgs=300  params=47890
2026-05-28 11:45:15 [pinn_trainer][lshape][ak_k1][k=-][s=-] INFO Adam     1/1000  loss=7.4808e+01  pde=7.3275e+01  bc=3.0659e-01  ic=0.0000e+00  fc=0.0000e+00
2026-05-28 11:45:34 [pinn_trainer][lshape][ak_k1][k=-][s=-] INFO Adam   500/1000  loss=1.9103e-01  pde=1.5418e-01  bc=7.3707e-03  ic=0.0000e+00  fc=0.0000e+00
2026-05-28 11:45:54 [pinn_trainer][lshape][ak_k1][k=-][s=-] INFO Adam  1000/1000  loss=1.2848e-01  pde=8.6056e-02  bc=8.4852e-03  ic=0.0000e+00  fc=0.0000e+00
2026-05-28 11:46:04 [pinn_trainer][lshape][ak_k1][k=-][s=-] INFO L-BFGS  300/300  loss=1.2852e-01
2026-05-28 11:46:04 [pinn_trainer][lshape][ak_k1][k=-][s=-] INFO Training done in 51.0 s
2026-05-28 11:46:04 [adaptive_k][lshape][adaptive_k][k=adaptive][s=3] INFO   Win  4  k=1  [4.5→6.0 s]  interior_MAE=4.640°C  → k_next=1
2026-05-28 11:46:04 [pinn_trainer][lshape][ak_k1][k=-][s=-] INFO Training start: t=[6.0,7.5]s  epochs_adam=1000  epochs_lbfgs=300  params=47890
2026-05-28 11:46:06 [pinn_trainer][lshape][ak_k1][k=-][s=-] INFO Adam     1/1000  loss=3.4083e+01  pde=3.3887e+01  bc=3.9252e-02  ic=0.0000e+00  fc=0.0000e+00
2026-05-28 11:46:25 [pinn_trainer][lshape][ak_k1][k=-][s=-] INFO Adam   500/1000  loss=9.1450e-02  pde=8.3626e-02  bc=1.5648e-03  ic=0.0000e+00  fc=0.0000e+00
2026-05-28 11:46:45 [pinn_trainer][lshape][ak_k1][k=-][s=-] INFO Adam  1000/1000  loss=3.4732e-02  pde=2.3695e-02  bc=2.2073e-03  ic=0.0000e+00  fc=0.0000e+00
2026-05-28 11:46:55 [pinn_trainer][lshape][ak_k1][k=-][s=-] INFO L-BFGS  300/300  loss=3.4590e-02
2026-05-28 11:46:55 [pinn_trainer][lshape][ak_k1][k=-][s=-] INFO Training done in 51.6 s
2026-05-28 11:46:55 [adaptive_k][lshape][adaptive_k][k=adaptive][s=3] INFO   Win  5  k=1  [6.0→7.5 s]  interior_MAE=2.096°C  → k_next=1
2026-05-28 11:46:55 [pinn_trainer][lshape][ak_k1][k=-][s=-] INFO Training start: t=[7.5,9.0]s  epochs_adam=1000  epochs_lbfgs=300  params=47890
2026-05-28 11:46:57 [pinn_trainer][lshape][ak_k1][k=-][s=-] INFO Adam     1/1000  loss=6.0016e+00  pde=5.8931e+00  bc=2.1707e-02  ic=0.0000e+00  fc=0.0000e+00
2026-05-28 11:47:17 [pinn_trainer][lshape][ak_k1][k=-][s=-] INFO Adam   500/1000  loss=1.5833e-02  pde=1.3467e-02  bc=4.7321e-04  ic=0.0000e+00  fc=0.0000e+00
2026-05-28 11:47:36 [pinn_trainer][lshape][ak_k1][k=-][s=-] INFO Adam  1000/1000  loss=8.7685e-03  pde=5.9801e-03  bc=5.5768e-04  ic=0.0000e+00  fc=0.0000e+00
2026-05-28 11:47:46 [pinn_trainer][lshape][ak_k1][k=-][s=-] INFO L-BFGS  300/300  loss=8.7803e-03
2026-05-28 11:47:46 [pinn_trainer][lshape][ak_k1][k=-][s=-] INFO Training done in 51.0 s
2026-05-28 11:47:46 [adaptive_k][lshape][adaptive_k][k=adaptive][s=3] INFO   Win  6  k=1  [7.5→9.0 s]  interior_MAE=1.099°C  → k_next=2
2026-05-28 11:47:46 [pinn_trainer][lshape][ak_k2][k=-][s=-] INFO Training start: t=[9.0,12.0]s  epochs_adam=1000  epochs_lbfgs=300  params=47890
2026-05-28 11:47:48 [pinn_trainer][lshape][ak_k2][k=-][s=-] INFO Adam     1/1000  loss=1.3569e+01  pde=1.3427e+01  bc=2.8423e-02  ic=0.0000e+00  fc=0.0000e+00
2026-05-28 11:48:08 [pinn_trainer][lshape][ak_k2][k=-][s=-] INFO Adam   500/1000  loss=9.2416e-03  pde=8.7306e-03  bc=1.0220e-04  ic=0.0000e+00  fc=0.0000e+00
2026-05-28 11:48:27 [pinn_trainer][lshape][ak_k2][k=-][s=-] INFO Adam  1000/1000  loss=7.0487e-04  pde=3.1482e-04  bc=7.8010e-05  ic=0.0000e+00  fc=0.0000e+00
2026-05-28 11:48:37 [pinn_trainer][lshape][ak_k2][k=-][s=-] INFO L-BFGS  300/300  loss=7.1530e-04
2026-05-28 11:48:37 [pinn_trainer][lshape][ak_k2][k=-][s=-] INFO Training done in 50.9 s
2026-05-28 11:48:37 [adaptive_k][lshape][adaptive_k][k=adaptive][s=3] INFO   Win  7  k=2  [9.0→12.0 s]  interior_MAE=0.675°C  → k_next=3
2026-05-28 11:48:37 [pinn_trainer][lshape][ak_k3][k=-][s=-] INFO Training start: t=[12.0,16.5]s  epochs_adam=1000  epochs_lbfgs=300  params=47890
2026-05-28 11:48:39 [pinn_trainer][lshape][ak_k3][k=-][s=-] INFO Adam     1/1000  loss=5.1547e+00  pde=4.3307e+00  bc=1.6480e-01  ic=0.0000e+00  fc=0.0000e+00
2026-05-28 11:48:59 [pinn_trainer][lshape][ak_k3][k=-][s=-] INFO Adam   500/1000  loss=7.7089e-03  pde=7.5291e-03  bc=3.5956e-05  ic=0.0000e+00  fc=0.0000e+00
2026-05-28 11:49:18 [pinn_trainer][lshape][ak_k3][k=-][s=-] INFO Adam  1000/1000  loss=2.8790e-05  pde=9.6986e-06  bc=3.8184e-06  ic=0.0000e+00  fc=0.0000e+00
2026-05-28 11:49:20 [pinn_trainer][lshape][ak_k3][k=-][s=-] INFO L-BFGS  300/300  loss=3.0028e-05
2026-05-28 11:49:20 [pinn_trainer][lshape][ak_k3][k=-][s=-] INFO Training done in 43.1 s
2026-05-28 11:49:20 [adaptive_k][lshape][adaptive_k][k=adaptive][s=3] INFO   Win  8  k=3  [12.0→16.5 s]  interior_MAE=0.322°C  → k_next=4
2026-05-28 11:49:20 [pinn_trainer][lshape][ak_k4][k=-][s=-] INFO Training start: t=[16.5,22.5]s  epochs_adam=1000  epochs_lbfgs=300  params=47890
2026-05-28 11:49:22 [pinn_trainer][lshape][ak_k4][k=-][s=-] INFO Adam     1/1000  loss=1.0821e+00  pde=8.2485e-01  bc=5.1444e-02  ic=0.0000e+00  fc=0.0000e+00
2026-05-28 11:49:42 [pinn_trainer][lshape][ak_k4][k=-][s=-] INFO Adam   500/1000  loss=1.9082e-04  pde=1.7112e-04  bc=3.9391e-06  ic=0.0000e+00  fc=0.0000e+00
2026-05-28 11:50:02 [pinn_trainer][lshape][ak_k4][k=-][s=-] INFO Adam  1000/1000  loss=1.7190e-06  pde=1.1934e-06  bc=1.0511e-07  ic=0.0000e+00  fc=0.0000e+00
2026-05-28 11:50:04 [pinn_trainer][lshape][ak_k4][k=-][s=-] INFO L-BFGS  300/300  loss=1.8183e-06
2026-05-28 11:50:04 [pinn_trainer][lshape][ak_k4][k=-][s=-] INFO Training done in 43.2 s
2026-05-28 11:50:04 [adaptive_k][lshape][adaptive_k][k=adaptive][s=3] INFO   Win  9  k=4  [16.5→22.5 s]  interior_MAE=0.055°C  → k_next=5
2026-05-28 11:50:04 [pinn_trainer][lshape][ak_k5][k=-][s=-] INFO Training start: t=[22.5,30.0]s  epochs_adam=1000  epochs_lbfgs=300  params=47890
2026-05-28 11:50:06 [pinn_trainer][lshape][ak_k5][k=-][s=-] INFO Adam     1/1000  loss=7.2205e+00  pde=6.1656e+00  bc=2.1098e-01  ic=0.0000e+00  fc=0.0000e+00
2026-05-28 11:50:25 [pinn_trainer][lshape][ak_k5][k=-][s=-] INFO Adam   500/1000  loss=1.7287e-06  pde=1.3561e-06  bc=7.4512e-08  ic=0.0000e+00  fc=0.0000e+00
2026-05-28 11:50:45 [pinn_trainer][lshape][ak_k5][k=-][s=-] INFO Adam  1000/1000  loss=1.1773e-06  pde=8.5440e-07  bc=6.4573e-08  ic=0.0000e+00  fc=0.0000e+00
2026-05-28 11:50:47 [pinn_trainer][lshape][ak_k5][k=-][s=-] INFO L-BFGS  300/300  loss=1.1534e-06
2026-05-28 11:50:47 [pinn_trainer][lshape][ak_k5][k=-][s=-] INFO Training done in 43.1 s
2026-05-28 11:50:47 [adaptive_k][lshape][adaptive_k][k=adaptive][s=3] INFO   Win 10  k=5  [22.5→30.0 s]  interior_MAE=0.033°C  → k_next=5
2026-05-28 11:50:47 [adaptive_k][lshape][adaptive_k][k=adaptive][s=3] INFO AdaptiveK done | wins=10 | FEM_solves=10/60 | FEM_saving=83% | MAE=2.428°C | L2=0.0224 | t=487 s
2026-05-28 11:50:47 [adaptive_k][lshape][adaptive_k][k=adaptive][s=3] INFO k schedule: t=0.0s:k=1 → t=1.5s:k=1 → t=3.0s:k=1 → t=4.5s:k=1 → t=6.0s:k=1 → t=7.5s:k=1 → t=9.0s:k=2 → t=12.0s:k=3 → t=16.5s:k=4 → t=22.5s:k=5
2026-05-28 11:50:47 [adaptive_k][lshape][adaptive_k][k=adaptive][s=3] INFO Saved → /home/coder/NAS-PINNS1/thermal_pinn/quenching_mswp/results/adaptive_k/lshape/seed3_adaptive_nsga2_153
2026-05-28 11:50:47 [stage_adaptive_k][all][adaptive_k][k=-][s=-] INFO RESULT geo=lshape   seed=3 | MAE=2.428°C | L2=0.0224 | FEM_solves=10/60 | FEM_saving=83%
2026-05-28 11:50:47 [stage_adaptive_k][all][adaptive_k][k=-][s=-] INFO AdaptiveK | geo=lshape seed=4 arch=[153, 153, 153] thr_up=2.0 thr_dn=5.0
2026-05-28 11:50:47 [adaptive_k][lshape][adaptive_k][k=adaptive][s=4] INFO AdaptiveK | arch=[153, 153, 153] | k=[1..5] | thr_up=2.0°C thr_dn=5.0°C | fourier=False
2026-05-28 11:50:47 [pinn_trainer][lshape][ak_k1][k=-][s=-] INFO Training start: t=[0.0,1.5]s  epochs_adam=1000  epochs_lbfgs=300  params=47890
2026-05-28 11:50:49 [pinn_trainer][lshape][ak_k1][k=-][s=-] INFO Adam     1/1000  loss=1.6768e+02  pde=1.6410e+02  bc=7.1434e-01  ic=0.0000e+00  fc=0.0000e+00
2026-05-28 11:51:09 [pinn_trainer][lshape][ak_k1][k=-][s=-] INFO Adam   500/1000  loss=5.7554e+00  pde=3.5714e+00  bc=4.3680e-01  ic=0.0000e+00  fc=0.0000e+00
2026-05-28 11:51:28 [pinn_trainer][lshape][ak_k1][k=-][s=-] INFO Adam  1000/1000  loss=4.6954e+00  pde=2.4437e+00  bc=4.5033e-01  ic=0.0000e+00  fc=0.0000e+00
2026-05-28 11:51:38 [pinn_trainer][lshape][ak_k1][k=-][s=-] INFO L-BFGS  300/300  loss=4.7828e+00
2026-05-28 11:51:38 [pinn_trainer][lshape][ak_k1][k=-][s=-] INFO Training done in 50.9 s
2026-05-28 11:51:38 [adaptive_k][lshape][adaptive_k][k=adaptive][s=4] INFO   Win  1  k=1  [0.0→1.5 s]  interior_MAE=31.829°C  → k_next=1
2026-05-28 11:51:38 [pinn_trainer][lshape][ak_k1][k=-][s=-] INFO Training start: t=[1.5,3.0]s  epochs_adam=1000  epochs_lbfgs=300  params=47890
2026-05-28 11:51:40 [pinn_trainer][lshape][ak_k1][k=-][s=-] INFO Adam     1/1000  loss=1.5901e+02  pde=1.5815e+02  bc=1.7208e-01  ic=0.0000e+00  fc=0.0000e+00
2026-05-28 11:52:00 [pinn_trainer][lshape][ak_k1][k=-][s=-] INFO Adam   500/1000  loss=1.9569e+00  pde=1.4651e+00  bc=9.8352e-02  ic=0.0000e+00  fc=0.0000e+00
2026-05-28 11:52:20 [pinn_trainer][lshape][ak_k1][k=-][s=-] INFO Adam  1000/1000  loss=1.1679e+00  pde=6.5753e-01  bc=1.0208e-01  ic=0.0000e+00  fc=0.0000e+00
2026-05-28 11:52:30 [pinn_trainer][lshape][ak_k1][k=-][s=-] INFO L-BFGS  300/300  loss=1.1559e+00
2026-05-28 11:52:30 [pinn_trainer][lshape][ak_k1][k=-][s=-] INFO Training done in 51.5 s
2026-05-28 11:52:30 [adaptive_k][lshape][adaptive_k][k=adaptive][s=4] INFO   Win  2  k=1  [1.5→3.0 s]  interior_MAE=19.966°C  → k_next=1
2026-05-28 11:52:30 [pinn_trainer][lshape][ak_k1][k=-][s=-] INFO Training start: t=[3.0,4.5]s  epochs_adam=1000  epochs_lbfgs=300  params=47890
2026-05-28 11:52:32 [pinn_trainer][lshape][ak_k1][k=-][s=-] INFO Adam     1/1000  loss=1.1487e+02  pde=1.1366e+02  bc=2.4153e-01  ic=0.0000e+00  fc=0.0000e+00
2026-05-28 11:52:52 [pinn_trainer][lshape][ak_k1][k=-][s=-] INFO Adam   500/1000  loss=7.2139e-01  pde=5.7181e-01  bc=2.9917e-02  ic=0.0000e+00  fc=0.0000e+00
2026-05-28 11:53:11 [pinn_trainer][lshape][ak_k1][k=-][s=-] INFO Adam  1000/1000  loss=4.3755e-01  pde=3.0288e-01  bc=2.6934e-02  ic=0.0000e+00  fc=0.0000e+00
2026-05-28 11:53:21 [pinn_trainer][lshape][ak_k1][k=-][s=-] INFO L-BFGS  300/300  loss=4.4670e-01
2026-05-28 11:53:21 [pinn_trainer][lshape][ak_k1][k=-][s=-] INFO Training done in 51.0 s
2026-05-28 11:53:21 [adaptive_k][lshape][adaptive_k][k=adaptive][s=4] INFO   Win  3  k=1  [3.0→4.5 s]  interior_MAE=9.396°C  → k_next=1
2026-05-28 11:53:21 [pinn_trainer][lshape][ak_k1][k=-][s=-] INFO Training start: t=[4.5,6.0]s  epochs_adam=1000  epochs_lbfgs=300  params=47890
2026-05-28 11:53:23 [pinn_trainer][lshape][ak_k1][k=-][s=-] INFO Adam     1/1000  loss=1.0824e+02  pde=1.0677e+02  bc=2.9546e-01  ic=0.0000e+00  fc=0.0000e+00
2026-05-28 11:53:42 [pinn_trainer][lshape][ak_k1][k=-][s=-] INFO Adam   500/1000  loss=1.5166e-01  pde=1.1413e-01  bc=7.5070e-03  ic=0.0000e+00  fc=0.0000e+00
2026-05-28 11:54:02 [pinn_trainer][lshape][ak_k1][k=-][s=-] INFO Adam  1000/1000  loss=1.0371e-01  pde=6.9499e-02  bc=6.8418e-03  ic=0.0000e+00  fc=0.0000e+00
2026-05-28 11:54:12 [pinn_trainer][lshape][ak_k1][k=-][s=-] INFO L-BFGS  300/300  loss=1.0540e-01
2026-05-28 11:54:12 [pinn_trainer][lshape][ak_k1][k=-][s=-] INFO Training done in 51.2 s
2026-05-28 11:54:12 [adaptive_k][lshape][adaptive_k][k=adaptive][s=4] INFO   Win  4  k=1  [4.5→6.0 s]  interior_MAE=4.665°C  → k_next=1
2026-05-28 11:54:12 [pinn_trainer][lshape][ak_k1][k=-][s=-] INFO Training start: t=[6.0,7.5]s  epochs_adam=1000  epochs_lbfgs=300  params=47890
2026-05-28 11:54:14 [pinn_trainer][lshape][ak_k1][k=-][s=-] INFO Adam     1/1000  loss=6.2343e+01  pde=6.0984e+01  bc=2.7181e-01  ic=0.0000e+00  fc=0.0000e+00
2026-05-28 11:54:34 [pinn_trainer][lshape][ak_k1][k=-][s=-] INFO Adam   500/1000  loss=4.6947e-02  pde=3.6299e-02  bc=2.1296e-03  ic=0.0000e+00  fc=0.0000e+00
2026-05-28 11:54:53 [pinn_trainer][lshape][ak_k1][k=-][s=-] INFO Adam  1000/1000  loss=3.3988e-02  pde=2.2892e-02  bc=2.2191e-03  ic=0.0000e+00  fc=0.0000e+00
2026-05-28 11:55:03 [pinn_trainer][lshape][ak_k1][k=-][s=-] INFO L-BFGS  300/300  loss=3.3955e-02
2026-05-28 11:55:03 [pinn_trainer][lshape][ak_k1][k=-][s=-] INFO Training done in 51.4 s
2026-05-28 11:55:03 [adaptive_k][lshape][adaptive_k][k=adaptive][s=4] INFO   Win  5  k=1  [6.0→7.5 s]  interior_MAE=1.913°C  → k_next=2
2026-05-28 11:55:03 [pinn_trainer][lshape][ak_k2][k=-][s=-] INFO Training start: t=[7.5,10.5]s  epochs_adam=1000  epochs_lbfgs=300  params=47890
2026-05-28 11:55:05 [pinn_trainer][lshape][ak_k2][k=-][s=-] INFO Adam     1/1000  loss=8.6882e+00  pde=8.0772e+00  bc=1.2220e-01  ic=0.0000e+00  fc=0.0000e+00
2026-05-28 11:55:26 [pinn_trainer][lshape][ak_k2][k=-][s=-] INFO Adam   500/1000  loss=1.4524e-02  pde=1.2842e-02  bc=3.3628e-04  ic=0.0000e+00  fc=0.0000e+00
2026-05-28 11:55:46 [pinn_trainer][lshape][ak_k2][k=-][s=-] INFO Adam  1000/1000  loss=2.6681e-03  pde=1.2094e-03  bc=2.9175e-04  ic=0.0000e+00  fc=0.0000e+00
2026-05-28 11:55:55 [pinn_trainer][lshape][ak_k2][k=-][s=-] INFO L-BFGS  300/300  loss=2.6838e-03
2026-05-28 11:55:55 [pinn_trainer][lshape][ak_k2][k=-][s=-] INFO Training done in 52.0 s
2026-05-28 11:55:56 [adaptive_k][lshape][adaptive_k][k=adaptive][s=4] INFO   Win  6  k=2  [7.5→10.5 s]  interior_MAE=1.401°C  → k_next=3
2026-05-28 11:55:56 [pinn_trainer][lshape][ak_k3][k=-][s=-] INFO Training start: t=[10.5,15.0]s  epochs_adam=1000  epochs_lbfgs=300  params=47890
2026-05-28 11:55:58 [pinn_trainer][lshape][ak_k3][k=-][s=-] INFO Adam     1/1000  loss=6.6309e+00  pde=5.6612e+00  bc=1.9393e-01  ic=0.0000e+00  fc=0.0000e+00
2026-05-28 11:56:17 [pinn_trainer][lshape][ak_k3][k=-][s=-] INFO Adam   500/1000  loss=6.6678e-03  pde=6.2436e-03  bc=8.4838e-05  ic=0.0000e+00  fc=0.0000e+00
2026-05-28 11:56:37 [pinn_trainer][lshape][ak_k3][k=-][s=-] INFO Adam  1000/1000  loss=1.1529e-04  pde=3.9575e-05  bc=1.5143e-05  ic=0.0000e+00  fc=0.0000e+00
2026-05-28 11:56:41 [pinn_trainer][lshape][ak_k3][k=-][s=-] INFO L-BFGS  300/300  loss=1.1914e-04
2026-05-28 11:56:41 [pinn_trainer][lshape][ak_k3][k=-][s=-] INFO Training done in 45.2 s
2026-05-28 11:56:41 [adaptive_k][lshape][adaptive_k][k=adaptive][s=4] INFO   Win  7  k=3  [10.5→15.0 s]  interior_MAE=0.541°C  → k_next=4
2026-05-28 11:56:41 [pinn_trainer][lshape][ak_k4][k=-][s=-] INFO Training start: t=[15.0,21.0]s  epochs_adam=1000  epochs_lbfgs=300  params=47890
2026-05-28 11:56:43 [pinn_trainer][lshape][ak_k4][k=-][s=-] INFO Adam     1/1000  loss=4.9476e+00  pde=4.0422e+00  bc=1.8108e-01  ic=0.0000e+00  fc=0.0000e+00
2026-05-28 11:57:03 [pinn_trainer][lshape][ak_k4][k=-][s=-] INFO Adam   500/1000  loss=5.4738e-06  pde=3.8762e-06  bc=3.1952e-07  ic=0.0000e+00  fc=0.0000e+00
2026-05-28 11:57:22 [pinn_trainer][lshape][ak_k4][k=-][s=-] INFO Adam  1000/1000  loss=4.2049e-06  pde=2.6925e-06  bc=3.0248e-07  ic=0.0000e+00  fc=0.0000e+00
2026-05-28 11:57:24 [pinn_trainer][lshape][ak_k4][k=-][s=-] INFO L-BFGS  300/300  loss=4.2365e-06
2026-05-28 11:57:24 [pinn_trainer][lshape][ak_k4][k=-][s=-] INFO Training done in 43.7 s
2026-05-28 11:57:24 [adaptive_k][lshape][adaptive_k][k=adaptive][s=4] INFO   Win  8  k=4  [15.0→21.0 s]  interior_MAE=0.095°C  → k_next=5
2026-05-28 11:57:24 [pinn_trainer][lshape][ak_k5][k=-][s=-] INFO Training start: t=[21.0,28.5]s  epochs_adam=1000  epochs_lbfgs=300  params=47890
2026-05-28 11:57:26 [pinn_trainer][lshape][ak_k5][k=-][s=-] INFO Adam     1/1000  loss=8.4059e-01  pde=6.2960e-01  bc=4.2198e-02  ic=0.0000e+00  fc=0.0000e+00
2026-05-28 11:57:46 [pinn_trainer][lshape][ak_k5][k=-][s=-] INFO Adam   500/1000  loss=2.9328e-06  pde=2.5375e-06  bc=7.9043e-08  ic=0.0000e+00  fc=0.0000e+00
2026-05-28 11:58:06 [pinn_trainer][lshape][ak_k5][k=-][s=-] INFO Adam  1000/1000  loss=1.6850e-06  pde=1.3975e-06  bc=5.7507e-08  ic=0.0000e+00  fc=0.0000e+00
2026-05-28 11:58:08 [pinn_trainer][lshape][ak_k5][k=-][s=-] INFO L-BFGS  300/300  loss=1.7248e-06
2026-05-28 11:58:08 [pinn_trainer][lshape][ak_k5][k=-][s=-] INFO Training done in 43.8 s
2026-05-28 11:58:08 [adaptive_k][lshape][adaptive_k][k=adaptive][s=4] INFO   Win  9  k=5  [21.0→28.5 s]  interior_MAE=0.023°C  → k_next=5
2026-05-28 11:58:08 [pinn_trainer][lshape][ak_k5][k=-][s=-] INFO Training start: t=[28.5,30.0]s  epochs_adam=1000  epochs_lbfgs=300  params=47890
2026-05-28 11:58:10 [pinn_trainer][lshape][ak_k5][k=-][s=-] INFO Adam     1/1000  loss=2.6633e+01  pde=2.6337e+01  bc=5.9218e-02  ic=0.0000e+00  fc=0.0000e+00
2026-05-28 11:58:30 [pinn_trainer][lshape][ak_k5][k=-][s=-] INFO Adam   500/1000  loss=1.6363e-02  pde=1.6025e-02  bc=6.7662e-05  ic=0.0000e+00  fc=0.0000e+00
2026-05-28 11:58:50 [pinn_trainer][lshape][ak_k5][k=-][s=-] INFO Adam  1000/1000  loss=5.8657e-05  pde=5.2479e-05  bc=1.2356e-06  ic=0.0000e+00  fc=0.0000e+00
2026-05-28 11:58:53 [pinn_trainer][lshape][ak_k5][k=-][s=-] INFO L-BFGS  300/300  loss=5.7266e-05
2026-05-28 11:58:53 [pinn_trainer][lshape][ak_k5][k=-][s=-] INFO Training done in 44.8 s
2026-05-28 11:58:53 [adaptive_k][lshape][adaptive_k][k=adaptive][s=4] INFO   Win 10  k=5  [28.5→30.0 s]  interior_MAE=0.009°C  → k_next=5
2026-05-28 11:58:53 [adaptive_k][lshape][adaptive_k][k=adaptive][s=4] INFO AdaptiveK done | wins=10 | FEM_solves=10/60 | FEM_saving=83% | MAE=2.471°C | L2=0.0241 | t=486 s
2026-05-28 11:58:53 [adaptive_k][lshape][adaptive_k][k=adaptive][s=4] INFO k schedule: t=0.0s:k=1 → t=1.5s:k=1 → t=3.0s:k=1 → t=4.5s:k=1 → t=6.0s:k=1 → t=7.5s:k=2 → t=10.5s:k=3 → t=15.0s:k=4 → t=21.0s:k=5 → t=28.5s:k=5
2026-05-28 11:58:53 [adaptive_k][lshape][adaptive_k][k=adaptive][s=4] INFO Saved → /home/coder/NAS-PINNS1/thermal_pinn/quenching_mswp/results/adaptive_k/lshape/seed4_adaptive_nsga2_153
2026-05-28 11:58:54 [stage_adaptive_k][all][adaptive_k][k=-][s=-] INFO RESULT geo=lshape   seed=4 | MAE=2.471°C | L2=0.0241 | FEM_solves=10/60 | FEM_saving=83%
2026-05-28 11:58:54 [stage_adaptive_k][all][adaptive_k][k=-][s=-] INFO AdaptiveK | geo=lshape seed=5 arch=[153, 153, 153] thr_up=2.0 thr_dn=5.0
2026-05-28 11:58:54 [adaptive_k][lshape][adaptive_k][k=adaptive][s=5] INFO AdaptiveK | arch=[153, 153, 153] | k=[1..5] | thr_up=2.0°C thr_dn=5.0°C | fourier=False
2026-05-28 11:58:54 [pinn_trainer][lshape][ak_k1][k=-][s=-] INFO Training start: t=[0.0,1.5]s  epochs_adam=1000  epochs_lbfgs=300  params=47890
2026-05-28 11:58:56 [pinn_trainer][lshape][ak_k1][k=-][s=-] INFO Adam     1/1000  loss=1.2713e+02  pde=1.2349e+02  bc=7.2673e-01  ic=0.0000e+00  fc=0.0000e+00
2026-05-28 11:59:16 [pinn_trainer][lshape][ak_k1][k=-][s=-] INFO Adam   500/1000  loss=7.3862e+00  pde=5.1660e+00  bc=4.4405e-01  ic=0.0000e+00  fc=0.0000e+00
2026-05-28 11:59:36 [pinn_trainer][lshape][ak_k1][k=-][s=-] INFO Adam  1000/1000  loss=4.7538e+00  pde=2.6412e+00  bc=4.2252e-01  ic=0.0000e+00  fc=0.0000e+00
2026-05-28 11:59:46 [pinn_trainer][lshape][ak_k1][k=-][s=-] INFO L-BFGS  300/300  loss=4.8469e+00
2026-05-28 11:59:46 [pinn_trainer][lshape][ak_k1][k=-][s=-] INFO Training done in 52.0 s
2026-05-28 11:59:46 [adaptive_k][lshape][adaptive_k][k=adaptive][s=5] INFO   Win  1  k=1  [0.0→1.5 s]  interior_MAE=30.621°C  → k_next=1
2026-05-28 11:59:46 [pinn_trainer][lshape][ak_k1][k=-][s=-] INFO Training start: t=[1.5,3.0]s  epochs_adam=1000  epochs_lbfgs=300  params=47890
2026-05-28 11:59:48 [pinn_trainer][lshape][ak_k1][k=-][s=-] INFO Adam     1/1000  loss=9.6955e+01  pde=9.5302e+01  bc=3.3059e-01  ic=0.0000e+00  fc=0.0000e+00
2026-05-28 12:00:08 [pinn_trainer][lshape][ak_k1][k=-][s=-] INFO Adam   500/1000  loss=2.1482e+00  pde=1.6095e+00  bc=1.0775e-01  ic=0.0000e+00  fc=0.0000e+00
2026-05-28 12:00:27 [pinn_trainer][lshape][ak_k1][k=-][s=-] INFO Adam  1000/1000  loss=1.5196e+00  pde=1.0054e+00  bc=1.0285e-01  ic=0.0000e+00  fc=0.0000e+00
2026-05-28 12:00:37 [pinn_trainer][lshape][ak_k1][k=-][s=-] INFO L-BFGS  300/300  loss=1.4882e+00
2026-05-28 12:00:37 [pinn_trainer][lshape][ak_k1][k=-][s=-] INFO Training done in 51.3 s
2026-05-28 12:00:37 [adaptive_k][lshape][adaptive_k][k=adaptive][s=5] INFO   Win  2  k=1  [1.5→3.0 s]  interior_MAE=19.272°C  → k_next=1
2026-05-28 12:00:37 [pinn_trainer][lshape][ak_k1][k=-][s=-] INFO Training start: t=[3.0,4.5]s  epochs_adam=1000  epochs_lbfgs=300  params=47890
2026-05-28 12:00:39 [pinn_trainer][lshape][ak_k1][k=-][s=-] INFO Adam     1/1000  loss=3.5313e+01  pde=3.4758e+01  bc=1.1117e-01  ic=0.0000e+00  fc=0.0000e+00
2026-05-28 12:00:59 [pinn_trainer][lshape][ak_k1][k=-][s=-] INFO Adam   500/1000  loss=6.0789e-01  pde=4.6366e-01  bc=2.8848e-02  ic=0.0000e+00  fc=0.0000e+00
2026-05-28 12:01:19 [pinn_trainer][lshape][ak_k1][k=-][s=-] INFO Adam  1000/1000  loss=4.1647e-01  pde=2.7696e-01  bc=2.7903e-02  ic=0.0000e+00  fc=0.0000e+00
2026-05-28 12:01:29 [pinn_trainer][lshape][ak_k1][k=-][s=-] INFO L-BFGS  300/300  loss=4.1651e-01
2026-05-28 12:01:29 [pinn_trainer][lshape][ak_k1][k=-][s=-] INFO Training done in 52.3 s
2026-05-28 12:01:29 [adaptive_k][lshape][adaptive_k][k=adaptive][s=5] INFO   Win  3  k=1  [3.0→4.5 s]  interior_MAE=9.570°C  → k_next=1
2026-05-28 12:01:29 [pinn_trainer][lshape][ak_k1][k=-][s=-] INFO Training start: t=[4.5,6.0]s  epochs_adam=1000  epochs_lbfgs=300  params=47890
2026-05-28 12:01:31 [pinn_trainer][lshape][ak_k1][k=-][s=-] INFO Adam     1/1000  loss=2.1691e+01  pde=2.1093e+01  bc=1.1971e-01  ic=0.0000e+00  fc=0.0000e+00
2026-05-28 12:01:51 [pinn_trainer][lshape][ak_k1][k=-][s=-] INFO Adam   500/1000  loss=1.5871e-01  pde=1.2074e-01  bc=7.5943e-03  ic=0.0000e+00  fc=0.0000e+00
2026-05-28 12:02:11 [pinn_trainer][lshape][ak_k1][k=-][s=-] INFO Adam  1000/1000  loss=1.1309e-01  pde=7.5769e-02  bc=7.4644e-03  ic=0.0000e+00  fc=0.0000e+00
2026-05-28 12:02:21 [pinn_trainer][lshape][ak_k1][k=-][s=-] INFO L-BFGS  300/300  loss=1.1402e-01
2026-05-28 12:02:21 [pinn_trainer][lshape][ak_k1][k=-][s=-] INFO Training done in 51.4 s
2026-05-28 12:02:21 [adaptive_k][lshape][adaptive_k][k=adaptive][s=5] INFO   Win  4  k=1  [4.5→6.0 s]  interior_MAE=4.534°C  → k_next=1
2026-05-28 12:02:21 [pinn_trainer][lshape][ak_k1][k=-][s=-] INFO Training start: t=[6.0,7.5]s  epochs_adam=1000  epochs_lbfgs=300  params=47890
2026-05-28 12:02:23 [pinn_trainer][lshape][ak_k1][k=-][s=-] INFO Adam     1/1000  loss=1.3782e+02  pde=1.3563e+02  bc=4.3646e-01  ic=0.0000e+00  fc=0.0000e+00
2026-05-28 12:02:43 [pinn_trainer][lshape][ak_k1][k=-][s=-] INFO Adam   500/1000  loss=6.4362e-02  pde=5.4535e-02  bc=1.9656e-03  ic=0.0000e+00  fc=0.0000e+00
2026-05-28 12:03:03 [pinn_trainer][lshape][ak_k1][k=-][s=-] INFO Adam  1000/1000  loss=3.4403e-02  pde=2.3043e-02  bc=2.2722e-03  ic=0.0000e+00  fc=0.0000e+00
2026-05-28 12:03:13 [pinn_trainer][lshape][ak_k1][k=-][s=-] INFO L-BFGS  300/300  loss=3.4594e-02
2026-05-28 12:03:13 [pinn_trainer][lshape][ak_k1][k=-][s=-] INFO Training done in 52.4 s
2026-05-28 12:03:13 [adaptive_k][lshape][adaptive_k][k=adaptive][s=5] INFO   Win  5  k=1  [6.0→7.5 s]  interior_MAE=2.022°C  → k_next=1
2026-05-28 12:03:13 [pinn_trainer][lshape][ak_k1][k=-][s=-] INFO Training start: t=[7.5,9.0]s  epochs_adam=1000  epochs_lbfgs=300  params=47890
2026-05-28 12:03:15 [pinn_trainer][lshape][ak_k1][k=-][s=-] INFO Adam     1/1000  loss=1.1415e+02  pde=1.1324e+02  bc=1.8257e-01  ic=0.0000e+00  fc=0.0000e+00
2026-05-28 12:03:35 [pinn_trainer][lshape][ak_k1][k=-][s=-] INFO Adam   500/1000  loss=3.6780e-02  pde=3.3842e-02  bc=5.8760e-04  ic=0.0000e+00  fc=0.0000e+00
2026-05-28 12:03:55 [pinn_trainer][lshape][ak_k1][k=-][s=-] INFO Adam  1000/1000  loss=9.2545e-03  pde=6.4576e-03  bc=5.5940e-04  ic=0.0000e+00  fc=0.0000e+00
2026-05-28 12:04:05 [pinn_trainer][lshape][ak_k1][k=-][s=-] INFO L-BFGS  300/300  loss=9.2595e-03
2026-05-28 12:04:05 [pinn_trainer][lshape][ak_k1][k=-][s=-] INFO Training done in 52.0 s
2026-05-28 12:04:05 [adaptive_k][lshape][adaptive_k][k=adaptive][s=5] INFO   Win  6  k=1  [7.5→9.0 s]  interior_MAE=0.988°C  → k_next=2
2026-05-28 12:04:05 [pinn_trainer][lshape][ak_k2][k=-][s=-] INFO Training start: t=[9.0,12.0]s  epochs_adam=1000  epochs_lbfgs=300  params=47890
2026-05-28 12:04:07 [pinn_trainer][lshape][ak_k2][k=-][s=-] INFO Adam     1/1000  loss=1.1697e+01  pde=1.0573e+01  bc=2.2477e-01  ic=0.0000e+00  fc=0.0000e+00
2026-05-28 12:04:27 [pinn_trainer][lshape][ak_k2][k=-][s=-] INFO Adam   500/1000  loss=5.5895e-03  pde=5.1560e-03  bc=8.6707e-05  ic=0.0000e+00  fc=0.0000e+00
2026-05-28 12:04:47 [pinn_trainer][lshape][ak_k2][k=-][s=-] INFO Adam  1000/1000  loss=6.7145e-04  pde=2.8068e-04  bc=7.8153e-05  ic=0.0000e+00  fc=0.0000e+00
2026-05-28 12:04:58 [pinn_trainer][lshape][ak_k2][k=-][s=-] INFO L-BFGS  300/300  loss=6.7708e-04
2026-05-28 12:04:58 [pinn_trainer][lshape][ak_k2][k=-][s=-] INFO Training done in 52.6 s
2026-05-28 12:04:58 [adaptive_k][lshape][adaptive_k][k=adaptive][s=5] INFO   Win  7  k=2  [9.0→12.0 s]  interior_MAE=0.675°C  → k_next=3
2026-05-28 12:04:58 [pinn_trainer][lshape][ak_k3][k=-][s=-] INFO Training start: t=[12.0,16.5]s  epochs_adam=1000  epochs_lbfgs=300  params=47890
2026-05-28 12:05:00 [pinn_trainer][lshape][ak_k3][k=-][s=-] INFO Adam     1/1000  loss=8.7985e+00  pde=8.3962e+00  bc=8.0460e-02  ic=0.0000e+00  fc=0.0000e+00
2026-05-28 12:05:20 [pinn_trainer][lshape][ak_k3][k=-][s=-] INFO Adam   500/1000  loss=4.5199e-03  pde=4.4737e-03  bc=9.2253e-06  ic=0.0000e+00  fc=0.0000e+00
2026-05-28 12:05:39 [pinn_trainer][lshape][ak_k3][k=-][s=-] INFO Adam  1000/1000  loss=2.8578e-05  pde=8.7154e-06  bc=3.9725e-06  ic=0.0000e+00  fc=0.0000e+00
2026-05-28 12:05:41 [pinn_trainer][lshape][ak_k3][k=-][s=-] INFO L-BFGS  300/300  loss=2.9459e-05
2026-05-28 12:05:41 [pinn_trainer][lshape][ak_k3][k=-][s=-] INFO Training done in 43.7 s
2026-05-28 12:05:41 [adaptive_k][lshape][adaptive_k][k=adaptive][s=5] INFO   Win  8  k=3  [12.0→16.5 s]  interior_MAE=0.345°C  → k_next=4
2026-05-28 12:05:41 [pinn_trainer][lshape][ak_k4][k=-][s=-] INFO Training start: t=[16.5,22.5]s  epochs_adam=1000  epochs_lbfgs=300  params=47890
2026-05-28 12:05:43 [pinn_trainer][lshape][ak_k4][k=-][s=-] INFO Adam     1/1000  loss=6.5159e+00  pde=4.8518e+00  bc=3.3282e-01  ic=0.0000e+00  fc=0.0000e+00
2026-05-28 12:06:04 [pinn_trainer][lshape][ak_k4][k=-][s=-] INFO Adam   500/1000  loss=1.3598e-02  pde=1.2592e-02  bc=2.0106e-04  ic=0.0000e+00  fc=0.0000e+00
2026-05-28 12:06:24 [pinn_trainer][lshape][ak_k4][k=-][s=-] INFO Adam  1000/1000  loss=3.4688e-06  pde=2.6832e-06  bc=1.5712e-07  ic=0.0000e+00  fc=0.0000e+00
2026-05-28 12:06:26 [pinn_trainer][lshape][ak_k4][k=-][s=-] INFO L-BFGS  300/300  loss=3.4362e-06
2026-05-28 12:06:26 [pinn_trainer][lshape][ak_k4][k=-][s=-] INFO Training done in 44.6 s
2026-05-28 12:06:26 [adaptive_k][lshape][adaptive_k][k=adaptive][s=5] INFO   Win  9  k=4  [16.5→22.5 s]  interior_MAE=0.057°C  → k_next=5
2026-05-28 12:06:26 [pinn_trainer][lshape][ak_k5][k=-][s=-] INFO Training start: t=[22.5,30.0]s  epochs_adam=1000  epochs_lbfgs=300  params=47890
2026-05-28 12:06:28 [pinn_trainer][lshape][ak_k5][k=-][s=-] INFO Adam     1/1000  loss=2.7219e+00  pde=2.3858e+00  bc=6.7203e-02  ic=0.0000e+00  fc=0.0000e+00
2026-05-28 12:06:48 [pinn_trainer][lshape][ak_k5][k=-][s=-] INFO Adam   500/1000  loss=1.5793e-06  pde=1.4433e-06  bc=2.7194e-08  ic=0.0000e+00  fc=0.0000e+00
2026-05-28 12:07:07 [pinn_trainer][lshape][ak_k5][k=-][s=-] INFO Adam  1000/1000  loss=7.7670e-07  pde=7.0442e-07  bc=1.4456e-08  ic=0.0000e+00  fc=0.0000e+00
2026-05-28 12:07:09 [pinn_trainer][lshape][ak_k5][k=-][s=-] INFO L-BFGS  300/300  loss=7.4903e-07
2026-05-28 12:07:09 [pinn_trainer][lshape][ak_k5][k=-][s=-] INFO Training done in 43.4 s
2026-05-28 12:07:09 [adaptive_k][lshape][adaptive_k][k=adaptive][s=5] INFO   Win 10  k=5  [22.5→30.0 s]  interior_MAE=0.012°C  → k_next=5
2026-05-28 12:07:09 [adaptive_k][lshape][adaptive_k][k=adaptive][s=5] INFO AdaptiveK done | wins=10 | FEM_solves=10/60 | FEM_saving=83% | MAE=2.349°C | L2=0.0217 | t=496 s
2026-05-28 12:07:09 [adaptive_k][lshape][adaptive_k][k=adaptive][s=5] INFO k schedule: t=0.0s:k=1 → t=1.5s:k=1 → t=3.0s:k=1 → t=4.5s:k=1 → t=6.0s:k=1 → t=7.5s:k=1 → t=9.0s:k=2 → t=12.0s:k=3 → t=16.5s:k=4 → t=22.5s:k=5
2026-05-28 12:07:09 [adaptive_k][lshape][adaptive_k][k=adaptive][s=5] INFO Saved → /home/coder/NAS-PINNS1/thermal_pinn/quenching_mswp/results/adaptive_k/lshape/seed5_adaptive_nsga2_153
2026-05-28 12:07:10 [stage_adaptive_k][all][adaptive_k][k=-][s=-] INFO RESULT geo=lshape   seed=5 | MAE=2.349°C | L2=0.0217 | FEM_solves=10/60 | FEM_saving=83%
2026-05-28 12:07:10 [stage_adaptive_k][all][adaptive_k][k=-][s=-] INFO AdaptiveK | geo=lshape seed=6 arch=[153, 153, 153] thr_up=2.0 thr_dn=5.0
2026-05-28 12:07:10 [adaptive_k][lshape][adaptive_k][k=adaptive][s=6] INFO AdaptiveK | arch=[153, 153, 153] | k=[1..5] | thr_up=2.0°C thr_dn=5.0°C | fourier=False
2026-05-28 12:07:10 [pinn_trainer][lshape][ak_k1][k=-][s=-] INFO Training start: t=[0.0,1.5]s  epochs_adam=1000  epochs_lbfgs=300  params=47890
2026-05-28 12:07:12 [pinn_trainer][lshape][ak_k1][k=-][s=-] INFO Adam     1/1000  loss=1.2944e+02  pde=1.2621e+02  bc=6.4618e-01  ic=0.0000e+00  fc=0.0000e+00
2026-05-28 12:07:32 [pinn_trainer][lshape][ak_k1][k=-][s=-] INFO Adam   500/1000  loss=6.4929e+00  pde=4.2753e+00  bc=4.4351e-01  ic=0.0000e+00  fc=0.0000e+00
2026-05-28 12:07:51 [pinn_trainer][lshape][ak_k1][k=-][s=-] INFO Adam  1000/1000  loss=4.2996e+00  pde=2.0950e+00  bc=4.4093e-01  ic=0.0000e+00  fc=0.0000e+00
2026-05-28 12:08:01 [pinn_trainer][lshape][ak_k1][k=-][s=-] INFO L-BFGS  300/300  loss=4.3545e+00
2026-05-28 12:08:01 [pinn_trainer][lshape][ak_k1][k=-][s=-] INFO Training done in 51.2 s
2026-05-28 12:08:01 [adaptive_k][lshape][adaptive_k][k=adaptive][s=6] INFO   Win  1  k=1  [0.0→1.5 s]  interior_MAE=31.749°C  → k_next=1
2026-05-28 12:08:01 [pinn_trainer][lshape][ak_k1][k=-][s=-] INFO Training start: t=[1.5,3.0]s  epochs_adam=1000  epochs_lbfgs=300  params=47890
2026-05-28 12:08:03 [pinn_trainer][lshape][ak_k1][k=-][s=-] INFO Adam     1/1000  loss=3.7334e+01  pde=3.6570e+01  bc=1.5287e-01  ic=0.0000e+00  fc=0.0000e+00
2026-05-28 12:08:23 [pinn_trainer][lshape][ak_k1][k=-][s=-] INFO Adam   500/1000  loss=1.7272e+00  pde=1.2285e+00  bc=9.9738e-02  ic=0.0000e+00  fc=0.0000e+00
2026-05-28 12:08:43 [pinn_trainer][lshape][ak_k1][k=-][s=-] INFO Adam  1000/1000  loss=1.3418e+00  pde=8.4150e-01  bc=1.0005e-01  ic=0.0000e+00  fc=0.0000e+00
2026-05-28 12:08:53 [pinn_trainer][lshape][ak_k1][k=-][s=-] INFO L-BFGS  300/300  loss=1.3510e+00
2026-05-28 12:08:53 [pinn_trainer][lshape][ak_k1][k=-][s=-] INFO Training done in 51.5 s
2026-05-28 12:08:53 [adaptive_k][lshape][adaptive_k][k=adaptive][s=6] INFO   Win  2  k=1  [1.5→3.0 s]  interior_MAE=20.288°C  → k_next=1
2026-05-28 12:08:53 [pinn_trainer][lshape][ak_k1][k=-][s=-] INFO Training start: t=[3.0,4.5]s  epochs_adam=1000  epochs_lbfgs=300  params=47890
2026-05-28 12:08:55 [pinn_trainer][lshape][ak_k1][k=-][s=-] INFO Adam     1/1000  loss=4.0803e+01  pde=4.0182e+01  bc=1.2412e-01  ic=0.0000e+00  fc=0.0000e+00
2026-05-28 12:09:15 [pinn_trainer][lshape][ak_k1][k=-][s=-] INFO Adam   500/1000  loss=5.3701e-01  pde=3.9814e-01  bc=2.7774e-02  ic=0.0000e+00  fc=0.0000e+00
2026-05-28 12:09:35 [pinn_trainer][lshape][ak_k1][k=-][s=-] INFO Adam  1000/1000  loss=3.8672e-01  pde=2.5087e-01  bc=2.7170e-02  ic=0.0000e+00  fc=0.0000e+00
2026-05-28 12:09:44 [pinn_trainer][lshape][ak_k1][k=-][s=-] INFO L-BFGS  300/300  loss=3.8726e-01
2026-05-28 12:09:44 [pinn_trainer][lshape][ak_k1][k=-][s=-] INFO Training done in 51.6 s
2026-05-28 12:09:44 [adaptive_k][lshape][adaptive_k][k=adaptive][s=6] INFO   Win  3  k=1  [3.0→4.5 s]  interior_MAE=10.130°C  → k_next=1
2026-05-28 12:09:44 [pinn_trainer][lshape][ak_k1][k=-][s=-] INFO Training start: t=[4.5,6.0]s  epochs_adam=1000  epochs_lbfgs=300  params=47890
2026-05-28 12:09:46 [pinn_trainer][lshape][ak_k1][k=-][s=-] INFO Adam     1/1000  loss=9.6153e+01  pde=9.5874e+01  bc=5.5853e-02  ic=0.0000e+00  fc=0.0000e+00
2026-05-28 12:10:06 [pinn_trainer][lshape][ak_k1][k=-][s=-] INFO Adam   500/1000  loss=2.2076e-01  pde=1.8682e-01  bc=6.7885e-03  ic=0.0000e+00  fc=0.0000e+00
2026-05-28 12:10:26 [pinn_trainer][lshape][ak_k1][k=-][s=-] INFO Adam  1000/1000  loss=1.0390e-01  pde=6.8055e-02  bc=7.1690e-03  ic=0.0000e+00  fc=0.0000e+00
2026-05-28 12:10:35 [pinn_trainer][lshape][ak_k1][k=-][s=-] INFO L-BFGS  300/300  loss=1.0258e-01
2026-05-28 12:10:35 [pinn_trainer][lshape][ak_k1][k=-][s=-] INFO Training done in 51.1 s
2026-05-28 12:10:35 [adaptive_k][lshape][adaptive_k][k=adaptive][s=6] INFO   Win  4  k=1  [4.5→6.0 s]  interior_MAE=4.699°C  → k_next=1
2026-05-28 12:10:35 [pinn_trainer][lshape][ak_k1][k=-][s=-] INFO Training start: t=[6.0,7.5]s  epochs_adam=1000  epochs_lbfgs=300  params=47890
2026-05-28 12:10:37 [pinn_trainer][lshape][ak_k1][k=-][s=-] INFO Adam     1/1000  loss=4.3708e+01  pde=4.3545e+01  bc=3.2606e-02  ic=0.0000e+00  fc=0.0000e+00
2026-05-28 12:10:57 [pinn_trainer][lshape][ak_k1][k=-][s=-] INFO Adam   500/1000  loss=8.7428e-02  pde=7.7855e-02  bc=1.9145e-03  ic=0.0000e+00  fc=0.0000e+00
2026-05-28 12:11:17 [pinn_trainer][lshape][ak_k1][k=-][s=-] INFO Adam  1000/1000  loss=3.6073e-02  pde=2.5358e-02  bc=2.1431e-03  ic=0.0000e+00  fc=0.0000e+00
2026-05-28 12:11:28 [pinn_trainer][lshape][ak_k1][k=-][s=-] INFO L-BFGS  300/300  loss=3.6065e-02
2026-05-28 12:11:28 [pinn_trainer][lshape][ak_k1][k=-][s=-] INFO Training done in 52.3 s
2026-05-28 12:11:28 [adaptive_k][lshape][adaptive_k][k=adaptive][s=6] INFO   Win  5  k=1  [6.0→7.5 s]  interior_MAE=1.967°C  → k_next=2
2026-05-28 12:11:28 [pinn_trainer][lshape][ak_k2][k=-][s=-] INFO Training start: t=[7.5,10.5]s  epochs_adam=1000  epochs_lbfgs=300  params=47890
2026-05-28 12:11:30 [pinn_trainer][lshape][ak_k2][k=-][s=-] INFO Adam     1/1000  loss=7.8705e+00  pde=7.6182e+00  bc=5.0457e-02  ic=0.0000e+00  fc=0.0000e+00
2026-05-28 12:11:50 [pinn_trainer][lshape][ak_k2][k=-][s=-] INFO Adam   500/1000  loss=8.6693e-03  pde=7.0337e-03  bc=3.2712e-04  ic=0.0000e+00  fc=0.0000e+00
2026-05-28 12:12:10 [pinn_trainer][lshape][ak_k2][k=-][s=-] INFO Adam  1000/1000  loss=2.6959e-03  pde=1.1997e-03  bc=2.9926e-04  ic=0.0000e+00  fc=0.0000e+00
2026-05-28 12:12:20 [pinn_trainer][lshape][ak_k2][k=-][s=-] INFO L-BFGS  300/300  loss=2.7204e-03
2026-05-28 12:12:20 [pinn_trainer][lshape][ak_k2][k=-][s=-] INFO Training done in 52.1 s
2026-05-28 12:12:20 [adaptive_k][lshape][adaptive_k][k=adaptive][s=6] INFO   Win  6  k=2  [7.5→10.5 s]  interior_MAE=1.473°C  → k_next=3
2026-05-28 12:12:20 [pinn_trainer][lshape][ak_k3][k=-][s=-] INFO Training start: t=[10.5,15.0]s  epochs_adam=1000  epochs_lbfgs=300  params=47890
2026-05-28 12:12:22 [pinn_trainer][lshape][ak_k3][k=-][s=-] INFO Adam     1/1000  loss=6.0613e+00  pde=5.3650e+00  bc=1.3926e-01  ic=0.0000e+00  fc=0.0000e+00
2026-05-28 12:12:42 [pinn_trainer][lshape][ak_k3][k=-][s=-] INFO Adam   500/1000  loss=1.4827e-03  pde=1.3774e-03  bc=2.1055e-05  ic=0.0000e+00  fc=0.0000e+00
2026-05-28 12:13:01 [pinn_trainer][lshape][ak_k3][k=-][s=-] INFO Adam  1000/1000  loss=1.0607e-04  pde=3.2919e-05  bc=1.4630e-05  ic=0.0000e+00  fc=0.0000e+00
2026-05-28 12:13:03 [pinn_trainer][lshape][ak_k3][k=-][s=-] INFO L-BFGS  300/300  loss=1.1051e-04
2026-05-28 12:13:03 [pinn_trainer][lshape][ak_k3][k=-][s=-] INFO Training done in 43.5 s
2026-05-28 12:13:03 [adaptive_k][lshape][adaptive_k][k=adaptive][s=6] INFO   Win  7  k=3  [10.5→15.0 s]  interior_MAE=0.645°C  → k_next=4
2026-05-28 12:13:03 [pinn_trainer][lshape][ak_k4][k=-][s=-] INFO Training start: t=[15.0,21.0]s  epochs_adam=1000  epochs_lbfgs=300  params=47890
2026-05-28 12:13:05 [pinn_trainer][lshape][ak_k4][k=-][s=-] INFO Adam     1/1000  loss=2.8281e-01  pde=2.4776e-01  bc=7.0107e-03  ic=0.0000e+00  fc=0.0000e+00
2026-05-28 12:13:25 [pinn_trainer][lshape][ak_k4][k=-][s=-] INFO Adam   500/1000  loss=8.7871e-06  pde=6.6586e-06  bc=4.2569e-07  ic=0.0000e+00  fc=0.0000e+00
2026-05-28 12:13:45 [pinn_trainer][lshape][ak_k4][k=-][s=-] INFO Adam  1000/1000  loss=5.2032e-06  pde=3.4571e-06  bc=3.4922e-07  ic=0.0000e+00  fc=0.0000e+00
2026-05-28 12:13:47 [pinn_trainer][lshape][ak_k4][k=-][s=-] INFO L-BFGS  300/300  loss=5.1675e-06
2026-05-28 12:13:47 [pinn_trainer][lshape][ak_k4][k=-][s=-] INFO Training done in 43.9 s
2026-05-28 12:13:47 [adaptive_k][lshape][adaptive_k][k=adaptive][s=6] INFO   Win  8  k=4  [15.0→21.0 s]  interior_MAE=0.142°C  → k_next=5
2026-05-28 12:13:47 [pinn_trainer][lshape][ak_k5][k=-][s=-] INFO Training start: t=[21.0,28.5]s  epochs_adam=1000  epochs_lbfgs=300  params=47890
2026-05-28 12:13:49 [pinn_trainer][lshape][ak_k5][k=-][s=-] INFO Adam     1/1000  loss=1.8511e+00  pde=1.6609e+00  bc=3.8040e-02  ic=0.0000e+00  fc=0.0000e+00
2026-05-28 12:14:09 [pinn_trainer][lshape][ak_k5][k=-][s=-] INFO Adam   500/1000  loss=2.3002e-06  pde=1.8796e-06  bc=8.4106e-08  ic=0.0000e+00  fc=0.0000e+00
2026-05-28 12:14:29 [pinn_trainer][lshape][ak_k5][k=-][s=-] INFO Adam  1000/1000  loss=1.2921e-06  pde=1.0134e-06  bc=5.5745e-08  ic=0.0000e+00  fc=0.0000e+00
2026-05-28 12:14:31 [pinn_trainer][lshape][ak_k5][k=-][s=-] INFO L-BFGS  300/300  loss=1.3015e-06
2026-05-28 12:14:31 [pinn_trainer][lshape][ak_k5][k=-][s=-] INFO Training done in 43.4 s
2026-05-28 12:14:31 [adaptive_k][lshape][adaptive_k][k=adaptive][s=6] INFO   Win  9  k=5  [21.0→28.5 s]  interior_MAE=0.026°C  → k_next=5
2026-05-28 12:14:31 [pinn_trainer][lshape][ak_k5][k=-][s=-] INFO Training start: t=[28.5,30.0]s  epochs_adam=1000  epochs_lbfgs=300  params=47890
2026-05-28 12:14:33 [pinn_trainer][lshape][ak_k5][k=-][s=-] INFO Adam     1/1000  loss=9.6278e+01  pde=9.4319e+01  bc=3.9170e-01  ic=0.0000e+00  fc=0.0000e+00
2026-05-28 12:14:53 [pinn_trainer][lshape][ak_k5][k=-][s=-] INFO Adam   500/1000  loss=1.3027e-02  pde=1.2887e-02  bc=2.8040e-05  ic=0.0000e+00  fc=0.0000e+00
2026-05-28 12:15:13 [pinn_trainer][lshape][ak_k5][k=-][s=-] INFO Adam  1000/1000  loss=3.3793e-06  pde=2.6810e-06  bc=1.3965e-07  ic=0.0000e+00  fc=0.0000e+00
2026-05-28 12:15:15 [pinn_trainer][lshape][ak_k5][k=-][s=-] INFO L-BFGS  300/300  loss=3.1256e-06
2026-05-28 12:15:15 [pinn_trainer][lshape][ak_k5][k=-][s=-] INFO Training done in 43.8 s
2026-05-28 12:15:15 [adaptive_k][lshape][adaptive_k][k=adaptive][s=6] INFO   Win 10  k=5  [28.5→30.0 s]  interior_MAE=0.010°C  → k_next=5
2026-05-28 12:15:15 [adaptive_k][lshape][adaptive_k][k=adaptive][s=6] INFO AdaptiveK done | wins=10 | FEM_solves=10/60 | FEM_saving=83% | MAE=2.536°C | L2=0.0258 | t=485 s
2026-05-28 12:15:15 [adaptive_k][lshape][adaptive_k][k=adaptive][s=6] INFO k schedule: t=0.0s:k=1 → t=1.5s:k=1 → t=3.0s:k=1 → t=4.5s:k=1 → t=6.0s:k=1 → t=7.5s:k=2 → t=10.5s:k=3 → t=15.0s:k=4 → t=21.0s:k=5 → t=28.5s:k=5
2026-05-28 12:15:15 [adaptive_k][lshape][adaptive_k][k=adaptive][s=6] INFO Saved → /home/coder/NAS-PINNS1/thermal_pinn/quenching_mswp/results/adaptive_k/lshape/seed6_adaptive_nsga2_153
2026-05-28 12:15:15 [stage_adaptive_k][all][adaptive_k][k=-][s=-] INFO RESULT geo=lshape   seed=6 | MAE=2.536°C | L2=0.0258 | FEM_solves=10/60 | FEM_saving=83%
2026-05-28 12:15:15 [stage_adaptive_k][all][adaptive_k][k=-][s=-] INFO AdaptiveK | geo=lshape seed=7 arch=[153, 153, 153] thr_up=2.0 thr_dn=5.0
2026-05-28 12:15:15 [adaptive_k][lshape][adaptive_k][k=adaptive][s=7] INFO AdaptiveK | arch=[153, 153, 153] | k=[1..5] | thr_up=2.0°C thr_dn=5.0°C | fourier=False
2026-05-28 12:15:15 [pinn_trainer][lshape][ak_k1][k=-][s=-] INFO Training start: t=[0.0,1.5]s  epochs_adam=1000  epochs_lbfgs=300  params=47890
2026-05-28 12:15:17 [pinn_trainer][lshape][ak_k1][k=-][s=-] INFO Adam     1/1000  loss=2.8887e+02  pde=2.8572e+02  bc=6.3085e-01  ic=0.0000e+00  fc=0.0000e+00
2026-05-28 12:15:37 [pinn_trainer][lshape][ak_k1][k=-][s=-] INFO Adam   500/1000  loss=7.6704e+00  pde=5.1773e+00  bc=4.9863e-01  ic=0.0000e+00  fc=0.0000e+00
2026-05-28 12:15:57 [pinn_trainer][lshape][ak_k1][k=-][s=-] INFO Adam  1000/1000  loss=4.8319e+00  pde=2.6111e+00  bc=4.4415e-01  ic=0.0000e+00  fc=0.0000e+00
2026-05-28 12:16:07 [pinn_trainer][lshape][ak_k1][k=-][s=-] INFO L-BFGS  300/300  loss=4.8878e+00
2026-05-28 12:16:07 [pinn_trainer][lshape][ak_k1][k=-][s=-] INFO Training done in 51.8 s
2026-05-28 12:16:07 [adaptive_k][lshape][adaptive_k][k=adaptive][s=7] INFO   Win  1  k=1  [0.0→1.5 s]  interior_MAE=31.472°C  → k_next=1
2026-05-28 12:16:07 [pinn_trainer][lshape][ak_k1][k=-][s=-] INFO Training start: t=[1.5,3.0]s  epochs_adam=1000  epochs_lbfgs=300  params=47890
2026-05-28 12:16:09 [pinn_trainer][lshape][ak_k1][k=-][s=-] INFO Adam     1/1000  loss=3.9100e+01  pde=3.8123e+01  bc=1.9542e-01  ic=0.0000e+00  fc=0.0000e+00
2026-05-28 12:16:29 [pinn_trainer][lshape][ak_k1][k=-][s=-] INFO Adam   500/1000  loss=2.0662e+00  pde=1.5431e+00  bc=1.0461e-01  ic=0.0000e+00  fc=0.0000e+00
2026-05-28 12:16:49 [pinn_trainer][lshape][ak_k1][k=-][s=-] INFO Adam  1000/1000  loss=1.4334e+00  pde=8.9699e-01  bc=1.0728e-01  ic=0.0000e+00  fc=0.0000e+00
2026-05-28 12:16:59 [pinn_trainer][lshape][ak_k1][k=-][s=-] INFO L-BFGS  300/300  loss=1.4226e+00
2026-05-28 12:16:59 [pinn_trainer][lshape][ak_k1][k=-][s=-] INFO Training done in 52.0 s
2026-05-28 12:16:59 [adaptive_k][lshape][adaptive_k][k=adaptive][s=7] INFO   Win  2  k=1  [1.5→3.0 s]  interior_MAE=19.976°C  → k_next=1
2026-05-28 12:16:59 [pinn_trainer][lshape][ak_k1][k=-][s=-] INFO Training start: t=[3.0,4.5]s  epochs_adam=1000  epochs_lbfgs=300  params=47890
2026-05-28 12:17:01 [pinn_trainer][lshape][ak_k1][k=-][s=-] INFO Adam     1/1000  loss=8.2029e+01  pde=8.1383e+01  bc=1.2927e-01  ic=0.0000e+00  fc=0.0000e+00
2026-05-28 12:17:21 [pinn_trainer][lshape][ak_k1][k=-][s=-] INFO Adam   500/1000  loss=6.5537e-01  pde=5.0545e-01  bc=2.9984e-02  ic=0.0000e+00  fc=0.0000e+00
2026-05-28 12:17:41 [pinn_trainer][lshape][ak_k1][k=-][s=-] INFO Adam  1000/1000  loss=4.1353e-01  pde=2.7406e-01  bc=2.7893e-02  ic=0.0000e+00  fc=0.0000e+00
2026-05-28 12:17:51 [pinn_trainer][lshape][ak_k1][k=-][s=-] INFO L-BFGS  300/300  loss=4.1146e-01
2026-05-28 12:17:51 [pinn_trainer][lshape][ak_k1][k=-][s=-] INFO Training done in 52.3 s
2026-05-28 12:17:51 [adaptive_k][lshape][adaptive_k][k=adaptive][s=7] INFO   Win  3  k=1  [3.0→4.5 s]  interior_MAE=9.724°C  → k_next=1
2026-05-28 12:17:51 [pinn_trainer][lshape][ak_k1][k=-][s=-] INFO Training start: t=[4.5,6.0]s  epochs_adam=1000  epochs_lbfgs=300  params=47890
2026-05-28 12:17:53 [pinn_trainer][lshape][ak_k1][k=-][s=-] INFO Adam     1/1000  loss=7.6060e+01  pde=7.5464e+01  bc=1.1920e-01  ic=0.0000e+00  fc=0.0000e+00
2026-05-28 12:18:14 [pinn_trainer][lshape][ak_k1][k=-][s=-] INFO Adam   500/1000  loss=1.6853e-01  pde=1.3225e-01  bc=7.2564e-03  ic=0.0000e+00  fc=0.0000e+00
2026-05-28 12:18:34 [pinn_trainer][lshape][ak_k1][k=-][s=-] INFO Adam  1000/1000  loss=1.2027e-01  pde=7.8715e-02  bc=8.3105e-03  ic=0.0000e+00  fc=0.0000e+00
2026-05-28 12:18:44 [pinn_trainer][lshape][ak_k1][k=-][s=-] INFO L-BFGS  300/300  loss=1.2027e-01
2026-05-28 12:18:44 [pinn_trainer][lshape][ak_k1][k=-][s=-] INFO Training done in 52.4 s
2026-05-28 12:18:44 [adaptive_k][lshape][adaptive_k][k=adaptive][s=7] INFO   Win  4  k=1  [4.5→6.0 s]  interior_MAE=4.405°C  → k_next=1
2026-05-28 12:18:44 [pinn_trainer][lshape][ak_k1][k=-][s=-] INFO Training start: t=[6.0,7.5]s  epochs_adam=1000  epochs_lbfgs=300  params=47890
2026-05-28 12:18:46 [pinn_trainer][lshape][ak_k1][k=-][s=-] INFO Adam     1/1000  loss=6.4684e+01  pde=6.3524e+01  bc=2.3209e-01  ic=0.0000e+00  fc=0.0000e+00
2026-05-28 12:19:06 [pinn_trainer][lshape][ak_k1][k=-][s=-] INFO Adam   500/1000  loss=6.4945e-02  pde=5.5814e-02  bc=1.8261e-03  ic=0.0000e+00  fc=0.0000e+00
2026-05-28 12:19:27 [pinn_trainer][lshape][ak_k1][k=-][s=-] INFO Adam  1000/1000  loss=3.4264e-02  pde=2.3105e-02  bc=2.2318e-03  ic=0.0000e+00  fc=0.0000e+00
2026-05-28 12:19:37 [pinn_trainer][lshape][ak_k1][k=-][s=-] INFO L-BFGS  300/300  loss=3.4384e-02
2026-05-28 12:19:37 [pinn_trainer][lshape][ak_k1][k=-][s=-] INFO Training done in 53.2 s
2026-05-28 12:19:37 [adaptive_k][lshape][adaptive_k][k=adaptive][s=7] INFO   Win  5  k=1  [6.0→7.5 s]  interior_MAE=2.329°C  → k_next=1
2026-05-28 12:19:37 [pinn_trainer][lshape][ak_k1][k=-][s=-] INFO Training start: t=[7.5,9.0]s  epochs_adam=1000  epochs_lbfgs=300  params=47890
2026-05-28 12:19:39 [pinn_trainer][lshape][ak_k1][k=-][s=-] INFO Adam     1/1000  loss=5.3532e+01  pde=5.2411e+01  bc=2.2422e-01  ic=0.0000e+00  fc=0.0000e+00
2026-05-28 12:19:59 [pinn_trainer][lshape][ak_k1][k=-][s=-] INFO Adam   500/1000  loss=5.9470e-02  pde=5.7402e-02  bc=4.1370e-04  ic=0.0000e+00  fc=0.0000e+00
2026-05-28 12:20:19 [pinn_trainer][lshape][ak_k1][k=-][s=-] INFO Adam  1000/1000  loss=8.6918e-03  pde=5.9019e-03  bc=5.5797e-04  ic=0.0000e+00  fc=0.0000e+00
2026-05-28 12:20:29 [pinn_trainer][lshape][ak_k1][k=-][s=-] INFO L-BFGS  300/300  loss=8.7006e-03
2026-05-28 12:20:29 [pinn_trainer][lshape][ak_k1][k=-][s=-] INFO Training done in 52.5 s
2026-05-28 12:20:29 [adaptive_k][lshape][adaptive_k][k=adaptive][s=7] INFO   Win  6  k=1  [7.5→9.0 s]  interior_MAE=1.001°C  → k_next=2
2026-05-28 12:20:29 [pinn_trainer][lshape][ak_k2][k=-][s=-] INFO Training start: t=[9.0,12.0]s  epochs_adam=1000  epochs_lbfgs=300  params=47890
2026-05-28 12:20:31 [pinn_trainer][lshape][ak_k2][k=-][s=-] INFO Adam     1/1000  loss=5.5113e+00  pde=5.1831e+00  bc=6.5632e-02  ic=0.0000e+00  fc=0.0000e+00
2026-05-28 12:20:52 [pinn_trainer][lshape][ak_k2][k=-][s=-] INFO Adam   500/1000  loss=1.8690e-03  pde=1.4660e-03  bc=8.0600e-05  ic=0.0000e+00  fc=0.0000e+00
2026-05-28 12:21:12 [pinn_trainer][lshape][ak_k2][k=-][s=-] INFO Adam  1000/1000  loss=6.9155e-04  pde=3.1469e-04  bc=7.5372e-05  ic=0.0000e+00  fc=0.0000e+00
2026-05-28 12:21:22 [pinn_trainer][lshape][ak_k2][k=-][s=-] INFO L-BFGS  300/300  loss=7.0099e-04
2026-05-28 12:21:22 [pinn_trainer][lshape][ak_k2][k=-][s=-] INFO Training done in 52.4 s
2026-05-28 12:21:22 [adaptive_k][lshape][adaptive_k][k=adaptive][s=7] INFO   Win  7  k=2  [9.0→12.0 s]  interior_MAE=0.699°C  → k_next=3
2026-05-28 12:21:22 [pinn_trainer][lshape][ak_k3][k=-][s=-] INFO Training start: t=[12.0,16.5]s  epochs_adam=1000  epochs_lbfgs=300  params=47890
2026-05-28 12:21:24 [pinn_trainer][lshape][ak_k3][k=-][s=-] INFO Adam     1/1000  loss=6.5551e+00  pde=5.6727e+00  bc=1.7648e-01  ic=0.0000e+00  fc=0.0000e+00
2026-05-28 12:21:44 [pinn_trainer][lshape][ak_k3][k=-][s=-] INFO Adam   500/1000  loss=1.7081e-04  pde=1.2215e-04  bc=9.7331e-06  ic=0.0000e+00  fc=0.0000e+00
2026-05-28 12:22:04 [pinn_trainer][lshape][ak_k3][k=-][s=-] INFO Adam  1000/1000  loss=3.1256e-05  pde=1.1316e-05  bc=3.9879e-06  ic=0.0000e+00  fc=0.0000e+00
2026-05-28 12:22:06 [pinn_trainer][lshape][ak_k3][k=-][s=-] INFO L-BFGS  300/300  loss=3.2153e-05
2026-05-28 12:22:06 [pinn_trainer][lshape][ak_k3][k=-][s=-] INFO Training done in 44.5 s
2026-05-28 12:22:06 [adaptive_k][lshape][adaptive_k][k=adaptive][s=7] INFO   Win  8  k=3  [12.0→16.5 s]  interior_MAE=0.331°C  → k_next=4
2026-05-28 12:22:06 [pinn_trainer][lshape][ak_k4][k=-][s=-] INFO Training start: t=[16.5,22.5]s  epochs_adam=1000  epochs_lbfgs=300  params=47890
2026-05-28 12:22:08 [pinn_trainer][lshape][ak_k4][k=-][s=-] INFO Adam     1/1000  loss=1.0582e+01  pde=8.6399e+00  bc=3.8843e-01  ic=0.0000e+00  fc=0.0000e+00
2026-05-28 12:22:29 [pinn_trainer][lshape][ak_k4][k=-][s=-] INFO Adam   500/1000  loss=2.6156e-03  pde=2.0072e-03  bc=1.2167e-04  ic=0.0000e+00  fc=0.0000e+00
2026-05-28 12:22:49 [pinn_trainer][lshape][ak_k4][k=-][s=-] INFO Adam  1000/1000  loss=1.6763e-06  pde=1.1199e-06  bc=1.1126e-07  ic=0.0000e+00  fc=0.0000e+00
2026-05-28 12:22:51 [pinn_trainer][lshape][ak_k4][k=-][s=-] INFO L-BFGS  300/300  loss=1.6039e-06
2026-05-28 12:22:51 [pinn_trainer][lshape][ak_k4][k=-][s=-] INFO Training done in 45.0 s
2026-05-28 12:22:51 [adaptive_k][lshape][adaptive_k][k=adaptive][s=7] INFO   Win  9  k=4  [16.5→22.5 s]  interior_MAE=0.068°C  → k_next=5
2026-05-28 12:22:51 [pinn_trainer][lshape][ak_k5][k=-][s=-] INFO Training start: t=[22.5,30.0]s  epochs_adam=1000  epochs_lbfgs=300  params=47890
2026-05-28 12:22:53 [pinn_trainer][lshape][ak_k5][k=-][s=-] INFO Adam     1/1000  loss=5.1030e+00  pde=3.4746e+00  bc=3.2569e-01  ic=0.0000e+00  fc=0.0000e+00
2026-05-28 12:23:14 [pinn_trainer][lshape][ak_k5][k=-][s=-] INFO Adam   500/1000  loss=1.6280e-06  pde=1.4699e-06  bc=3.1619e-08  ic=0.0000e+00  fc=0.0000e+00
2026-05-28 12:23:35 [pinn_trainer][lshape][ak_k5][k=-][s=-] INFO Adam  1000/1000  loss=1.0050e-06  pde=8.8271e-07  bc=2.4468e-08  ic=0.0000e+00  fc=0.0000e+00
2026-05-28 12:23:37 [pinn_trainer][lshape][ak_k5][k=-][s=-] INFO L-BFGS  300/300  loss=9.7797e-07
2026-05-28 12:23:37 [pinn_trainer][lshape][ak_k5][k=-][s=-] INFO Training done in 45.5 s
2026-05-28 12:23:37 [adaptive_k][lshape][adaptive_k][k=adaptive][s=7] INFO   Win 10  k=5  [22.5→30.0 s]  interior_MAE=0.014°C  → k_next=5
2026-05-28 12:23:37 [adaptive_k][lshape][adaptive_k][k=adaptive][s=7] INFO AdaptiveK done | wins=10 | FEM_solves=10/60 | FEM_saving=83% | MAE=2.415°C | L2=0.0223 | t=502 s
2026-05-28 12:23:37 [adaptive_k][lshape][adaptive_k][k=adaptive][s=7] INFO k schedule: t=0.0s:k=1 → t=1.5s:k=1 → t=3.0s:k=1 → t=4.5s:k=1 → t=6.0s:k=1 → t=7.5s:k=1 → t=9.0s:k=2 → t=12.0s:k=3 → t=16.5s:k=4 → t=22.5s:k=5
2026-05-28 12:23:37 [adaptive_k][lshape][adaptive_k][k=adaptive][s=7] INFO Saved → /home/coder/NAS-PINNS1/thermal_pinn/quenching_mswp/results/adaptive_k/lshape/seed7_adaptive_nsga2_153
2026-05-28 12:23:37 [stage_adaptive_k][all][adaptive_k][k=-][s=-] INFO RESULT geo=lshape   seed=7 | MAE=2.415°C | L2=0.0223 | FEM_solves=10/60 | FEM_saving=83%
2026-05-28 12:23:37 [stage_adaptive_k][all][adaptive_k][k=-][s=-] INFO AdaptiveK | geo=lshape seed=8 arch=[153, 153, 153] thr_up=2.0 thr_dn=5.0
2026-05-28 12:23:37 [adaptive_k][lshape][adaptive_k][k=adaptive][s=8] INFO AdaptiveK | arch=[153, 153, 153] | k=[1..5] | thr_up=2.0°C thr_dn=5.0°C | fourier=False
2026-05-28 12:23:37 [pinn_trainer][lshape][ak_k1][k=-][s=-] INFO Training start: t=[0.0,1.5]s  epochs_adam=1000  epochs_lbfgs=300  params=47890
2026-05-28 12:23:39 [pinn_trainer][lshape][ak_k1][k=-][s=-] INFO Adam     1/1000  loss=3.4025e+02  pde=3.3651e+02  bc=7.4783e-01  ic=0.0000e+00  fc=0.0000e+00
2026-05-28 12:23:59 [pinn_trainer][lshape][ak_k1][k=-][s=-] INFO Adam   500/1000  loss=7.2523e+00  pde=5.0217e+00  bc=4.4612e-01  ic=0.0000e+00  fc=0.0000e+00
2026-05-28 12:24:19 [pinn_trainer][lshape][ak_k1][k=-][s=-] INFO Adam  1000/1000  loss=5.1091e+00  pde=3.0218e+00  bc=4.1747e-01  ic=0.0000e+00  fc=0.0000e+00
2026-05-28 12:24:29 [pinn_trainer][lshape][ak_k1][k=-][s=-] INFO L-BFGS  300/300  loss=5.1646e+00
2026-05-28 12:24:29 [pinn_trainer][lshape][ak_k1][k=-][s=-] INFO Training done in 51.7 s
2026-05-28 12:24:29 [adaptive_k][lshape][adaptive_k][k=adaptive][s=8] INFO   Win  1  k=1  [0.0→1.5 s]  interior_MAE=32.691°C  → k_next=1
2026-05-28 12:24:29 [pinn_trainer][lshape][ak_k1][k=-][s=-] INFO Training start: t=[1.5,3.0]s  epochs_adam=1000  epochs_lbfgs=300  params=47890
2026-05-28 12:24:31 [pinn_trainer][lshape][ak_k1][k=-][s=-] INFO Adam     1/1000  loss=5.6098e+01  pde=5.5235e+01  bc=1.7261e-01  ic=0.0000e+00  fc=0.0000e+00
2026-05-28 12:24:51 [pinn_trainer][lshape][ak_k1][k=-][s=-] INFO Adam   500/1000  loss=1.9638e+00  pde=1.4248e+00  bc=1.0779e-01  ic=0.0000e+00  fc=0.0000e+00
2026-05-28 12:25:11 [pinn_trainer][lshape][ak_k1][k=-][s=-] INFO Adam  1000/1000  loss=1.5251e+00  pde=1.0167e+00  bc=1.0168e-01  ic=0.0000e+00  fc=0.0000e+00
2026-05-28 12:25:21 [pinn_trainer][lshape][ak_k1][k=-][s=-] INFO L-BFGS  300/300  loss=1.5201e+00
2026-05-28 12:25:21 [pinn_trainer][lshape][ak_k1][k=-][s=-] INFO Training done in 51.8 s
2026-05-28 12:25:21 [adaptive_k][lshape][adaptive_k][k=adaptive][s=8] INFO   Win  2  k=1  [1.5→3.0 s]  interior_MAE=19.992°C  → k_next=1
2026-05-28 12:25:21 [pinn_trainer][lshape][ak_k1][k=-][s=-] INFO Training start: t=[3.0,4.5]s  epochs_adam=1000  epochs_lbfgs=300  params=47890
2026-05-28 12:25:23 [pinn_trainer][lshape][ak_k1][k=-][s=-] INFO Adam     1/1000  loss=7.2848e+01  pde=7.1619e+01  bc=2.4588e-01  ic=0.0000e+00  fc=0.0000e+00
2026-05-28 12:25:43 [pinn_trainer][lshape][ak_k1][k=-][s=-] INFO Adam   500/1000  loss=5.0141e-01  pde=3.6703e-01  bc=2.6875e-02  ic=0.0000e+00  fc=0.0000e+00
2026-05-28 12:26:03 [pinn_trainer][lshape][ak_k1][k=-][s=-] INFO Adam  1000/1000  loss=3.7869e-01  pde=2.4720e-01  bc=2.6298e-02  ic=0.0000e+00  fc=0.0000e+00
2026-05-28 12:26:13 [pinn_trainer][lshape][ak_k1][k=-][s=-] INFO L-BFGS  300/300  loss=3.7444e-01
2026-05-28 12:26:13 [pinn_trainer][lshape][ak_k1][k=-][s=-] INFO Training done in 51.9 s
2026-05-28 12:26:13 [adaptive_k][lshape][adaptive_k][k=adaptive][s=8] INFO   Win  3  k=1  [3.0→4.5 s]  interior_MAE=9.524°C  → k_next=1
2026-05-28 12:26:13 [pinn_trainer][lshape][ak_k1][k=-][s=-] INFO Training start: t=[4.5,6.0]s  epochs_adam=1000  epochs_lbfgs=300  params=47890
2026-05-28 12:26:15 [pinn_trainer][lshape][ak_k1][k=-][s=-] INFO Adam     1/1000  loss=1.7211e+02  pde=1.7180e+02  bc=6.0748e-02  ic=0.0000e+00  fc=0.0000e+00
2026-05-28 12:26:35 [pinn_trainer][lshape][ak_k1][k=-][s=-] INFO Adam   500/1000  loss=2.5504e-01  pde=2.2101e-01  bc=6.8065e-03  ic=0.0000e+00  fc=0.0000e+00
2026-05-28 12:26:55 [pinn_trainer][lshape][ak_k1][k=-][s=-] INFO Adam  1000/1000  loss=1.2189e-01  pde=8.4235e-02  bc=7.5308e-03  ic=0.0000e+00  fc=0.0000e+00
2026-05-28 12:27:05 [pinn_trainer][lshape][ak_k1][k=-][s=-] INFO L-BFGS  300/300  loss=1.2322e-01
2026-05-28 12:27:05 [pinn_trainer][lshape][ak_k1][k=-][s=-] INFO Training done in 52.3 s
2026-05-28 12:27:05 [adaptive_k][lshape][adaptive_k][k=adaptive][s=8] INFO   Win  4  k=1  [4.5→6.0 s]  interior_MAE=4.486°C  → k_next=1
2026-05-28 12:27:05 [pinn_trainer][lshape][ak_k1][k=-][s=-] INFO Training start: t=[6.0,7.5]s  epochs_adam=1000  epochs_lbfgs=300  params=47890
2026-05-28 12:27:07 [pinn_trainer][lshape][ak_k1][k=-][s=-] INFO Adam     1/1000  loss=8.8171e+00  pde=8.5936e+00  bc=4.4706e-02  ic=0.0000e+00  fc=0.0000e+00
2026-05-28 12:27:27 [pinn_trainer][lshape][ak_k1][k=-][s=-] INFO Adam   500/1000  loss=3.8201e-02  pde=2.7935e-02  bc=2.0531e-03  ic=0.0000e+00  fc=0.0000e+00
2026-05-28 12:27:47 [pinn_trainer][lshape][ak_k1][k=-][s=-] INFO Adam  1000/1000  loss=3.3896e-02  pde=2.2966e-02  bc=2.1860e-03  ic=0.0000e+00  fc=0.0000e+00
2026-05-28 12:27:57 [pinn_trainer][lshape][ak_k1][k=-][s=-] INFO L-BFGS  300/300  loss=3.3972e-02
2026-05-28 12:27:57 [pinn_trainer][lshape][ak_k1][k=-][s=-] INFO Training done in 52.2 s
2026-05-28 12:27:57 [adaptive_k][lshape][adaptive_k][k=adaptive][s=8] INFO   Win  5  k=1  [6.0→7.5 s]  interior_MAE=2.275°C  → k_next=1
2026-05-28 12:27:57 [pinn_trainer][lshape][ak_k1][k=-][s=-] INFO Training start: t=[7.5,9.0]s  epochs_adam=1000  epochs_lbfgs=300  params=47890
2026-05-28 12:27:59 [pinn_trainer][lshape][ak_k1][k=-][s=-] INFO Adam     1/1000  loss=5.4318e+01  pde=5.4229e+01  bc=1.7868e-02  ic=0.0000e+00  fc=0.0000e+00
2026-05-28 12:28:19 [pinn_trainer][lshape][ak_k1][k=-][s=-] INFO Adam   500/1000  loss=1.7986e-02  pde=1.5251e-02  bc=5.4685e-04  ic=0.0000e+00  fc=0.0000e+00
2026-05-28 12:28:39 [pinn_trainer][lshape][ak_k1][k=-][s=-] INFO Adam  1000/1000  loss=8.9248e-03  pde=6.0511e-03  bc=5.7474e-04  ic=0.0000e+00  fc=0.0000e+00
2026-05-28 12:28:49 [pinn_trainer][lshape][ak_k1][k=-][s=-] INFO L-BFGS  300/300  loss=8.8920e-03
2026-05-28 12:28:49 [pinn_trainer][lshape][ak_k1][k=-][s=-] INFO Training done in 52.0 s
2026-05-28 12:28:49 [adaptive_k][lshape][adaptive_k][k=adaptive][s=8] INFO   Win  6  k=1  [7.5→9.0 s]  interior_MAE=1.018°C  → k_next=2
2026-05-28 12:28:49 [pinn_trainer][lshape][ak_k2][k=-][s=-] INFO Training start: t=[9.0,12.0]s  epochs_adam=1000  epochs_lbfgs=300  params=47890
2026-05-28 12:28:51 [pinn_trainer][lshape][ak_k2][k=-][s=-] INFO Adam     1/1000  loss=3.8309e+00  pde=3.4614e+00  bc=7.3896e-02  ic=0.0000e+00  fc=0.0000e+00
2026-05-28 12:29:11 [pinn_trainer][lshape][ak_k2][k=-][s=-] INFO Adam   500/1000  loss=9.2291e-03  pde=8.5991e-03  bc=1.2601e-04  ic=0.0000e+00  fc=0.0000e+00
2026-05-28 12:29:31 [pinn_trainer][lshape][ak_k2][k=-][s=-] INFO Adam  1000/1000  loss=6.7774e-04  pde=2.9509e-04  bc=7.6529e-05  ic=0.0000e+00  fc=0.0000e+00
2026-05-28 12:29:41 [pinn_trainer][lshape][ak_k2][k=-][s=-] INFO L-BFGS  300/300  loss=6.8459e-04
2026-05-28 12:29:41 [pinn_trainer][lshape][ak_k2][k=-][s=-] INFO Training done in 51.5 s
2026-05-28 12:29:41 [adaptive_k][lshape][adaptive_k][k=adaptive][s=8] INFO   Win  7  k=2  [9.0→12.0 s]  interior_MAE=0.675°C  → k_next=3
2026-05-28 12:29:41 [pinn_trainer][lshape][ak_k3][k=-][s=-] INFO Training start: t=[12.0,16.5]s  epochs_adam=1000  epochs_lbfgs=300  params=47890
2026-05-28 12:29:43 [pinn_trainer][lshape][ak_k3][k=-][s=-] INFO Adam     1/1000  loss=1.2674e+00  pde=1.0638e+00  bc=4.0738e-02  ic=0.0000e+00  fc=0.0000e+00
2026-05-28 12:30:03 [pinn_trainer][lshape][ak_k3][k=-][s=-] INFO Adam   500/1000  loss=5.9574e-04  pde=5.3394e-04  bc=1.2360e-05  ic=0.0000e+00  fc=0.0000e+00
2026-05-28 12:30:22 [pinn_trainer][lshape][ak_k3][k=-][s=-] INFO Adam  1000/1000  loss=2.9733e-05  pde=9.3396e-06  bc=4.0787e-06  ic=0.0000e+00  fc=0.0000e+00
2026-05-28 12:30:25 [pinn_trainer][lshape][ak_k3][k=-][s=-] INFO L-BFGS  300/300  loss=3.0824e-05
2026-05-28 12:30:25 [pinn_trainer][lshape][ak_k3][k=-][s=-] INFO Training done in 43.8 s
2026-05-28 12:30:25 [adaptive_k][lshape][adaptive_k][k=adaptive][s=8] INFO   Win  8  k=3  [12.0→16.5 s]  interior_MAE=0.331°C  → k_next=4
2026-05-28 12:30:25 [pinn_trainer][lshape][ak_k4][k=-][s=-] INFO Training start: t=[16.5,22.5]s  epochs_adam=1000  epochs_lbfgs=300  params=47890
2026-05-28 12:30:27 [pinn_trainer][lshape][ak_k4][k=-][s=-] INFO Adam     1/1000  loss=1.0283e+00  pde=8.9856e-01  bc=2.5942e-02  ic=0.0000e+00  fc=0.0000e+00
2026-05-28 12:30:46 [pinn_trainer][lshape][ak_k4][k=-][s=-] INFO Adam   500/1000  loss=8.1188e-05  pde=5.4449e-05  bc=5.3477e-06  ic=0.0000e+00  fc=0.0000e+00
2026-05-28 12:31:06 [pinn_trainer][lshape][ak_k4][k=-][s=-] INFO Adam  1000/1000  loss=2.1185e-06  pde=1.5333e-06  bc=1.1704e-07  ic=0.0000e+00  fc=0.0000e+00
2026-05-28 12:31:08 [pinn_trainer][lshape][ak_k4][k=-][s=-] INFO L-BFGS  300/300  loss=2.1284e-06
2026-05-28 12:31:08 [pinn_trainer][lshape][ak_k4][k=-][s=-] INFO Training done in 43.7 s
2026-05-28 12:31:08 [adaptive_k][lshape][adaptive_k][k=adaptive][s=8] INFO   Win  9  k=4  [16.5→22.5 s]  interior_MAE=0.065°C  → k_next=5
2026-05-28 12:31:08 [pinn_trainer][lshape][ak_k5][k=-][s=-] INFO Training start: t=[22.5,30.0]s  epochs_adam=1000  epochs_lbfgs=300  params=47890
2026-05-28 12:31:10 [pinn_trainer][lshape][ak_k5][k=-][s=-] INFO Adam     1/1000  loss=3.8709e+00  pde=2.4628e+00  bc=2.8162e-01  ic=0.0000e+00  fc=0.0000e+00
2026-05-28 12:31:30 [pinn_trainer][lshape][ak_k5][k=-][s=-] INFO Adam   500/1000  loss=2.4851e-06  pde=2.1811e-06  bc=6.0802e-08  ic=0.0000e+00  fc=0.0000e+00
2026-05-28 12:31:50 [pinn_trainer][lshape][ak_k5][k=-][s=-] INFO Adam  1000/1000  loss=1.7514e-06  pde=1.4616e-06  bc=5.7955e-08  ic=0.0000e+00  fc=0.0000e+00
2026-05-28 12:31:52 [pinn_trainer][lshape][ak_k5][k=-][s=-] INFO L-BFGS  300/300  loss=1.7562e-06
2026-05-28 12:31:52 [pinn_trainer][lshape][ak_k5][k=-][s=-] INFO Training done in 43.8 s
2026-05-28 12:31:52 [adaptive_k][lshape][adaptive_k][k=adaptive][s=8] INFO   Win 10  k=5  [22.5→30.0 s]  interior_MAE=0.015°C  → k_next=5
2026-05-28 12:31:52 [adaptive_k][lshape][adaptive_k][k=adaptive][s=8] INFO AdaptiveK done | wins=10 | FEM_solves=10/60 | FEM_saving=83% | MAE=2.449°C | L2=0.0223 | t=495 s
2026-05-28 12:31:52 [adaptive_k][lshape][adaptive_k][k=adaptive][s=8] INFO k schedule: t=0.0s:k=1 → t=1.5s:k=1 → t=3.0s:k=1 → t=4.5s:k=1 → t=6.0s:k=1 → t=7.5s:k=1 → t=9.0s:k=2 → t=12.0s:k=3 → t=16.5s:k=4 → t=22.5s:k=5
2026-05-28 12:31:52 [adaptive_k][lshape][adaptive_k][k=adaptive][s=8] INFO Saved → /home/coder/NAS-PINNS1/thermal_pinn/quenching_mswp/results/adaptive_k/lshape/seed8_adaptive_nsga2_153
2026-05-28 12:31:53 [stage_adaptive_k][all][adaptive_k][k=-][s=-] INFO RESULT geo=lshape   seed=8 | MAE=2.449°C | L2=0.0223 | FEM_solves=10/60 | FEM_saving=83%
2026-05-28 12:31:53 [stage_adaptive_k][all][adaptive_k][k=-][s=-] INFO AdaptiveK | geo=lshape seed=9 arch=[153, 153, 153] thr_up=2.0 thr_dn=5.0
2026-05-28 12:31:53 [adaptive_k][lshape][adaptive_k][k=adaptive][s=9] INFO AdaptiveK | arch=[153, 153, 153] | k=[1..5] | thr_up=2.0°C thr_dn=5.0°C | fourier=False
2026-05-28 12:31:53 [pinn_trainer][lshape][ak_k1][k=-][s=-] INFO Training start: t=[0.0,1.5]s  epochs_adam=1000  epochs_lbfgs=300  params=47890
2026-05-28 12:31:55 [pinn_trainer][lshape][ak_k1][k=-][s=-] INFO Adam     1/1000  loss=1.9258e+02  pde=1.8925e+02  bc=6.6547e-01  ic=0.0000e+00  fc=0.0000e+00
2026-05-28 12:32:15 [pinn_trainer][lshape][ak_k1][k=-][s=-] INFO Adam   500/1000  loss=5.8411e+00  pde=3.6669e+00  bc=4.3483e-01  ic=0.0000e+00  fc=0.0000e+00
2026-05-28 12:32:34 [pinn_trainer][lshape][ak_k1][k=-][s=-] INFO Adam  1000/1000  loss=3.8299e+00  pde=1.6832e+00  bc=4.2935e-01  ic=0.0000e+00  fc=0.0000e+00
2026-05-28 12:32:44 [pinn_trainer][lshape][ak_k1][k=-][s=-] INFO L-BFGS  300/300  loss=3.9070e+00
2026-05-28 12:32:44 [pinn_trainer][lshape][ak_k1][k=-][s=-] INFO Training done in 51.7 s
2026-05-28 12:32:44 [adaptive_k][lshape][adaptive_k][k=adaptive][s=9] INFO   Win  1  k=1  [0.0→1.5 s]  interior_MAE=30.267°C  → k_next=1
2026-05-28 12:32:44 [pinn_trainer][lshape][ak_k1][k=-][s=-] INFO Training start: t=[1.5,3.0]s  epochs_adam=1000  epochs_lbfgs=300  params=47890
2026-05-28 12:32:46 [pinn_trainer][lshape][ak_k1][k=-][s=-] INFO Adam     1/1000  loss=5.0775e+01  pde=5.0224e+01  bc=1.1021e-01  ic=0.0000e+00  fc=0.0000e+00
2026-05-28 12:33:06 [pinn_trainer][lshape][ak_k1][k=-][s=-] INFO Adam   500/1000  loss=2.0025e+00  pde=1.5032e+00  bc=9.9862e-02  ic=0.0000e+00  fc=0.0000e+00
2026-05-28 12:33:26 [pinn_trainer][lshape][ak_k1][k=-][s=-] INFO Adam  1000/1000  loss=1.2884e+00  pde=8.0094e-01  bc=9.7491e-02  ic=0.0000e+00  fc=0.0000e+00
2026-05-28 12:33:36 [pinn_trainer][lshape][ak_k1][k=-][s=-] INFO L-BFGS  300/300  loss=1.2951e+00
2026-05-28 12:33:36 [pinn_trainer][lshape][ak_k1][k=-][s=-] INFO Training done in 51.9 s
2026-05-28 12:33:36 [adaptive_k][lshape][adaptive_k][k=adaptive][s=9] INFO   Win  2  k=1  [1.5→3.0 s]  interior_MAE=20.052°C  → k_next=1
2026-05-28 12:33:36 [pinn_trainer][lshape][ak_k1][k=-][s=-] INFO Training start: t=[3.0,4.5]s  epochs_adam=1000  epochs_lbfgs=300  params=47890
2026-05-28 12:33:38 [pinn_trainer][lshape][ak_k1][k=-][s=-] INFO Adam     1/1000  loss=4.1344e+01  pde=4.0657e+01  bc=1.3746e-01  ic=0.0000e+00  fc=0.0000e+00
2026-05-28 12:33:58 [pinn_trainer][lshape][ak_k1][k=-][s=-] INFO Adam   500/1000  loss=5.4992e-01  pde=4.2222e-01  bc=2.5541e-02  ic=0.0000e+00  fc=0.0000e+00
2026-05-28 12:34:18 [pinn_trainer][lshape][ak_k1][k=-][s=-] INFO Adam  1000/1000  loss=3.8759e-01  pde=2.5194e-01  bc=2.7131e-02  ic=0.0000e+00  fc=0.0000e+00
2026-05-28 12:34:28 [pinn_trainer][lshape][ak_k1][k=-][s=-] INFO L-BFGS  300/300  loss=3.8947e-01
2026-05-28 12:34:28 [pinn_trainer][lshape][ak_k1][k=-][s=-] INFO Training done in 51.7 s
2026-05-28 12:34:28 [adaptive_k][lshape][adaptive_k][k=adaptive][s=9] INFO   Win  3  k=1  [3.0→4.5 s]  interior_MAE=9.846°C  → k_next=1
2026-05-28 12:34:28 [pinn_trainer][lshape][ak_k1][k=-][s=-] INFO Training start: t=[4.5,6.0]s  epochs_adam=1000  epochs_lbfgs=300  params=47890
2026-05-28 12:34:30 [pinn_trainer][lshape][ak_k1][k=-][s=-] INFO Adam     1/1000  loss=3.0524e+01  pde=2.9888e+01  bc=1.2731e-01  ic=0.0000e+00  fc=0.0000e+00
2026-05-28 12:34:50 [pinn_trainer][lshape][ak_k1][k=-][s=-] INFO Adam   500/1000  loss=3.4814e-01  pde=3.0730e-01  bc=8.1672e-03  ic=0.0000e+00  fc=0.0000e+00
2026-05-28 12:35:10 [pinn_trainer][lshape][ak_k1][k=-][s=-] INFO Adam  1000/1000  loss=1.1203e-01  pde=7.5611e-02  bc=7.2835e-03  ic=0.0000e+00  fc=0.0000e+00
2026-05-28 12:35:20 [pinn_trainer][lshape][ak_k1][k=-][s=-] INFO L-BFGS  300/300  loss=1.1312e-01
2026-05-28 12:35:20 [pinn_trainer][lshape][ak_k1][k=-][s=-] INFO Training done in 51.6 s
2026-05-28 12:35:20 [adaptive_k][lshape][adaptive_k][k=adaptive][s=9] INFO   Win  4  k=1  [4.5→6.0 s]  interior_MAE=4.570°C  → k_next=1
2026-05-28 12:35:20 [pinn_trainer][lshape][ak_k1][k=-][s=-] INFO Training start: t=[6.0,7.5]s  epochs_adam=1000  epochs_lbfgs=300  params=47890
2026-05-28 12:35:22 [pinn_trainer][lshape][ak_k1][k=-][s=-] INFO Adam     1/1000  loss=1.1102e+02  pde=1.0828e+02  bc=5.4732e-01  ic=0.0000e+00  fc=0.0000e+00
2026-05-28 12:35:41 [pinn_trainer][lshape][ak_k1][k=-][s=-] INFO Adam   500/1000  loss=1.0832e-01  pde=9.8166e-02  bc=2.0302e-03  ic=0.0000e+00  fc=0.0000e+00
2026-05-28 12:36:01 [pinn_trainer][lshape][ak_k1][k=-][s=-] INFO Adam  1000/1000  loss=3.4846e-02  pde=2.3795e-02  bc=2.2103e-03  ic=0.0000e+00  fc=0.0000e+00
2026-05-28 12:36:11 [pinn_trainer][lshape][ak_k1][k=-][s=-] INFO L-BFGS  300/300  loss=3.4817e-02
2026-05-28 12:36:11 [pinn_trainer][lshape][ak_k1][k=-][s=-] INFO Training done in 51.6 s
2026-05-28 12:36:11 [adaptive_k][lshape][adaptive_k][k=adaptive][s=9] INFO   Win  5  k=1  [6.0→7.5 s]  interior_MAE=2.048°C  → k_next=1
2026-05-28 12:36:11 [pinn_trainer][lshape][ak_k1][k=-][s=-] INFO Training start: t=[7.5,9.0]s  epochs_adam=1000  epochs_lbfgs=300  params=47890
2026-05-28 12:36:13 [pinn_trainer][lshape][ak_k1][k=-][s=-] INFO Adam     1/1000  loss=7.8184e+01  pde=7.7884e+01  bc=5.9974e-02  ic=0.0000e+00  fc=0.0000e+00
2026-05-28 12:36:34 [pinn_trainer][lshape][ak_k1][k=-][s=-] INFO Adam   500/1000  loss=4.7315e-02  pde=4.5211e-02  bc=4.2081e-04  ic=0.0000e+00  fc=0.0000e+00
2026-05-28 12:36:54 [pinn_trainer][lshape][ak_k1][k=-][s=-] INFO Adam  1000/1000  loss=8.7477e-03  pde=5.8880e-03  bc=5.7193e-04  ic=0.0000e+00  fc=0.0000e+00
2026-05-28 12:37:04 [pinn_trainer][lshape][ak_k1][k=-][s=-] INFO L-BFGS  300/300  loss=8.7682e-03
2026-05-28 12:37:04 [pinn_trainer][lshape][ak_k1][k=-][s=-] INFO Training done in 52.8 s
2026-05-28 12:37:04 [adaptive_k][lshape][adaptive_k][k=adaptive][s=9] INFO   Win  6  k=1  [7.5→9.0 s]  interior_MAE=0.952°C  → k_next=2
2026-05-28 12:37:04 [pinn_trainer][lshape][ak_k2][k=-][s=-] INFO Training start: t=[9.0,12.0]s  epochs_adam=1000  epochs_lbfgs=300  params=47890
2026-05-28 12:37:06 [pinn_trainer][lshape][ak_k2][k=-][s=-] INFO Adam     1/1000  loss=9.7309e+00  pde=9.0829e+00  bc=1.2960e-01  ic=0.0000e+00  fc=0.0000e+00
2026-05-28 12:37:26 [pinn_trainer][lshape][ak_k2][k=-][s=-] INFO Adam   500/1000  loss=3.5523e-03  pde=3.0316e-03  bc=1.0413e-04  ic=0.0000e+00  fc=0.0000e+00
2026-05-28 12:37:46 [pinn_trainer][lshape][ak_k2][k=-][s=-] INFO Adam  1000/1000  loss=7.4064e-04  pde=2.9733e-04  bc=8.8661e-05  ic=0.0000e+00  fc=0.0000e+00
2026-05-28 12:37:56 [pinn_trainer][lshape][ak_k2][k=-][s=-] INFO L-BFGS  300/300  loss=7.5076e-04
2026-05-28 12:37:56 [pinn_trainer][lshape][ak_k2][k=-][s=-] INFO Training done in 52.3 s
2026-05-28 12:37:56 [adaptive_k][lshape][adaptive_k][k=adaptive][s=9] INFO   Win  7  k=2  [9.0→12.0 s]  interior_MAE=0.727°C  → k_next=3
2026-05-28 12:37:56 [pinn_trainer][lshape][ak_k3][k=-][s=-] INFO Training start: t=[12.0,16.5]s  epochs_adam=1000  epochs_lbfgs=300  params=47890
2026-05-28 12:37:58 [pinn_trainer][lshape][ak_k3][k=-][s=-] INFO Adam     1/1000  loss=3.4864e+00  pde=3.3526e+00  bc=2.6758e-02  ic=0.0000e+00  fc=0.0000e+00
2026-05-28 12:38:18 [pinn_trainer][lshape][ak_k3][k=-][s=-] INFO Adam   500/1000  loss=4.5986e-05  pde=2.4200e-05  bc=4.3573e-06  ic=0.0000e+00  fc=0.0000e+00
2026-05-28 12:38:38 [pinn_trainer][lshape][ak_k3][k=-][s=-] INFO Adam  1000/1000  loss=3.1627e-05  pde=1.1460e-05  bc=4.0335e-06  ic=0.0000e+00  fc=0.0000e+00
2026-05-28 12:38:40 [pinn_trainer][lshape][ak_k3][k=-][s=-] INFO L-BFGS  300/300  loss=3.2590e-05
2026-05-28 12:38:40 [pinn_trainer][lshape][ak_k3][k=-][s=-] INFO Training done in 43.7 s
2026-05-28 12:38:40 [adaptive_k][lshape][adaptive_k][k=adaptive][s=9] INFO   Win  8  k=3  [12.0→16.5 s]  interior_MAE=0.334°C  → k_next=4
2026-05-28 12:38:40 [pinn_trainer][lshape][ak_k4][k=-][s=-] INFO Training start: t=[16.5,22.5]s  epochs_adam=1000  epochs_lbfgs=300  params=47890
2026-05-28 12:38:42 [pinn_trainer][lshape][ak_k4][k=-][s=-] INFO Adam     1/1000  loss=1.0225e+00  pde=7.5389e-01  bc=5.3713e-02  ic=0.0000e+00  fc=0.0000e+00
2026-05-28 12:39:02 [pinn_trainer][lshape][ak_k4][k=-][s=-] INFO Adam   500/1000  loss=1.3419e-06  pde=8.1073e-07  bc=1.0623e-07  ic=0.0000e+00  fc=0.0000e+00
2026-05-28 12:39:22 [pinn_trainer][lshape][ak_k4][k=-][s=-] INFO Adam  1000/1000  loss=9.1931e-07  pde=5.7496e-07  bc=6.8871e-08  ic=0.0000e+00  fc=0.0000e+00
2026-05-28 12:39:24 [pinn_trainer][lshape][ak_k4][k=-][s=-] INFO L-BFGS  300/300  loss=9.2580e-07
2026-05-28 12:39:24 [pinn_trainer][lshape][ak_k4][k=-][s=-] INFO Training done in 44.0 s
2026-05-28 12:39:24 [adaptive_k][lshape][adaptive_k][k=adaptive][s=9] INFO   Win  9  k=4  [16.5→22.5 s]  interior_MAE=0.049°C  → k_next=5
2026-05-28 12:39:24 [pinn_trainer][lshape][ak_k5][k=-][s=-] INFO Training start: t=[22.5,30.0]s  epochs_adam=1000  epochs_lbfgs=300  params=47890
2026-05-28 12:39:26 [pinn_trainer][lshape][ak_k5][k=-][s=-] INFO Adam     1/1000  loss=2.0270e+00  pde=1.3571e+00  bc=1.3398e-01  ic=0.0000e+00  fc=0.0000e+00
2026-05-28 12:39:46 [pinn_trainer][lshape][ak_k5][k=-][s=-] INFO Adam   500/1000  loss=1.6868e-06  pde=1.4565e-06  bc=4.6067e-08  ic=0.0000e+00  fc=0.0000e+00
2026-05-28 12:40:06 [pinn_trainer][lshape][ak_k5][k=-][s=-] INFO Adam  1000/1000  loss=9.6253e-07  pde=8.2022e-07  bc=2.8462e-08  ic=0.0000e+00  fc=0.0000e+00
2026-05-28 12:40:08 [pinn_trainer][lshape][ak_k5][k=-][s=-] INFO L-BFGS  300/300  loss=8.9750e-07
2026-05-28 12:40:08 [pinn_trainer][lshape][ak_k5][k=-][s=-] INFO Training done in 43.9 s
2026-05-28 12:40:08 [adaptive_k][lshape][adaptive_k][k=adaptive][s=9] INFO   Win 10  k=5  [22.5→30.0 s]  interior_MAE=0.011°C  → k_next=5
2026-05-28 12:40:08 [adaptive_k][lshape][adaptive_k][k=adaptive][s=9] INFO AdaptiveK done | wins=10 | FEM_solves=10/60 | FEM_saving=83% | MAE=2.374°C | L2=0.0219 | t=495 s
2026-05-28 12:40:08 [adaptive_k][lshape][adaptive_k][k=adaptive][s=9] INFO k schedule: t=0.0s:k=1 → t=1.5s:k=1 → t=3.0s:k=1 → t=4.5s:k=1 → t=6.0s:k=1 → t=7.5s:k=1 → t=9.0s:k=2 → t=12.0s:k=3 → t=16.5s:k=4 → t=22.5s:k=5
2026-05-28 12:40:08 [adaptive_k][lshape][adaptive_k][k=adaptive][s=9] INFO Saved → /home/coder/NAS-PINNS1/thermal_pinn/quenching_mswp/results/adaptive_k/lshape/seed9_adaptive_nsga2_153
2026-05-28 12:40:08 [stage_adaptive_k][all][adaptive_k][k=-][s=-] INFO RESULT geo=lshape   seed=9 | MAE=2.374°C | L2=0.0219 | FEM_solves=10/60 | FEM_saving=83%
2026-05-28 12:40:09 [stage_adaptive_k][all][adaptive_k][k=-][s=-] INFO AdaptiveK | geo=flower seed=1 arch=[153, 153, 153] thr_up=2.0 thr_dn=5.0
2026-05-28 12:40:09 [adaptive_k][flower][adaptive_k][k=adaptive][s=1] INFO AdaptiveK | arch=[153, 153, 153] | k=[1..5] | thr_up=2.0°C thr_dn=5.0°C | fourier=False
2026-05-28 12:40:09 [pinn_trainer][flower][ak_k1][k=-][s=-] INFO Training start: t=[0.0,1.5]s  epochs_adam=1000  epochs_lbfgs=300  params=47890
2026-05-28 12:40:13 [pinn_trainer][flower][ak_k1][k=-][s=-] INFO Adam     1/1000  loss=2.3757e+02  pde=2.3546e+02  bc=4.2187e-01  ic=0.0000e+00  fc=0.0000e+00
2026-05-28 12:40:44 [pinn_trainer][flower][ak_k1][k=-][s=-] INFO Adam   500/1000  loss=6.1270e+00  pde=4.9349e+00  bc=2.3842e-01  ic=0.0000e+00  fc=0.0000e+00
2026-05-28 12:41:15 [pinn_trainer][flower][ak_k1][k=-][s=-] INFO Adam  1000/1000  loss=2.7175e+00  pde=1.4809e+00  bc=2.4733e-01  ic=0.0000e+00  fc=0.0000e+00
2026-05-28 12:41:28 [pinn_trainer][flower][ak_k1][k=-][s=-] INFO L-BFGS  300/300  loss=2.8501e+00
2026-05-28 12:41:28 [pinn_trainer][flower][ak_k1][k=-][s=-] INFO Training done in 78.9 s
2026-05-28 12:41:28 [adaptive_k][flower][adaptive_k][k=adaptive][s=1] INFO   Win  1  k=1  [0.0→1.5 s]  interior_MAE=45.487°C  → k_next=1
2026-05-28 12:41:28 [pinn_trainer][flower][ak_k1][k=-][s=-] INFO Training start: t=[1.5,3.0]s  epochs_adam=1000  epochs_lbfgs=300  params=47890
2026-05-28 12:41:32 [pinn_trainer][flower][ak_k1][k=-][s=-] INFO Adam     1/1000  loss=1.7139e+02  pde=1.6969e+02  bc=3.4038e-01  ic=0.0000e+00  fc=0.0000e+00
2026-05-28 12:42:03 [pinn_trainer][flower][ak_k1][k=-][s=-] INFO Adam   500/1000  loss=2.8189e-01  pde=2.2682e-01  bc=1.1014e-02  ic=0.0000e+00  fc=0.0000e+00
2026-05-28 12:42:34 [pinn_trainer][flower][ak_k1][k=-][s=-] INFO Adam  1000/1000  loss=2.3128e-01  pde=1.7856e-01  bc=1.0543e-02  ic=0.0000e+00  fc=0.0000e+00
2026-05-28 12:42:47 [pinn_trainer][flower][ak_k1][k=-][s=-] INFO L-BFGS  300/300  loss=2.3939e-01
2026-05-28 12:42:47 [pinn_trainer][flower][ak_k1][k=-][s=-] INFO Training done in 78.9 s
2026-05-28 12:42:47 [adaptive_k][flower][adaptive_k][k=adaptive][s=1] INFO   Win  2  k=1  [1.5→3.0 s]  interior_MAE=10.950°C  → k_next=1
2026-05-28 12:42:47 [pinn_trainer][flower][ak_k1][k=-][s=-] INFO Training start: t=[3.0,4.5]s  epochs_adam=1000  epochs_lbfgs=300  params=47890
2026-05-28 12:42:51 [pinn_trainer][flower][ak_k1][k=-][s=-] INFO Adam     1/1000  loss=1.3278e+02  pde=1.3037e+02  bc=4.8206e-01  ic=0.0000e+00  fc=0.0000e+00
2026-05-28 12:43:22 [pinn_trainer][flower][ak_k1][k=-][s=-] INFO Adam   500/1000  loss=1.6980e-02  pde=1.3788e-02  bc=6.3846e-04  ic=0.0000e+00  fc=0.0000e+00
2026-05-28 12:43:53 [pinn_trainer][flower][ak_k1][k=-][s=-] INFO Adam  1000/1000  loss=1.2050e-02  pde=9.1988e-03  bc=5.7023e-04  ic=0.0000e+00  fc=0.0000e+00
2026-05-28 12:44:05 [pinn_trainer][flower][ak_k1][k=-][s=-] INFO L-BFGS  300/300  loss=1.2459e-02
2026-05-28 12:44:05 [pinn_trainer][flower][ak_k1][k=-][s=-] INFO Training done in 78.8 s
2026-05-28 12:44:05 [adaptive_k][flower][adaptive_k][k=adaptive][s=1] INFO   Win  3  k=1  [3.0→4.5 s]  interior_MAE=2.266°C  → k_next=1
2026-05-28 12:44:05 [pinn_trainer][flower][ak_k1][k=-][s=-] INFO Training start: t=[4.5,6.0]s  epochs_adam=1000  epochs_lbfgs=300  params=47890
2026-05-28 12:44:10 [pinn_trainer][flower][ak_k1][k=-][s=-] INFO Adam     1/1000  loss=3.7495e+01  pde=3.4913e+01  bc=5.1644e-01  ic=0.0000e+00  fc=0.0000e+00
2026-05-28 12:44:41 [pinn_trainer][flower][ak_k1][k=-][s=-] INFO Adam   500/1000  loss=6.9099e-03  pde=6.6044e-03  bc=6.1100e-05  ic=0.0000e+00  fc=0.0000e+00
2026-05-28 12:45:11 [pinn_trainer][flower][ak_k1][k=-][s=-] INFO Adam  1000/1000  loss=7.6631e-04  pde=5.9213e-04  bc=3.4838e-05  ic=0.0000e+00  fc=0.0000e+00
2026-05-28 12:45:24 [pinn_trainer][flower][ak_k1][k=-][s=-] INFO L-BFGS  300/300  loss=7.9491e-04
2026-05-28 12:45:24 [pinn_trainer][flower][ak_k1][k=-][s=-] INFO Training done in 78.6 s
2026-05-28 12:45:24 [adaptive_k][flower][adaptive_k][k=adaptive][s=1] INFO   Win  4  k=1  [4.5→6.0 s]  interior_MAE=0.572°C  → k_next=2
2026-05-28 12:45:24 [pinn_trainer][flower][ak_k2][k=-][s=-] INFO Training start: t=[6.0,9.0]s  epochs_adam=1000  epochs_lbfgs=300  params=47890
2026-05-28 12:45:28 [pinn_trainer][flower][ak_k2][k=-][s=-] INFO Adam     1/1000  loss=1.4282e+01  pde=1.2782e+01  bc=3.0011e-01  ic=0.0000e+00  fc=0.0000e+00
2026-05-28 12:45:59 [pinn_trainer][flower][ak_k2][k=-][s=-] INFO Adam   500/1000  loss=7.7731e-04  pde=7.0693e-04  bc=1.4077e-05  ic=0.0000e+00  fc=0.0000e+00
2026-05-28 12:46:30 [pinn_trainer][flower][ak_k2][k=-][s=-] INFO Adam  1000/1000  loss=1.8071e-05  pde=9.0226e-06  bc=1.8097e-06  ic=0.0000e+00  fc=0.0000e+00
2026-05-28 12:46:34 [pinn_trainer][flower][ak_k2][k=-][s=-] INFO L-BFGS  300/300  loss=1.9194e-05
2026-05-28 12:46:34 [pinn_trainer][flower][ak_k2][k=-][s=-] INFO Training done in 70.1 s
2026-05-28 12:46:34 [adaptive_k][flower][adaptive_k][k=adaptive][s=1] INFO   Win  5  k=2  [6.0→9.0 s]  interior_MAE=0.332°C  → k_next=3
2026-05-28 12:46:34 [pinn_trainer][flower][ak_k3][k=-][s=-] INFO Training start: t=[9.0,13.5]s  epochs_adam=1000  epochs_lbfgs=300  params=47890
2026-05-28 12:46:38 [pinn_trainer][flower][ak_k3][k=-][s=-] INFO Adam     1/1000  loss=6.5394e+00  pde=5.0376e+00  bc=3.0036e-01  ic=0.0000e+00  fc=0.0000e+00
2026-05-28 12:47:09 [pinn_trainer][flower][ak_k3][k=-][s=-] INFO Adam   500/1000  loss=1.7627e-03  pde=1.1327e-03  bc=1.2600e-04  ic=0.0000e+00  fc=0.0000e+00
2026-05-28 12:47:40 [pinn_trainer][flower][ak_k3][k=-][s=-] INFO Adam  1000/1000  loss=3.0918e-06  pde=2.9265e-06  bc=3.3065e-08  ic=0.0000e+00  fc=0.0000e+00
2026-05-28 12:47:44 [pinn_trainer][flower][ak_k3][k=-][s=-] INFO L-BFGS  300/300  loss=3.0124e-06
2026-05-28 12:47:44 [pinn_trainer][flower][ak_k3][k=-][s=-] INFO Training done in 69.9 s
2026-05-28 12:47:44 [adaptive_k][flower][adaptive_k][k=adaptive][s=1] INFO   Win  6  k=3  [9.0→13.5 s]  interior_MAE=0.022°C  → k_next=4
2026-05-28 12:47:44 [pinn_trainer][flower][ak_k4][k=-][s=-] INFO Training start: t=[13.5,19.5]s  epochs_adam=1000  epochs_lbfgs=300  params=47890
2026-05-28 12:47:48 [pinn_trainer][flower][ak_k4][k=-][s=-] INFO Adam     1/1000  loss=5.6087e-02  pde=3.8338e-02  bc=3.5499e-03  ic=0.0000e+00  fc=0.0000e+00
2026-05-28 12:48:20 [pinn_trainer][flower][ak_k4][k=-][s=-] INFO Adam   500/1000  loss=1.4215e-06  pde=1.0784e-06  bc=6.8613e-08  ic=0.0000e+00  fc=0.0000e+00
2026-05-28 12:48:50 [pinn_trainer][flower][ak_k4][k=-][s=-] INFO Adam  1000/1000  loss=8.3686e-07  pde=6.5259e-07  bc=3.6855e-08  ic=0.0000e+00  fc=0.0000e+00
2026-05-28 12:48:54 [pinn_trainer][flower][ak_k4][k=-][s=-] INFO L-BFGS  300/300  loss=8.0945e-07
2026-05-28 12:48:54 [pinn_trainer][flower][ak_k4][k=-][s=-] INFO Training done in 70.4 s
2026-05-28 12:48:54 [adaptive_k][flower][adaptive_k][k=adaptive][s=1] INFO   Win  7  k=4  [13.5→19.5 s]  interior_MAE=0.006°C  → k_next=5
2026-05-28 12:48:54 [pinn_trainer][flower][ak_k5][k=-][s=-] INFO Training start: t=[19.5,27.0]s  epochs_adam=1000  epochs_lbfgs=300  params=47890
2026-05-28 12:48:59 [pinn_trainer][flower][ak_k5][k=-][s=-] INFO Adam     1/1000  loss=1.3680e+01  pde=7.9029e+00  bc=1.1555e+00  ic=0.0000e+00  fc=0.0000e+00
2026-05-28 12:49:29 [pinn_trainer][flower][ak_k5][k=-][s=-] INFO Adam   500/1000  loss=1.6799e-06  pde=1.1415e-06  bc=1.0768e-07  ic=0.0000e+00  fc=0.0000e+00
2026-05-28 12:50:01 [pinn_trainer][flower][ak_k5][k=-][s=-] INFO Adam  1000/1000  loss=9.1721e-07  pde=6.4523e-07  bc=5.4394e-08  ic=0.0000e+00  fc=0.0000e+00
2026-05-28 12:50:05 [pinn_trainer][flower][ak_k5][k=-][s=-] INFO L-BFGS  300/300  loss=9.7447e-07
2026-05-28 12:50:05 [pinn_trainer][flower][ak_k5][k=-][s=-] INFO Training done in 70.5 s
2026-05-28 12:50:05 [adaptive_k][flower][adaptive_k][k=adaptive][s=1] INFO   Win  8  k=5  [19.5→27.0 s]  interior_MAE=0.026°C  → k_next=5
2026-05-28 12:50:05 [pinn_trainer][flower][ak_k5][k=-][s=-] INFO Training start: t=[27.0,30.0]s  epochs_adam=1000  epochs_lbfgs=300  params=47890
2026-05-28 12:50:09 [pinn_trainer][flower][ak_k5][k=-][s=-] INFO Adam     1/1000  loss=1.6070e+01  pde=1.4635e+01  bc=2.8714e-01  ic=0.0000e+00  fc=0.0000e+00
2026-05-28 12:50:40 [pinn_trainer][flower][ak_k5][k=-][s=-] INFO Adam   500/1000  loss=2.9953e-03  pde=2.2930e-03  bc=1.4046e-04  ic=0.0000e+00  fc=0.0000e+00
2026-05-28 12:51:12 [pinn_trainer][flower][ak_k5][k=-][s=-] INFO Adam  1000/1000  loss=2.7955e-06  pde=2.6058e-06  bc=3.7928e-08  ic=0.0000e+00  fc=0.0000e+00
2026-05-28 12:51:16 [pinn_trainer][flower][ak_k5][k=-][s=-] INFO L-BFGS  300/300  loss=2.7655e-06
2026-05-28 12:51:16 [pinn_trainer][flower][ak_k5][k=-][s=-] INFO Training done in 71.1 s
2026-05-28 12:51:16 [adaptive_k][flower][adaptive_k][k=adaptive][s=1] INFO   Win  9  k=5  [27.0→30.0 s]  interior_MAE=0.009°C  → k_next=5
2026-05-28 12:51:16 [adaptive_k][flower][adaptive_k][k=adaptive][s=1] INFO AdaptiveK done | wins=9 | FEM_solves=9/60 | FEM_saving=85% | MAE=2.014°C | L2=0.0157 | t=667 s
2026-05-28 12:51:16 [adaptive_k][flower][adaptive_k][k=adaptive][s=1] INFO k schedule: t=0.0s:k=1 → t=1.5s:k=1 → t=3.0s:k=1 → t=4.5s:k=1 → t=6.0s:k=2 → t=9.0s:k=3 → t=13.5s:k=4 → t=19.5s:k=5 → t=27.0s:k=5
2026-05-28 12:51:16 [adaptive_k][flower][adaptive_k][k=adaptive][s=1] INFO Saved → /home/coder/NAS-PINNS1/thermal_pinn/quenching_mswp/results/adaptive_k/flower/seed1_adaptive_nsga2_153
2026-05-28 12:51:17 [stage_adaptive_k][all][adaptive_k][k=-][s=-] INFO RESULT geo=flower   seed=1 | MAE=2.014°C | L2=0.0157 | FEM_solves=9/60 | FEM_saving=85%
2026-05-28 12:51:17 [stage_adaptive_k][all][adaptive_k][k=-][s=-] INFO AdaptiveK | geo=flower seed=2 arch=[153, 153, 153] thr_up=2.0 thr_dn=5.0
2026-05-28 12:51:17 [adaptive_k][flower][adaptive_k][k=adaptive][s=2] INFO AdaptiveK | arch=[153, 153, 153] | k=[1..5] | thr_up=2.0°C thr_dn=5.0°C | fourier=False
2026-05-28 12:51:17 [pinn_trainer][flower][ak_k1][k=-][s=-] INFO Training start: t=[0.0,1.5]s  epochs_adam=1000  epochs_lbfgs=300  params=47890
2026-05-28 12:51:21 [pinn_trainer][flower][ak_k1][k=-][s=-] INFO Adam     1/1000  loss=3.1954e+02  pde=3.1641e+02  bc=6.2697e-01  ic=0.0000e+00  fc=0.0000e+00
2026-05-28 12:51:52 [pinn_trainer][flower][ak_k1][k=-][s=-] INFO Adam   500/1000  loss=4.2655e+00  pde=2.9827e+00  bc=2.5655e-01  ic=0.0000e+00  fc=0.0000e+00
2026-05-28 12:52:23 [pinn_trainer][flower][ak_k1][k=-][s=-] INFO Adam  1000/1000  loss=2.5441e+00  pde=1.3273e+00  bc=2.4336e-01  ic=0.0000e+00  fc=0.0000e+00
2026-05-28 12:52:35 [pinn_trainer][flower][ak_k1][k=-][s=-] INFO L-BFGS  300/300  loss=2.6541e+00
2026-05-28 12:52:35 [pinn_trainer][flower][ak_k1][k=-][s=-] INFO Training done in 78.3 s
2026-05-28 12:52:35 [adaptive_k][flower][adaptive_k][k=adaptive][s=2] INFO   Win  1  k=1  [0.0→1.5 s]  interior_MAE=46.570°C  → k_next=1
2026-05-28 12:52:35 [pinn_trainer][flower][ak_k1][k=-][s=-] INFO Training start: t=[1.5,3.0]s  epochs_adam=1000  epochs_lbfgs=300  params=47890
2026-05-28 12:52:39 [pinn_trainer][flower][ak_k1][k=-][s=-] INFO Adam     1/1000  loss=3.7080e+01  pde=3.5632e+01  bc=2.8949e-01  ic=0.0000e+00  fc=0.0000e+00
2026-05-28 12:53:11 [pinn_trainer][flower][ak_k1][k=-][s=-] INFO Adam   500/1000  loss=6.4190e-01  pde=5.5857e-01  bc=1.6667e-02  ic=0.0000e+00  fc=0.0000e+00
2026-05-28 12:53:42 [pinn_trainer][flower][ak_k1][k=-][s=-] INFO Adam  1000/1000  loss=2.1537e-01  pde=1.6179e-01  bc=1.0716e-02  ic=0.0000e+00  fc=0.0000e+00
2026-05-28 12:53:55 [pinn_trainer][flower][ak_k1][k=-][s=-] INFO L-BFGS  300/300  loss=2.2345e-01
2026-05-28 12:53:55 [pinn_trainer][flower][ak_k1][k=-][s=-] INFO Training done in 79.7 s
2026-05-28 12:53:55 [adaptive_k][flower][adaptive_k][k=adaptive][s=2] INFO   Win  2  k=1  [1.5→3.0 s]  interior_MAE=11.625°C  → k_next=1
2026-05-28 12:53:55 [pinn_trainer][flower][ak_k1][k=-][s=-] INFO Training start: t=[3.0,4.5]s  epochs_adam=1000  epochs_lbfgs=300  params=47890
2026-05-28 12:53:59 [pinn_trainer][flower][ak_k1][k=-][s=-] INFO Adam     1/1000  loss=8.4867e+01  pde=8.1751e+01  bc=6.2302e-01  ic=0.0000e+00  fc=0.0000e+00
2026-05-28 12:54:31 [pinn_trainer][flower][ak_k1][k=-][s=-] INFO Adam   500/1000  loss=3.4526e-02  pde=3.1092e-02  bc=6.8682e-04  ic=0.0000e+00  fc=0.0000e+00
2026-05-28 12:55:03 [pinn_trainer][flower][ak_k1][k=-][s=-] INFO Adam  1000/1000  loss=1.3029e-02  pde=1.0181e-02  bc=5.6967e-04  ic=0.0000e+00  fc=0.0000e+00
2026-05-28 12:55:15 [pinn_trainer][flower][ak_k1][k=-][s=-] INFO L-BFGS  300/300  loss=1.3483e-02
2026-05-28 12:55:15 [pinn_trainer][flower][ak_k1][k=-][s=-] INFO Training done in 80.2 s
2026-05-28 12:55:15 [adaptive_k][flower][adaptive_k][k=adaptive][s=2] INFO   Win  3  k=1  [3.0→4.5 s]  interior_MAE=2.345°C  → k_next=1
2026-05-28 12:55:15 [pinn_trainer][flower][ak_k1][k=-][s=-] INFO Training start: t=[4.5,6.0]s  epochs_adam=1000  epochs_lbfgs=300  params=47890
2026-05-28 12:55:19 [pinn_trainer][flower][ak_k1][k=-][s=-] INFO Adam     1/1000  loss=8.5478e+01  pde=8.0686e+01  bc=9.5827e-01  ic=0.0000e+00  fc=0.0000e+00
2026-05-28 12:55:50 [pinn_trainer][flower][ak_k1][k=-][s=-] INFO Adam   500/1000  loss=5.5492e-03  pde=5.2983e-03  bc=5.0189e-05  ic=0.0000e+00  fc=0.0000e+00
2026-05-28 12:56:22 [pinn_trainer][flower][ak_k1][k=-][s=-] INFO Adam  1000/1000  loss=7.6564e-04  pde=5.7079e-04  bc=3.8969e-05  ic=0.0000e+00  fc=0.0000e+00
2026-05-28 12:56:35 [pinn_trainer][flower][ak_k1][k=-][s=-] INFO L-BFGS  300/300  loss=7.8918e-04
2026-05-28 12:56:35 [pinn_trainer][flower][ak_k1][k=-][s=-] INFO Training done in 80.0 s
2026-05-28 12:56:35 [adaptive_k][flower][adaptive_k][k=adaptive][s=2] INFO   Win  4  k=1  [4.5→6.0 s]  interior_MAE=0.606°C  → k_next=2
2026-05-28 12:56:35 [pinn_trainer][flower][ak_k2][k=-][s=-] INFO Training start: t=[6.0,9.0]s  epochs_adam=1000  epochs_lbfgs=300  params=47890
2026-05-28 12:56:39 [pinn_trainer][flower][ak_k2][k=-][s=-] INFO Adam     1/1000  loss=1.2913e+01  pde=1.2807e+01  bc=2.1329e-02  ic=0.0000e+00  fc=0.0000e+00
2026-05-28 12:57:11 [pinn_trainer][flower][ak_k2][k=-][s=-] INFO Adam   500/1000  loss=1.1484e-02  pde=8.7431e-03  bc=5.4827e-04  ic=0.0000e+00  fc=0.0000e+00
2026-05-28 12:57:42 [pinn_trainer][flower][ak_k2][k=-][s=-] INFO Adam  1000/1000  loss=1.5717e-05  pde=5.7416e-06  bc=1.9952e-06  ic=0.0000e+00  fc=0.0000e+00
2026-05-28 12:57:47 [pinn_trainer][flower][ak_k2][k=-][s=-] INFO L-BFGS  300/300  loss=1.7290e-05
2026-05-28 12:57:47 [pinn_trainer][flower][ak_k2][k=-][s=-] INFO Training done in 71.3 s
2026-05-28 12:57:47 [adaptive_k][flower][adaptive_k][k=adaptive][s=2] INFO   Win  5  k=2  [6.0→9.0 s]  interior_MAE=0.366°C  → k_next=3
2026-05-28 12:57:47 [pinn_trainer][flower][ak_k3][k=-][s=-] INFO Training start: t=[9.0,13.5]s  epochs_adam=1000  epochs_lbfgs=300  params=47890
2026-05-28 12:57:51 [pinn_trainer][flower][ak_k3][k=-][s=-] INFO Adam     1/1000  loss=1.3364e+00  pde=1.0511e+00  bc=5.7063e-02  ic=0.0000e+00  fc=0.0000e+00
2026-05-28 12:58:24 [pinn_trainer][flower][ak_k3][k=-][s=-] INFO Adam   500/1000  loss=1.6000e-03  pde=1.3234e-03  bc=5.5308e-05  ic=0.0000e+00  fc=0.0000e+00
2026-05-28 12:58:55 [pinn_trainer][flower][ak_k3][k=-][s=-] INFO Adam  1000/1000  loss=6.8154e-06  pde=4.5436e-06  bc=4.5435e-07  ic=0.0000e+00  fc=0.0000e+00
2026-05-28 12:58:59 [pinn_trainer][flower][ak_k3][k=-][s=-] INFO L-BFGS  300/300  loss=6.9648e-06
2026-05-28 12:58:59 [pinn_trainer][flower][ak_k3][k=-][s=-] INFO Training done in 72.6 s
2026-05-28 12:58:59 [adaptive_k][flower][adaptive_k][k=adaptive][s=2] INFO   Win  6  k=3  [9.0→13.5 s]  interior_MAE=0.067°C  → k_next=4
2026-05-28 12:58:59 [pinn_trainer][flower][ak_k4][k=-][s=-] INFO Training start: t=[13.5,19.5]s  epochs_adam=1000  epochs_lbfgs=300  params=47890
2026-05-28 12:59:03 [pinn_trainer][flower][ak_k4][k=-][s=-] INFO Adam     1/1000  loss=9.4803e+00  pde=6.8959e+00  bc=5.1688e-01  ic=0.0000e+00  fc=0.0000e+00
2026-05-28 12:59:34 [pinn_trainer][flower][ak_k4][k=-][s=-] INFO Adam   500/1000  loss=4.2617e-06  pde=3.0910e-06  bc=2.3415e-07  ic=0.0000e+00  fc=0.0000e+00
2026-05-28 13:00:05 [pinn_trainer][flower][ak_k4][k=-][s=-] INFO Adam  1000/1000  loss=1.4591e-06  pde=1.1036e-06  bc=7.1117e-08  ic=0.0000e+00  fc=0.0000e+00
2026-05-28 13:00:10 [pinn_trainer][flower][ak_k4][k=-][s=-] INFO L-BFGS  300/300  loss=1.4672e-06
2026-05-28 13:00:10 [pinn_trainer][flower][ak_k4][k=-][s=-] INFO Training done in 70.3 s
2026-05-28 13:00:10 [adaptive_k][flower][adaptive_k][k=adaptive][s=2] INFO   Win  7  k=4  [13.5→19.5 s]  interior_MAE=0.014°C  → k_next=5
2026-05-28 13:00:10 [pinn_trainer][flower][ak_k5][k=-][s=-] INFO Training start: t=[19.5,27.0]s  epochs_adam=1000  epochs_lbfgs=300  params=47890
2026-05-28 13:00:14 [pinn_trainer][flower][ak_k5][k=-][s=-] INFO Adam     1/1000  loss=2.5079e+00  pde=1.2347e+00  bc=2.5464e-01  ic=0.0000e+00  fc=0.0000e+00
2026-05-28 13:00:45 [pinn_trainer][flower][ak_k5][k=-][s=-] INFO Adam   500/1000  loss=1.1147e-06  pde=9.0072e-07  bc=4.2796e-08  ic=0.0000e+00  fc=0.0000e+00
2026-05-28 13:01:15 [pinn_trainer][flower][ak_k5][k=-][s=-] INFO Adam  1000/1000  loss=8.6642e-07  pde=7.1293e-07  bc=3.0698e-08  ic=0.0000e+00  fc=0.0000e+00
2026-05-28 13:01:20 [pinn_trainer][flower][ak_k5][k=-][s=-] INFO L-BFGS  300/300  loss=8.7620e-07
2026-05-28 13:01:20 [pinn_trainer][flower][ak_k5][k=-][s=-] INFO Training done in 70.0 s
2026-05-28 13:01:20 [adaptive_k][flower][adaptive_k][k=adaptive][s=2] INFO   Win  8  k=5  [19.5→27.0 s]  interior_MAE=0.046°C  → k_next=5
2026-05-28 13:01:20 [pinn_trainer][flower][ak_k5][k=-][s=-] INFO Training start: t=[27.0,30.0]s  epochs_adam=1000  epochs_lbfgs=300  params=47890
2026-05-28 13:01:24 [pinn_trainer][flower][ak_k5][k=-][s=-] INFO Adam     1/1000  loss=2.1379e+01  pde=1.6946e+01  bc=8.8653e-01  ic=0.0000e+00  fc=0.0000e+00
2026-05-28 13:01:55 [pinn_trainer][flower][ak_k5][k=-][s=-] INFO Adam   500/1000  loss=6.8137e-03  pde=5.8834e-03  bc=1.8606e-04  ic=0.0000e+00  fc=0.0000e+00
2026-05-28 13:02:26 [pinn_trainer][flower][ak_k5][k=-][s=-] INFO Adam  1000/1000  loss=2.1108e-06  pde=1.4173e-06  bc=1.3870e-07  ic=0.0000e+00  fc=0.0000e+00
2026-05-28 13:02:30 [pinn_trainer][flower][ak_k5][k=-][s=-] INFO L-BFGS  300/300  loss=2.3113e-06
2026-05-28 13:02:30 [pinn_trainer][flower][ak_k5][k=-][s=-] INFO Training done in 70.7 s
2026-05-28 13:02:30 [adaptive_k][flower][adaptive_k][k=adaptive][s=2] INFO   Win  9  k=5  [27.0→30.0 s]  interior_MAE=0.007°C  → k_next=5
2026-05-28 13:02:30 [adaptive_k][flower][adaptive_k][k=adaptive][s=2] INFO AdaptiveK done | wins=9 | FEM_solves=9/60 | FEM_saving=85% | MAE=2.092°C | L2=0.0168 | t=674 s
2026-05-28 13:02:30 [adaptive_k][flower][adaptive_k][k=adaptive][s=2] INFO k schedule: t=0.0s:k=1 → t=1.5s:k=1 → t=3.0s:k=1 → t=4.5s:k=1 → t=6.0s:k=2 → t=9.0s:k=3 → t=13.5s:k=4 → t=19.5s:k=5 → t=27.0s:k=5
2026-05-28 13:02:30 [adaptive_k][flower][adaptive_k][k=adaptive][s=2] INFO Saved → /home/coder/NAS-PINNS1/thermal_pinn/quenching_mswp/results/adaptive_k/flower/seed2_adaptive_nsga2_153
2026-05-28 13:02:31 [stage_adaptive_k][all][adaptive_k][k=-][s=-] INFO RESULT geo=flower   seed=2 | MAE=2.092°C | L2=0.0168 | FEM_solves=9/60 | FEM_saving=85%
2026-05-28 13:02:31 [stage_adaptive_k][all][adaptive_k][k=-][s=-] INFO AdaptiveK | geo=flower seed=3 arch=[153, 153, 153] thr_up=2.0 thr_dn=5.0
2026-05-28 13:02:31 [adaptive_k][flower][adaptive_k][k=adaptive][s=3] INFO AdaptiveK | arch=[153, 153, 153] | k=[1..5] | thr_up=2.0°C thr_dn=5.0°C | fourier=False
2026-05-28 13:02:31 [pinn_trainer][flower][ak_k1][k=-][s=-] INFO Training start: t=[0.0,1.5]s  epochs_adam=1000  epochs_lbfgs=300  params=47890
2026-05-28 13:02:35 [pinn_trainer][flower][ak_k1][k=-][s=-] INFO Adam     1/1000  loss=2.5727e+02  pde=2.5415e+02  bc=6.2408e-01  ic=0.0000e+00  fc=0.0000e+00
2026-05-28 13:03:07 [pinn_trainer][flower][ak_k1][k=-][s=-] INFO Adam   500/1000  loss=3.7431e+00  pde=2.5010e+00  bc=2.4842e-01  ic=0.0000e+00  fc=0.0000e+00
2026-05-28 13:03:39 [pinn_trainer][flower][ak_k1][k=-][s=-] INFO Adam  1000/1000  loss=2.4887e+00  pde=1.2923e+00  bc=2.3927e-01  ic=0.0000e+00  fc=0.0000e+00
2026-05-28 13:03:52 [pinn_trainer][flower][ak_k1][k=-][s=-] INFO L-BFGS  300/300  loss=2.6166e+00
2026-05-28 13:03:52 [pinn_trainer][flower][ak_k1][k=-][s=-] INFO Training done in 80.9 s
2026-05-28 13:03:52 [adaptive_k][flower][adaptive_k][k=adaptive][s=3] INFO   Win  1  k=1  [0.0→1.5 s]  interior_MAE=46.935°C  → k_next=1
2026-05-28 13:03:52 [pinn_trainer][flower][ak_k1][k=-][s=-] INFO Training start: t=[1.5,3.0]s  epochs_adam=1000  epochs_lbfgs=300  params=47890
2026-05-28 13:03:56 [pinn_trainer][flower][ak_k1][k=-][s=-] INFO Adam     1/1000  loss=2.4229e+01  pde=2.3373e+01  bc=1.7128e-01  ic=0.0000e+00  fc=0.0000e+00
2026-05-28 13:04:29 [pinn_trainer][flower][ak_k1][k=-][s=-] INFO Adam   500/1000  loss=4.7249e-01  pde=4.0389e-01  bc=1.3720e-02  ic=0.0000e+00  fc=0.0000e+00
2026-05-28 13:05:03 [pinn_trainer][flower][ak_k1][k=-][s=-] INFO Adam  1000/1000  loss=2.2236e-01  pde=1.6948e-01  bc=1.0576e-02  ic=0.0000e+00  fc=0.0000e+00
2026-05-28 13:05:16 [pinn_trainer][flower][ak_k1][k=-][s=-] INFO L-BFGS  300/300  loss=2.3187e-01
2026-05-28 13:05:16 [pinn_trainer][flower][ak_k1][k=-][s=-] INFO Training done in 84.0 s
2026-05-28 13:05:16 [adaptive_k][flower][adaptive_k][k=adaptive][s=3] INFO   Win  2  k=1  [1.5→3.0 s]  interior_MAE=11.562°C  → k_next=1
2026-05-28 13:05:16 [pinn_trainer][flower][ak_k1][k=-][s=-] INFO Training start: t=[3.0,4.5]s  epochs_adam=1000  epochs_lbfgs=300  params=47890
2026-05-28 13:05:20 [pinn_trainer][flower][ak_k1][k=-][s=-] INFO Adam     1/1000  loss=8.6616e+00  pde=8.4463e+00  bc=4.3061e-02  ic=0.0000e+00  fc=0.0000e+00
2026-05-28 13:05:52 [pinn_trainer][flower][ak_k1][k=-][s=-] INFO Adam   500/1000  loss=2.4047e-02  pde=2.0401e-02  bc=7.2918e-04  ic=0.0000e+00  fc=0.0000e+00
2026-05-28 13:06:24 [pinn_trainer][flower][ak_k1][k=-][s=-] INFO Adam  1000/1000  loss=1.3288e-02  pde=1.0321e-02  bc=5.9327e-04  ic=0.0000e+00  fc=0.0000e+00
2026-05-28 13:06:37 [pinn_trainer][flower][ak_k1][k=-][s=-] INFO L-BFGS  300/300  loss=1.3744e-02
2026-05-28 13:06:37 [pinn_trainer][flower][ak_k1][k=-][s=-] INFO Training done in 80.5 s
2026-05-28 13:06:37 [adaptive_k][flower][adaptive_k][k=adaptive][s=3] INFO   Win  3  k=1  [3.0→4.5 s]  interior_MAE=2.710°C  → k_next=1
2026-05-28 13:06:37 [pinn_trainer][flower][ak_k1][k=-][s=-] INFO Training start: t=[4.5,6.0]s  epochs_adam=1000  epochs_lbfgs=300  params=47890
2026-05-28 13:06:41 [pinn_trainer][flower][ak_k1][k=-][s=-] INFO Adam     1/1000  loss=3.4732e+01  pde=3.2166e+01  bc=5.1335e-01  ic=0.0000e+00  fc=0.0000e+00
2026-05-28 13:07:12 [pinn_trainer][flower][ak_k1][k=-][s=-] INFO Adam   500/1000  loss=2.1484e-01  pde=2.1031e-01  bc=9.0472e-04  ic=0.0000e+00  fc=0.0000e+00
2026-05-28 13:07:44 [pinn_trainer][flower][ak_k1][k=-][s=-] INFO Adam  1000/1000  loss=7.1497e-04  pde=5.3856e-04  bc=3.5283e-05  ic=0.0000e+00  fc=0.0000e+00
2026-05-28 13:07:57 [pinn_trainer][flower][ak_k1][k=-][s=-] INFO L-BFGS  300/300  loss=7.3798e-04
2026-05-28 13:07:57 [pinn_trainer][flower][ak_k1][k=-][s=-] INFO Training done in 80.3 s
2026-05-28 13:07:57 [adaptive_k][flower][adaptive_k][k=adaptive][s=3] INFO   Win  4  k=1  [4.5→6.0 s]  interior_MAE=0.549°C  → k_next=2
2026-05-28 13:07:57 [pinn_trainer][flower][ak_k2][k=-][s=-] INFO Training start: t=[6.0,9.0]s  epochs_adam=1000  epochs_lbfgs=300  params=47890
2026-05-28 13:08:01 [pinn_trainer][flower][ak_k2][k=-][s=-] INFO Adam     1/1000  loss=8.7444e+00  pde=8.3377e+00  bc=8.1339e-02  ic=0.0000e+00  fc=0.0000e+00
2026-05-28 13:08:33 [pinn_trainer][flower][ak_k2][k=-][s=-] INFO Adam   500/1000  loss=2.6808e-03  pde=2.5081e-03  bc=3.4541e-05  ic=0.0000e+00  fc=0.0000e+00
2026-05-28 13:09:05 [pinn_trainer][flower][ak_k2][k=-][s=-] INFO Adam  1000/1000  loss=2.1066e-05  pde=1.1014e-05  bc=2.0104e-06  ic=0.0000e+00  fc=0.0000e+00
2026-05-28 13:09:10 [pinn_trainer][flower][ak_k2][k=-][s=-] INFO L-BFGS  300/300  loss=2.2266e-05
2026-05-28 13:09:10 [pinn_trainer][flower][ak_k2][k=-][s=-] INFO Training done in 73.3 s
2026-05-28 13:09:10 [adaptive_k][flower][adaptive_k][k=adaptive][s=3] INFO   Win  5  k=2  [6.0→9.0 s]  interior_MAE=0.344°C  → k_next=3
2026-05-28 13:09:10 [pinn_trainer][flower][ak_k3][k=-][s=-] INFO Training start: t=[9.0,13.5]s  epochs_adam=1000  epochs_lbfgs=300  params=47890
2026-05-28 13:09:14 [pinn_trainer][flower][ak_k3][k=-][s=-] INFO Adam     1/1000  loss=8.6525e-01  pde=6.4371e-01  bc=4.4308e-02  ic=0.0000e+00  fc=0.0000e+00
2026-05-28 13:09:46 [pinn_trainer][flower][ak_k3][k=-][s=-] INFO Adam   500/1000  loss=3.3198e-06  pde=2.4210e-06  bc=1.7976e-07  ic=0.0000e+00  fc=0.0000e+00
2026-05-28 13:10:18 [pinn_trainer][flower][ak_k3][k=-][s=-] INFO Adam  1000/1000  loss=1.7504e-06  pde=1.5363e-06  bc=4.2817e-08  ic=0.0000e+00  fc=0.0000e+00
2026-05-28 13:10:22 [pinn_trainer][flower][ak_k3][k=-][s=-] INFO L-BFGS  300/300  loss=1.8554e-06
2026-05-28 13:10:22 [pinn_trainer][flower][ak_k3][k=-][s=-] INFO Training done in 71.9 s
2026-05-28 13:10:22 [adaptive_k][flower][adaptive_k][k=adaptive][s=3] INFO   Win  6  k=3  [9.0→13.5 s]  interior_MAE=0.023°C  → k_next=4
2026-05-28 13:10:22 [pinn_trainer][flower][ak_k4][k=-][s=-] INFO Training start: t=[13.5,19.5]s  epochs_adam=1000  epochs_lbfgs=300  params=47890
2026-05-28 13:10:26 [pinn_trainer][flower][ak_k4][k=-][s=-] INFO Adam     1/1000  loss=3.5756e+00  pde=3.3329e+00  bc=4.8535e-02  ic=0.0000e+00  fc=0.0000e+00
2026-05-28 13:11:00 [pinn_trainer][flower][ak_k4][k=-][s=-] INFO Adam   500/1000  loss=3.7054e-05  pde=2.1527e-05  bc=3.1053e-06  ic=0.0000e+00  fc=0.0000e+00
2026-05-28 13:11:33 [pinn_trainer][flower][ak_k4][k=-][s=-] INFO Adam  1000/1000  loss=1.8251e-06  pde=1.3026e-06  bc=1.0450e-07  ic=0.0000e+00  fc=0.0000e+00
2026-05-28 13:11:37 [pinn_trainer][flower][ak_k4][k=-][s=-] INFO L-BFGS  300/300  loss=1.6950e-06
2026-05-28 13:11:37 [pinn_trainer][flower][ak_k4][k=-][s=-] INFO Training done in 75.3 s
2026-05-28 13:11:37 [adaptive_k][flower][adaptive_k][k=adaptive][s=3] INFO   Win  7  k=4  [13.5→19.5 s]  interior_MAE=0.053°C  → k_next=5
2026-05-28 13:11:37 [pinn_trainer][flower][ak_k5][k=-][s=-] INFO Training start: t=[19.5,27.0]s  epochs_adam=1000  epochs_lbfgs=300  params=47890
2026-05-28 13:11:42 [pinn_trainer][flower][ak_k5][k=-][s=-] INFO Adam     1/1000  loss=3.7272e+00  pde=2.0091e+00  bc=3.4362e-01  ic=0.0000e+00  fc=0.0000e+00
2026-05-28 13:12:14 [pinn_trainer][flower][ak_k5][k=-][s=-] INFO Adam   500/1000  loss=5.4368e-06  pde=4.6663e-06  bc=1.5410e-07  ic=0.0000e+00  fc=0.0000e+00
2026-05-28 13:12:46 [pinn_trainer][flower][ak_k5][k=-][s=-] INFO Adam  1000/1000  loss=3.0506e-06  pde=2.5096e-06  bc=1.0820e-07  ic=0.0000e+00  fc=0.0000e+00
2026-05-28 13:12:50 [pinn_trainer][flower][ak_k5][k=-][s=-] INFO L-BFGS  300/300  loss=2.9436e-06
2026-05-28 13:12:50 [pinn_trainer][flower][ak_k5][k=-][s=-] INFO Training done in 72.7 s
2026-05-28 13:12:50 [adaptive_k][flower][adaptive_k][k=adaptive][s=3] INFO   Win  8  k=5  [19.5→27.0 s]  interior_MAE=0.015°C  → k_next=5
2026-05-28 13:12:50 [pinn_trainer][flower][ak_k5][k=-][s=-] INFO Training start: t=[27.0,30.0]s  epochs_adam=1000  epochs_lbfgs=300  params=47890
2026-05-28 13:12:54 [pinn_trainer][flower][ak_k5][k=-][s=-] INFO Adam     1/1000  loss=2.6534e+00  pde=2.1206e+00  bc=1.0656e-01  ic=0.0000e+00  fc=0.0000e+00
2026-05-28 13:13:25 [pinn_trainer][flower][ak_k5][k=-][s=-] INFO Adam   500/1000  loss=6.0078e-03  pde=5.5101e-03  bc=9.9551e-05  ic=0.0000e+00  fc=0.0000e+00
2026-05-28 13:13:56 [pinn_trainer][flower][ak_k5][k=-][s=-] INFO Adam  1000/1000  loss=5.6252e-06  pde=4.5920e-06  bc=2.0664e-07  ic=0.0000e+00  fc=0.0000e+00
2026-05-28 13:14:00 [pinn_trainer][flower][ak_k5][k=-][s=-] INFO L-BFGS  300/300  loss=5.8282e-06
2026-05-28 13:14:00 [pinn_trainer][flower][ak_k5][k=-][s=-] INFO Training done in 69.8 s
2026-05-28 13:14:00 [adaptive_k][flower][adaptive_k][k=adaptive][s=3] INFO   Win  9  k=5  [27.0→30.0 s]  interior_MAE=0.087°C  → k_next=5
2026-05-28 13:14:00 [adaptive_k][flower][adaptive_k][k=adaptive][s=3] INFO AdaptiveK done | wins=9 | FEM_solves=9/60 | FEM_saving=85% | MAE=2.111°C | L2=0.0170 | t=689 s
2026-05-28 13:14:00 [adaptive_k][flower][adaptive_k][k=adaptive][s=3] INFO k schedule: t=0.0s:k=1 → t=1.5s:k=1 → t=3.0s:k=1 → t=4.5s:k=1 → t=6.0s:k=2 → t=9.0s:k=3 → t=13.5s:k=4 → t=19.5s:k=5 → t=27.0s:k=5
2026-05-28 13:14:00 [adaptive_k][flower][adaptive_k][k=adaptive][s=3] INFO Saved → /home/coder/NAS-PINNS1/thermal_pinn/quenching_mswp/results/adaptive_k/flower/seed3_adaptive_nsga2_153
2026-05-28 13:14:01 [stage_adaptive_k][all][adaptive_k][k=-][s=-] INFO RESULT geo=flower   seed=3 | MAE=2.111°C | L2=0.0170 | FEM_solves=9/60 | FEM_saving=85%
2026-05-28 13:14:01 [stage_adaptive_k][all][adaptive_k][k=-][s=-] INFO AdaptiveK | geo=flower seed=4 arch=[153, 153, 153] thr_up=2.0 thr_dn=5.0
2026-05-28 13:14:01 [adaptive_k][flower][adaptive_k][k=adaptive][s=4] INFO AdaptiveK | arch=[153, 153, 153] | k=[1..5] | thr_up=2.0°C thr_dn=5.0°C | fourier=False
2026-05-28 13:14:01 [pinn_trainer][flower][ak_k1][k=-][s=-] INFO Training start: t=[0.0,1.5]s  epochs_adam=1000  epochs_lbfgs=300  params=47890
2026-05-28 13:14:05 [pinn_trainer][flower][ak_k1][k=-][s=-] INFO Adam     1/1000  loss=3.0087e+02  pde=2.9766e+02  bc=6.4020e-01  ic=0.0000e+00  fc=0.0000e+00
2026-05-28 13:14:36 [pinn_trainer][flower][ak_k1][k=-][s=-] INFO Adam   500/1000  loss=3.7156e+00  pde=2.4374e+00  bc=2.5564e-01  ic=0.0000e+00  fc=0.0000e+00
2026-05-28 13:15:08 [pinn_trainer][flower][ak_k1][k=-][s=-] INFO Adam  1000/1000  loss=2.5745e+00  pde=1.3918e+00  bc=2.3655e-01  ic=0.0000e+00  fc=0.0000e+00
2026-05-28 13:15:20 [pinn_trainer][flower][ak_k1][k=-][s=-] INFO L-BFGS  300/300  loss=2.6801e+00
2026-05-28 13:15:20 [pinn_trainer][flower][ak_k1][k=-][s=-] INFO Training done in 79.6 s
2026-05-28 13:15:20 [adaptive_k][flower][adaptive_k][k=adaptive][s=4] INFO   Win  1  k=1  [0.0→1.5 s]  interior_MAE=47.363°C  → k_next=1
2026-05-28 13:15:20 [pinn_trainer][flower][ak_k1][k=-][s=-] INFO Training start: t=[1.5,3.0]s  epochs_adam=1000  epochs_lbfgs=300  params=47890
2026-05-28 13:15:25 [pinn_trainer][flower][ak_k1][k=-][s=-] INFO Adam     1/1000  loss=1.3511e+02  pde=1.3414e+02  bc=1.9351e-01  ic=0.0000e+00  fc=0.0000e+00
2026-05-28 13:15:55 [pinn_trainer][flower][ak_k1][k=-][s=-] INFO Adam   500/1000  loss=3.8311e-01  pde=3.2736e-01  bc=1.1149e-02  ic=0.0000e+00  fc=0.0000e+00
2026-05-28 13:16:26 [pinn_trainer][flower][ak_k1][k=-][s=-] INFO Adam  1000/1000  loss=2.2306e-01  pde=1.7060e-01  bc=1.0493e-02  ic=0.0000e+00  fc=0.0000e+00
2026-05-28 13:16:38 [pinn_trainer][flower][ak_k1][k=-][s=-] INFO L-BFGS  300/300  loss=2.3089e-01
2026-05-28 13:16:38 [pinn_trainer][flower][ak_k1][k=-][s=-] INFO Training done in 78.3 s
2026-05-28 13:16:38 [adaptive_k][flower][adaptive_k][k=adaptive][s=4] INFO   Win  2  k=1  [1.5→3.0 s]  interior_MAE=11.441°C  → k_next=1
2026-05-28 13:16:38 [pinn_trainer][flower][ak_k1][k=-][s=-] INFO Training start: t=[3.0,4.5]s  epochs_adam=1000  epochs_lbfgs=300  params=47890
2026-05-28 13:16:43 [pinn_trainer][flower][ak_k1][k=-][s=-] INFO Adam     1/1000  loss=8.7873e+01  pde=8.6601e+01  bc=2.5438e-01  ic=0.0000e+00  fc=0.0000e+00
2026-05-28 13:17:14 [pinn_trainer][flower][ak_k1][k=-][s=-] INFO Adam   500/1000  loss=3.6104e-02  pde=3.2907e-02  bc=6.3939e-04  ic=0.0000e+00  fc=0.0000e+00
2026-05-28 13:17:45 [pinn_trainer][flower][ak_k1][k=-][s=-] INFO Adam  1000/1000  loss=1.2687e-02  pde=9.8313e-03  bc=5.7109e-04  ic=0.0000e+00  fc=0.0000e+00
2026-05-28 13:17:57 [pinn_trainer][flower][ak_k1][k=-][s=-] INFO L-BFGS  300/300  loss=1.3170e-02
2026-05-28 13:17:57 [pinn_trainer][flower][ak_k1][k=-][s=-] INFO Training done in 78.7 s
2026-05-28 13:17:57 [adaptive_k][flower][adaptive_k][k=adaptive][s=4] INFO   Win  3  k=1  [3.0→4.5 s]  interior_MAE=2.294°C  → k_next=1
2026-05-28 13:17:57 [pinn_trainer][flower][ak_k1][k=-][s=-] INFO Training start: t=[4.5,6.0]s  epochs_adam=1000  epochs_lbfgs=300  params=47890
2026-05-28 13:18:01 [pinn_trainer][flower][ak_k1][k=-][s=-] INFO Adam     1/1000  loss=8.3873e+01  pde=8.1068e+01  bc=5.6112e-01  ic=0.0000e+00  fc=0.0000e+00
2026-05-28 13:18:32 [pinn_trainer][flower][ak_k1][k=-][s=-] INFO Adam   500/1000  loss=1.6177e-03  pde=1.3894e-03  bc=4.5663e-05  ic=0.0000e+00  fc=0.0000e+00
2026-05-28 13:19:03 [pinn_trainer][flower][ak_k1][k=-][s=-] INFO Adam  1000/1000  loss=7.2392e-04  pde=5.5530e-04  bc=3.3724e-05  ic=0.0000e+00  fc=0.0000e+00
2026-05-28 13:19:16 [pinn_trainer][flower][ak_k1][k=-][s=-] INFO L-BFGS  300/300  loss=7.5544e-04
2026-05-28 13:19:16 [pinn_trainer][flower][ak_k1][k=-][s=-] INFO Training done in 78.4 s
2026-05-28 13:19:16 [adaptive_k][flower][adaptive_k][k=adaptive][s=4] INFO   Win  4  k=1  [4.5→6.0 s]  interior_MAE=0.619°C  → k_next=2
2026-05-28 13:19:16 [pinn_trainer][flower][ak_k2][k=-][s=-] INFO Training start: t=[6.0,9.0]s  epochs_adam=1000  epochs_lbfgs=300  params=47890
2026-05-28 13:19:20 [pinn_trainer][flower][ak_k2][k=-][s=-] INFO Adam     1/1000  loss=1.2109e+01  pde=9.6275e+00  bc=4.9636e-01  ic=0.0000e+00  fc=0.0000e+00
2026-05-28 13:19:50 [pinn_trainer][flower][ak_k2][k=-][s=-] INFO Adam   500/1000  loss=2.0414e-03  pde=1.8801e-03  bc=3.2265e-05  ic=0.0000e+00  fc=0.0000e+00
2026-05-28 13:20:21 [pinn_trainer][flower][ak_k2][k=-][s=-] INFO Adam  1000/1000  loss=1.6737e-05  pde=7.9007e-06  bc=1.7673e-06  ic=0.0000e+00  fc=0.0000e+00
2026-05-28 13:20:25 [pinn_trainer][flower][ak_k2][k=-][s=-] INFO L-BFGS  300/300  loss=1.8007e-05
2026-05-28 13:20:25 [pinn_trainer][flower][ak_k2][k=-][s=-] INFO Training done in 69.9 s
2026-05-28 13:20:26 [adaptive_k][flower][adaptive_k][k=adaptive][s=4] INFO   Win  5  k=2  [6.0→9.0 s]  interior_MAE=0.344°C  → k_next=3
2026-05-28 13:20:26 [pinn_trainer][flower][ak_k3][k=-][s=-] INFO Training start: t=[9.0,13.5]s  epochs_adam=1000  epochs_lbfgs=300  params=47890
2026-05-28 13:20:30 [pinn_trainer][flower][ak_k3][k=-][s=-] INFO Adam     1/1000  loss=3.6096e+00  pde=2.5945e+00  bc=2.0303e-01  ic=0.0000e+00  fc=0.0000e+00
2026-05-28 13:21:00 [pinn_trainer][flower][ak_k3][k=-][s=-] INFO Adam   500/1000  loss=9.4286e-04  pde=7.3068e-04  bc=4.2436e-05  ic=0.0000e+00  fc=0.0000e+00
2026-05-28 13:21:31 [pinn_trainer][flower][ak_k3][k=-][s=-] INFO Adam  1000/1000  loss=3.0379e-06  pde=2.8184e-06  bc=4.3900e-08  ic=0.0000e+00  fc=0.0000e+00
2026-05-28 13:21:35 [pinn_trainer][flower][ak_k3][k=-][s=-] INFO L-BFGS  300/300  loss=3.0584e-06
2026-05-28 13:21:35 [pinn_trainer][flower][ak_k3][k=-][s=-] INFO Training done in 69.9 s
2026-05-28 13:21:35 [adaptive_k][flower][adaptive_k][k=adaptive][s=4] INFO   Win  6  k=3  [9.0→13.5 s]  interior_MAE=0.030°C  → k_next=4
2026-05-28 13:21:35 [pinn_trainer][flower][ak_k4][k=-][s=-] INFO Training start: t=[13.5,19.5]s  epochs_adam=1000  epochs_lbfgs=300  params=47890
2026-05-28 13:21:40 [pinn_trainer][flower][ak_k4][k=-][s=-] INFO Adam     1/1000  loss=4.7542e+00  pde=2.9599e+00  bc=3.5885e-01  ic=0.0000e+00  fc=0.0000e+00
2026-05-28 13:22:10 [pinn_trainer][flower][ak_k4][k=-][s=-] INFO Adam   500/1000  loss=1.6299e-06  pde=1.0775e-06  bc=1.1048e-07  ic=0.0000e+00  fc=0.0000e+00
2026-05-28 13:22:40 [pinn_trainer][flower][ak_k4][k=-][s=-] INFO Adam  1000/1000  loss=7.5871e-07  pde=6.5885e-07  bc=1.9972e-08  ic=0.0000e+00  fc=0.0000e+00
2026-05-28 13:22:45 [pinn_trainer][flower][ak_k4][k=-][s=-] INFO L-BFGS  300/300  loss=7.7706e-07
2026-05-28 13:22:45 [pinn_trainer][flower][ak_k4][k=-][s=-] INFO Training done in 69.1 s
2026-05-28 13:22:45 [adaptive_k][flower][adaptive_k][k=adaptive][s=4] INFO   Win  7  k=4  [13.5→19.5 s]  interior_MAE=0.014°C  → k_next=5
2026-05-28 13:22:45 [pinn_trainer][flower][ak_k5][k=-][s=-] INFO Training start: t=[19.5,27.0]s  epochs_adam=1000  epochs_lbfgs=300  params=47890
2026-05-28 13:22:49 [pinn_trainer][flower][ak_k5][k=-][s=-] INFO Adam     1/1000  loss=4.0074e+00  pde=2.4153e+00  bc=3.1844e-01  ic=0.0000e+00  fc=0.0000e+00
2026-05-28 13:23:19 [pinn_trainer][flower][ak_k5][k=-][s=-] INFO Adam   500/1000  loss=4.6748e-06  pde=3.8096e-06  bc=1.7304e-07  ic=0.0000e+00  fc=0.0000e+00
2026-05-28 13:23:50 [pinn_trainer][flower][ak_k5][k=-][s=-] INFO Adam  1000/1000  loss=2.9046e-06  pde=2.2554e-06  bc=1.2986e-07  ic=0.0000e+00  fc=0.0000e+00
2026-05-28 13:23:54 [pinn_trainer][flower][ak_k5][k=-][s=-] INFO L-BFGS  300/300  loss=2.8976e-06
2026-05-28 13:23:54 [pinn_trainer][flower][ak_k5][k=-][s=-] INFO Training done in 69.6 s
2026-05-28 13:23:54 [adaptive_k][flower][adaptive_k][k=adaptive][s=4] INFO   Win  8  k=5  [19.5→27.0 s]  interior_MAE=0.012°C  → k_next=5
2026-05-28 13:23:54 [pinn_trainer][flower][ak_k5][k=-][s=-] INFO Training start: t=[27.0,30.0]s  epochs_adam=1000  epochs_lbfgs=300  params=47890
2026-05-28 13:23:58 [pinn_trainer][flower][ak_k5][k=-][s=-] INFO Adam     1/1000  loss=2.3202e+00  pde=1.9829e+00  bc=6.7455e-02  ic=0.0000e+00  fc=0.0000e+00
2026-05-28 13:24:29 [pinn_trainer][flower][ak_k5][k=-][s=-] INFO Adam   500/1000  loss=1.0585e-03  pde=1.0362e-03  bc=4.4571e-06  ic=0.0000e+00  fc=0.0000e+00
2026-05-28 13:25:00 [pinn_trainer][flower][ak_k5][k=-][s=-] INFO Adam  1000/1000  loss=9.7472e-06  pde=8.3758e-06  bc=2.7429e-07  ic=0.0000e+00  fc=0.0000e+00
2026-05-28 13:25:05 [pinn_trainer][flower][ak_k5][k=-][s=-] INFO L-BFGS  300/300  loss=9.5875e-06
2026-05-28 13:25:05 [pinn_trainer][flower][ak_k5][k=-][s=-] INFO Training done in 71.2 s
2026-05-28 13:25:05 [adaptive_k][flower][adaptive_k][k=adaptive][s=4] INFO   Win  9  k=5  [27.0→30.0 s]  interior_MAE=0.007°C  → k_next=5
2026-05-28 13:25:05 [adaptive_k][flower][adaptive_k][k=adaptive][s=4] INFO AdaptiveK done | wins=9 | FEM_solves=9/60 | FEM_saving=85% | MAE=2.096°C | L2=0.0161 | t=665 s
2026-05-28 13:25:05 [adaptive_k][flower][adaptive_k][k=adaptive][s=4] INFO k schedule: t=0.0s:k=1 → t=1.5s:k=1 → t=3.0s:k=1 → t=4.5s:k=1 → t=6.0s:k=2 → t=9.0s:k=3 → t=13.5s:k=4 → t=19.5s:k=5 → t=27.0s:k=5
2026-05-28 13:25:05 [adaptive_k][flower][adaptive_k][k=adaptive][s=4] INFO Saved → /home/coder/NAS-PINNS1/thermal_pinn/quenching_mswp/results/adaptive_k/flower/seed4_adaptive_nsga2_153
2026-05-28 13:25:06 [stage_adaptive_k][all][adaptive_k][k=-][s=-] INFO RESULT geo=flower   seed=4 | MAE=2.096°C | L2=0.0161 | FEM_solves=9/60 | FEM_saving=85%
2026-05-28 13:25:06 [stage_adaptive_k][all][adaptive_k][k=-][s=-] INFO AdaptiveK | geo=flower seed=5 arch=[153, 153, 153] thr_up=2.0 thr_dn=5.0
2026-05-28 13:25:06 [adaptive_k][flower][adaptive_k][k=adaptive][s=5] INFO AdaptiveK | arch=[153, 153, 153] | k=[1..5] | thr_up=2.0°C thr_dn=5.0°C | fourier=False
2026-05-28 13:25:06 [pinn_trainer][flower][ak_k1][k=-][s=-] INFO Training start: t=[0.0,1.5]s  epochs_adam=1000  epochs_lbfgs=300  params=47890
2026-05-28 13:25:10 [pinn_trainer][flower][ak_k1][k=-][s=-] INFO Adam     1/1000  loss=2.5744e+02  pde=2.5459e+02  bc=5.6900e-01  ic=0.0000e+00  fc=0.0000e+00
2026-05-28 13:25:41 [pinn_trainer][flower][ak_k1][k=-][s=-] INFO Adam   500/1000  loss=6.1954e+00  pde=5.0826e+00  bc=2.2256e-01  ic=0.0000e+00  fc=0.0000e+00
2026-05-28 13:26:12 [pinn_trainer][flower][ak_k1][k=-][s=-] INFO Adam  1000/1000  loss=4.1913e+00  pde=3.0683e+00  bc=2.2459e-01  ic=0.0000e+00  fc=0.0000e+00
2026-05-28 13:26:25 [pinn_trainer][flower][ak_k1][k=-][s=-] INFO L-BFGS  300/300  loss=4.3344e+00
2026-05-28 13:26:25 [pinn_trainer][flower][ak_k1][k=-][s=-] INFO Training done in 78.5 s
2026-05-28 13:26:25 [adaptive_k][flower][adaptive_k][k=adaptive][s=5] INFO   Win  1  k=1  [0.0→1.5 s]  interior_MAE=51.054°C  → k_next=1
2026-05-28 13:26:25 [pinn_trainer][flower][ak_k1][k=-][s=-] INFO Training start: t=[1.5,3.0]s  epochs_adam=1000  epochs_lbfgs=300  params=47890
2026-05-28 13:26:29 [pinn_trainer][flower][ak_k1][k=-][s=-] INFO Adam     1/1000  loss=4.6469e+01  pde=4.3893e+01  bc=5.1521e-01  ic=0.0000e+00  fc=0.0000e+00
2026-05-28 13:27:00 [pinn_trainer][flower][ak_k1][k=-][s=-] INFO Adam   500/1000  loss=2.7524e-01  pde=2.2069e-01  bc=1.0910e-02  ic=0.0000e+00  fc=0.0000e+00
2026-05-28 13:27:31 [pinn_trainer][flower][ak_k1][k=-][s=-] INFO Adam  1000/1000  loss=2.3616e-01  pde=1.8415e-01  bc=1.0402e-02  ic=0.0000e+00  fc=0.0000e+00
2026-05-28 13:27:44 [pinn_trainer][flower][ak_k1][k=-][s=-] INFO L-BFGS  300/300  loss=2.4461e-01
2026-05-28 13:27:44 [pinn_trainer][flower][ak_k1][k=-][s=-] INFO Training done in 79.0 s
2026-05-28 13:27:44 [adaptive_k][flower][adaptive_k][k=adaptive][s=5] INFO   Win  2  k=1  [1.5→3.0 s]  interior_MAE=10.714°C  → k_next=1
2026-05-28 13:27:44 [pinn_trainer][flower][ak_k1][k=-][s=-] INFO Training start: t=[3.0,4.5]s  epochs_adam=1000  epochs_lbfgs=300  params=47890
2026-05-28 13:27:48 [pinn_trainer][flower][ak_k1][k=-][s=-] INFO Adam     1/1000  loss=1.5488e+01  pde=1.4512e+01  bc=1.9518e-01  ic=0.0000e+00  fc=0.0000e+00
2026-05-28 13:28:19 [pinn_trainer][flower][ak_k1][k=-][s=-] INFO Adam   500/1000  loss=3.0952e-02  pde=2.7857e-02  bc=6.1889e-04  ic=0.0000e+00  fc=0.0000e+00
2026-05-28 13:28:51 [pinn_trainer][flower][ak_k1][k=-][s=-] INFO Adam  1000/1000  loss=1.3138e-02  pde=1.0304e-02  bc=5.6669e-04  ic=0.0000e+00  fc=0.0000e+00
2026-05-28 13:29:03 [pinn_trainer][flower][ak_k1][k=-][s=-] INFO L-BFGS  300/300  loss=1.3631e-02
2026-05-28 13:29:03 [pinn_trainer][flower][ak_k1][k=-][s=-] INFO Training done in 79.3 s
2026-05-28 13:29:03 [adaptive_k][flower][adaptive_k][k=adaptive][s=5] INFO   Win  3  k=1  [3.0→4.5 s]  interior_MAE=2.551°C  → k_next=1
2026-05-28 13:29:03 [pinn_trainer][flower][ak_k1][k=-][s=-] INFO Training start: t=[4.5,6.0]s  epochs_adam=1000  epochs_lbfgs=300  params=47890
2026-05-28 13:29:07 [pinn_trainer][flower][ak_k1][k=-][s=-] INFO Adam     1/1000  loss=1.5316e+01  pde=1.4168e+01  bc=2.2960e-01  ic=0.0000e+00  fc=0.0000e+00
2026-05-28 13:29:38 [pinn_trainer][flower][ak_k1][k=-][s=-] INFO Adam   500/1000  loss=2.8909e-02  pde=2.8125e-02  bc=1.5690e-04  ic=0.0000e+00  fc=0.0000e+00
2026-05-28 13:30:09 [pinn_trainer][flower][ak_k1][k=-][s=-] INFO Adam  1000/1000  loss=6.8812e-04  pde=5.2755e-04  bc=3.2115e-05  ic=0.0000e+00  fc=0.0000e+00
2026-05-28 13:30:21 [pinn_trainer][flower][ak_k1][k=-][s=-] INFO L-BFGS  300/300  loss=7.0948e-04
2026-05-28 13:30:21 [pinn_trainer][flower][ak_k1][k=-][s=-] INFO Training done in 78.3 s
2026-05-28 13:30:21 [adaptive_k][flower][adaptive_k][k=adaptive][s=5] INFO   Win  4  k=1  [4.5→6.0 s]  interior_MAE=0.552°C  → k_next=2
2026-05-28 13:30:21 [pinn_trainer][flower][ak_k2][k=-][s=-] INFO Training start: t=[6.0,9.0]s  epochs_adam=1000  epochs_lbfgs=300  params=47890
2026-05-28 13:30:26 [pinn_trainer][flower][ak_k2][k=-][s=-] INFO Adam     1/1000  loss=3.3552e+01  pde=2.9237e+01  bc=8.6297e-01  ic=0.0000e+00  fc=0.0000e+00
2026-05-28 13:30:57 [pinn_trainer][flower][ak_k2][k=-][s=-] INFO Adam   500/1000  loss=4.6825e-03  pde=4.2486e-03  bc=8.6772e-05  ic=0.0000e+00  fc=0.0000e+00
2026-05-28 13:31:28 [pinn_trainer][flower][ak_k2][k=-][s=-] INFO Adam  1000/1000  loss=2.3623e-05  pde=1.4796e-05  bc=1.7655e-06  ic=0.0000e+00  fc=0.0000e+00
2026-05-28 13:31:33 [pinn_trainer][flower][ak_k2][k=-][s=-] INFO L-BFGS  300/300  loss=2.3961e-05
2026-05-28 13:31:33 [pinn_trainer][flower][ak_k2][k=-][s=-] INFO Training done in 71.8 s
2026-05-28 13:31:33 [adaptive_k][flower][adaptive_k][k=adaptive][s=5] INFO   Win  5  k=2  [6.0→9.0 s]  interior_MAE=0.295°C  → k_next=3
2026-05-28 13:31:33 [pinn_trainer][flower][ak_k3][k=-][s=-] INFO Training start: t=[9.0,13.5]s  epochs_adam=1000  epochs_lbfgs=300  params=47890
2026-05-28 13:31:38 [pinn_trainer][flower][ak_k3][k=-][s=-] INFO Adam     1/1000  loss=1.2650e+01  pde=1.1091e+01  bc=3.1175e-01  ic=0.0000e+00  fc=0.0000e+00
2026-05-28 13:32:09 [pinn_trainer][flower][ak_k3][k=-][s=-] INFO Adam   500/1000  loss=6.4271e-06  pde=5.4488e-06  bc=1.9566e-07  ic=0.0000e+00  fc=0.0000e+00
2026-05-28 13:32:40 [pinn_trainer][flower][ak_k3][k=-][s=-] INFO Adam  1000/1000  loss=1.5425e-06  pde=1.2891e-06  bc=5.0676e-08  ic=0.0000e+00  fc=0.0000e+00
2026-05-28 13:32:44 [pinn_trainer][flower][ak_k3][k=-][s=-] INFO L-BFGS  300/300  loss=1.4933e-06
2026-05-28 13:32:44 [pinn_trainer][flower][ak_k3][k=-][s=-] INFO Training done in 70.9 s
2026-05-28 13:32:44 [adaptive_k][flower][adaptive_k][k=adaptive][s=5] INFO   Win  6  k=3  [9.0→13.5 s]  interior_MAE=0.041°C  → k_next=4
2026-05-28 13:32:44 [pinn_trainer][flower][ak_k4][k=-][s=-] INFO Training start: t=[13.5,19.5]s  epochs_adam=1000  epochs_lbfgs=300  params=47890
2026-05-28 13:32:48 [pinn_trainer][flower][ak_k4][k=-][s=-] INFO Adam     1/1000  loss=4.3784e+00  pde=2.2170e+00  bc=4.3227e-01  ic=0.0000e+00  fc=0.0000e+00
2026-05-28 13:33:19 [pinn_trainer][flower][ak_k4][k=-][s=-] INFO Adam   500/1000  loss=6.1059e-06  pde=4.6801e-06  bc=2.8515e-07  ic=0.0000e+00  fc=0.0000e+00
2026-05-28 13:33:49 [pinn_trainer][flower][ak_k4][k=-][s=-] INFO Adam  1000/1000  loss=3.0501e-06  pde=2.4230e-06  bc=1.2542e-07  ic=0.0000e+00  fc=0.0000e+00
2026-05-28 13:33:54 [pinn_trainer][flower][ak_k4][k=-][s=-] INFO L-BFGS  300/300  loss=3.1202e-06
2026-05-28 13:33:54 [pinn_trainer][flower][ak_k4][k=-][s=-] INFO Training done in 69.4 s
2026-05-28 13:33:54 [adaptive_k][flower][adaptive_k][k=adaptive][s=5] INFO   Win  7  k=4  [13.5→19.5 s]  interior_MAE=0.027°C  → k_next=5
2026-05-28 13:33:54 [pinn_trainer][flower][ak_k5][k=-][s=-] INFO Training start: t=[19.5,27.0]s  epochs_adam=1000  epochs_lbfgs=300  params=47890
2026-05-28 13:33:58 [pinn_trainer][flower][ak_k5][k=-][s=-] INFO Adam     1/1000  loss=4.0496e+00  pde=3.2820e+00  bc=1.5352e-01  ic=0.0000e+00  fc=0.0000e+00
2026-05-28 13:34:29 [pinn_trainer][flower][ak_k5][k=-][s=-] INFO Adam   500/1000  loss=4.1479e-06  pde=3.5438e-06  bc=1.2081e-07  ic=0.0000e+00  fc=0.0000e+00
2026-05-28 13:35:00 [pinn_trainer][flower][ak_k5][k=-][s=-] INFO Adam  1000/1000  loss=1.7554e-06  pde=1.5369e-06  bc=4.3714e-08  ic=0.0000e+00  fc=0.0000e+00
2026-05-28 13:35:04 [pinn_trainer][flower][ak_k5][k=-][s=-] INFO L-BFGS  300/300  loss=1.7764e-06
2026-05-28 13:35:04 [pinn_trainer][flower][ak_k5][k=-][s=-] INFO Training done in 70.7 s
2026-05-28 13:35:04 [adaptive_k][flower][adaptive_k][k=adaptive][s=5] INFO   Win  8  k=5  [19.5→27.0 s]  interior_MAE=0.009°C  → k_next=5
2026-05-28 13:35:04 [pinn_trainer][flower][ak_k5][k=-][s=-] INFO Training start: t=[27.0,30.0]s  epochs_adam=1000  epochs_lbfgs=300  params=47890
2026-05-28 13:35:09 [pinn_trainer][flower][ak_k5][k=-][s=-] INFO Adam     1/1000  loss=1.4006e+01  pde=1.1091e+01  bc=5.8283e-01  ic=0.0000e+00  fc=0.0000e+00
2026-05-28 13:35:40 [pinn_trainer][flower][ak_k5][k=-][s=-] INFO Adam   500/1000  loss=1.6485e-02  pde=1.2722e-02  bc=7.5260e-04  ic=0.0000e+00  fc=0.0000e+00
2026-05-28 13:36:11 [pinn_trainer][flower][ak_k5][k=-][s=-] INFO Adam  1000/1000  loss=9.0353e-06  pde=7.2151e-06  bc=3.6405e-07  ic=0.0000e+00  fc=0.0000e+00
2026-05-28 13:36:16 [pinn_trainer][flower][ak_k5][k=-][s=-] INFO L-BFGS  300/300  loss=9.3325e-06
2026-05-28 13:36:16 [pinn_trainer][flower][ak_k5][k=-][s=-] INFO Training done in 71.9 s
2026-05-28 13:36:16 [adaptive_k][flower][adaptive_k][k=adaptive][s=5] INFO   Win  9  k=5  [27.0→30.0 s]  interior_MAE=0.013°C  → k_next=5
2026-05-28 13:36:16 [adaptive_k][flower][adaptive_k][k=adaptive][s=5] INFO AdaptiveK done | wins=9 | FEM_solves=9/60 | FEM_saving=85% | MAE=2.201°C | L2=0.0161 | t=670 s
2026-05-28 13:36:16 [adaptive_k][flower][adaptive_k][k=adaptive][s=5] INFO k schedule: t=0.0s:k=1 → t=1.5s:k=1 → t=3.0s:k=1 → t=4.5s:k=1 → t=6.0s:k=2 → t=9.0s:k=3 → t=13.5s:k=4 → t=19.5s:k=5 → t=27.0s:k=5
2026-05-28 13:36:16 [adaptive_k][flower][adaptive_k][k=adaptive][s=5] INFO Saved → /home/coder/NAS-PINNS1/thermal_pinn/quenching_mswp/results/adaptive_k/flower/seed5_adaptive_nsga2_153
2026-05-28 13:36:17 [stage_adaptive_k][all][adaptive_k][k=-][s=-] INFO RESULT geo=flower   seed=5 | MAE=2.201°C | L2=0.0161 | FEM_solves=9/60 | FEM_saving=85%
2026-05-28 13:36:17 [stage_adaptive_k][all][adaptive_k][k=-][s=-] INFO AdaptiveK | geo=flower seed=6 arch=[153, 153, 153] thr_up=2.0 thr_dn=5.0
2026-05-28 13:36:17 [adaptive_k][flower][adaptive_k][k=adaptive][s=6] INFO AdaptiveK | arch=[153, 153, 153] | k=[1..5] | thr_up=2.0°C thr_dn=5.0°C | fourier=False
2026-05-28 13:36:17 [pinn_trainer][flower][ak_k1][k=-][s=-] INFO Training start: t=[0.0,1.5]s  epochs_adam=1000  epochs_lbfgs=300  params=47890
2026-05-28 13:36:21 [pinn_trainer][flower][ak_k1][k=-][s=-] INFO Adam     1/1000  loss=2.5995e+02  pde=2.5763e+02  bc=4.6391e-01  ic=0.0000e+00  fc=0.0000e+00
2026-05-28 13:36:52 [pinn_trainer][flower][ak_k1][k=-][s=-] INFO Adam   500/1000  loss=4.4800e+00  pde=3.1272e+00  bc=2.7055e-01  ic=0.0000e+00  fc=0.0000e+00
2026-05-28 13:37:23 [pinn_trainer][flower][ak_k1][k=-][s=-] INFO Adam  1000/1000  loss=2.6992e+00  pde=1.4548e+00  bc=2.4889e-01  ic=0.0000e+00  fc=0.0000e+00
2026-05-28 13:37:35 [pinn_trainer][flower][ak_k1][k=-][s=-] INFO L-BFGS  300/300  loss=2.8036e+00
2026-05-28 13:37:35 [pinn_trainer][flower][ak_k1][k=-][s=-] INFO Training done in 78.6 s
2026-05-28 13:37:35 [adaptive_k][flower][adaptive_k][k=adaptive][s=6] INFO   Win  1  k=1  [0.0→1.5 s]  interior_MAE=50.167°C  → k_next=1
2026-05-28 13:37:35 [pinn_trainer][flower][ak_k1][k=-][s=-] INFO Training start: t=[1.5,3.0]s  epochs_adam=1000  epochs_lbfgs=300  params=47890
2026-05-28 13:37:40 [pinn_trainer][flower][ak_k1][k=-][s=-] INFO Adam     1/1000  loss=2.2294e+01  pde=2.1864e+01  bc=8.5890e-02  ic=0.0000e+00  fc=0.0000e+00
2026-05-28 13:38:11 [pinn_trainer][flower][ak_k1][k=-][s=-] INFO Adam   500/1000  loss=2.8867e-01  pde=2.3219e-01  bc=1.1296e-02  ic=0.0000e+00  fc=0.0000e+00
2026-05-28 13:38:42 [pinn_trainer][flower][ak_k1][k=-][s=-] INFO Adam  1000/1000  loss=1.9532e-01  pde=1.4015e-01  bc=1.1033e-02  ic=0.0000e+00  fc=0.0000e+00
2026-05-28 13:38:54 [pinn_trainer][flower][ak_k1][k=-][s=-] INFO L-BFGS  300/300  loss=2.0346e-01
2026-05-28 13:38:54 [pinn_trainer][flower][ak_k1][k=-][s=-] INFO Training done in 78.4 s
2026-05-28 13:38:54 [adaptive_k][flower][adaptive_k][k=adaptive][s=6] INFO   Win  2  k=1  [1.5→3.0 s]  interior_MAE=11.351°C  → k_next=1
2026-05-28 13:38:54 [pinn_trainer][flower][ak_k1][k=-][s=-] INFO Training start: t=[3.0,4.5]s  epochs_adam=1000  epochs_lbfgs=300  params=47890
2026-05-28 13:38:58 [pinn_trainer][flower][ak_k1][k=-][s=-] INFO Adam     1/1000  loss=2.8245e+01  pde=2.7734e+01  bc=1.0225e-01  ic=0.0000e+00  fc=0.0000e+00
2026-05-28 13:39:30 [pinn_trainer][flower][ak_k1][k=-][s=-] INFO Adam   500/1000  loss=2.5941e-02  pde=2.2664e-02  bc=6.5548e-04  ic=0.0000e+00  fc=0.0000e+00
2026-05-28 13:40:02 [pinn_trainer][flower][ak_k1][k=-][s=-] INFO Adam  1000/1000  loss=1.2817e-02  pde=9.9338e-03  bc=5.7669e-04  ic=0.0000e+00  fc=0.0000e+00
2026-05-28 13:40:14 [pinn_trainer][flower][ak_k1][k=-][s=-] INFO L-BFGS  300/300  loss=1.3237e-02
2026-05-28 13:40:14 [pinn_trainer][flower][ak_k1][k=-][s=-] INFO Training done in 80.5 s
2026-05-28 13:40:14 [adaptive_k][flower][adaptive_k][k=adaptive][s=6] INFO   Win  3  k=1  [3.0→4.5 s]  interior_MAE=2.369°C  → k_next=1
2026-05-28 13:40:14 [pinn_trainer][flower][ak_k1][k=-][s=-] INFO Training start: t=[4.5,6.0]s  epochs_adam=1000  epochs_lbfgs=300  params=47890
2026-05-28 13:40:19 [pinn_trainer][flower][ak_k1][k=-][s=-] INFO Adam     1/1000  loss=9.0968e+01  pde=9.0658e+01  bc=6.1845e-02  ic=0.0000e+00  fc=0.0000e+00
2026-05-28 13:40:49 [pinn_trainer][flower][ak_k1][k=-][s=-] INFO Adam   500/1000  loss=1.0412e-02  pde=1.0229e-02  bc=3.6703e-05  ic=0.0000e+00  fc=0.0000e+00
2026-05-28 13:41:20 [pinn_trainer][flower][ak_k1][k=-][s=-] INFO Adam  1000/1000  loss=6.8955e-04  pde=5.2626e-04  bc=3.2657e-05  ic=0.0000e+00  fc=0.0000e+00
2026-05-28 13:41:33 [pinn_trainer][flower][ak_k1][k=-][s=-] INFO L-BFGS  300/300  loss=7.1734e-04
2026-05-28 13:41:33 [pinn_trainer][flower][ak_k1][k=-][s=-] INFO Training done in 78.5 s
2026-05-28 13:41:33 [adaptive_k][flower][adaptive_k][k=adaptive][s=6] INFO   Win  4  k=1  [4.5→6.0 s]  interior_MAE=0.545°C  → k_next=2
2026-05-28 13:41:33 [pinn_trainer][flower][ak_k2][k=-][s=-] INFO Training start: t=[6.0,9.0]s  epochs_adam=1000  epochs_lbfgs=300  params=47890
2026-05-28 13:41:37 [pinn_trainer][flower][ak_k2][k=-][s=-] INFO Adam     1/1000  loss=1.0332e+01  pde=1.0072e+01  bc=5.1958e-02  ic=0.0000e+00  fc=0.0000e+00
2026-05-28 13:42:09 [pinn_trainer][flower][ak_k2][k=-][s=-] INFO Adam   500/1000  loss=6.3811e-03  pde=6.1868e-03  bc=3.8858e-05  ic=0.0000e+00  fc=0.0000e+00
2026-05-28 13:42:40 [pinn_trainer][flower][ak_k2][k=-][s=-] INFO Adam  1000/1000  loss=1.5379e-05  pde=5.2855e-06  bc=2.0187e-06  ic=0.0000e+00  fc=0.0000e+00
2026-05-28 13:42:44 [pinn_trainer][flower][ak_k2][k=-][s=-] INFO L-BFGS  300/300  loss=1.6352e-05
2026-05-28 13:42:44 [pinn_trainer][flower][ak_k2][k=-][s=-] INFO Training done in 71.4 s
2026-05-28 13:42:44 [adaptive_k][flower][adaptive_k][k=adaptive][s=6] INFO   Win  5  k=2  [6.0→9.0 s]  interior_MAE=0.383°C  → k_next=3
2026-05-28 13:42:44 [pinn_trainer][flower][ak_k3][k=-][s=-] INFO Training start: t=[9.0,13.5]s  epochs_adam=1000  epochs_lbfgs=300  params=47890
2026-05-28 13:42:49 [pinn_trainer][flower][ak_k3][k=-][s=-] INFO Adam     1/1000  loss=3.4747e+00  pde=3.0513e+00  bc=8.4683e-02  ic=0.0000e+00  fc=0.0000e+00
2026-05-28 13:43:19 [pinn_trainer][flower][ak_k3][k=-][s=-] INFO Adam   500/1000  loss=1.6007e-03  pde=1.4833e-03  bc=2.3479e-05  ic=0.0000e+00  fc=0.0000e+00
2026-05-28 13:43:50 [pinn_trainer][flower][ak_k3][k=-][s=-] INFO Adam  1000/1000  loss=2.0105e-06  pde=1.7050e-06  bc=6.1099e-08  ic=0.0000e+00  fc=0.0000e+00
2026-05-28 13:43:55 [pinn_trainer][flower][ak_k3][k=-][s=-] INFO L-BFGS  300/300  loss=2.0208e-06
2026-05-28 13:43:55 [pinn_trainer][flower][ak_k3][k=-][s=-] INFO Training done in 70.3 s
2026-05-28 13:43:55 [adaptive_k][flower][adaptive_k][k=adaptive][s=6] INFO   Win  6  k=3  [9.0→13.5 s]  interior_MAE=0.043°C  → k_next=4
2026-05-28 13:43:55 [pinn_trainer][flower][ak_k4][k=-][s=-] INFO Training start: t=[13.5,19.5]s  epochs_adam=1000  epochs_lbfgs=300  params=47890
2026-05-28 13:43:59 [pinn_trainer][flower][ak_k4][k=-][s=-] INFO Adam     1/1000  loss=3.8838e+00  pde=2.6620e+00  bc=2.4437e-01  ic=0.0000e+00  fc=0.0000e+00
2026-05-28 13:44:30 [pinn_trainer][flower][ak_k4][k=-][s=-] INFO Adam   500/1000  loss=8.6038e-06  pde=7.2629e-06  bc=2.6818e-07  ic=0.0000e+00  fc=0.0000e+00
2026-05-28 13:45:01 [pinn_trainer][flower][ak_k4][k=-][s=-] INFO Adam  1000/1000  loss=1.8242e-06  pde=1.5252e-06  bc=5.9808e-08  ic=0.0000e+00  fc=0.0000e+00
2026-05-28 13:45:06 [pinn_trainer][flower][ak_k4][k=-][s=-] INFO L-BFGS  300/300  loss=1.7738e-06
2026-05-28 13:45:06 [pinn_trainer][flower][ak_k4][k=-][s=-] INFO Training done in 71.2 s
2026-05-28 13:45:06 [adaptive_k][flower][adaptive_k][k=adaptive][s=6] INFO   Win  7  k=4  [13.5→19.5 s]  interior_MAE=0.017°C  → k_next=5
2026-05-28 13:45:06 [pinn_trainer][flower][ak_k5][k=-][s=-] INFO Training start: t=[19.5,27.0]s  epochs_adam=1000  epochs_lbfgs=300  params=47890
2026-05-28 13:45:10 [pinn_trainer][flower][ak_k5][k=-][s=-] INFO Adam     1/1000  loss=2.2272e-01  pde=1.5384e-01  bc=1.3776e-02  ic=0.0000e+00  fc=0.0000e+00
2026-05-28 13:45:42 [pinn_trainer][flower][ak_k5][k=-][s=-] INFO Adam   500/1000  loss=6.8499e-06  pde=5.3481e-06  bc=3.0037e-07  ic=0.0000e+00  fc=0.0000e+00
2026-05-28 13:46:12 [pinn_trainer][flower][ak_k5][k=-][s=-] INFO Adam  1000/1000  loss=4.1081e-06  pde=3.4837e-06  bc=1.2489e-07  ic=0.0000e+00  fc=0.0000e+00
2026-05-28 13:46:17 [pinn_trainer][flower][ak_k5][k=-][s=-] INFO L-BFGS  300/300  loss=4.2387e-06
2026-05-28 13:46:17 [pinn_trainer][flower][ak_k5][k=-][s=-] INFO Training done in 70.9 s
2026-05-28 13:46:17 [adaptive_k][flower][adaptive_k][k=adaptive][s=6] INFO   Win  8  k=5  [19.5→27.0 s]  interior_MAE=0.026°C  → k_next=5
2026-05-28 13:46:17 [pinn_trainer][flower][ak_k5][k=-][s=-] INFO Training start: t=[27.0,30.0]s  epochs_adam=1000  epochs_lbfgs=300  params=47890
2026-05-28 13:46:21 [pinn_trainer][flower][ak_k5][k=-][s=-] INFO Adam     1/1000  loss=8.9893e+00  pde=8.6972e+00  bc=5.8411e-02  ic=0.0000e+00  fc=0.0000e+00
2026-05-28 13:46:52 [pinn_trainer][flower][ak_k5][k=-][s=-] INFO Adam   500/1000  loss=1.3654e-03  pde=1.3013e-03  bc=1.2822e-05  ic=0.0000e+00  fc=0.0000e+00
2026-05-28 13:47:23 [pinn_trainer][flower][ak_k5][k=-][s=-] INFO Adam  1000/1000  loss=5.3935e-06  pde=4.1567e-06  bc=2.4736e-07  ic=0.0000e+00  fc=0.0000e+00
2026-05-28 13:47:27 [pinn_trainer][flower][ak_k5][k=-][s=-] INFO L-BFGS  300/300  loss=5.2738e-06
2026-05-28 13:47:27 [pinn_trainer][flower][ak_k5][k=-][s=-] INFO Training done in 70.5 s
2026-05-28 13:47:27 [adaptive_k][flower][adaptive_k][k=adaptive][s=6] INFO   Win  9  k=5  [27.0→30.0 s]  interior_MAE=0.021°C  → k_next=5
2026-05-28 13:47:27 [adaptive_k][flower][adaptive_k][k=adaptive][s=6] INFO AdaptiveK done | wins=9 | FEM_solves=9/60 | FEM_saving=85% | MAE=2.196°C | L2=0.0168 | t=671 s
2026-05-28 13:47:27 [adaptive_k][flower][adaptive_k][k=adaptive][s=6] INFO k schedule: t=0.0s:k=1 → t=1.5s:k=1 → t=3.0s:k=1 → t=4.5s:k=1 → t=6.0s:k=2 → t=9.0s:k=3 → t=13.5s:k=4 → t=19.5s:k=5 → t=27.0s:k=5
2026-05-28 13:47:27 [adaptive_k][flower][adaptive_k][k=adaptive][s=6] INFO Saved → /home/coder/NAS-PINNS1/thermal_pinn/quenching_mswp/results/adaptive_k/flower/seed6_adaptive_nsga2_153
2026-05-28 13:47:28 [stage_adaptive_k][all][adaptive_k][k=-][s=-] INFO RESULT geo=flower   seed=6 | MAE=2.196°C | L2=0.0168 | FEM_solves=9/60 | FEM_saving=85%
2026-05-28 13:47:28 [stage_adaptive_k][all][adaptive_k][k=-][s=-] INFO AdaptiveK | geo=flower seed=7 arch=[153, 153, 153] thr_up=2.0 thr_dn=5.0
2026-05-28 13:47:28 [adaptive_k][flower][adaptive_k][k=adaptive][s=7] INFO AdaptiveK | arch=[153, 153, 153] | k=[1..5] | thr_up=2.0°C thr_dn=5.0°C | fourier=False
2026-05-28 13:47:28 [pinn_trainer][flower][ak_k1][k=-][s=-] INFO Training start: t=[0.0,1.5]s  epochs_adam=1000  epochs_lbfgs=300  params=47890
2026-05-28 13:47:32 [pinn_trainer][flower][ak_k1][k=-][s=-] INFO Adam     1/1000  loss=4.2001e+02  pde=4.1655e+02  bc=6.9102e-01  ic=0.0000e+00  fc=0.0000e+00
2026-05-28 13:48:03 [pinn_trainer][flower][ak_k1][k=-][s=-] INFO Adam   500/1000  loss=4.5021e+00  pde=3.3085e+00  bc=2.3870e-01  ic=0.0000e+00  fc=0.0000e+00
2026-05-28 13:48:34 [pinn_trainer][flower][ak_k1][k=-][s=-] INFO Adam  1000/1000  loss=2.7863e+00  pde=1.5117e+00  bc=2.5491e-01  ic=0.0000e+00  fc=0.0000e+00
2026-05-28 13:48:46 [pinn_trainer][flower][ak_k1][k=-][s=-] INFO L-BFGS  300/300  loss=2.9142e+00
2026-05-28 13:48:46 [pinn_trainer][flower][ak_k1][k=-][s=-] INFO Training done in 77.9 s
2026-05-28 13:48:46 [adaptive_k][flower][adaptive_k][k=adaptive][s=7] INFO   Win  1  k=1  [0.0→1.5 s]  interior_MAE=47.799°C  → k_next=1
2026-05-28 13:48:46 [pinn_trainer][flower][ak_k1][k=-][s=-] INFO Training start: t=[1.5,3.0]s  epochs_adam=1000  epochs_lbfgs=300  params=47890
2026-05-28 13:48:50 [pinn_trainer][flower][ak_k1][k=-][s=-] INFO Adam     1/1000  loss=2.1754e+01  pde=2.1029e+01  bc=1.4504e-01  ic=0.0000e+00  fc=0.0000e+00
2026-05-28 13:49:21 [pinn_trainer][flower][ak_k1][k=-][s=-] INFO Adam   500/1000  loss=2.7673e-01  pde=2.2077e-01  bc=1.1192e-02  ic=0.0000e+00  fc=0.0000e+00
2026-05-28 13:49:54 [pinn_trainer][flower][ak_k1][k=-][s=-] INFO Adam  1000/1000  loss=2.3457e-01  pde=1.8178e-01  bc=1.0558e-02  ic=0.0000e+00  fc=0.0000e+00
2026-05-28 13:50:06 [pinn_trainer][flower][ak_k1][k=-][s=-] INFO L-BFGS  300/300  loss=2.4315e-01
2026-05-28 13:50:06 [pinn_trainer][flower][ak_k1][k=-][s=-] INFO Training done in 80.6 s
2026-05-28 13:50:06 [adaptive_k][flower][adaptive_k][k=adaptive][s=7] INFO   Win  2  k=1  [1.5→3.0 s]  interior_MAE=11.439°C  → k_next=1
2026-05-28 13:50:06 [pinn_trainer][flower][ak_k1][k=-][s=-] INFO Training start: t=[3.0,4.5]s  epochs_adam=1000  epochs_lbfgs=300  params=47890
2026-05-28 13:50:11 [pinn_trainer][flower][ak_k1][k=-][s=-] INFO Adam     1/1000  loss=7.5594e+01  pde=7.4576e+01  bc=2.0344e-01  ic=0.0000e+00  fc=0.0000e+00
2026-05-28 13:50:44 [pinn_trainer][flower][ak_k1][k=-][s=-] INFO Adam   500/1000  loss=1.1196e-01  pde=1.0586e-01  bc=1.2196e-03  ic=0.0000e+00  fc=0.0000e+00
2026-05-28 13:51:17 [pinn_trainer][flower][ak_k1][k=-][s=-] INFO Adam  1000/1000  loss=1.2719e-02  pde=9.7867e-03  bc=5.8647e-04  ic=0.0000e+00  fc=0.0000e+00
2026-05-28 13:51:30 [pinn_trainer][flower][ak_k1][k=-][s=-] INFO L-BFGS  300/300  loss=1.3171e-02
2026-05-28 13:51:30 [pinn_trainer][flower][ak_k1][k=-][s=-] INFO Training done in 84.1 s
2026-05-28 13:51:31 [adaptive_k][flower][adaptive_k][k=adaptive][s=7] INFO   Win  3  k=1  [3.0→4.5 s]  interior_MAE=2.349°C  → k_next=1
2026-05-28 13:51:31 [pinn_trainer][flower][ak_k1][k=-][s=-] INFO Training start: t=[4.5,6.0]s  epochs_adam=1000  epochs_lbfgs=300  params=47890
2026-05-28 13:51:35 [pinn_trainer][flower][ak_k1][k=-][s=-] INFO Adam     1/1000  loss=7.0777e+01  pde=6.9770e+01  bc=2.0125e-01  ic=0.0000e+00  fc=0.0000e+00
2026-05-28 13:52:07 [pinn_trainer][flower][ak_k1][k=-][s=-] INFO Adam   500/1000  loss=4.6171e-03  pde=4.3583e-03  bc=5.1770e-05  ic=0.0000e+00  fc=0.0000e+00
2026-05-28 13:52:38 [pinn_trainer][flower][ak_k1][k=-][s=-] INFO Adam  1000/1000  loss=7.3903e-04  pde=5.7391e-04  bc=3.3024e-05  ic=0.0000e+00  fc=0.0000e+00
2026-05-28 13:52:50 [pinn_trainer][flower][ak_k1][k=-][s=-] INFO L-BFGS  300/300  loss=7.5970e-04
2026-05-28 13:52:50 [pinn_trainer][flower][ak_k1][k=-][s=-] INFO Training done in 79.6 s
2026-05-28 13:52:50 [adaptive_k][flower][adaptive_k][k=adaptive][s=7] INFO   Win  4  k=1  [4.5→6.0 s]  interior_MAE=0.545°C  → k_next=2
2026-05-28 13:52:50 [pinn_trainer][flower][ak_k2][k=-][s=-] INFO Training start: t=[6.0,9.0]s  epochs_adam=1000  epochs_lbfgs=300  params=47890
2026-05-28 13:52:54 [pinn_trainer][flower][ak_k2][k=-][s=-] INFO Adam     1/1000  loss=1.2164e+01  pde=1.0409e+01  bc=3.5089e-01  ic=0.0000e+00  fc=0.0000e+00
2026-05-28 13:53:25 [pinn_trainer][flower][ak_k2][k=-][s=-] INFO Adam   500/1000  loss=5.7108e-04  pde=5.5502e-04  bc=3.2123e-06  ic=0.0000e+00  fc=0.0000e+00
2026-05-28 13:53:56 [pinn_trainer][flower][ak_k2][k=-][s=-] INFO Adam  1000/1000  loss=1.5901e-05  pde=6.0678e-06  bc=1.9666e-06  ic=0.0000e+00  fc=0.0000e+00
2026-05-28 13:54:00 [pinn_trainer][flower][ak_k2][k=-][s=-] INFO L-BFGS  300/300  loss=1.7169e-05
2026-05-28 13:54:00 [pinn_trainer][flower][ak_k2][k=-][s=-] INFO Training done in 70.3 s
2026-05-28 13:54:00 [adaptive_k][flower][adaptive_k][k=adaptive][s=7] INFO   Win  5  k=2  [6.0→9.0 s]  interior_MAE=0.359°C  → k_next=3
2026-05-28 13:54:00 [pinn_trainer][flower][ak_k3][k=-][s=-] INFO Training start: t=[9.0,13.5]s  epochs_adam=1000  epochs_lbfgs=300  params=47890
2026-05-28 13:54:05 [pinn_trainer][flower][ak_k3][k=-][s=-] INFO Adam     1/1000  loss=5.1679e+00  pde=3.3656e+00  bc=3.6047e-01  ic=0.0000e+00  fc=0.0000e+00
2026-05-28 13:54:36 [pinn_trainer][flower][ak_k3][k=-][s=-] INFO Adam   500/1000  loss=3.2546e-03  pde=2.6289e-03  bc=1.2514e-04  ic=0.0000e+00  fc=0.0000e+00
2026-05-28 13:55:07 [pinn_trainer][flower][ak_k3][k=-][s=-] INFO Adam  1000/1000  loss=3.9504e-06  pde=3.1854e-06  bc=1.5299e-07  ic=0.0000e+00  fc=0.0000e+00
2026-05-28 13:55:11 [pinn_trainer][flower][ak_k3][k=-][s=-] INFO L-BFGS  300/300  loss=4.3273e-06
2026-05-28 13:55:11 [pinn_trainer][flower][ak_k3][k=-][s=-] INFO Training done in 70.8 s
2026-05-28 13:55:11 [adaptive_k][flower][adaptive_k][k=adaptive][s=7] INFO   Win  6  k=3  [9.0→13.5 s]  interior_MAE=0.039°C  → k_next=4
2026-05-28 13:55:11 [pinn_trainer][flower][ak_k4][k=-][s=-] INFO Training start: t=[13.5,19.5]s  epochs_adam=1000  epochs_lbfgs=300  params=47890
2026-05-28 13:55:16 [pinn_trainer][flower][ak_k4][k=-][s=-] INFO Adam     1/1000  loss=1.6360e+00  pde=1.0917e+00  bc=1.0885e-01  ic=0.0000e+00  fc=0.0000e+00
2026-05-28 13:55:47 [pinn_trainer][flower][ak_k4][k=-][s=-] INFO Adam   500/1000  loss=6.9183e-06  pde=5.2430e-06  bc=3.3505e-07  ic=0.0000e+00  fc=0.0000e+00
2026-05-28 13:56:18 [pinn_trainer][flower][ak_k4][k=-][s=-] INFO Adam  1000/1000  loss=2.2157e-06  pde=1.9040e-06  bc=6.2337e-08  ic=0.0000e+00  fc=0.0000e+00
2026-05-28 13:56:22 [pinn_trainer][flower][ak_k4][k=-][s=-] INFO L-BFGS  300/300  loss=2.1936e-06
2026-05-28 13:56:22 [pinn_trainer][flower][ak_k4][k=-][s=-] INFO Training done in 70.8 s
2026-05-28 13:56:22 [adaptive_k][flower][adaptive_k][k=adaptive][s=7] INFO   Win  7  k=4  [13.5→19.5 s]  interior_MAE=0.014°C  → k_next=5
2026-05-28 13:56:22 [pinn_trainer][flower][ak_k5][k=-][s=-] INFO Training start: t=[19.5,27.0]s  epochs_adam=1000  epochs_lbfgs=300  params=47890
2026-05-28 13:56:26 [pinn_trainer][flower][ak_k5][k=-][s=-] INFO Adam     1/1000  loss=2.9933e+00  pde=1.5640e+00  bc=2.8587e-01  ic=0.0000e+00  fc=0.0000e+00
2026-05-28 13:56:57 [pinn_trainer][flower][ak_k5][k=-][s=-] INFO Adam   500/1000  loss=2.3383e-06  pde=1.7479e-06  bc=1.1808e-07  ic=0.0000e+00  fc=0.0000e+00
2026-05-28 13:57:28 [pinn_trainer][flower][ak_k5][k=-][s=-] INFO Adam  1000/1000  loss=1.8166e-06  pde=1.3602e-06  bc=9.1280e-08  ic=0.0000e+00  fc=0.0000e+00
2026-05-28 13:57:33 [pinn_trainer][flower][ak_k5][k=-][s=-] INFO L-BFGS  300/300  loss=1.8395e-06
2026-05-28 13:57:33 [pinn_trainer][flower][ak_k5][k=-][s=-] INFO Training done in 70.6 s
2026-05-28 13:57:33 [adaptive_k][flower][adaptive_k][k=adaptive][s=7] INFO   Win  8  k=5  [19.5→27.0 s]  interior_MAE=0.011°C  → k_next=5
2026-05-28 13:57:33 [pinn_trainer][flower][ak_k5][k=-][s=-] INFO Training start: t=[27.0,30.0]s  epochs_adam=1000  epochs_lbfgs=300  params=47890
2026-05-28 13:57:37 [pinn_trainer][flower][ak_k5][k=-][s=-] INFO Adam     1/1000  loss=3.2786e+01  pde=2.8933e+01  bc=7.7057e-01  ic=0.0000e+00  fc=0.0000e+00
2026-05-28 13:58:08 [pinn_trainer][flower][ak_k5][k=-][s=-] INFO Adam   500/1000  loss=1.0127e-02  pde=1.0016e-02  bc=2.2120e-05  ic=0.0000e+00  fc=0.0000e+00
2026-05-28 13:58:39 [pinn_trainer][flower][ak_k5][k=-][s=-] INFO Adam  1000/1000  loss=3.9866e-06  pde=3.5416e-06  bc=8.9009e-08  ic=0.0000e+00  fc=0.0000e+00
2026-05-28 13:58:44 [pinn_trainer][flower][ak_k5][k=-][s=-] INFO L-BFGS  300/300  loss=4.1399e-06
2026-05-28 13:58:44 [pinn_trainer][flower][ak_k5][k=-][s=-] INFO Training done in 70.8 s
2026-05-28 13:58:44 [adaptive_k][flower][adaptive_k][k=adaptive][s=7] INFO   Win  9  k=5  [27.0→30.0 s]  interior_MAE=0.017°C  → k_next=5
2026-05-28 13:58:44 [adaptive_k][flower][adaptive_k][k=adaptive][s=7] INFO AdaptiveK done | wins=9 | FEM_solves=9/60 | FEM_saving=85% | MAE=2.113°C | L2=0.0161 | t=676 s
2026-05-28 13:58:44 [adaptive_k][flower][adaptive_k][k=adaptive][s=7] INFO k schedule: t=0.0s:k=1 → t=1.5s:k=1 → t=3.0s:k=1 → t=4.5s:k=1 → t=6.0s:k=2 → t=9.0s:k=3 → t=13.5s:k=4 → t=19.5s:k=5 → t=27.0s:k=5
2026-05-28 13:58:44 [adaptive_k][flower][adaptive_k][k=adaptive][s=7] INFO Saved → /home/coder/NAS-PINNS1/thermal_pinn/quenching_mswp/results/adaptive_k/flower/seed7_adaptive_nsga2_153
2026-05-28 13:58:44 [stage_adaptive_k][all][adaptive_k][k=-][s=-] INFO RESULT geo=flower   seed=7 | MAE=2.113°C | L2=0.0161 | FEM_solves=9/60 | FEM_saving=85%
2026-05-28 13:58:44 [stage_adaptive_k][all][adaptive_k][k=-][s=-] INFO AdaptiveK | geo=flower seed=8 arch=[153, 153, 153] thr_up=2.0 thr_dn=5.0
2026-05-28 13:58:44 [adaptive_k][flower][adaptive_k][k=adaptive][s=8] INFO AdaptiveK | arch=[153, 153, 153] | k=[1..5] | thr_up=2.0°C thr_dn=5.0°C | fourier=False
2026-05-28 13:58:44 [pinn_trainer][flower][ak_k1][k=-][s=-] INFO Training start: t=[0.0,1.5]s  epochs_adam=1000  epochs_lbfgs=300  params=47890
2026-05-28 13:58:48 [pinn_trainer][flower][ak_k1][k=-][s=-] INFO Adam     1/1000  loss=4.6546e+02  pde=4.6131e+02  bc=8.2965e-01  ic=0.0000e+00  fc=0.0000e+00
2026-05-28 13:59:19 [pinn_trainer][flower][ak_k1][k=-][s=-] INFO Adam   500/1000  loss=4.3178e+00  pde=3.0286e+00  bc=2.5784e-01  ic=0.0000e+00  fc=0.0000e+00
2026-05-28 13:59:50 [pinn_trainer][flower][ak_k1][k=-][s=-] INFO Adam  1000/1000  loss=3.0059e+00  pde=1.7294e+00  bc=2.5530e-01  ic=0.0000e+00  fc=0.0000e+00
2026-05-28 14:00:02 [pinn_trainer][flower][ak_k1][k=-][s=-] INFO L-BFGS  300/300  loss=3.1244e+00
2026-05-28 14:00:02 [pinn_trainer][flower][ak_k1][k=-][s=-] INFO Training done in 78.3 s
2026-05-28 14:00:02 [adaptive_k][flower][adaptive_k][k=adaptive][s=8] INFO   Win  1  k=1  [0.0→1.5 s]  interior_MAE=47.927°C  → k_next=1
2026-05-28 14:00:02 [pinn_trainer][flower][ak_k1][k=-][s=-] INFO Training start: t=[1.5,3.0]s  epochs_adam=1000  epochs_lbfgs=300  params=47890
2026-05-28 14:00:07 [pinn_trainer][flower][ak_k1][k=-][s=-] INFO Adam     1/1000  loss=3.7699e+01  pde=3.6779e+01  bc=1.8396e-01  ic=0.0000e+00  fc=0.0000e+00
2026-05-28 14:00:38 [pinn_trainer][flower][ak_k1][k=-][s=-] INFO Adam   500/1000  loss=2.6510e-01  pde=2.0872e-01  bc=1.1277e-02  ic=0.0000e+00  fc=0.0000e+00
2026-05-28 14:01:08 [pinn_trainer][flower][ak_k1][k=-][s=-] INFO Adam  1000/1000  loss=2.2822e-01  pde=1.7468e-01  bc=1.0709e-02  ic=0.0000e+00  fc=0.0000e+00
2026-05-28 14:01:20 [pinn_trainer][flower][ak_k1][k=-][s=-] INFO L-BFGS  300/300  loss=2.3702e-01
2026-05-28 14:01:20 [pinn_trainer][flower][ak_k1][k=-][s=-] INFO Training done in 78.0 s
2026-05-28 14:01:20 [adaptive_k][flower][adaptive_k][k=adaptive][s=8] INFO   Win  2  k=1  [1.5→3.0 s]  interior_MAE=11.365°C  → k_next=1
2026-05-28 14:01:20 [pinn_trainer][flower][ak_k1][k=-][s=-] INFO Training start: t=[3.0,4.5]s  epochs_adam=1000  epochs_lbfgs=300  params=47890
2026-05-28 14:01:25 [pinn_trainer][flower][ak_k1][k=-][s=-] INFO Adam     1/1000  loss=3.3965e+01  pde=3.1789e+01  bc=4.3501e-01  ic=0.0000e+00  fc=0.0000e+00
2026-05-28 14:01:55 [pinn_trainer][flower][ak_k1][k=-][s=-] INFO Adam   500/1000  loss=3.5608e-02  pde=3.2479e-02  bc=6.2577e-04  ic=0.0000e+00  fc=0.0000e+00
2026-05-28 14:02:26 [pinn_trainer][flower][ak_k1][k=-][s=-] INFO Adam  1000/1000  loss=1.3352e-02  pde=1.0380e-02  bc=5.9434e-04  ic=0.0000e+00  fc=0.0000e+00
2026-05-28 14:02:38 [pinn_trainer][flower][ak_k1][k=-][s=-] INFO L-BFGS  300/300  loss=1.3774e-02
2026-05-28 14:02:38 [pinn_trainer][flower][ak_k1][k=-][s=-] INFO Training done in 77.9 s
2026-05-28 14:02:38 [adaptive_k][flower][adaptive_k][k=adaptive][s=8] INFO   Win  3  k=1  [3.0→4.5 s]  interior_MAE=2.580°C  → k_next=1
2026-05-28 14:02:38 [pinn_trainer][flower][ak_k1][k=-][s=-] INFO Training start: t=[4.5,6.0]s  epochs_adam=1000  epochs_lbfgs=300  params=47890
2026-05-28 14:02:43 [pinn_trainer][flower][ak_k1][k=-][s=-] INFO Adam     1/1000  loss=1.7076e+02  pde=1.7032e+02  bc=8.9138e-02  ic=0.0000e+00  fc=0.0000e+00
2026-05-28 14:03:13 [pinn_trainer][flower][ak_k1][k=-][s=-] INFO Adam   500/1000  loss=1.4231e-02  pde=1.3668e-02  bc=1.1259e-04  ic=0.0000e+00  fc=0.0000e+00
2026-05-28 14:03:44 [pinn_trainer][flower][ak_k1][k=-][s=-] INFO Adam  1000/1000  loss=7.3895e-04  pde=5.3291e-04  bc=4.1209e-05  ic=0.0000e+00  fc=0.0000e+00
2026-05-28 14:03:57 [pinn_trainer][flower][ak_k1][k=-][s=-] INFO L-BFGS  300/300  loss=7.7149e-04
2026-05-28 14:03:57 [pinn_trainer][flower][ak_k1][k=-][s=-] INFO Training done in 78.3 s
2026-05-28 14:03:57 [adaptive_k][flower][adaptive_k][k=adaptive][s=8] INFO   Win  4  k=1  [4.5→6.0 s]  interior_MAE=0.559°C  → k_next=2
2026-05-28 14:03:57 [pinn_trainer][flower][ak_k2][k=-][s=-] INFO Training start: t=[6.0,9.0]s  epochs_adam=1000  epochs_lbfgs=300  params=47890
2026-05-28 14:04:01 [pinn_trainer][flower][ak_k2][k=-][s=-] INFO Adam     1/1000  loss=2.7080e+00  pde=2.2618e+00  bc=8.9227e-02  ic=0.0000e+00  fc=0.0000e+00
2026-05-28 14:04:31 [pinn_trainer][flower][ak_k2][k=-][s=-] INFO Adam   500/1000  loss=2.4913e-03  pde=2.3196e-03  bc=3.4349e-05  ic=0.0000e+00  fc=0.0000e+00
2026-05-28 14:05:02 [pinn_trainer][flower][ak_k2][k=-][s=-] INFO Adam  1000/1000  loss=1.2803e-05  pde=3.4895e-06  bc=1.8626e-06  ic=0.0000e+00  fc=0.0000e+00
2026-05-28 14:05:06 [pinn_trainer][flower][ak_k2][k=-][s=-] INFO L-BFGS  300/300  loss=1.3782e-05
2026-05-28 14:05:06 [pinn_trainer][flower][ak_k2][k=-][s=-] INFO Training done in 69.5 s
2026-05-28 14:05:06 [adaptive_k][flower][adaptive_k][k=adaptive][s=8] INFO   Win  5  k=2  [6.0→9.0 s]  interior_MAE=0.361°C  → k_next=3
2026-05-28 14:05:06 [pinn_trainer][flower][ak_k3][k=-][s=-] INFO Training start: t=[9.0,13.5]s  epochs_adam=1000  epochs_lbfgs=300  params=47890
2026-05-28 14:05:10 [pinn_trainer][flower][ak_k3][k=-][s=-] INFO Adam     1/1000  loss=6.1836e+00  pde=6.0666e+00  bc=2.3405e-02  ic=0.0000e+00  fc=0.0000e+00
2026-05-28 14:05:42 [pinn_trainer][flower][ak_k3][k=-][s=-] INFO Adam   500/1000  loss=1.4128e-03  pde=1.2819e-03  bc=2.6181e-05  ic=0.0000e+00  fc=0.0000e+00
2026-05-28 14:06:12 [pinn_trainer][flower][ak_k3][k=-][s=-] INFO Adam  1000/1000  loss=1.5761e-06  pde=9.7560e-07  bc=1.2009e-07  ic=0.0000e+00  fc=0.0000e+00
2026-05-28 14:06:17 [pinn_trainer][flower][ak_k3][k=-][s=-] INFO L-BFGS  300/300  loss=1.4800e-06
2026-05-28 14:06:17 [pinn_trainer][flower][ak_k3][k=-][s=-] INFO Training done in 70.5 s
2026-05-28 14:06:17 [adaptive_k][flower][adaptive_k][k=adaptive][s=8] INFO   Win  6  k=3  [9.0→13.5 s]  interior_MAE=0.078°C  → k_next=4
2026-05-28 14:06:17 [pinn_trainer][flower][ak_k4][k=-][s=-] INFO Training start: t=[13.5,19.5]s  epochs_adam=1000  epochs_lbfgs=300  params=47890
2026-05-28 14:06:21 [pinn_trainer][flower][ak_k4][k=-][s=-] INFO Adam     1/1000  loss=1.5171e+00  pde=8.1636e-01  bc=1.4016e-01  ic=0.0000e+00  fc=0.0000e+00
2026-05-28 14:06:51 [pinn_trainer][flower][ak_k4][k=-][s=-] INFO Adam   500/1000  loss=2.6856e-06  pde=2.2154e-06  bc=9.4041e-08  ic=0.0000e+00  fc=0.0000e+00
2026-05-28 14:07:22 [pinn_trainer][flower][ak_k4][k=-][s=-] INFO Adam  1000/1000  loss=1.1931e-06  pde=1.0338e-06  bc=3.1860e-08  ic=0.0000e+00  fc=0.0000e+00
2026-05-28 14:07:26 [pinn_trainer][flower][ak_k4][k=-][s=-] INFO L-BFGS  300/300  loss=1.2005e-06
2026-05-28 14:07:26 [pinn_trainer][flower][ak_k4][k=-][s=-] INFO Training done in 69.7 s
2026-05-28 14:07:26 [adaptive_k][flower][adaptive_k][k=adaptive][s=8] INFO   Win  7  k=4  [13.5→19.5 s]  interior_MAE=0.008°C  → k_next=5
2026-05-28 14:07:26 [pinn_trainer][flower][ak_k5][k=-][s=-] INFO Training start: t=[19.5,27.0]s  epochs_adam=1000  epochs_lbfgs=300  params=47890
2026-05-28 14:07:31 [pinn_trainer][flower][ak_k5][k=-][s=-] INFO Adam     1/1000  loss=5.0162e-01  pde=2.0774e-01  bc=5.8776e-02  ic=0.0000e+00  fc=0.0000e+00
2026-05-28 14:08:01 [pinn_trainer][flower][ak_k5][k=-][s=-] INFO Adam   500/1000  loss=1.8911e-06  pde=1.3881e-06  bc=1.0058e-07  ic=0.0000e+00  fc=0.0000e+00
2026-05-28 14:08:32 [pinn_trainer][flower][ak_k5][k=-][s=-] INFO Adam  1000/1000  loss=1.3823e-06  pde=9.7700e-07  bc=8.1056e-08  ic=0.0000e+00  fc=0.0000e+00
2026-05-28 14:08:36 [pinn_trainer][flower][ak_k5][k=-][s=-] INFO L-BFGS  300/300  loss=1.3084e-06
2026-05-28 14:08:36 [pinn_trainer][flower][ak_k5][k=-][s=-] INFO Training done in 69.5 s
2026-05-28 14:08:36 [adaptive_k][flower][adaptive_k][k=adaptive][s=8] INFO   Win  8  k=5  [19.5→27.0 s]  interior_MAE=0.011°C  → k_next=5
2026-05-28 14:08:36 [pinn_trainer][flower][ak_k5][k=-][s=-] INFO Training start: t=[27.0,30.0]s  epochs_adam=1000  epochs_lbfgs=300  params=47890
2026-05-28 14:08:40 [pinn_trainer][flower][ak_k5][k=-][s=-] INFO Adam     1/1000  loss=3.0938e+00  pde=2.8201e+00  bc=5.4741e-02  ic=0.0000e+00  fc=0.0000e+00
2026-05-28 14:09:11 [pinn_trainer][flower][ak_k5][k=-][s=-] INFO Adam   500/1000  loss=2.3957e-02  pde=1.8785e-02  bc=1.0345e-03  ic=0.0000e+00  fc=0.0000e+00
2026-05-28 14:09:42 [pinn_trainer][flower][ak_k5][k=-][s=-] INFO Adam  1000/1000  loss=4.6917e-06  pde=3.7778e-06  bc=1.8278e-07  ic=0.0000e+00  fc=0.0000e+00
2026-05-28 14:09:46 [pinn_trainer][flower][ak_k5][k=-][s=-] INFO L-BFGS  300/300  loss=4.7663e-06
2026-05-28 14:09:46 [pinn_trainer][flower][ak_k5][k=-][s=-] INFO Training done in 70.0 s
2026-05-28 14:09:46 [adaptive_k][flower][adaptive_k][k=adaptive][s=8] INFO   Win  9  k=5  [27.0→30.0 s]  interior_MAE=0.036°C  → k_next=5
2026-05-28 14:09:46 [adaptive_k][flower][adaptive_k][k=adaptive][s=8] INFO AdaptiveK done | wins=9 | FEM_solves=9/60 | FEM_saving=85% | MAE=2.129°C | L2=0.0166 | t=662 s
2026-05-28 14:09:46 [adaptive_k][flower][adaptive_k][k=adaptive][s=8] INFO k schedule: t=0.0s:k=1 → t=1.5s:k=1 → t=3.0s:k=1 → t=4.5s:k=1 → t=6.0s:k=2 → t=9.0s:k=3 → t=13.5s:k=4 → t=19.5s:k=5 → t=27.0s:k=5
2026-05-28 14:09:46 [adaptive_k][flower][adaptive_k][k=adaptive][s=8] INFO Saved → /home/coder/NAS-PINNS1/thermal_pinn/quenching_mswp/results/adaptive_k/flower/seed8_adaptive_nsga2_153
2026-05-28 14:09:47 [stage_adaptive_k][all][adaptive_k][k=-][s=-] INFO RESULT geo=flower   seed=8 | MAE=2.129°C | L2=0.0166 | FEM_solves=9/60 | FEM_saving=85%
2026-05-28 14:09:47 [stage_adaptive_k][all][adaptive_k][k=-][s=-] INFO AdaptiveK | geo=flower seed=9 arch=[153, 153, 153] thr_up=2.0 thr_dn=5.0
2026-05-28 14:09:47 [adaptive_k][flower][adaptive_k][k=adaptive][s=9] INFO AdaptiveK | arch=[153, 153, 153] | k=[1..5] | thr_up=2.0°C thr_dn=5.0°C | fourier=False
2026-05-28 14:09:47 [pinn_trainer][flower][ak_k1][k=-][s=-] INFO Training start: t=[0.0,1.5]s  epochs_adam=1000  epochs_lbfgs=300  params=47890
2026-05-28 14:09:51 [pinn_trainer][flower][ak_k1][k=-][s=-] INFO Adam     1/1000  loss=2.8221e+02  pde=2.7701e+02  bc=1.0395e+00  ic=0.0000e+00  fc=0.0000e+00
2026-05-28 14:10:22 [pinn_trainer][flower][ak_k1][k=-][s=-] INFO Adam   500/1000  loss=3.1376e+00  pde=1.8114e+00  bc=2.6525e-01  ic=0.0000e+00  fc=0.0000e+00
2026-05-28 14:10:52 [pinn_trainer][flower][ak_k1][k=-][s=-] INFO Adam  1000/1000  loss=2.5421e+00  pde=1.3137e+00  bc=2.4569e-01  ic=0.0000e+00  fc=0.0000e+00
2026-05-28 14:11:04 [pinn_trainer][flower][ak_k1][k=-][s=-] INFO L-BFGS  300/300  loss=2.6362e+00
2026-05-28 14:11:04 [pinn_trainer][flower][ak_k1][k=-][s=-] INFO Training done in 77.6 s
2026-05-28 14:11:04 [adaptive_k][flower][adaptive_k][k=adaptive][s=9] INFO   Win  1  k=1  [0.0→1.5 s]  interior_MAE=46.821°C  → k_next=1
2026-05-28 14:11:04 [pinn_trainer][flower][ak_k1][k=-][s=-] INFO Training start: t=[1.5,3.0]s  epochs_adam=1000  epochs_lbfgs=300  params=47890
2026-05-28 14:11:08 [pinn_trainer][flower][ak_k1][k=-][s=-] INFO Adam     1/1000  loss=3.7434e+01  pde=3.7215e+01  bc=4.3703e-02  ic=0.0000e+00  fc=0.0000e+00
2026-05-28 14:11:39 [pinn_trainer][flower][ak_k1][k=-][s=-] INFO Adam   500/1000  loss=3.2217e-01  pde=2.6628e-01  bc=1.1177e-02  ic=0.0000e+00  fc=0.0000e+00
2026-05-28 14:12:09 [pinn_trainer][flower][ak_k1][k=-][s=-] INFO Adam  1000/1000  loss=1.9495e-01  pde=1.4035e-01  bc=1.0919e-02  ic=0.0000e+00  fc=0.0000e+00
2026-05-28 14:12:22 [pinn_trainer][flower][ak_k1][k=-][s=-] INFO L-BFGS  300/300  loss=2.0110e-01
2026-05-28 14:12:22 [pinn_trainer][flower][ak_k1][k=-][s=-] INFO Training done in 77.5 s
2026-05-28 14:12:22 [adaptive_k][flower][adaptive_k][k=adaptive][s=9] INFO   Win  2  k=1  [1.5→3.0 s]  interior_MAE=11.602°C  → k_next=1
2026-05-28 14:12:22 [pinn_trainer][flower][ak_k1][k=-][s=-] INFO Training start: t=[3.0,4.5]s  epochs_adam=1000  epochs_lbfgs=300  params=47890
2026-05-28 14:12:26 [pinn_trainer][flower][ak_k1][k=-][s=-] INFO Adam     1/1000  loss=2.4691e+01  pde=2.4058e+01  bc=1.2654e-01  ic=0.0000e+00  fc=0.0000e+00
2026-05-28 14:12:58 [pinn_trainer][flower][ak_k1][k=-][s=-] INFO Adam   500/1000  loss=3.1215e-02  pde=2.7218e-02  bc=7.9933e-04  ic=0.0000e+00  fc=0.0000e+00
2026-05-28 14:13:30 [pinn_trainer][flower][ak_k1][k=-][s=-] INFO Adam  1000/1000  loss=1.2489e-02  pde=9.5872e-03  bc=5.8030e-04  ic=0.0000e+00  fc=0.0000e+00
2026-05-28 14:13:43 [pinn_trainer][flower][ak_k1][k=-][s=-] INFO L-BFGS  300/300  loss=1.3040e-02
2026-05-28 14:13:43 [pinn_trainer][flower][ak_k1][k=-][s=-] INFO Training done in 80.8 s
2026-05-28 14:13:43 [adaptive_k][flower][adaptive_k][k=adaptive][s=9] INFO   Win  3  k=1  [3.0→4.5 s]  interior_MAE=2.417°C  → k_next=1
2026-05-28 14:13:43 [pinn_trainer][flower][ak_k1][k=-][s=-] INFO Training start: t=[4.5,6.0]s  epochs_adam=1000  epochs_lbfgs=300  params=47890
2026-05-28 14:13:47 [pinn_trainer][flower][ak_k1][k=-][s=-] INFO Adam     1/1000  loss=2.2409e+01  pde=2.1154e+01  bc=2.5105e-01  ic=0.0000e+00  fc=0.0000e+00
2026-05-28 14:14:22 [pinn_trainer][flower][ak_k1][k=-][s=-] INFO Adam   500/1000  loss=1.3446e-02  pde=1.3118e-02  bc=6.5574e-05  ic=0.0000e+00  fc=0.0000e+00
2026-05-28 14:14:53 [pinn_trainer][flower][ak_k1][k=-][s=-] INFO Adam  1000/1000  loss=6.6061e-04  pde=4.9814e-04  bc=3.2494e-05  ic=0.0000e+00  fc=0.0000e+00
2026-05-28 14:15:05 [pinn_trainer][flower][ak_k1][k=-][s=-] INFO L-BFGS  300/300  loss=6.8429e-04
2026-05-28 14:15:05 [pinn_trainer][flower][ak_k1][k=-][s=-] INFO Training done in 82.5 s
2026-05-28 14:15:05 [adaptive_k][flower][adaptive_k][k=adaptive][s=9] INFO   Win  4  k=1  [4.5→6.0 s]  interior_MAE=0.558°C  → k_next=2
2026-05-28 14:15:05 [pinn_trainer][flower][ak_k2][k=-][s=-] INFO Training start: t=[6.0,9.0]s  epochs_adam=1000  epochs_lbfgs=300  params=47890
2026-05-28 14:15:09 [pinn_trainer][flower][ak_k2][k=-][s=-] INFO Adam     1/1000  loss=2.3786e+01  pde=1.8609e+01  bc=1.0354e+00  ic=0.0000e+00  fc=0.0000e+00
2026-05-28 14:15:40 [pinn_trainer][flower][ak_k2][k=-][s=-] INFO Adam   500/1000  loss=2.4992e-03  pde=2.3808e-03  bc=2.3673e-05  ic=0.0000e+00  fc=0.0000e+00
2026-05-28 14:16:11 [pinn_trainer][flower][ak_k2][k=-][s=-] INFO Adam  1000/1000  loss=1.5775e-05  pde=4.9243e-06  bc=2.1702e-06  ic=0.0000e+00  fc=0.0000e+00
2026-05-28 14:16:16 [pinn_trainer][flower][ak_k2][k=-][s=-] INFO L-BFGS  300/300  loss=1.6798e-05
2026-05-28 14:16:16 [pinn_trainer][flower][ak_k2][k=-][s=-] INFO Training done in 70.8 s
2026-05-28 14:16:16 [adaptive_k][flower][adaptive_k][k=adaptive][s=9] INFO   Win  5  k=2  [6.0→9.0 s]  interior_MAE=0.378°C  → k_next=3
2026-05-28 14:16:16 [pinn_trainer][flower][ak_k3][k=-][s=-] INFO Training start: t=[9.0,13.5]s  epochs_adam=1000  epochs_lbfgs=300  params=47890
2026-05-28 14:16:20 [pinn_trainer][flower][ak_k3][k=-][s=-] INFO Adam     1/1000  loss=8.8485e+00  pde=8.3666e+00  bc=9.6384e-02  ic=0.0000e+00  fc=0.0000e+00
2026-05-28 14:16:51 [pinn_trainer][flower][ak_k3][k=-][s=-] INFO Adam   500/1000  loss=5.9503e-03  pde=3.8554e-03  bc=4.1898e-04  ic=0.0000e+00  fc=0.0000e+00
2026-05-28 14:17:22 [pinn_trainer][flower][ak_k3][k=-][s=-] INFO Adam  1000/1000  loss=1.5356e-06  pde=1.1592e-06  bc=7.5280e-08  ic=0.0000e+00  fc=0.0000e+00
2026-05-28 14:17:26 [pinn_trainer][flower][ak_k3][k=-][s=-] INFO L-BFGS  300/300  loss=1.5619e-06
2026-05-28 14:17:26 [pinn_trainer][flower][ak_k3][k=-][s=-] INFO Training done in 70.3 s
2026-05-28 14:17:26 [adaptive_k][flower][adaptive_k][k=adaptive][s=9] INFO   Win  6  k=3  [9.0→13.5 s]  interior_MAE=0.028°C  → k_next=4
2026-05-28 14:17:26 [pinn_trainer][flower][ak_k4][k=-][s=-] INFO Training start: t=[13.5,19.5]s  epochs_adam=1000  epochs_lbfgs=300  params=47890
2026-05-28 14:17:31 [pinn_trainer][flower][ak_k4][k=-][s=-] INFO Adam     1/1000  loss=2.7008e+00  pde=1.6053e+00  bc=2.1911e-01  ic=0.0000e+00  fc=0.0000e+00
2026-05-28 14:18:01 [pinn_trainer][flower][ak_k4][k=-][s=-] INFO Adam   500/1000  loss=2.0664e-06  pde=1.6615e-06  bc=8.0976e-08  ic=0.0000e+00  fc=0.0000e+00
2026-05-28 14:18:32 [pinn_trainer][flower][ak_k4][k=-][s=-] INFO Adam  1000/1000  loss=1.2982e-06  pde=1.1294e-06  bc=3.3751e-08  ic=0.0000e+00  fc=0.0000e+00
2026-05-28 14:18:36 [pinn_trainer][flower][ak_k4][k=-][s=-] INFO L-BFGS  300/300  loss=1.2992e-06
2026-05-28 14:18:36 [pinn_trainer][flower][ak_k4][k=-][s=-] INFO Training done in 70.0 s
2026-05-28 14:18:36 [adaptive_k][flower][adaptive_k][k=adaptive][s=9] INFO   Win  7  k=4  [13.5→19.5 s]  interior_MAE=0.008°C  → k_next=5
2026-05-28 14:18:36 [pinn_trainer][flower][ak_k5][k=-][s=-] INFO Training start: t=[19.5,27.0]s  epochs_adam=1000  epochs_lbfgs=300  params=47890
2026-05-28 14:18:40 [pinn_trainer][flower][ak_k5][k=-][s=-] INFO Adam     1/1000  loss=1.3329e+00  pde=1.1288e+00  bc=4.0828e-02  ic=0.0000e+00  fc=0.0000e+00
2026-05-28 14:19:11 [pinn_trainer][flower][ak_k5][k=-][s=-] INFO Adam   500/1000  loss=1.4322e-06  pde=1.2292e-06  bc=4.0612e-08  ic=0.0000e+00  fc=0.0000e+00
2026-05-28 14:19:42 [pinn_trainer][flower][ak_k5][k=-][s=-] INFO Adam  1000/1000  loss=1.2224e-06  pde=1.0330e-06  bc=3.7890e-08  ic=0.0000e+00  fc=0.0000e+00
2026-05-28 14:19:46 [pinn_trainer][flower][ak_k5][k=-][s=-] INFO L-BFGS  300/300  loss=1.2070e-06
2026-05-28 14:19:46 [pinn_trainer][flower][ak_k5][k=-][s=-] INFO Training done in 70.1 s
2026-05-28 14:19:46 [adaptive_k][flower][adaptive_k][k=adaptive][s=9] INFO   Win  8  k=5  [19.5→27.0 s]  interior_MAE=0.020°C  → k_next=5
2026-05-28 14:19:46 [pinn_trainer][flower][ak_k5][k=-][s=-] INFO Training start: t=[27.0,30.0]s  epochs_adam=1000  epochs_lbfgs=300  params=47890
2026-05-28 14:19:51 [pinn_trainer][flower][ak_k5][k=-][s=-] INFO Adam     1/1000  loss=2.3256e+00  pde=1.8449e+00  bc=9.6133e-02  ic=0.0000e+00  fc=0.0000e+00
2026-05-28 14:20:21 [pinn_trainer][flower][ak_k5][k=-][s=-] INFO Adam   500/1000  loss=1.5501e-03  pde=1.4220e-03  bc=2.5610e-05  ic=0.0000e+00  fc=0.0000e+00
2026-05-28 14:20:52 [pinn_trainer][flower][ak_k5][k=-][s=-] INFO Adam  1000/1000  loss=3.5971e-06  pde=3.0395e-06  bc=1.1153e-07  ic=0.0000e+00  fc=0.0000e+00
2026-05-28 14:20:56 [pinn_trainer][flower][ak_k5][k=-][s=-] INFO L-BFGS  300/300  loss=3.6021e-06
2026-05-28 14:20:56 [pinn_trainer][flower][ak_k5][k=-][s=-] INFO Training done in 69.6 s
2026-05-28 14:20:56 [adaptive_k][flower][adaptive_k][k=adaptive][s=9] INFO   Win  9  k=5  [27.0→30.0 s]  interior_MAE=0.026°C  → k_next=5
2026-05-28 14:20:56 [adaptive_k][flower][adaptive_k][k=adaptive][s=9] INFO AdaptiveK done | wins=9 | FEM_solves=9/60 | FEM_saving=85% | MAE=2.090°C | L2=0.0164 | t=670 s
2026-05-28 14:20:56 [adaptive_k][flower][adaptive_k][k=adaptive][s=9] INFO k schedule: t=0.0s:k=1 → t=1.5s:k=1 → t=3.0s:k=1 → t=4.5s:k=1 → t=6.0s:k=2 → t=9.0s:k=3 → t=13.5s:k=4 → t=19.5s:k=5 → t=27.0s:k=5
2026-05-28 14:20:56 [adaptive_k][flower][adaptive_k][k=adaptive][s=9] INFO Saved → /home/coder/NAS-PINNS1/thermal_pinn/quenching_mswp/results/adaptive_k/flower/seed9_adaptive_nsga2_153
2026-05-28 14:20:57 [stage_adaptive_k][all][adaptive_k][k=-][s=-] INFO RESULT geo=flower   seed=9 | MAE=2.090°C | L2=0.0164 | FEM_solves=9/60 | FEM_saving=85%

========================================================================
  FEM vs AdaptiveK — SQUARE
========================================================================
  t(s)    FEM mean(°C)  AdaptiveK mean(°C)    MAE(°C)    FEM max  AdaptiveK max
------------------------------------------------------------------------
     5           38.61               40.69      2.083      39.69         43.02
    10           20.67               21.10      0.431      20.71         21.18
    15           20.02               20.04      0.017      20.03         20.05
    20           20.00               20.00      0.009      20.00         20.03
    25           20.00               20.02      0.020      20.00         20.07
    30           20.00               20.00      0.000      20.00         20.00

Figure saved → /home/coder/NAS-PINNS1/thermal_pinn/quenching_mswp/figures/adaptive_k/adaptive_k_square_adaptive_nsga2_153.png

========================================================================
  FEM vs AdaptiveK — SQUARE
========================================================================
  t(s)    FEM mean(°C)  AdaptiveK mean(°C)    MAE(°C)    FEM max  AdaptiveK max
------------------------------------------------------------------------
     5           38.61               40.65      2.042      39.69         42.98
    10           20.67               21.06      0.395      20.71         21.15
    15           20.02               20.02      0.014      20.03         20.06
    20           20.00               19.99      0.009      20.00         20.01
    25           20.00               19.96      0.037      20.00         19.98
    30           20.00               20.00      0.000      20.00         20.00

Figure saved → /home/coder/NAS-PINNS1/thermal_pinn/quenching_mswp/figures/adaptive_k/adaptive_k_square_adaptive_nsga2_153.png

========================================================================
  FEM vs AdaptiveK — SQUARE
========================================================================
  t(s)    FEM mean(°C)  AdaptiveK mean(°C)    MAE(°C)    FEM max  AdaptiveK max
------------------------------------------------------------------------
     5           38.61               40.63      2.019      39.69         42.96
    10           20.67               21.13      0.465      20.71         21.22
    15           20.02               20.04      0.021      20.03         20.07
    20           20.00               20.01      0.007      20.00         20.03
    25           20.00               19.98      0.016      20.00         20.00
    30           20.00               20.00      0.000      20.00         20.00

Figure saved → /home/coder/NAS-PINNS1/thermal_pinn/quenching_mswp/figures/adaptive_k/adaptive_k_square_adaptive_nsga2_153.png

========================================================================
  FEM vs AdaptiveK — SQUARE
========================================================================
  t(s)    FEM mean(°C)  AdaptiveK mean(°C)    MAE(°C)    FEM max  AdaptiveK max
------------------------------------------------------------------------
     5           38.61               40.73      2.117      39.69         43.05
    10           20.67               21.09      0.420      20.71         21.17
    15           20.02               20.06      0.038      20.03         20.08
    20           20.00               20.00      0.009      20.00         20.03
    25           20.00               20.00      0.006      20.00         20.02
    30           20.00               20.00      0.000      20.00         20.00

Figure saved → /home/coder/NAS-PINNS1/thermal_pinn/quenching_mswp/figures/adaptive_k/adaptive_k_square_adaptive_nsga2_153.png

========================================================================
  FEM vs AdaptiveK — SQUARE
========================================================================
  t(s)    FEM mean(°C)  AdaptiveK mean(°C)    MAE(°C)    FEM max  AdaptiveK max
------------------------------------------------------------------------
     5           38.61               40.71      2.099      39.69         43.04
    10           20.67               21.12      0.451      20.71         21.20
    15           20.02               20.04      0.016      20.03         20.06
    20           20.00               20.00      0.003      20.00         20.01
    25           20.00               19.98      0.016      20.00         20.01
    30           20.00               20.00      0.000      20.00         20.00

Figure saved → /home/coder/NAS-PINNS1/thermal_pinn/quenching_mswp/figures/adaptive_k/adaptive_k_square_adaptive_nsga2_153.png

========================================================================
  FEM vs AdaptiveK — SQUARE
========================================================================
  t(s)    FEM mean(°C)  AdaptiveK mean(°C)    MAE(°C)    FEM max  AdaptiveK max
------------------------------------------------------------------------
     5           38.61               40.49      1.883      39.69         42.84
    10           20.67               21.13      0.459      20.71         21.21
    15           20.02               20.08      0.057      20.03         20.11
    20           20.00               20.00      0.007      20.00         20.02
    25           20.00               20.02      0.021      20.00         20.06
    30           20.00               20.00      0.000      20.00         20.00

Figure saved → /home/coder/NAS-PINNS1/thermal_pinn/quenching_mswp/figures/adaptive_k/adaptive_k_square_adaptive_nsga2_153.png

========================================================================
  FEM vs AdaptiveK — SQUARE
========================================================================
  t(s)    FEM mean(°C)  AdaptiveK mean(°C)    MAE(°C)    FEM max  AdaptiveK max
------------------------------------------------------------------------
     5           38.61               40.66      2.046      39.69         42.97
    10           20.67               21.05      0.378      20.71         21.14
    15           20.02               20.06      0.031      20.03         20.08
    20           20.00               20.00      0.008      20.00         20.02
    25           20.00               19.99      0.017      20.00         20.05
    30           20.00               20.00      0.000      20.00         20.00

Figure saved → /home/coder/NAS-PINNS1/thermal_pinn/quenching_mswp/figures/adaptive_k/adaptive_k_square_adaptive_nsga2_153.png

========================================================================
  FEM vs AdaptiveK — SQUARE
========================================================================
  t(s)    FEM mean(°C)  AdaptiveK mean(°C)    MAE(°C)    FEM max  AdaptiveK max
------------------------------------------------------------------------
     5           38.61               40.62      2.015      39.69         42.96
    10           20.67               21.13      0.459      20.71         21.21
    15           20.02               20.06      0.032      20.03         20.10
    20           20.00               20.00      0.004      20.00         20.01
    25           20.00               19.99      0.005      20.00         20.00
    30           20.00               20.00      0.000      20.00         20.00

Figure saved → /home/coder/NAS-PINNS1/thermal_pinn/quenching_mswp/figures/adaptive_k/adaptive_k_square_adaptive_nsga2_153.png

========================================================================
  FEM vs AdaptiveK — SQUARE
========================================================================
  t(s)    FEM mean(°C)  AdaptiveK mean(°C)    MAE(°C)    FEM max  AdaptiveK max
------------------------------------------------------------------------
     5           38.61               40.69      2.083      39.69         43.01
    10           20.67               21.13      0.465      20.71         21.22
    15           20.02               20.06      0.039      20.03         20.13
    20           20.00               20.00      0.007      20.00         20.02
    25           20.00               19.98      0.021      20.00         20.02
    30           20.00               20.00      0.000      20.00         20.00

Figure saved → /home/coder/NAS-PINNS1/thermal_pinn/quenching_mswp/figures/adaptive_k/adaptive_k_square_adaptive_nsga2_153.png

========================================================================
  FEM vs AdaptiveK — CIRCLE
========================================================================
  t(s)    FEM mean(°C)  AdaptiveK mean(°C)    MAE(°C)    FEM max  AdaptiveK max
------------------------------------------------------------------------
     5           37.80               39.80      1.998      38.47         41.27
    10           20.61               21.02      0.414      20.63         21.07
    15           20.02               20.03      0.014      20.02         20.04
    20           20.00               20.00      0.008      20.00         20.02
    25           20.00               20.02      0.022      20.00         20.04
    30           20.00               20.00      0.000      20.00         20.00

Figure saved → /home/coder/NAS-PINNS1/thermal_pinn/quenching_mswp/figures/adaptive_k/adaptive_k_circle_adaptive_nsga2_153.png

========================================================================
  FEM vs AdaptiveK — CIRCLE
========================================================================
  t(s)    FEM mean(°C)  AdaptiveK mean(°C)    MAE(°C)    FEM max  AdaptiveK max
------------------------------------------------------------------------
     5           37.80               40.01      2.209      38.47         41.47
    10           20.61               21.01      0.407      20.63         21.07
    15           20.02               20.03      0.013      20.02         20.05
    20           20.00               19.99      0.009      20.00         20.00
    25           20.00               19.95      0.047      20.00         19.97
    30           20.00               20.00      0.000      20.00         20.00

Figure saved → /home/coder/NAS-PINNS1/thermal_pinn/quenching_mswp/figures/adaptive_k/adaptive_k_circle_adaptive_nsga2_153.png

========================================================================
  FEM vs AdaptiveK — CIRCLE
========================================================================
  t(s)    FEM mean(°C)  AdaptiveK mean(°C)    MAE(°C)    FEM max  AdaptiveK max
------------------------------------------------------------------------
     5           37.80               39.80      1.997      38.47         41.27
    10           20.61               21.04      0.431      20.63         21.09
    15           20.02               20.00      0.022      20.02         20.02
    20           20.00               20.01      0.010      20.00         20.04
    25           20.00               20.01      0.015      20.00         20.04
    30           20.00               20.00      0.000      20.00         20.00

Figure saved → /home/coder/NAS-PINNS1/thermal_pinn/quenching_mswp/figures/adaptive_k/adaptive_k_circle_adaptive_nsga2_153.png

========================================================================
  FEM vs AdaptiveK — CIRCLE
========================================================================
  t(s)    FEM mean(°C)  AdaptiveK mean(°C)    MAE(°C)    FEM max  AdaptiveK max
------------------------------------------------------------------------
     5           37.80               39.77      1.965      38.47         41.24
    10           20.61               21.01      0.405      20.63         21.06
    15           20.02               20.05      0.032      20.02         20.06
    20           20.00               20.00      0.008      20.00         20.03
    25           20.00               20.01      0.011      20.00         20.03
    30           20.00               20.00      0.000      20.00         20.00

Figure saved → /home/coder/NAS-PINNS1/thermal_pinn/quenching_mswp/figures/adaptive_k/adaptive_k_circle_adaptive_nsga2_153.png

========================================================================
  FEM vs AdaptiveK — CIRCLE
========================================================================
  t(s)    FEM mean(°C)  AdaptiveK mean(°C)    MAE(°C)    FEM max  AdaptiveK max
------------------------------------------------------------------------
     5           37.80               39.80      1.996      38.47         41.26
    10           20.61               21.04      0.428      20.63         21.08
    15           20.02               20.03      0.014      20.02         20.08
    20           20.00               20.00      0.005      20.00         20.02
    25           20.00               19.97      0.032      20.00         19.99
    30           20.00               20.00      0.000      20.00         20.00

Figure saved → /home/coder/NAS-PINNS1/thermal_pinn/quenching_mswp/figures/adaptive_k/adaptive_k_circle_adaptive_nsga2_153.png

========================================================================
  FEM vs AdaptiveK — CIRCLE
========================================================================
  t(s)    FEM mean(°C)  AdaptiveK mean(°C)    MAE(°C)    FEM max  AdaptiveK max
------------------------------------------------------------------------
     5           37.80               39.84      2.042      38.47         41.30
    10           20.61               21.03      0.427      20.63         21.08
    15           20.02               20.04      0.019      20.02         20.07
    20           20.00               20.00      0.003      20.00         20.02
    25           20.00               20.01      0.014      20.00         20.03
    30           20.00               20.00      0.000      20.00         20.00

Figure saved → /home/coder/NAS-PINNS1/thermal_pinn/quenching_mswp/figures/adaptive_k/adaptive_k_circle_adaptive_nsga2_153.png

========================================================================
  FEM vs AdaptiveK — CIRCLE
========================================================================
  t(s)    FEM mean(°C)  AdaptiveK mean(°C)    MAE(°C)    FEM max  AdaptiveK max
------------------------------------------------------------------------
     5           37.80               39.78      1.974      38.47         41.24
    10           20.61               21.05      0.440      20.63         21.10
    15           20.02               20.05      0.025      20.02         20.06
    20           20.00               20.00      0.008      20.00         20.02
    25           20.00               19.98      0.025      20.00         20.01
    30           20.00               20.00      0.000      20.00         20.00

Figure saved → /home/coder/NAS-PINNS1/thermal_pinn/quenching_mswp/figures/adaptive_k/adaptive_k_circle_adaptive_nsga2_153.png

========================================================================
  FEM vs AdaptiveK — CIRCLE
========================================================================
  t(s)    FEM mean(°C)  AdaptiveK mean(°C)    MAE(°C)    FEM max  AdaptiveK max
------------------------------------------------------------------------
     5           37.80               39.84      2.039      38.47         41.31
    10           20.61               21.07      0.458      20.63         21.11
    15           20.02               20.04      0.020      20.02         20.07
    20           20.00               20.00      0.004      20.00         20.02
    25           20.00               19.99      0.011      20.00         20.01
    30           20.00               20.00      0.000      20.00         20.00

Figure saved → /home/coder/NAS-PINNS1/thermal_pinn/quenching_mswp/figures/adaptive_k/adaptive_k_circle_adaptive_nsga2_153.png

========================================================================
  FEM vs AdaptiveK — CIRCLE
========================================================================
  t(s)    FEM mean(°C)  AdaptiveK mean(°C)    MAE(°C)    FEM max  AdaptiveK max
------------------------------------------------------------------------
     5           37.80               39.61      1.805      38.47         41.10
    10           20.61               20.95      0.341      20.63         21.00
    15           20.02               20.05      0.034      20.02         20.08
    20           20.00               20.00      0.008      20.00         20.02
    25           20.00               19.98      0.018      20.00         20.01
    30           20.00               20.00      0.000      20.00         20.00

Figure saved → /home/coder/NAS-PINNS1/thermal_pinn/quenching_mswp/figures/adaptive_k/adaptive_k_circle_adaptive_nsga2_153.png

========================================================================
  FEM vs AdaptiveK — LSHAPE
========================================================================
  t(s)    FEM mean(°C)  AdaptiveK mean(°C)    MAE(°C)    FEM max  AdaptiveK max
------------------------------------------------------------------------
     5           73.01               75.15      4.267      78.96         87.43
    10           25.46               26.56      1.101      26.08         27.94
    15           20.56               20.73      0.173      20.63         20.95
    20           20.06               20.13      0.071      20.06         20.16
    25           20.01               19.98      0.028      20.01         20.01
    30           20.00               20.00      0.000      20.00         20.00

Figure saved → /home/coder/NAS-PINNS1/thermal_pinn/quenching_mswp/figures/adaptive_k/adaptive_k_lshape_adaptive_nsga2_153.png

========================================================================
  FEM vs AdaptiveK — LSHAPE
========================================================================
  t(s)    FEM mean(°C)  AdaptiveK mean(°C)    MAE(°C)    FEM max  AdaptiveK max
------------------------------------------------------------------------
     5           73.01               75.85      4.503      78.96         88.11
    10           25.46               26.45      1.000      26.08         27.83
    15           20.56               20.73      0.174      20.63         20.96
    20           20.06               20.13      0.075      20.06         20.17
    25           20.01               20.06      0.049      20.01         20.08
    30           20.00               20.00      0.000      20.00         20.00

Figure saved → /home/coder/NAS-PINNS1/thermal_pinn/quenching_mswp/figures/adaptive_k/adaptive_k_lshape_adaptive_nsga2_153.png

========================================================================
  FEM vs AdaptiveK — LSHAPE
========================================================================
  t(s)    FEM mean(°C)  AdaptiveK mean(°C)    MAE(°C)    FEM max  AdaptiveK max
------------------------------------------------------------------------
     5           73.01               75.91      4.489      78.96         88.14
    10           25.46               26.47      1.020      26.08         27.87
    15           20.56               20.74      0.184      20.63         20.98
    20           20.06               20.11      0.051      20.06         20.16
    25           20.01               19.97      0.038      20.01         20.02
    30           20.00               20.00      0.000      20.00         20.00

Figure saved → /home/coder/NAS-PINNS1/thermal_pinn/quenching_mswp/figures/adaptive_k/adaptive_k_lshape_adaptive_nsga2_153.png

========================================================================
  FEM vs AdaptiveK — LSHAPE
========================================================================
  t(s)    FEM mean(°C)  AdaptiveK mean(°C)    MAE(°C)    FEM max  AdaptiveK max
------------------------------------------------------------------------
     5           73.01               75.72      4.439      78.96         87.88
    10           25.46               24.87      0.629      26.08         26.26
    15           20.56               20.56      0.000      20.63         20.63
    20           20.06               20.07      0.019      20.06         20.10
    25           20.01               19.97      0.037      20.01         20.05
    30           20.00               20.00      0.000      20.00         20.00

Figure saved → /home/coder/NAS-PINNS1/thermal_pinn/quenching_mswp/figures/adaptive_k/adaptive_k_lshape_adaptive_nsga2_153.png

========================================================================
  FEM vs AdaptiveK — LSHAPE
========================================================================
  t(s)    FEM mean(°C)  AdaptiveK mean(°C)    MAE(°C)    FEM max  AdaptiveK max
------------------------------------------------------------------------
     5           73.01               75.50      4.339      78.96         87.76
    10           25.46               26.48      1.026      26.08         27.87
    15           20.56               20.78      0.222      20.63         21.02
    20           20.06               20.11      0.052      20.06         20.17
    25           20.01               19.99      0.020      20.01         20.01
    30           20.00               20.00      0.000      20.00         20.00

Figure saved → /home/coder/NAS-PINNS1/thermal_pinn/quenching_mswp/figures/adaptive_k/adaptive_k_lshape_adaptive_nsga2_153.png

========================================================================
  FEM vs AdaptiveK — LSHAPE
========================================================================
  t(s)    FEM mean(°C)  AdaptiveK mean(°C)    MAE(°C)    FEM max  AdaptiveK max
------------------------------------------------------------------------
     5           73.01               75.29      4.168      78.96         87.71
    10           25.46               25.02      0.544      26.08         26.43
    15           20.56               20.56      0.000      20.63         20.63
    20           20.06               20.09      0.031      20.06         20.12
    25           20.01               19.96      0.047      20.01         20.06
    30           20.00               20.00      0.000      20.00         20.00

Figure saved → /home/coder/NAS-PINNS1/thermal_pinn/quenching_mswp/figures/adaptive_k/adaptive_k_lshape_adaptive_nsga2_153.png

========================================================================
  FEM vs AdaptiveK — LSHAPE
========================================================================
  t(s)    FEM mean(°C)  AdaptiveK mean(°C)    MAE(°C)    FEM max  AdaptiveK max
------------------------------------------------------------------------
     5           73.01               76.03      4.461      78.96         87.81
    10           25.46               26.54      1.087      26.08         27.91
    15           20.56               20.76      0.201      20.63         20.98
    20           20.06               20.14      0.080      20.06         20.17
    25           20.01               20.03      0.024      20.01         20.06
    30           20.00               20.00      0.000      20.00         20.00

Figure saved → /home/coder/NAS-PINNS1/thermal_pinn/quenching_mswp/figures/adaptive_k/adaptive_k_lshape_adaptive_nsga2_153.png

========================================================================
  FEM vs AdaptiveK — LSHAPE
========================================================================
  t(s)    FEM mean(°C)  AdaptiveK mean(°C)    MAE(°C)    FEM max  AdaptiveK max
------------------------------------------------------------------------
     5           73.01               76.31      4.566      78.96         88.38
    10           25.46               26.49      1.033      26.08         27.88
    15           20.56               20.76      0.202      20.63         20.99
    20           20.06               20.13      0.072      20.06         20.16
    25           20.01               19.99      0.019      20.01         20.02
    30           20.00               20.00      0.000      20.00         20.00

Figure saved → /home/coder/NAS-PINNS1/thermal_pinn/quenching_mswp/figures/adaptive_k/adaptive_k_lshape_adaptive_nsga2_153.png

========================================================================
  FEM vs AdaptiveK — LSHAPE
========================================================================
  t(s)    FEM mean(°C)  AdaptiveK mean(°C)    MAE(°C)    FEM max  AdaptiveK max
------------------------------------------------------------------------
     5           73.01               75.98      4.487      78.96         88.04
    10           25.46               26.63      1.168      26.08         27.95
    15           20.56               20.76      0.204      20.63         21.00
    20           20.06               20.10      0.045      20.06         20.13
    25           20.01               20.01      0.008      20.01         20.05
    30           20.00               20.00      0.000      20.00         20.00

Figure saved → /home/coder/NAS-PINNS1/thermal_pinn/quenching_mswp/figures/adaptive_k/adaptive_k_lshape_adaptive_nsga2_153.png

========================================================================
  FEM vs AdaptiveK — FLOWER
========================================================================
  t(s)    FEM mean(°C)  AdaptiveK mean(°C)    MAE(°C)    FEM max  AdaptiveK max
------------------------------------------------------------------------
     5           24.01               24.92      0.906      24.37         25.77
    10           20.03               20.07      0.036      20.03         20.09
    15           20.00               20.00      0.004      20.00         20.02
    20           20.00               20.00      0.011      20.00         20.03
    25           20.00               20.03      0.026      20.00         20.04
    30           20.00               20.00      0.000      20.00         20.00

Figure saved → /home/coder/NAS-PINNS1/thermal_pinn/quenching_mswp/figures/adaptive_k/adaptive_k_flower_adaptive_nsga2_153.png

========================================================================
  FEM vs AdaptiveK — FLOWER
========================================================================
  t(s)    FEM mean(°C)  AdaptiveK mean(°C)    MAE(°C)    FEM max  AdaptiveK max
------------------------------------------------------------------------
     5           24.01               24.97      0.959      24.37         25.81
    10           20.03               20.11      0.081      20.03         20.21
    15           20.00               19.99      0.016      20.00         20.03
    20           20.00               19.99      0.009      20.00         20.00
    25           20.00               19.95      0.045      20.00         19.97
    30           20.00               20.00      0.000      20.00         20.00

Figure saved → /home/coder/NAS-PINNS1/thermal_pinn/quenching_mswp/figures/adaptive_k/adaptive_k_flower_adaptive_nsga2_153.png

========================================================================
  FEM vs AdaptiveK — FLOWER
========================================================================
  t(s)    FEM mean(°C)  AdaptiveK mean(°C)    MAE(°C)    FEM max  AdaptiveK max
------------------------------------------------------------------------
     5           24.01               24.88      0.868      24.37         25.74
    10           20.03               20.07      0.037      20.03         20.08
    15           20.00               19.94      0.058      20.00         19.97
    20           20.00               20.00      0.011      20.00         20.03
    25           20.00               20.01      0.019      20.00         20.06
    30           20.00               20.00      0.000      20.00         20.00

Figure saved → /home/coder/NAS-PINNS1/thermal_pinn/quenching_mswp/figures/adaptive_k/adaptive_k_flower_adaptive_nsga2_153.png

========================================================================
  FEM vs AdaptiveK — FLOWER
========================================================================
  t(s)    FEM mean(°C)  AdaptiveK mean(°C)    MAE(°C)    FEM max  AdaptiveK max
------------------------------------------------------------------------
     5           24.01               24.99      0.976      24.37         25.83
    10           20.03               20.03      0.008      20.03         20.05
    15           20.00               20.01      0.014      20.00         20.03
    20           20.00               20.01      0.009      20.00         20.04
    25           20.00               20.00      0.016      20.00         20.06
    30           20.00               20.00      0.000      20.00         20.00

Figure saved → /home/coder/NAS-PINNS1/thermal_pinn/quenching_mswp/figures/adaptive_k/adaptive_k_flower_adaptive_nsga2_153.png

========================================================================
  FEM vs AdaptiveK — FLOWER
========================================================================
  t(s)    FEM mean(°C)  AdaptiveK mean(°C)    MAE(°C)    FEM max  AdaptiveK max
------------------------------------------------------------------------
     5           24.01               24.89      0.873      24.37         25.74
    10           20.03               20.08      0.052      20.03         20.12
    15           20.00               19.98      0.026      20.00         20.02
    20           20.00               20.00      0.005      20.00         20.02
    25           20.00               20.00      0.008      20.00         20.04
    30           20.00               20.00      0.000      20.00         20.00

Figure saved → /home/coder/NAS-PINNS1/thermal_pinn/quenching_mswp/figures/adaptive_k/adaptive_k_flower_adaptive_nsga2_153.png

========================================================================
  FEM vs AdaptiveK — FLOWER
========================================================================
  t(s)    FEM mean(°C)  AdaptiveK mean(°C)    MAE(°C)    FEM max  AdaptiveK max
------------------------------------------------------------------------
     5           24.01               24.88      0.860      24.37         25.73
    10           20.03               20.09      0.054      20.03         20.11
    15           20.00               20.01      0.013      20.00         20.04
    20           20.00               20.00      0.009      20.00         20.05
    25           20.00               20.02      0.024      20.00         20.05
    30           20.00               20.00      0.000      20.00         20.00

Figure saved → /home/coder/NAS-PINNS1/thermal_pinn/quenching_mswp/figures/adaptive_k/adaptive_k_flower_adaptive_nsga2_153.png

========================================================================
  FEM vs AdaptiveK — FLOWER
========================================================================
  t(s)    FEM mean(°C)  AdaptiveK mean(°C)    MAE(°C)    FEM max  AdaptiveK max
------------------------------------------------------------------------
     5           24.01               24.87      0.859      24.37         25.73
    10           20.03               20.08      0.052      20.03         20.13
    15           20.00               19.99      0.015      20.00         20.02
    20           20.00               20.00      0.007      20.00         20.03
    25           20.00               19.99      0.013      20.00         20.05
    30           20.00               20.00      0.000      20.00         20.00

Figure saved → /home/coder/NAS-PINNS1/thermal_pinn/quenching_mswp/figures/adaptive_k/adaptive_k_flower_adaptive_nsga2_153.png

========================================================================
  FEM vs AdaptiveK — FLOWER
========================================================================
  t(s)    FEM mean(°C)  AdaptiveK mean(°C)    MAE(°C)    FEM max  AdaptiveK max
------------------------------------------------------------------------
     5           24.01               24.90      0.882      24.37         25.75
    10           20.03               20.12      0.084      20.03         20.16
    15           20.00               19.99      0.010      20.00         20.02
    20           20.00               20.00      0.005      20.00         20.02
    25           20.00               20.00      0.010      20.00         20.04
    30           20.00               20.00      0.000      20.00         20.00

Figure saved → /home/coder/NAS-PINNS1/thermal_pinn/quenching_mswp/figures/adaptive_k/adaptive_k_flower_adaptive_nsga2_153.png

========================================================================
  FEM vs AdaptiveK — FLOWER
========================================================================
  t(s)    FEM mean(°C)  AdaptiveK mean(°C)    MAE(°C)    FEM max  AdaptiveK max
------------------------------------------------------------------------
     5           24.01               24.90      0.882      24.37         25.75
    10           20.03               20.08      0.044      20.03         20.10
    15           20.00               20.00      0.009      20.00         20.04
    20           20.00               20.00      0.008      20.00         20.01
    25           20.00               19.98      0.020      20.00         20.03
    30           20.00               20.00      0.000      20.00         20.00

Figure saved → /home/coder/NAS-PINNS1/thermal_pinn/quenching_mswp/figures/adaptive_k/adaptive_k_flower_adaptive_nsga2_153.png
