2026-05-24 21:56:42 [adaptive_k][square][adaptive_k][k=adaptive][s=0] INFO AdaptiveK | arch=[151, 151, 151, 151, 151] | k=[1..5] | thr_up=2.0°C thr_dn=5.0°C | fourier=True
2026-05-24 21:57:34 [adaptive_k][square][adaptive_k][k=adaptive][s=0] INFO   Win  1  k=1  [0.0→1.5 s]  interior_MAE=22.333°C  → k_next=1
2026-05-24 21:58:25 [adaptive_k][square][adaptive_k][k=adaptive][s=0] INFO   Win  2  k=1  [1.5→3.0 s]  interior_MAE=11.211°C  → k_next=1
2026-05-24 21:59:15 [adaptive_k][square][adaptive_k][k=adaptive][s=0] INFO   Win  3  k=1  [3.0→4.5 s]  interior_MAE=5.263°C  → k_next=1
2026-05-24 22:00:05 [adaptive_k][square][adaptive_k][k=adaptive][s=0] INFO   Win  4  k=1  [4.5→6.0 s]  interior_MAE=1.742°C  → k_next=2
2026-05-24 22:00:58 [adaptive_k][square][adaptive_k][k=adaptive][s=0] INFO   Win  5  k=2  [6.0→9.0 s]  interior_MAE=1.496°C  → k_next=3
2026-05-24 22:01:50 [adaptive_k][square][adaptive_k][k=adaptive][s=0] INFO   Win  6  k=3  [9.0→13.5 s]  interior_MAE=0.280°C  → k_next=4
2026-05-24 22:02:39 [adaptive_k][square][adaptive_k][k=adaptive][s=0] INFO   Win  7  k=4  [13.5→19.5 s]  interior_MAE=0.043°C  → k_next=5
2026-05-24 22:03:29 [adaptive_k][square][adaptive_k][k=adaptive][s=0] INFO   Win  8  k=5  [19.5→27.0 s]  interior_MAE=0.005°C  → k_next=5
2026-05-24 22:04:19 [adaptive_k][square][adaptive_k][k=adaptive][s=0] INFO   Win  9  k=5  [27.0→30.0 s]  interior_MAE=0.006°C  → k_next=5
2026-05-24 22:04:19 [adaptive_k][square][adaptive_k][k=adaptive][s=0] INFO AdaptiveK done | wins=9 | FEM_solves=9/60 | FEM_saving=85% | MAE=1.523°C | L2=0.0171 | t=457 s
2026-05-24 22:04:19 [adaptive_k][square][adaptive_k][k=adaptive][s=0] INFO k schedule: t=0.0s:k=1 → t=1.5s:k=1 → t=3.0s:k=1 → t=4.5s:k=1 → t=6.0s:k=2 → t=9.0s:k=3 → t=13.5s:k=4 → t=19.5s:k=5 → t=27.0s:k=5
2026-05-24 22:04:19 [adaptive_k][square][adaptive_k][k=adaptive][s=0] INFO Saved → /home/coder/NAS-PINNS1/thermal_pinn/quenching_mswp/results/adaptive_k/square/seed0
2026-05-24 22:10:13 [adaptive_k][circle][adaptive_k][k=adaptive][s=0] INFO AdaptiveK | arch=[151, 151, 151, 151, 151] | k=[1..5] | thr_up=2.0°C thr_dn=5.0°C | fourier=True
2026-05-24 22:11:10 [adaptive_k][circle][adaptive_k][k=adaptive][s=0] INFO   Win  1  k=1  [0.0→1.5 s]  interior_MAE=20.981°C  → k_next=1
2026-05-24 22:12:02 [adaptive_k][circle][adaptive_k][k=adaptive][s=0] INFO   Win  2  k=1  [1.5→3.0 s]  interior_MAE=10.018°C  → k_next=1
2026-05-24 22:12:52 [adaptive_k][circle][adaptive_k][k=adaptive][s=0] INFO   Win  3  k=1  [3.0→4.5 s]  interior_MAE=5.152°C  → k_next=1
2026-05-24 22:13:43 [adaptive_k][circle][adaptive_k][k=adaptive][s=0] INFO   Win  4  k=1  [4.5→6.0 s]  interior_MAE=1.860°C  → k_next=2
2026-05-24 22:14:35 [adaptive_k][circle][adaptive_k][k=adaptive][s=0] INFO   Win  5  k=2  [6.0→9.0 s]  interior_MAE=1.472°C  → k_next=3
2026-05-24 22:15:27 [adaptive_k][circle][adaptive_k][k=adaptive][s=0] INFO   Win  6  k=3  [9.0→13.5 s]  interior_MAE=0.274°C  → k_next=4
2026-05-24 22:16:19 [adaptive_k][circle][adaptive_k][k=adaptive][s=0] INFO   Win  7  k=4  [13.5→19.5 s]  interior_MAE=0.005°C  → k_next=5
2026-05-24 22:17:10 [adaptive_k][circle][adaptive_k][k=adaptive][s=0] INFO   Win  8  k=5  [19.5→27.0 s]  interior_MAE=0.003°C  → k_next=5
2026-05-24 22:18:03 [adaptive_k][circle][adaptive_k][k=adaptive][s=0] INFO   Win  9  k=5  [27.0→30.0 s]  interior_MAE=0.038°C  → k_next=5
2026-05-24 22:18:03 [adaptive_k][circle][adaptive_k][k=adaptive][s=0] INFO AdaptiveK done | wins=9 | FEM_solves=9/60 | FEM_saving=85% | MAE=1.431°C | L2=0.0164 | t=470 s
2026-05-24 22:18:03 [adaptive_k][circle][adaptive_k][k=adaptive][s=0] INFO k schedule: t=0.0s:k=1 → t=1.5s:k=1 → t=3.0s:k=1 → t=4.5s:k=1 → t=6.0s:k=2 → t=9.0s:k=3 → t=13.5s:k=4 → t=19.5s:k=5 → t=27.0s:k=5
2026-05-24 22:18:03 [adaptive_k][circle][adaptive_k][k=adaptive][s=0] INFO Saved → /home/coder/NAS-PINNS1/thermal_pinn/quenching_mswp/results/adaptive_k/circle/seed0
2026-05-24 22:18:05 [adaptive_k][lshape][adaptive_k][k=adaptive][s=0] INFO AdaptiveK | arch=[151, 151, 151, 151, 151] | k=[1..5] | thr_up=2.0°C thr_dn=5.0°C | fourier=True
2026-05-24 22:18:57 [adaptive_k][lshape][adaptive_k][k=adaptive][s=0] INFO   Win  1  k=1  [0.0→1.5 s]  interior_MAE=19.360°C  → k_next=1
2026-05-24 22:19:47 [adaptive_k][lshape][adaptive_k][k=adaptive][s=0] INFO   Win  2  k=1  [1.5→3.0 s]  interior_MAE=5.737°C  → k_next=1
2026-05-24 22:20:38 [adaptive_k][lshape][adaptive_k][k=adaptive][s=0] INFO   Win  3  k=1  [3.0→4.5 s]  interior_MAE=3.002°C  → k_next=1
2026-05-24 22:21:31 [adaptive_k][lshape][adaptive_k][k=adaptive][s=0] INFO   Win  4  k=1  [4.5→6.0 s]  interior_MAE=1.799°C  → k_next=2
2026-05-24 22:22:23 [adaptive_k][lshape][adaptive_k][k=adaptive][s=0] INFO   Win  5  k=2  [6.0→9.0 s]  interior_MAE=2.959°C  → k_next=2
2026-05-24 22:23:13 [adaptive_k][lshape][adaptive_k][k=adaptive][s=0] INFO   Win  6  k=2  [9.0→12.0 s]  interior_MAE=0.801°C  → k_next=3
2026-05-24 22:24:05 [adaptive_k][lshape][adaptive_k][k=adaptive][s=0] INFO   Win  7  k=3  [12.0→16.5 s]  interior_MAE=0.355°C  → k_next=4
2026-05-24 22:24:56 [adaptive_k][lshape][adaptive_k][k=adaptive][s=0] INFO   Win  8  k=4  [16.5→22.5 s]  interior_MAE=0.056°C  → k_next=5
2026-05-24 22:25:48 [adaptive_k][lshape][adaptive_k][k=adaptive][s=0] INFO   Win  9  k=5  [22.5→30.0 s]  interior_MAE=0.002°C  → k_next=5
2026-05-24 22:25:48 [adaptive_k][lshape][adaptive_k][k=adaptive][s=0] INFO AdaptiveK done | wins=9 | FEM_solves=9/60 | FEM_saving=85% | MAE=1.368°C | L2=0.0173 | t=463 s
2026-05-24 22:25:48 [adaptive_k][lshape][adaptive_k][k=adaptive][s=0] INFO k schedule: t=0.0s:k=1 → t=1.5s:k=1 → t=3.0s:k=1 → t=4.5s:k=1 → t=6.0s:k=2 → t=9.0s:k=2 → t=12.0s:k=3 → t=16.5s:k=4 → t=22.5s:k=5
2026-05-24 22:25:48 [adaptive_k][lshape][adaptive_k][k=adaptive][s=0] INFO Saved → /home/coder/NAS-PINNS1/thermal_pinn/quenching_mswp/results/adaptive_k/lshape/seed0
2026-05-24 22:25:49 [adaptive_k][flower][adaptive_k][k=adaptive][s=0] INFO AdaptiveK | arch=[151, 151, 151, 151, 151] | k=[1..5] | thr_up=2.0°C thr_dn=5.0°C | fourier=True
2026-05-24 22:27:08 [adaptive_k][flower][adaptive_k][k=adaptive][s=0] INFO   Win  1  k=1  [0.0→1.5 s]  interior_MAE=32.420°C  → k_next=1
2026-05-24 22:28:25 [adaptive_k][flower][adaptive_k][k=adaptive][s=0] INFO   Win  2  k=1  [1.5→3.0 s]  interior_MAE=11.099°C  → k_next=1
2026-05-24 22:29:44 [adaptive_k][flower][adaptive_k][k=adaptive][s=0] INFO   Win  3  k=1  [3.0→4.5 s]  interior_MAE=3.136°C  → k_next=1
2026-05-24 22:31:02 [adaptive_k][flower][adaptive_k][k=adaptive][s=0] INFO   Win  4  k=1  [4.5→6.0 s]  interior_MAE=0.779°C  → k_next=2
2026-05-24 22:32:19 [adaptive_k][flower][adaptive_k][k=adaptive][s=0] INFO   Win  5  k=2  [6.0→9.0 s]  interior_MAE=0.371°C  → k_next=3
2026-05-24 22:33:36 [adaptive_k][flower][adaptive_k][k=adaptive][s=0] INFO   Win  6  k=3  [9.0→13.5 s]  interior_MAE=0.042°C  → k_next=4
2026-05-24 22:34:53 [adaptive_k][flower][adaptive_k][k=adaptive][s=0] INFO   Win  7  k=4  [13.5→19.5 s]  interior_MAE=0.008°C  → k_next=5
2026-05-24 22:36:13 [adaptive_k][flower][adaptive_k][k=adaptive][s=0] INFO   Win  8  k=5  [19.5→27.0 s]  interior_MAE=0.000°C  → k_next=5
2026-05-24 22:37:36 [adaptive_k][flower][adaptive_k][k=adaptive][s=0] INFO   Win  9  k=5  [27.0→30.0 s]  interior_MAE=0.000°C  → k_next=5
2026-05-24 22:37:36 [adaptive_k][flower][adaptive_k][k=adaptive][s=0] INFO AdaptiveK done | wins=9 | FEM_solves=9/60 | FEM_saving=85% | MAE=1.619°C | L2=0.0152 | t=707 s
2026-05-24 22:37:36 [adaptive_k][flower][adaptive_k][k=adaptive][s=0] INFO k schedule: t=0.0s:k=1 → t=1.5s:k=1 → t=3.0s:k=1 → t=4.5s:k=1 → t=6.0s:k=2 → t=9.0s:k=3 → t=13.5s:k=4 → t=19.5s:k=5 → t=27.0s:k=5
2026-05-24 22:37:36 [adaptive_k][flower][adaptive_k][k=adaptive][s=0] INFO Saved → /home/coder/NAS-PINNS1/thermal_pinn/quenching_mswp/results/adaptive_k/flower/seed0
2026-05-24 22:52:09 [adaptive_k][square][adaptive_k][k=adaptive][s=0] INFO AdaptiveK | arch=[50, 110, 70, 50] | k=[1..5] | thr_up=2.0°C thr_dn=5.0°C | fourier=False
2026-05-24 22:53:04 [adaptive_k][square][adaptive_k][k=adaptive][s=0] INFO   Win  1  k=1  [0.0→1.5 s]  interior_MAE=23.522°C  → k_next=1
2026-05-24 22:53:57 [adaptive_k][square][adaptive_k][k=adaptive][s=0] INFO   Win  2  k=1  [1.5→3.0 s]  interior_MAE=11.710°C  → k_next=1
2026-05-24 22:54:51 [adaptive_k][square][adaptive_k][k=adaptive][s=0] INFO   Win  3  k=1  [3.0→4.5 s]  interior_MAE=4.488°C  → k_next=1
2026-05-24 22:55:44 [adaptive_k][square][adaptive_k][k=adaptive][s=0] INFO   Win  4  k=1  [4.5→6.0 s]  interior_MAE=1.579°C  → k_next=2
2026-05-24 22:56:38 [adaptive_k][square][adaptive_k][k=adaptive][s=0] INFO   Win  5  k=2  [6.0→9.0 s]  interior_MAE=0.746°C  → k_next=3
2026-05-24 22:57:28 [adaptive_k][square][adaptive_k][k=adaptive][s=0] INFO   Win  6  k=3  [9.0→13.5 s]  interior_MAE=0.116°C  → k_next=4
2026-05-24 22:58:22 [adaptive_k][square][adaptive_k][k=adaptive][s=0] INFO   Win  7  k=4  [13.5→19.5 s]  interior_MAE=0.076°C  → k_next=5
2026-05-24 22:59:10 [adaptive_k][square][adaptive_k][k=adaptive][s=0] INFO   Win  8  k=5  [19.5→27.0 s]  interior_MAE=0.019°C  → k_next=5
2026-05-24 23:00:03 [adaptive_k][square][adaptive_k][k=adaptive][s=0] INFO   Win  9  k=5  [27.0→30.0 s]  interior_MAE=0.019°C  → k_next=5
2026-05-24 23:00:03 [adaptive_k][square][adaptive_k][k=adaptive][s=0] INFO AdaptiveK done | wins=9 | FEM_solves=9/60 | FEM_saving=85% | MAE=1.474°C | L2=0.0143 | t=473 s
2026-05-24 23:00:03 [adaptive_k][square][adaptive_k][k=adaptive][s=0] INFO k schedule: t=0.0s:k=1 → t=1.5s:k=1 → t=3.0s:k=1 → t=4.5s:k=1 → t=6.0s:k=2 → t=9.0s:k=3 → t=13.5s:k=4 → t=19.5s:k=5 → t=27.0s:k=5
2026-05-24 23:00:03 [adaptive_k][square][adaptive_k][k=adaptive][s=0] INFO Saved → /home/coder/NAS-PINNS1/thermal_pinn/quenching_mswp/results/adaptive_k/square/seed0
2026-05-24 23:05:22 [adaptive_k][circle][adaptive_k][k=adaptive][s=0] INFO AdaptiveK | arch=[50, 110, 70, 50] | k=[1..5] | thr_up=2.0°C thr_dn=5.0°C | fourier=False
2026-05-24 23:06:24 [adaptive_k][circle][adaptive_k][k=adaptive][s=0] INFO   Win  1  k=1  [0.0→1.5 s]  interior_MAE=23.644°C  → k_next=1
2026-05-24 23:07:23 [adaptive_k][circle][adaptive_k][k=adaptive][s=0] INFO   Win  2  k=1  [1.5→3.0 s]  interior_MAE=10.424°C  → k_next=1
2026-05-24 23:08:23 [adaptive_k][circle][adaptive_k][k=adaptive][s=0] INFO   Win  3  k=1  [3.0→4.5 s]  interior_MAE=4.113°C  → k_next=1
2026-05-24 23:09:24 [adaptive_k][circle][adaptive_k][k=adaptive][s=0] INFO   Win  4  k=1  [4.5→6.0 s]  interior_MAE=1.473°C  → k_next=2
2026-05-24 23:10:23 [adaptive_k][circle][adaptive_k][k=adaptive][s=0] INFO   Win  5  k=2  [6.0→9.0 s]  interior_MAE=0.673°C  → k_next=3
2026-05-24 23:11:22 [adaptive_k][circle][adaptive_k][k=adaptive][s=0] INFO   Win  6  k=3  [9.0→13.5 s]  interior_MAE=0.102°C  → k_next=4
2026-05-24 23:12:19 [adaptive_k][circle][adaptive_k][k=adaptive][s=0] INFO   Win  7  k=4  [13.5→19.5 s]  interior_MAE=0.011°C  → k_next=5
2026-05-24 23:13:13 [adaptive_k][circle][adaptive_k][k=adaptive][s=0] INFO   Win  8  k=5  [19.5→27.0 s]  interior_MAE=0.066°C  → k_next=5
2026-05-24 23:14:11 [adaptive_k][circle][adaptive_k][k=adaptive][s=0] INFO   Win  9  k=5  [27.0→30.0 s]  interior_MAE=0.026°C  → k_next=5
2026-05-24 23:14:11 [adaptive_k][circle][adaptive_k][k=adaptive][s=0] INFO AdaptiveK done | wins=9 | FEM_solves=9/60 | FEM_saving=85% | MAE=1.411°C | L2=0.0129 | t=529 s
2026-05-24 23:14:11 [adaptive_k][circle][adaptive_k][k=adaptive][s=0] INFO k schedule: t=0.0s:k=1 → t=1.5s:k=1 → t=3.0s:k=1 → t=4.5s:k=1 → t=6.0s:k=2 → t=9.0s:k=3 → t=13.5s:k=4 → t=19.5s:k=5 → t=27.0s:k=5
2026-05-24 23:14:11 [adaptive_k][circle][adaptive_k][k=adaptive][s=0] INFO Saved → /home/coder/NAS-PINNS1/thermal_pinn/quenching_mswp/results/adaptive_k/circle/seed0
2026-05-24 23:14:13 [adaptive_k][lshape][adaptive_k][k=adaptive][s=0] INFO AdaptiveK | arch=[50, 110, 70, 50] | k=[1..5] | thr_up=2.0°C thr_dn=5.0°C | fourier=False
2026-05-24 23:15:13 [adaptive_k][lshape][adaptive_k][k=adaptive][s=0] INFO   Win  1  k=1  [0.0→1.5 s]  interior_MAE=30.877°C  → k_next=1
2026-05-24 23:16:13 [adaptive_k][lshape][adaptive_k][k=adaptive][s=0] INFO   Win  2  k=1  [1.5→3.0 s]  interior_MAE=19.753°C  → k_next=1
2026-05-24 23:17:12 [adaptive_k][lshape][adaptive_k][k=adaptive][s=0] INFO   Win  3  k=1  [3.0→4.5 s]  interior_MAE=10.145°C  → k_next=1
2026-05-24 23:18:11 [adaptive_k][lshape][adaptive_k][k=adaptive][s=0] INFO   Win  4  k=1  [4.5→6.0 s]  interior_MAE=4.829°C  → k_next=1
2026-05-24 23:19:11 [adaptive_k][lshape][adaptive_k][k=adaptive][s=0] INFO   Win  5  k=1  [6.0→7.5 s]  interior_MAE=2.405°C  → k_next=1
2026-05-24 23:20:11 [adaptive_k][lshape][adaptive_k][k=adaptive][s=0] INFO   Win  6  k=1  [7.5→9.0 s]  interior_MAE=1.098°C  → k_next=2
2026-05-24 23:21:11 [adaptive_k][lshape][adaptive_k][k=adaptive][s=0] INFO   Win  7  k=2  [9.0→12.0 s]  interior_MAE=0.672°C  → k_next=3
2026-05-24 23:22:05 [adaptive_k][lshape][adaptive_k][k=adaptive][s=0] INFO   Win  8  k=3  [12.0→16.5 s]  interior_MAE=0.204°C  → k_next=4
2026-05-24 23:23:00 [adaptive_k][lshape][adaptive_k][k=adaptive][s=0] INFO   Win  9  k=4  [16.5→22.5 s]  interior_MAE=0.043°C  → k_next=5
2026-05-24 23:23:56 [adaptive_k][lshape][adaptive_k][k=adaptive][s=0] INFO   Win 10  k=5  [22.5→30.0 s]  interior_MAE=0.038°C  → k_next=5
2026-05-24 23:23:56 [adaptive_k][lshape][adaptive_k][k=adaptive][s=0] INFO AdaptiveK done | wins=10 | FEM_solves=10/60 | FEM_saving=83% | MAE=2.403°C | L2=0.0220 | t=582 s
2026-05-24 23:23:56 [adaptive_k][lshape][adaptive_k][k=adaptive][s=0] INFO k schedule: t=0.0s:k=1 → t=1.5s:k=1 → t=3.0s:k=1 → t=4.5s:k=1 → t=6.0s:k=1 → t=7.5s:k=1 → t=9.0s:k=2 → t=12.0s:k=3 → t=16.5s:k=4 → t=22.5s:k=5
2026-05-24 23:23:56 [adaptive_k][lshape][adaptive_k][k=adaptive][s=0] INFO Saved → /home/coder/NAS-PINNS1/thermal_pinn/quenching_mswp/results/adaptive_k/lshape/seed0
2026-05-24 23:23:56 [adaptive_k][flower][adaptive_k][k=adaptive][s=0] INFO AdaptiveK | arch=[50, 110, 70, 50] | k=[1..5] | thr_up=2.0°C thr_dn=5.0°C | fourier=False
2026-05-24 23:25:17 [adaptive_k][flower][adaptive_k][k=adaptive][s=0] INFO   Win  1  k=1  [0.0→1.5 s]  interior_MAE=38.232°C  → k_next=1
2026-05-24 23:26:39 [adaptive_k][flower][adaptive_k][k=adaptive][s=0] INFO   Win  2  k=1  [1.5→3.0 s]  interior_MAE=10.652°C  → k_next=1
2026-05-24 23:28:02 [adaptive_k][flower][adaptive_k][k=adaptive][s=0] INFO   Win  3  k=1  [3.0→4.5 s]  interior_MAE=2.590°C  → k_next=1
2026-05-24 23:29:26 [adaptive_k][flower][adaptive_k][k=adaptive][s=0] INFO   Win  4  k=1  [4.5→6.0 s]  interior_MAE=0.558°C  → k_next=2
2026-05-24 23:30:43 [adaptive_k][flower][adaptive_k][k=adaptive][s=0] INFO   Win  5  k=2  [6.0→9.0 s]  interior_MAE=0.218°C  → k_next=3
2026-05-24 23:31:58 [adaptive_k][flower][adaptive_k][k=adaptive][s=0] INFO   Win  6  k=3  [9.0→13.5 s]  interior_MAE=0.020°C  → k_next=4
2026-05-24 23:33:16 [adaptive_k][flower][adaptive_k][k=adaptive][s=0] INFO   Win  7  k=4  [13.5→19.5 s]  interior_MAE=0.034°C  → k_next=5
2026-05-24 23:34:30 [adaptive_k][flower][adaptive_k][k=adaptive][s=0] INFO   Win  8  k=5  [19.5→27.0 s]  interior_MAE=0.041°C  → k_next=5
2026-05-24 23:35:49 [adaptive_k][flower][adaptive_k][k=adaptive][s=0] INFO   Win  9  k=5  [27.0→30.0 s]  interior_MAE=0.017°C  → k_next=5
2026-05-24 23:35:49 [adaptive_k][flower][adaptive_k][k=adaptive][s=0] INFO AdaptiveK done | wins=9 | FEM_solves=9/60 | FEM_saving=85% | MAE=1.772°C | L2=0.0156 | t=712 s
2026-05-24 23:35:49 [adaptive_k][flower][adaptive_k][k=adaptive][s=0] INFO k schedule: t=0.0s:k=1 → t=1.5s:k=1 → t=3.0s:k=1 → t=4.5s:k=1 → t=6.0s:k=2 → t=9.0s:k=3 → t=13.5s:k=4 → t=19.5s:k=5 → t=27.0s:k=5
2026-05-24 23:35:49 [adaptive_k][flower][adaptive_k][k=adaptive][s=0] INFO Saved → /home/coder/NAS-PINNS1/thermal_pinn/quenching_mswp/results/adaptive_k/flower/seed0
2026-05-24 23:56:49 [adaptive_k][square][adaptive_k][k=adaptive][s=0] INFO AdaptiveK | arch=[90, 50, 110] | k=[1..5] | thr_up=2.0°C thr_dn=5.0°C | fourier=False
2026-05-24 23:57:17 [adaptive_k][square][adaptive_k][k=adaptive][s=0] INFO AdaptiveK | arch=[90, 70, 30, 110] | k=[1..5] | thr_up=2.0°C thr_dn=5.0°C | fourier=False
2026-05-24 23:57:47 [adaptive_k][square][adaptive_k][k=adaptive][s=0] INFO   Win  1  k=1  [0.0→1.5 s]  interior_MAE=34.657°C  → k_next=1
2026-05-24 23:58:21 [adaptive_k][square][adaptive_k][k=adaptive][s=0] INFO   Win  1  k=1  [0.0→1.5 s]  interior_MAE=28.731°C  → k_next=1
2026-05-24 23:59:22 [adaptive_k][square][adaptive_k][k=adaptive][s=0] INFO AdaptiveK | arch=[90, 50, 110] | k=[1..5] | thr_up=2.0°C thr_dn=5.0°C | fourier=False
2026-05-24 23:59:39 [adaptive_k][square][adaptive_k][k=adaptive][s=0] INFO AdaptiveK | arch=[90, 70, 30, 110] | k=[1..5] | thr_up=2.0°C thr_dn=5.0°C | fourier=False
2026-05-25 00:00:16 [adaptive_k][square][adaptive_k][k=adaptive][s=0] INFO   Win  1  k=1  [0.0→1.5 s]  interior_MAE=34.657°C  → k_next=1
2026-05-25 00:00:36 [adaptive_k][square][adaptive_k][k=adaptive][s=0] INFO   Win  1  k=1  [0.0→1.5 s]  interior_MAE=28.731°C  → k_next=1
2026-05-25 00:01:06 [adaptive_k][square][adaptive_k][k=adaptive][s=0] INFO   Win  2  k=1  [1.5→3.0 s]  interior_MAE=12.505°C  → k_next=1
2026-05-25 00:01:33 [adaptive_k][square][adaptive_k][k=adaptive][s=0] INFO   Win  2  k=1  [1.5→3.0 s]  interior_MAE=11.719°C  → k_next=1
2026-05-25 00:01:54 [adaptive_k][square][adaptive_k][k=adaptive][s=0] INFO   Win  3  k=1  [3.0→4.5 s]  interior_MAE=4.019°C  → k_next=1
2026-05-25 00:02:29 [adaptive_k][square][adaptive_k][k=adaptive][s=0] INFO   Win  3  k=1  [3.0→4.5 s]  interior_MAE=4.003°C  → k_next=1
2026-05-25 00:02:43 [adaptive_k][square][adaptive_k][k=adaptive][s=0] INFO   Win  4  k=1  [4.5→6.0 s]  interior_MAE=1.373°C  → k_next=2
2026-05-25 00:03:25 [adaptive_k][square][adaptive_k][k=adaptive][s=0] INFO   Win  4  k=1  [4.5→6.0 s]  interior_MAE=1.389°C  → k_next=2
2026-05-25 00:03:35 [adaptive_k][square][adaptive_k][k=adaptive][s=0] INFO   Win  5  k=2  [6.0→9.0 s]  interior_MAE=0.733°C  → k_next=3
2026-05-25 00:04:20 [adaptive_k][square][adaptive_k][k=adaptive][s=0] INFO   Win  6  k=3  [9.0→13.5 s]  interior_MAE=0.124°C  → k_next=4
2026-05-25 00:04:21 [adaptive_k][square][adaptive_k][k=adaptive][s=0] INFO   Win  5  k=2  [6.0→9.0 s]  interior_MAE=0.735°C  → k_next=3
2026-05-25 00:05:03 [adaptive_k][square][adaptive_k][k=adaptive][s=0] INFO   Win  7  k=4  [13.5→19.5 s]  interior_MAE=0.031°C  → k_next=5
2026-05-25 00:05:08 [adaptive_k][square][adaptive_k][k=adaptive][s=0] INFO   Win  6  k=3  [9.0→13.5 s]  interior_MAE=0.306°C  → k_next=4
2026-05-25 00:05:46 [adaptive_k][square][adaptive_k][k=adaptive][s=0] INFO   Win  8  k=5  [19.5→27.0 s]  interior_MAE=0.046°C  → k_next=5
2026-05-25 00:05:56 [adaptive_k][square][adaptive_k][k=adaptive][s=0] INFO   Win  7  k=4  [13.5→19.5 s]  interior_MAE=0.026°C  → k_next=5
2026-05-25 00:06:32 [adaptive_k][square][adaptive_k][k=adaptive][s=0] INFO   Win  9  k=5  [27.0→30.0 s]  interior_MAE=0.030°C  → k_next=5
2026-05-25 00:06:32 [adaptive_k][square][adaptive_k][k=adaptive][s=0] INFO AdaptiveK done | wins=9 | FEM_solves=9/60 | FEM_saving=85% | MAE=1.848°C | L2=0.0148 | t=430 s
2026-05-25 00:06:32 [adaptive_k][square][adaptive_k][k=adaptive][s=0] INFO k schedule: t=0.0s:k=1 → t=1.5s:k=1 → t=3.0s:k=1 → t=4.5s:k=1 → t=6.0s:k=2 → t=9.0s:k=3 → t=13.5s:k=4 → t=19.5s:k=5 → t=27.0s:k=5
2026-05-25 00:06:32 [adaptive_k][square][adaptive_k][k=adaptive][s=0] INFO Saved → /home/coder/NAS-PINNS1/thermal_pinn/quenching_mswp/results/adaptive_k/square/seed0
2026-05-25 00:06:34 [adaptive_k][circle][adaptive_k][k=adaptive][s=0] INFO AdaptiveK | arch=[90, 50, 110] | k=[1..5] | thr_up=2.0°C thr_dn=5.0°C | fourier=False
2026-05-25 00:06:43 [adaptive_k][square][adaptive_k][k=adaptive][s=0] INFO   Win  8  k=5  [19.5→27.0 s]  interior_MAE=0.112°C  → k_next=5
2026-05-25 00:07:27 [adaptive_k][circle][adaptive_k][k=adaptive][s=0] INFO   Win  1  k=1  [0.0→1.5 s]  interior_MAE=31.418°C  → k_next=1
2026-05-25 00:07:30 [adaptive_k][square][adaptive_k][k=adaptive][s=0] INFO   Win  9  k=5  [27.0→30.0 s]  interior_MAE=0.011°C  → k_next=5
2026-05-25 00:07:30 [adaptive_k][square][adaptive_k][k=adaptive][s=0] INFO AdaptiveK done | wins=9 | FEM_solves=9/60 | FEM_saving=85% | MAE=1.662°C | L2=0.0160 | t=471 s
2026-05-25 00:07:30 [adaptive_k][square][adaptive_k][k=adaptive][s=0] INFO k schedule: t=0.0s:k=1 → t=1.5s:k=1 → t=3.0s:k=1 → t=4.5s:k=1 → t=6.0s:k=2 → t=9.0s:k=3 → t=13.5s:k=4 → t=19.5s:k=5 → t=27.0s:k=5
2026-05-25 00:07:30 [adaptive_k][square][adaptive_k][k=adaptive][s=0] INFO Saved → /home/coder/NAS-PINNS1/thermal_pinn/quenching_mswp/results/adaptive_k/square/seed0
2026-05-25 00:07:31 [adaptive_k][circle][adaptive_k][k=adaptive][s=0] INFO AdaptiveK | arch=[90, 70, 30, 110] | k=[1..5] | thr_up=2.0°C thr_dn=5.0°C | fourier=False
2026-05-25 00:08:19 [adaptive_k][circle][adaptive_k][k=adaptive][s=0] INFO   Win  2  k=1  [1.5→3.0 s]  interior_MAE=11.152°C  → k_next=1
2026-05-25 00:08:31 [adaptive_k][circle][adaptive_k][k=adaptive][s=0] INFO   Win  1  k=1  [0.0→1.5 s]  interior_MAE=24.748°C  → k_next=1
2026-05-25 00:09:12 [adaptive_k][circle][adaptive_k][k=adaptive][s=0] INFO   Win  3  k=1  [3.0→4.5 s]  interior_MAE=3.640°C  → k_next=1
2026-05-25 00:09:33 [adaptive_k][circle][adaptive_k][k=adaptive][s=0] INFO   Win  2  k=1  [1.5→3.0 s]  interior_MAE=11.111°C  → k_next=1
2026-05-25 00:10:04 [adaptive_k][circle][adaptive_k][k=adaptive][s=0] INFO   Win  4  k=1  [4.5→6.0 s]  interior_MAE=1.285°C  → k_next=2
2026-05-25 00:10:32 [adaptive_k][circle][adaptive_k][k=adaptive][s=0] INFO   Win  3  k=1  [3.0→4.5 s]  interior_MAE=3.717°C  → k_next=1
2026-05-25 00:10:55 [adaptive_k][circle][adaptive_k][k=adaptive][s=0] INFO   Win  5  k=2  [6.0→9.0 s]  interior_MAE=0.659°C  → k_next=3
2026-05-25 00:11:29 [adaptive_k][circle][adaptive_k][k=adaptive][s=0] INFO   Win  4  k=1  [4.5→6.0 s]  interior_MAE=1.285°C  → k_next=2
2026-05-25 00:11:41 [adaptive_k][circle][adaptive_k][k=adaptive][s=0] INFO   Win  6  k=3  [9.0→13.5 s]  interior_MAE=0.118°C  → k_next=4
2026-05-25 00:12:23 [adaptive_k][circle][adaptive_k][k=adaptive][s=0] INFO   Win  5  k=2  [6.0→9.0 s]  interior_MAE=0.663°C  → k_next=3
2026-05-25 00:12:25 [adaptive_k][circle][adaptive_k][k=adaptive][s=0] INFO   Win  7  k=4  [13.5→19.5 s]  interior_MAE=0.023°C  → k_next=5
2026-05-25 00:13:10 [adaptive_k][circle][adaptive_k][k=adaptive][s=0] INFO   Win  6  k=3  [9.0→13.5 s]  interior_MAE=0.268°C  → k_next=4
2026-05-25 00:13:10 [adaptive_k][circle][adaptive_k][k=adaptive][s=0] INFO   Win  8  k=5  [19.5→27.0 s]  interior_MAE=0.022°C  → k_next=5
2026-05-25 00:13:59 [adaptive_k][circle][adaptive_k][k=adaptive][s=0] INFO   Win  7  k=4  [13.5→19.5 s]  interior_MAE=0.037°C  → k_next=5
2026-05-25 00:14:01 [adaptive_k][circle][adaptive_k][k=adaptive][s=0] INFO   Win  9  k=5  [27.0→30.0 s]  interior_MAE=0.040°C  → k_next=5
2026-05-25 00:14:01 [adaptive_k][circle][adaptive_k][k=adaptive][s=0] INFO AdaptiveK done | wins=9 | FEM_solves=9/60 | FEM_saving=85% | MAE=1.666°C | L2=0.0129 | t=447 s
2026-05-25 00:14:01 [adaptive_k][circle][adaptive_k][k=adaptive][s=0] INFO k schedule: t=0.0s:k=1 → t=1.5s:k=1 → t=3.0s:k=1 → t=4.5s:k=1 → t=6.0s:k=2 → t=9.0s:k=3 → t=13.5s:k=4 → t=19.5s:k=5 → t=27.0s:k=5
2026-05-25 00:14:01 [adaptive_k][circle][adaptive_k][k=adaptive][s=0] INFO Saved → /home/coder/NAS-PINNS1/thermal_pinn/quenching_mswp/results/adaptive_k/circle/seed0
2026-05-25 00:14:03 [adaptive_k][lshape][adaptive_k][k=adaptive][s=0] INFO AdaptiveK | arch=[90, 50, 110] | k=[1..5] | thr_up=2.0°C thr_dn=5.0°C | fourier=False
2026-05-25 00:14:47 [adaptive_k][circle][adaptive_k][k=adaptive][s=0] INFO   Win  8  k=5  [19.5→27.0 s]  interior_MAE=0.067°C  → k_next=5
2026-05-25 00:14:54 [adaptive_k][lshape][adaptive_k][k=adaptive][s=0] INFO   Win  1  k=1  [0.0→1.5 s]  interior_MAE=32.110°C  → k_next=1
2026-05-25 00:15:35 [adaptive_k][circle][adaptive_k][k=adaptive][s=0] INFO   Win  9  k=5  [27.0→30.0 s]  interior_MAE=0.016°C  → k_next=5
2026-05-25 00:15:35 [adaptive_k][circle][adaptive_k][k=adaptive][s=0] INFO AdaptiveK done | wins=9 | FEM_solves=9/60 | FEM_saving=85% | MAE=1.477°C | L2=0.0139 | t=484 s
2026-05-25 00:15:35 [adaptive_k][circle][adaptive_k][k=adaptive][s=0] INFO k schedule: t=0.0s:k=1 → t=1.5s:k=1 → t=3.0s:k=1 → t=4.5s:k=1 → t=6.0s:k=2 → t=9.0s:k=3 → t=13.5s:k=4 → t=19.5s:k=5 → t=27.0s:k=5
2026-05-25 00:15:35 [adaptive_k][circle][adaptive_k][k=adaptive][s=0] INFO Saved → /home/coder/NAS-PINNS1/thermal_pinn/quenching_mswp/results/adaptive_k/circle/seed0
2026-05-25 00:15:37 [adaptive_k][lshape][adaptive_k][k=adaptive][s=0] INFO AdaptiveK | arch=[90, 70, 30, 110] | k=[1..5] | thr_up=2.0°C thr_dn=5.0°C | fourier=False
2026-05-25 00:15:44 [adaptive_k][lshape][adaptive_k][k=adaptive][s=0] INFO   Win  2  k=1  [1.5→3.0 s]  interior_MAE=19.100°C  → k_next=1
2026-05-25 00:16:31 [adaptive_k][lshape][adaptive_k][k=adaptive][s=0] INFO   Win  1  k=1  [0.0→1.5 s]  interior_MAE=30.618°C  → k_next=1
2026-05-25 00:16:38 [adaptive_k][lshape][adaptive_k][k=adaptive][s=0] INFO   Win  3  k=1  [3.0→4.5 s]  interior_MAE=9.540°C  → k_next=1
2026-05-25 00:17:26 [adaptive_k][lshape][adaptive_k][k=adaptive][s=0] INFO   Win  2  k=1  [1.5→3.0 s]  interior_MAE=19.922°C  → k_next=1
2026-05-25 00:17:30 [adaptive_k][lshape][adaptive_k][k=adaptive][s=0] INFO   Win  4  k=1  [4.5→6.0 s]  interior_MAE=4.479°C  → k_next=1
2026-05-25 00:18:22 [adaptive_k][lshape][adaptive_k][k=adaptive][s=0] INFO   Win  3  k=1  [3.0→4.5 s]  interior_MAE=10.137°C  → k_next=1
2026-05-25 00:18:24 [adaptive_k][lshape][adaptive_k][k=adaptive][s=0] INFO   Win  5  k=1  [6.0→7.5 s]  interior_MAE=2.195°C  → k_next=1
2026-05-25 00:19:18 [adaptive_k][lshape][adaptive_k][k=adaptive][s=0] INFO   Win  6  k=1  [7.5→9.0 s]  interior_MAE=1.014°C  → k_next=2
2026-05-25 00:19:21 [adaptive_k][lshape][adaptive_k][k=adaptive][s=0] INFO   Win  4  k=1  [4.5→6.0 s]  interior_MAE=4.272°C  → k_next=1
2026-05-25 00:20:10 [adaptive_k][lshape][adaptive_k][k=adaptive][s=0] INFO   Win  7  k=2  [9.0→12.0 s]  interior_MAE=0.691°C  → k_next=3
2026-05-25 00:20:15 [adaptive_k][lshape][adaptive_k][k=adaptive][s=0] INFO   Win  5  k=1  [6.0→7.5 s]  interior_MAE=2.205°C  → k_next=1
2026-05-25 00:20:52 [adaptive_k][lshape][adaptive_k][k=adaptive][s=0] INFO   Win  8  k=3  [12.0→16.5 s]  interior_MAE=0.354°C  → k_next=4
2026-05-25 00:21:09 [adaptive_k][lshape][adaptive_k][k=adaptive][s=0] INFO   Win  6  k=1  [7.5→9.0 s]  interior_MAE=1.034°C  → k_next=2
2026-05-25 00:21:38 [adaptive_k][lshape][adaptive_k][k=adaptive][s=0] INFO   Win  9  k=4  [16.5→22.5 s]  interior_MAE=0.037°C  → k_next=5
2026-05-25 00:22:02 [adaptive_k][lshape][adaptive_k][k=adaptive][s=0] INFO   Win  7  k=2  [9.0→12.0 s]  interior_MAE=0.715°C  → k_next=3
2026-05-25 00:22:20 [adaptive_k][lshape][adaptive_k][k=adaptive][s=0] INFO   Win 10  k=5  [22.5→30.0 s]  interior_MAE=0.026°C  → k_next=5
2026-05-25 00:22:20 [adaptive_k][lshape][adaptive_k][k=adaptive][s=0] INFO AdaptiveK done | wins=10 | FEM_solves=10/60 | FEM_saving=83% | MAE=2.399°C | L2=0.0221 | t=497 s
2026-05-25 00:22:20 [adaptive_k][lshape][adaptive_k][k=adaptive][s=0] INFO k schedule: t=0.0s:k=1 → t=1.5s:k=1 → t=3.0s:k=1 → t=4.5s:k=1 → t=6.0s:k=1 → t=7.5s:k=1 → t=9.0s:k=2 → t=12.0s:k=3 → t=16.5s:k=4 → t=22.5s:k=5
2026-05-25 00:22:21 [adaptive_k][lshape][adaptive_k][k=adaptive][s=0] INFO Saved → /home/coder/NAS-PINNS1/thermal_pinn/quenching_mswp/results/adaptive_k/lshape/seed0
2026-05-25 00:22:21 [adaptive_k][flower][adaptive_k][k=adaptive][s=0] INFO AdaptiveK | arch=[90, 50, 110] | k=[1..5] | thr_up=2.0°C thr_dn=5.0°C | fourier=False
2026-05-25 00:22:47 [adaptive_k][lshape][adaptive_k][k=adaptive][s=0] INFO   Win  8  k=3  [12.0→16.5 s]  interior_MAE=0.230°C  → k_next=4
2026-05-25 00:23:32 [adaptive_k][lshape][adaptive_k][k=adaptive][s=0] INFO   Win  9  k=4  [16.5→22.5 s]  interior_MAE=0.062°C  → k_next=5
2026-05-25 00:23:38 [adaptive_k][flower][adaptive_k][k=adaptive][s=0] INFO   Win  1  k=1  [0.0→1.5 s]  interior_MAE=52.299°C  → k_next=1
2026-05-25 00:24:15 [adaptive_k][lshape][adaptive_k][k=adaptive][s=0] INFO   Win 10  k=5  [22.5→30.0 s]  interior_MAE=0.014°C  → k_next=5
2026-05-25 00:24:15 [adaptive_k][lshape][adaptive_k][k=adaptive][s=0] INFO AdaptiveK done | wins=10 | FEM_solves=10/60 | FEM_saving=83% | MAE=2.378°C | L2=0.0216 | t=518 s
2026-05-25 00:24:15 [adaptive_k][lshape][adaptive_k][k=adaptive][s=0] INFO k schedule: t=0.0s:k=1 → t=1.5s:k=1 → t=3.0s:k=1 → t=4.5s:k=1 → t=6.0s:k=1 → t=7.5s:k=1 → t=9.0s:k=2 → t=12.0s:k=3 → t=16.5s:k=4 → t=22.5s:k=5
2026-05-25 00:24:15 [adaptive_k][lshape][adaptive_k][k=adaptive][s=0] INFO Saved → /home/coder/NAS-PINNS1/thermal_pinn/quenching_mswp/results/adaptive_k/lshape/seed0
2026-05-25 00:24:16 [adaptive_k][flower][adaptive_k][k=adaptive][s=0] INFO AdaptiveK | arch=[90, 70, 30, 110] | k=[1..5] | thr_up=2.0°C thr_dn=5.0°C | fourier=False
2026-05-25 00:24:55 [adaptive_k][flower][adaptive_k][k=adaptive][s=0] INFO   Win  2  k=1  [1.5→3.0 s]  interior_MAE=10.834°C  → k_next=1
2026-05-25 00:25:36 [adaptive_k][flower][adaptive_k][k=adaptive][s=0] INFO   Win  1  k=1  [0.0→1.5 s]  interior_MAE=44.348°C  → k_next=1
2026-05-25 00:26:11 [adaptive_k][flower][adaptive_k][k=adaptive][s=0] INFO   Win  3  k=1  [3.0→4.5 s]  interior_MAE=2.341°C  → k_next=1
2026-05-25 00:26:54 [adaptive_k][flower][adaptive_k][k=adaptive][s=0] INFO   Win  2  k=1  [1.5→3.0 s]  interior_MAE=11.150°C  → k_next=1
2026-05-25 00:27:28 [adaptive_k][flower][adaptive_k][k=adaptive][s=0] INFO   Win  4  k=1  [4.5→6.0 s]  interior_MAE=0.533°C  → k_next=2
2026-05-25 00:28:13 [adaptive_k][flower][adaptive_k][k=adaptive][s=0] INFO   Win  3  k=1  [3.0→4.5 s]  interior_MAE=2.402°C  → k_next=1
2026-05-25 00:28:39 [adaptive_k][flower][adaptive_k][k=adaptive][s=0] INFO   Win  5  k=2  [6.0→9.0 s]  interior_MAE=0.160°C  → k_next=3
2026-05-25 00:29:36 [adaptive_k][flower][adaptive_k][k=adaptive][s=0] INFO   Win  4  k=1  [4.5→6.0 s]  interior_MAE=0.620°C  → k_next=2
2026-05-25 00:29:49 [adaptive_k][flower][adaptive_k][k=adaptive][s=0] INFO   Win  6  k=3  [9.0→13.5 s]  interior_MAE=0.030°C  → k_next=4
2026-05-25 00:30:51 [adaptive_k][flower][adaptive_k][k=adaptive][s=0] INFO   Win  5  k=2  [6.0→9.0 s]  interior_MAE=0.236°C  → k_next=3
2026-05-25 00:31:01 [adaptive_k][flower][adaptive_k][k=adaptive][s=0] INFO   Win  7  k=4  [13.5→19.5 s]  interior_MAE=0.102°C  → k_next=5
2026-05-25 00:32:01 [adaptive_k][flower][adaptive_k][k=adaptive][s=0] INFO   Win  6  k=3  [9.0→13.5 s]  interior_MAE=0.019°C  → k_next=4
2026-05-25 00:32:10 [adaptive_k][flower][adaptive_k][k=adaptive][s=0] INFO   Win  8  k=5  [19.5→27.0 s]  interior_MAE=0.030°C  → k_next=5
2026-05-25 00:33:12 [adaptive_k][flower][adaptive_k][k=adaptive][s=0] INFO   Win  7  k=4  [13.5→19.5 s]  interior_MAE=0.095°C  → k_next=5
2026-05-25 00:33:22 [adaptive_k][flower][adaptive_k][k=adaptive][s=0] INFO   Win  9  k=5  [27.0→30.0 s]  interior_MAE=0.029°C  → k_next=5
2026-05-25 00:33:22 [adaptive_k][flower][adaptive_k][k=adaptive][s=0] INFO AdaptiveK done | wins=9 | FEM_solves=9/60 | FEM_saving=85% | MAE=2.246°C | L2=0.0167 | t=661 s
2026-05-25 00:33:22 [adaptive_k][flower][adaptive_k][k=adaptive][s=0] INFO k schedule: t=0.0s:k=1 → t=1.5s:k=1 → t=3.0s:k=1 → t=4.5s:k=1 → t=6.0s:k=2 → t=9.0s:k=3 → t=13.5s:k=4 → t=19.5s:k=5 → t=27.0s:k=5
2026-05-25 00:33:22 [adaptive_k][flower][adaptive_k][k=adaptive][s=0] INFO Saved → /home/coder/NAS-PINNS1/thermal_pinn/quenching_mswp/results/adaptive_k/flower/seed0
2026-05-25 00:34:24 [adaptive_k][flower][adaptive_k][k=adaptive][s=0] INFO   Win  8  k=5  [19.5→27.0 s]  interior_MAE=0.067°C  → k_next=5
2026-05-25 00:35:35 [adaptive_k][flower][adaptive_k][k=adaptive][s=0] INFO   Win  9  k=5  [27.0→30.0 s]  interior_MAE=0.016°C  → k_next=5
2026-05-25 00:35:35 [adaptive_k][flower][adaptive_k][k=adaptive][s=0] INFO AdaptiveK done | wins=9 | FEM_solves=9/60 | FEM_saving=85% | MAE=2.007°C | L2=0.0167 | t=679 s
2026-05-25 00:35:35 [adaptive_k][flower][adaptive_k][k=adaptive][s=0] INFO k schedule: t=0.0s:k=1 → t=1.5s:k=1 → t=3.0s:k=1 → t=4.5s:k=1 → t=6.0s:k=2 → t=9.0s:k=3 → t=13.5s:k=4 → t=19.5s:k=5 → t=27.0s:k=5
2026-05-25 00:35:35 [adaptive_k][flower][adaptive_k][k=adaptive][s=0] INFO Saved → /home/coder/NAS-PINNS1/thermal_pinn/quenching_mswp/results/adaptive_k/flower/seed0
2026-05-25 00:43:14 [adaptive_k][square][adaptive_k][k=adaptive][s=0] INFO AdaptiveK | arch=[151, 151, 151, 151, 151] | k=[1..1] | thr_up=2.0°C thr_dn=5.0°C | fourier=True
2026-05-25 00:44:12 [adaptive_k][square][adaptive_k][k=adaptive][s=0] INFO   Win  1  k=1  [0.0→1.5 s]  interior_MAE=22.333°C  → k_next=1
2026-05-25 00:45:06 [adaptive_k][square][adaptive_k][k=adaptive][s=0] INFO   Win  2  k=1  [1.5→3.0 s]  interior_MAE=11.211°C  → k_next=1
2026-05-25 00:45:58 [adaptive_k][square][adaptive_k][k=adaptive][s=0] INFO   Win  3  k=1  [3.0→4.5 s]  interior_MAE=5.263°C  → k_next=1
2026-05-25 00:46:53 [adaptive_k][square][adaptive_k][k=adaptive][s=0] INFO   Win  4  k=1  [4.5→6.0 s]  interior_MAE=1.742°C  → k_next=1
2026-05-25 00:47:47 [adaptive_k][square][adaptive_k][k=adaptive][s=0] INFO   Win  5  k=1  [6.0→7.5 s]  interior_MAE=0.656°C  → k_next=1
2026-05-25 00:48:43 [adaptive_k][square][adaptive_k][k=adaptive][s=0] INFO   Win  6  k=1  [7.5→9.0 s]  interior_MAE=0.246°C  → k_next=1
2026-05-25 00:49:37 [adaptive_k][square][adaptive_k][k=adaptive][s=0] INFO   Win  7  k=1  [9.0→10.5 s]  interior_MAE=0.093°C  → k_next=1
2026-05-25 00:50:33 [adaptive_k][square][adaptive_k][k=adaptive][s=0] INFO   Win  8  k=1  [10.5→12.0 s]  interior_MAE=0.037°C  → k_next=1
2026-05-25 00:51:26 [adaptive_k][square][adaptive_k][k=adaptive][s=0] INFO   Win  9  k=1  [12.0→13.5 s]  interior_MAE=0.008°C  → k_next=1
2026-05-25 00:52:20 [adaptive_k][square][adaptive_k][k=adaptive][s=0] INFO   Win 10  k=1  [13.5→15.0 s]  interior_MAE=0.002°C  → k_next=1
2026-05-25 00:53:18 [adaptive_k][square][adaptive_k][k=adaptive][s=0] INFO   Win 11  k=1  [15.0→16.5 s]  interior_MAE=0.003°C  → k_next=1
2026-05-25 00:54:19 [adaptive_k][square][adaptive_k][k=adaptive][s=0] INFO   Win 12  k=1  [16.5→18.0 s]  interior_MAE=0.001°C  → k_next=1
2026-05-25 00:55:12 [adaptive_k][square][adaptive_k][k=adaptive][s=0] INFO   Win 13  k=1  [18.0→19.5 s]  interior_MAE=0.001°C  → k_next=1
2026-05-25 00:56:05 [adaptive_k][square][adaptive_k][k=adaptive][s=0] INFO   Win 14  k=1  [19.5→21.0 s]  interior_MAE=0.003°C  → k_next=1
2026-05-25 00:56:58 [adaptive_k][square][adaptive_k][k=adaptive][s=0] INFO   Win 15  k=1  [21.0→22.5 s]  interior_MAE=0.015°C  → k_next=1
2026-05-25 00:57:54 [adaptive_k][square][adaptive_k][k=adaptive][s=0] INFO   Win 16  k=1  [22.5→24.0 s]  interior_MAE=0.003°C  → k_next=1
2026-05-25 00:58:50 [adaptive_k][square][adaptive_k][k=adaptive][s=0] INFO   Win 17  k=1  [24.0→25.5 s]  interior_MAE=0.007°C  → k_next=1
2026-05-25 00:59:45 [adaptive_k][square][adaptive_k][k=adaptive][s=0] INFO   Win 18  k=1  [25.5→27.0 s]  interior_MAE=0.004°C  → k_next=1
2026-05-25 01:00:38 [adaptive_k][square][adaptive_k][k=adaptive][s=0] INFO   Win 19  k=1  [27.0→28.5 s]  interior_MAE=0.013°C  → k_next=1
2026-05-25 01:01:31 [adaptive_k][square][adaptive_k][k=adaptive][s=0] INFO   Win 20  k=1  [28.5→30.0 s]  interior_MAE=0.001°C  → k_next=1
2026-05-25 01:01:31 [adaptive_k][square][adaptive_k][k=adaptive][s=0] INFO AdaptiveK done | wins=20 | FEM_solves=20/60 | FEM_saving=67% | MAE=1.388°C | L2=0.0111 | t=1097 s
2026-05-25 01:01:31 [adaptive_k][square][adaptive_k][k=adaptive][s=0] INFO k schedule: t=0.0s:k=1 → t=1.5s:k=1 → t=3.0s:k=1 → t=4.5s:k=1 → t=6.0s:k=1 → t=7.5s:k=1 → t=9.0s:k=1 → t=10.5s:k=1 → t=12.0s:k=1 → t=13.5s:k=1 → t=15.0s:k=1 → t=16.5s:k=1 → t=18.0s:k=1 → t=19.5s:k=1 → t=21.0s:k=1 → t=22.5s:k=1 → t=24.0s:k=1 → t=25.5s:k=1 → t=27.0s:k=1 → t=28.5s:k=1
2026-05-25 01:01:31 [adaptive_k][square][adaptive_k][k=adaptive][s=0] INFO Saved → /home/coder/NAS-PINNS1/thermal_pinn/quenching_mswp/results/adaptive_k/square/seed0_k1fixed
2026-05-25 01:01:33 [adaptive_k][circle][adaptive_k][k=adaptive][s=0] INFO AdaptiveK | arch=[151, 151, 151, 151, 151] | k=[1..1] | thr_up=2.0°C thr_dn=5.0°C | fourier=True
2026-05-25 01:02:31 [adaptive_k][circle][adaptive_k][k=adaptive][s=0] INFO   Win  1  k=1  [0.0→1.5 s]  interior_MAE=20.981°C  → k_next=1
2026-05-25 01:03:22 [adaptive_k][circle][adaptive_k][k=adaptive][s=0] INFO   Win  2  k=1  [1.5→3.0 s]  interior_MAE=10.018°C  → k_next=1
2026-05-25 01:04:13 [adaptive_k][circle][adaptive_k][k=adaptive][s=0] INFO   Win  3  k=1  [3.0→4.5 s]  interior_MAE=5.152°C  → k_next=1
2026-05-25 01:05:03 [adaptive_k][circle][adaptive_k][k=adaptive][s=0] INFO   Win  4  k=1  [4.5→6.0 s]  interior_MAE=1.860°C  → k_next=1
2026-05-25 01:05:55 [adaptive_k][circle][adaptive_k][k=adaptive][s=0] INFO   Win  5  k=1  [6.0→7.5 s]  interior_MAE=0.667°C  → k_next=1
2026-05-25 01:06:46 [adaptive_k][circle][adaptive_k][k=adaptive][s=0] INFO   Win  6  k=1  [7.5→9.0 s]  interior_MAE=0.253°C  → k_next=1
2026-05-25 01:07:42 [adaptive_k][circle][adaptive_k][k=adaptive][s=0] INFO   Win  7  k=1  [9.0→10.5 s]  interior_MAE=0.087°C  → k_next=1
2026-05-25 01:08:33 [adaptive_k][circle][adaptive_k][k=adaptive][s=0] INFO   Win  8  k=1  [10.5→12.0 s]  interior_MAE=0.019°C  → k_next=1
2026-05-25 01:09:26 [adaptive_k][circle][adaptive_k][k=adaptive][s=0] INFO   Win  9  k=1  [12.0→13.5 s]  interior_MAE=0.024°C  → k_next=1
2026-05-25 01:10:18 [adaptive_k][circle][adaptive_k][k=adaptive][s=0] INFO   Win 10  k=1  [13.5→15.0 s]  interior_MAE=0.005°C  → k_next=1
2026-05-25 01:11:10 [adaptive_k][circle][adaptive_k][k=adaptive][s=0] INFO   Win 11  k=1  [15.0→16.5 s]  interior_MAE=0.004°C  → k_next=1
2026-05-25 01:12:01 [adaptive_k][circle][adaptive_k][k=adaptive][s=0] INFO   Win 12  k=1  [16.5→18.0 s]  interior_MAE=0.000°C  → k_next=1
2026-05-25 01:12:53 [adaptive_k][circle][adaptive_k][k=adaptive][s=0] INFO   Win 13  k=1  [18.0→19.5 s]  interior_MAE=0.003°C  → k_next=1
2026-05-25 01:13:45 [adaptive_k][circle][adaptive_k][k=adaptive][s=0] INFO   Win 14  k=1  [19.5→21.0 s]  interior_MAE=0.002°C  → k_next=1
2026-05-25 01:14:38 [adaptive_k][circle][adaptive_k][k=adaptive][s=0] INFO   Win 15  k=1  [21.0→22.5 s]  interior_MAE=0.001°C  → k_next=1
2026-05-25 01:15:29 [adaptive_k][circle][adaptive_k][k=adaptive][s=0] INFO   Win 16  k=1  [22.5→24.0 s]  interior_MAE=0.034°C  → k_next=1
2026-05-25 01:16:22 [adaptive_k][circle][adaptive_k][k=adaptive][s=0] INFO   Win 17  k=1  [24.0→25.5 s]  interior_MAE=0.001°C  → k_next=1
2026-05-25 01:17:11 [adaptive_k][circle][adaptive_k][k=adaptive][s=0] INFO   Win 18  k=1  [25.5→27.0 s]  interior_MAE=0.015°C  → k_next=1
2026-05-25 01:18:04 [adaptive_k][circle][adaptive_k][k=adaptive][s=0] INFO   Win 19  k=1  [27.0→28.5 s]  interior_MAE=0.002°C  → k_next=1
2026-05-25 01:18:55 [adaptive_k][circle][adaptive_k][k=adaptive][s=0] INFO   Win 20  k=1  [28.5→30.0 s]  interior_MAE=0.009°C  → k_next=1
2026-05-25 01:18:55 [adaptive_k][circle][adaptive_k][k=adaptive][s=0] INFO AdaptiveK done | wins=20 | FEM_solves=20/60 | FEM_saving=67% | MAE=1.305°C | L2=0.0108 | t=1042 s
2026-05-25 01:18:55 [adaptive_k][circle][adaptive_k][k=adaptive][s=0] INFO k schedule: t=0.0s:k=1 → t=1.5s:k=1 → t=3.0s:k=1 → t=4.5s:k=1 → t=6.0s:k=1 → t=7.5s:k=1 → t=9.0s:k=1 → t=10.5s:k=1 → t=12.0s:k=1 → t=13.5s:k=1 → t=15.0s:k=1 → t=16.5s:k=1 → t=18.0s:k=1 → t=19.5s:k=1 → t=21.0s:k=1 → t=22.5s:k=1 → t=24.0s:k=1 → t=25.5s:k=1 → t=27.0s:k=1 → t=28.5s:k=1
2026-05-25 01:18:55 [adaptive_k][circle][adaptive_k][k=adaptive][s=0] INFO Saved → /home/coder/NAS-PINNS1/thermal_pinn/quenching_mswp/results/adaptive_k/circle/seed0_k1fixed
2026-05-25 01:18:57 [adaptive_k][lshape][adaptive_k][k=adaptive][s=0] INFO AdaptiveK | arch=[151, 151, 151, 151, 151] | k=[1..1] | thr_up=2.0°C thr_dn=5.0°C | fourier=True
2026-05-25 01:19:53 [adaptive_k][lshape][adaptive_k][k=adaptive][s=0] INFO   Win  1  k=1  [0.0→1.5 s]  interior_MAE=19.360°C  → k_next=1
2026-05-25 01:20:46 [adaptive_k][lshape][adaptive_k][k=adaptive][s=0] INFO   Win  2  k=1  [1.5→3.0 s]  interior_MAE=5.737°C  → k_next=1
2026-05-25 01:21:40 [adaptive_k][lshape][adaptive_k][k=adaptive][s=0] INFO   Win  3  k=1  [3.0→4.5 s]  interior_MAE=3.002°C  → k_next=1
2026-05-25 01:22:36 [adaptive_k][lshape][adaptive_k][k=adaptive][s=0] INFO   Win  4  k=1  [4.5→6.0 s]  interior_MAE=1.799°C  → k_next=1
2026-05-25 01:23:31 [adaptive_k][lshape][adaptive_k][k=adaptive][s=0] INFO   Win  5  k=1  [6.0→7.5 s]  interior_MAE=1.239°C  → k_next=1
2026-05-25 01:24:26 [adaptive_k][lshape][adaptive_k][k=adaptive][s=0] INFO   Win  6  k=1  [7.5→9.0 s]  interior_MAE=0.571°C  → k_next=1
2026-05-25 01:25:21 [adaptive_k][lshape][adaptive_k][k=adaptive][s=0] INFO   Win  7  k=1  [9.0→10.5 s]  interior_MAE=0.313°C  → k_next=1
2026-05-25 01:26:16 [adaptive_k][lshape][adaptive_k][k=adaptive][s=0] INFO   Win  8  k=1  [10.5→12.0 s]  interior_MAE=0.182°C  → k_next=1
2026-05-25 01:27:10 [adaptive_k][lshape][adaptive_k][k=adaptive][s=0] INFO   Win  9  k=1  [12.0→13.5 s]  interior_MAE=0.191°C  → k_next=1
2026-05-25 01:28:03 [adaptive_k][lshape][adaptive_k][k=adaptive][s=0] INFO   Win 10  k=1  [13.5→15.0 s]  interior_MAE=0.037°C  → k_next=1
2026-05-25 01:28:58 [adaptive_k][lshape][adaptive_k][k=adaptive][s=0] INFO   Win 11  k=1  [15.0→16.5 s]  interior_MAE=0.023°C  → k_next=1
2026-05-25 01:29:53 [adaptive_k][lshape][adaptive_k][k=adaptive][s=0] INFO   Win 12  k=1  [16.5→18.0 s]  interior_MAE=0.012°C  → k_next=1
2026-05-25 01:30:48 [adaptive_k][lshape][adaptive_k][k=adaptive][s=0] INFO   Win 13  k=1  [18.0→19.5 s]  interior_MAE=0.005°C  → k_next=1
2026-05-25 01:31:43 [adaptive_k][lshape][adaptive_k][k=adaptive][s=0] INFO   Win 14  k=1  [19.5→21.0 s]  interior_MAE=0.001°C  → k_next=1
2026-05-25 01:32:46 [adaptive_k][lshape][adaptive_k][k=adaptive][s=0] INFO   Win 15  k=1  [21.0→22.5 s]  interior_MAE=0.001°C  → k_next=1
2026-05-25 01:33:40 [adaptive_k][lshape][adaptive_k][k=adaptive][s=0] INFO   Win 16  k=1  [22.5→24.0 s]  interior_MAE=0.004°C  → k_next=1
2026-05-25 01:34:35 [adaptive_k][lshape][adaptive_k][k=adaptive][s=0] INFO   Win 17  k=1  [24.0→25.5 s]  interior_MAE=0.002°C  → k_next=1
2026-05-25 01:35:29 [adaptive_k][lshape][adaptive_k][k=adaptive][s=0] INFO   Win 18  k=1  [25.5→27.0 s]  interior_MAE=0.002°C  → k_next=1
2026-05-25 01:36:23 [adaptive_k][lshape][adaptive_k][k=adaptive][s=0] INFO   Win 19  k=1  [27.0→28.5 s]  interior_MAE=0.085°C  → k_next=1
2026-05-25 01:37:18 [adaptive_k][lshape][adaptive_k][k=adaptive][s=0] INFO   Win 20  k=1  [28.5→30.0 s]  interior_MAE=0.002°C  → k_next=1
2026-05-25 01:37:18 [adaptive_k][lshape][adaptive_k][k=adaptive][s=0] INFO AdaptiveK done | wins=20 | FEM_solves=20/60 | FEM_saving=67% | MAE=1.086°C | L2=0.0081 | t=1101 s
2026-05-25 01:37:18 [adaptive_k][lshape][adaptive_k][k=adaptive][s=0] INFO k schedule: t=0.0s:k=1 → t=1.5s:k=1 → t=3.0s:k=1 → t=4.5s:k=1 → t=6.0s:k=1 → t=7.5s:k=1 → t=9.0s:k=1 → t=10.5s:k=1 → t=12.0s:k=1 → t=13.5s:k=1 → t=15.0s:k=1 → t=16.5s:k=1 → t=18.0s:k=1 → t=19.5s:k=1 → t=21.0s:k=1 → t=22.5s:k=1 → t=24.0s:k=1 → t=25.5s:k=1 → t=27.0s:k=1 → t=28.5s:k=1
2026-05-25 01:37:18 [adaptive_k][lshape][adaptive_k][k=adaptive][s=0] INFO Saved → /home/coder/NAS-PINNS1/thermal_pinn/quenching_mswp/results/adaptive_k/lshape/seed0_k1fixed
2026-05-25 01:37:18 [adaptive_k][flower][adaptive_k][k=adaptive][s=0] INFO AdaptiveK | arch=[151, 151, 151, 151, 151] | k=[1..1] | thr_up=2.0°C thr_dn=5.0°C | fourier=True
2026-05-25 01:38:39 [adaptive_k][flower][adaptive_k][k=adaptive][s=0] INFO   Win  1  k=1  [0.0→1.5 s]  interior_MAE=32.420°C  → k_next=1
2026-05-25 01:39:58 [adaptive_k][flower][adaptive_k][k=adaptive][s=0] INFO   Win  2  k=1  [1.5→3.0 s]  interior_MAE=11.099°C  → k_next=1
2026-05-25 01:41:19 [adaptive_k][flower][adaptive_k][k=adaptive][s=0] INFO   Win  3  k=1  [3.0→4.5 s]  interior_MAE=3.136°C  → k_next=1
2026-05-25 01:42:40 [adaptive_k][flower][adaptive_k][k=adaptive][s=0] INFO   Win  4  k=1  [4.5→6.0 s]  interior_MAE=0.779°C  → k_next=1
2026-05-25 01:44:01 [adaptive_k][flower][adaptive_k][k=adaptive][s=0] INFO   Win  5  k=1  [6.0→7.5 s]  interior_MAE=0.190°C  → k_next=1
2026-05-25 01:45:21 [adaptive_k][flower][adaptive_k][k=adaptive][s=0] INFO   Win  6  k=1  [7.5→9.0 s]  interior_MAE=0.045°C  → k_next=1
2026-05-25 01:46:40 [adaptive_k][flower][adaptive_k][k=adaptive][s=0] INFO   Win  7  k=1  [9.0→10.5 s]  interior_MAE=0.004°C  → k_next=1
2026-05-25 01:47:59 [adaptive_k][flower][adaptive_k][k=adaptive][s=0] INFO   Win  8  k=1  [10.5→12.0 s]  interior_MAE=0.004°C  → k_next=1
2026-05-25 01:49:18 [adaptive_k][flower][adaptive_k][k=adaptive][s=0] INFO   Win  9  k=1  [12.0→13.5 s]  interior_MAE=0.001°C  → k_next=1
2026-05-25 01:50:37 [adaptive_k][flower][adaptive_k][k=adaptive][s=0] INFO   Win 10  k=1  [13.5→15.0 s]  interior_MAE=0.004°C  → k_next=1
2026-05-25 01:51:59 [adaptive_k][flower][adaptive_k][k=adaptive][s=0] INFO   Win 11  k=1  [15.0→16.5 s]  interior_MAE=0.001°C  → k_next=1
2026-05-25 01:53:19 [adaptive_k][flower][adaptive_k][k=adaptive][s=0] INFO   Win 12  k=1  [16.5→18.0 s]  interior_MAE=0.016°C  → k_next=1
2026-05-25 01:54:39 [adaptive_k][flower][adaptive_k][k=adaptive][s=0] INFO   Win 13  k=1  [18.0→19.5 s]  interior_MAE=0.001°C  → k_next=1
2026-05-25 01:56:00 [adaptive_k][flower][adaptive_k][k=adaptive][s=0] INFO   Win 14  k=1  [19.5→21.0 s]  interior_MAE=0.005°C  → k_next=1
2026-05-25 01:57:21 [adaptive_k][flower][adaptive_k][k=adaptive][s=0] INFO   Win 15  k=1  [21.0→22.5 s]  interior_MAE=0.002°C  → k_next=1
2026-05-25 01:58:40 [adaptive_k][flower][adaptive_k][k=adaptive][s=0] INFO   Win 16  k=1  [22.5→24.0 s]  interior_MAE=0.004°C  → k_next=1
2026-05-25 01:59:57 [adaptive_k][flower][adaptive_k][k=adaptive][s=0] INFO   Win 17  k=1  [24.0→25.5 s]  interior_MAE=0.002°C  → k_next=1
2026-05-25 02:01:18 [adaptive_k][flower][adaptive_k][k=adaptive][s=0] INFO   Win 18  k=1  [25.5→27.0 s]  interior_MAE=0.000°C  → k_next=1
2026-05-25 02:02:36 [adaptive_k][flower][adaptive_k][k=adaptive][s=0] INFO   Win 19  k=1  [27.0→28.5 s]  interior_MAE=0.034°C  → k_next=1
2026-05-25 02:03:54 [adaptive_k][flower][adaptive_k][k=adaptive][s=0] INFO   Win 20  k=1  [28.5→30.0 s]  interior_MAE=0.008°C  → k_next=1
2026-05-25 02:03:54 [adaptive_k][flower][adaptive_k][k=adaptive][s=0] INFO AdaptiveK done | wins=20 | FEM_solves=20/60 | FEM_saving=67% | MAE=1.592°C | L2=0.0138 | t=1595 s
2026-05-25 02:03:54 [adaptive_k][flower][adaptive_k][k=adaptive][s=0] INFO k schedule: t=0.0s:k=1 → t=1.5s:k=1 → t=3.0s:k=1 → t=4.5s:k=1 → t=6.0s:k=1 → t=7.5s:k=1 → t=9.0s:k=1 → t=10.5s:k=1 → t=12.0s:k=1 → t=13.5s:k=1 → t=15.0s:k=1 → t=16.5s:k=1 → t=18.0s:k=1 → t=19.5s:k=1 → t=21.0s:k=1 → t=22.5s:k=1 → t=24.0s:k=1 → t=25.5s:k=1 → t=27.0s:k=1 → t=28.5s:k=1
2026-05-25 02:03:54 [adaptive_k][flower][adaptive_k][k=adaptive][s=0] INFO Saved → /home/coder/NAS-PINNS1/thermal_pinn/quenching_mswp/results/adaptive_k/flower/seed0_k1fixed
2026-05-25 14:09:07 [adaptive_k][square][adaptive_k][k=adaptive][s=0] INFO AdaptiveK | arch=[151, 151, 151, 151, 151] | k=[1..5] | thr_up=2.0°C thr_dn=5.0°C | fourier=True
2026-05-25 14:10:03 [adaptive_k][square][adaptive_k][k=adaptive][s=0] INFO   Win  1  k=1  [0.0→1.5 s]  interior_MAE=22.333°C  → k_next=1
2026-05-25 14:10:58 [adaptive_k][square][adaptive_k][k=adaptive][s=0] INFO   Win  2  k=1  [1.5→3.0 s]  interior_MAE=11.211°C  → k_next=1
2026-05-25 14:11:50 [adaptive_k][square][adaptive_k][k=adaptive][s=0] INFO   Win  3  k=1  [3.0→4.5 s]  interior_MAE=5.263°C  → k_next=1
2026-05-25 14:12:44 [adaptive_k][square][adaptive_k][k=adaptive][s=0] INFO   Win  4  k=1  [4.5→6.0 s]  interior_MAE=1.742°C  → k_next=2
2026-05-25 14:13:41 [adaptive_k][square][adaptive_k][k=adaptive][s=0] INFO   Win  5  k=2  [6.0→9.0 s]  interior_MAE=1.496°C  → k_next=3
2026-05-25 14:14:36 [adaptive_k][square][adaptive_k][k=adaptive][s=0] INFO   Win  6  k=3  [9.0→13.5 s]  interior_MAE=0.280°C  → k_next=4
2026-05-25 14:15:28 [adaptive_k][square][adaptive_k][k=adaptive][s=0] INFO   Win  7  k=4  [13.5→19.5 s]  interior_MAE=0.043°C  → k_next=5
2026-05-25 14:16:20 [adaptive_k][square][adaptive_k][k=adaptive][s=0] INFO   Win  8  k=5  [19.5→27.0 s]  interior_MAE=0.005°C  → k_next=5
2026-05-25 14:17:14 [adaptive_k][square][adaptive_k][k=adaptive][s=0] INFO   Win  9  k=5  [27.0→30.0 s]  interior_MAE=0.006°C  → k_next=5
2026-05-25 14:17:14 [adaptive_k][square][adaptive_k][k=adaptive][s=0] INFO AdaptiveK done | wins=9 | FEM_solves=9/60 | FEM_saving=85% | MAE=1.523°C | L2=0.0171 | t=487 s
2026-05-25 14:17:14 [adaptive_k][square][adaptive_k][k=adaptive][s=0] INFO k schedule: t=0.0s:k=1 → t=1.5s:k=1 → t=3.0s:k=1 → t=4.5s:k=1 → t=6.0s:k=2 → t=9.0s:k=3 → t=13.5s:k=4 → t=19.5s:k=5 → t=27.0s:k=5
2026-05-25 14:17:14 [adaptive_k][square][adaptive_k][k=adaptive][s=0] INFO Saved → /home/coder/NAS-PINNS1/thermal_pinn/quenching_mswp/results/adaptive_k/square/seed0_adaptive
2026-05-25 14:17:15 [adaptive_k][circle][adaptive_k][k=adaptive][s=0] INFO AdaptiveK | arch=[151, 151, 151, 151, 151] | k=[1..5] | thr_up=2.0°C thr_dn=5.0°C | fourier=True
2026-05-25 14:18:14 [adaptive_k][circle][adaptive_k][k=adaptive][s=0] INFO   Win  1  k=1  [0.0→1.5 s]  interior_MAE=20.981°C  → k_next=1
2026-05-25 14:19:07 [adaptive_k][circle][adaptive_k][k=adaptive][s=0] INFO   Win  2  k=1  [1.5→3.0 s]  interior_MAE=10.018°C  → k_next=1
2026-05-25 14:19:58 [adaptive_k][circle][adaptive_k][k=adaptive][s=0] INFO   Win  3  k=1  [3.0→4.5 s]  interior_MAE=5.152°C  → k_next=1
2026-05-25 14:20:51 [adaptive_k][circle][adaptive_k][k=adaptive][s=0] INFO   Win  4  k=1  [4.5→6.0 s]  interior_MAE=1.860°C  → k_next=2
2026-05-25 14:21:43 [adaptive_k][circle][adaptive_k][k=adaptive][s=0] INFO   Win  5  k=2  [6.0→9.0 s]  interior_MAE=1.472°C  → k_next=3
2026-05-25 14:22:35 [adaptive_k][circle][adaptive_k][k=adaptive][s=0] INFO   Win  6  k=3  [9.0→13.5 s]  interior_MAE=0.274°C  → k_next=4
2026-05-25 14:23:28 [adaptive_k][circle][adaptive_k][k=adaptive][s=0] INFO   Win  7  k=4  [13.5→19.5 s]  interior_MAE=0.005°C  → k_next=5
2026-05-25 14:24:18 [adaptive_k][circle][adaptive_k][k=adaptive][s=0] INFO   Win  8  k=5  [19.5→27.0 s]  interior_MAE=0.003°C  → k_next=5
2026-05-25 14:25:10 [adaptive_k][circle][adaptive_k][k=adaptive][s=0] INFO   Win  9  k=5  [27.0→30.0 s]  interior_MAE=0.038°C  → k_next=5
2026-05-25 14:25:10 [adaptive_k][circle][adaptive_k][k=adaptive][s=0] INFO AdaptiveK done | wins=9 | FEM_solves=9/60 | FEM_saving=85% | MAE=1.431°C | L2=0.0164 | t=475 s
2026-05-25 14:25:10 [adaptive_k][circle][adaptive_k][k=adaptive][s=0] INFO k schedule: t=0.0s:k=1 → t=1.5s:k=1 → t=3.0s:k=1 → t=4.5s:k=1 → t=6.0s:k=2 → t=9.0s:k=3 → t=13.5s:k=4 → t=19.5s:k=5 → t=27.0s:k=5
2026-05-25 14:25:10 [adaptive_k][circle][adaptive_k][k=adaptive][s=0] INFO Saved → /home/coder/NAS-PINNS1/thermal_pinn/quenching_mswp/results/adaptive_k/circle/seed0_adaptive
2026-05-25 14:25:12 [adaptive_k][lshape][adaptive_k][k=adaptive][s=0] INFO AdaptiveK | arch=[151, 151, 151, 151, 151] | k=[1..5] | thr_up=2.0°C thr_dn=5.0°C | fourier=True
2026-05-25 14:26:03 [adaptive_k][lshape][adaptive_k][k=adaptive][s=0] INFO   Win  1  k=1  [0.0→1.5 s]  interior_MAE=19.360°C  → k_next=1
2026-05-25 14:26:54 [adaptive_k][lshape][adaptive_k][k=adaptive][s=0] INFO   Win  2  k=1  [1.5→3.0 s]  interior_MAE=5.737°C  → k_next=1
2026-05-25 14:27:48 [adaptive_k][lshape][adaptive_k][k=adaptive][s=0] INFO   Win  3  k=1  [3.0→4.5 s]  interior_MAE=3.002°C  → k_next=1
2026-05-25 14:28:40 [adaptive_k][lshape][adaptive_k][k=adaptive][s=0] INFO   Win  4  k=1  [4.5→6.0 s]  interior_MAE=1.799°C  → k_next=2
2026-05-25 14:29:32 [adaptive_k][lshape][adaptive_k][k=adaptive][s=0] INFO   Win  5  k=2  [6.0→9.0 s]  interior_MAE=2.959°C  → k_next=2
2026-05-25 14:30:22 [adaptive_k][lshape][adaptive_k][k=adaptive][s=0] INFO   Win  6  k=2  [9.0→12.0 s]  interior_MAE=0.801°C  → k_next=3
2026-05-25 14:31:13 [adaptive_k][lshape][adaptive_k][k=adaptive][s=0] INFO   Win  7  k=3  [12.0→16.5 s]  interior_MAE=0.355°C  → k_next=4
2026-05-25 14:32:04 [adaptive_k][lshape][adaptive_k][k=adaptive][s=0] INFO   Win  8  k=4  [16.5→22.5 s]  interior_MAE=0.056°C  → k_next=5
2026-05-25 14:32:56 [adaptive_k][lshape][adaptive_k][k=adaptive][s=0] INFO   Win  9  k=5  [22.5→30.0 s]  interior_MAE=0.002°C  → k_next=5
2026-05-25 14:32:56 [adaptive_k][lshape][adaptive_k][k=adaptive][s=0] INFO AdaptiveK done | wins=9 | FEM_solves=9/60 | FEM_saving=85% | MAE=1.368°C | L2=0.0173 | t=464 s
2026-05-25 14:32:56 [adaptive_k][lshape][adaptive_k][k=adaptive][s=0] INFO k schedule: t=0.0s:k=1 → t=1.5s:k=1 → t=3.0s:k=1 → t=4.5s:k=1 → t=6.0s:k=2 → t=9.0s:k=2 → t=12.0s:k=3 → t=16.5s:k=4 → t=22.5s:k=5
2026-05-25 14:32:56 [adaptive_k][lshape][adaptive_k][k=adaptive][s=0] INFO Saved → /home/coder/NAS-PINNS1/thermal_pinn/quenching_mswp/results/adaptive_k/lshape/seed0_adaptive
2026-05-25 14:32:56 [adaptive_k][flower][adaptive_k][k=adaptive][s=0] INFO AdaptiveK | arch=[151, 151, 151, 151, 151] | k=[1..5] | thr_up=2.0°C thr_dn=5.0°C | fourier=True
2026-05-25 14:34:16 [adaptive_k][flower][adaptive_k][k=adaptive][s=0] INFO   Win  1  k=1  [0.0→1.5 s]  interior_MAE=32.420°C  → k_next=1
2026-05-25 14:35:33 [adaptive_k][flower][adaptive_k][k=adaptive][s=0] INFO   Win  2  k=1  [1.5→3.0 s]  interior_MAE=11.099°C  → k_next=1
2026-05-25 14:36:53 [adaptive_k][flower][adaptive_k][k=adaptive][s=0] INFO   Win  3  k=1  [3.0→4.5 s]  interior_MAE=3.136°C  → k_next=1
2026-05-25 14:38:11 [adaptive_k][flower][adaptive_k][k=adaptive][s=0] INFO   Win  4  k=1  [4.5→6.0 s]  interior_MAE=0.779°C  → k_next=2
2026-05-25 14:39:30 [adaptive_k][flower][adaptive_k][k=adaptive][s=0] INFO   Win  5  k=2  [6.0→9.0 s]  interior_MAE=0.371°C  → k_next=3
2026-05-25 14:40:46 [adaptive_k][flower][adaptive_k][k=adaptive][s=0] INFO   Win  6  k=3  [9.0→13.5 s]  interior_MAE=0.042°C  → k_next=4
2026-05-25 14:42:04 [adaptive_k][flower][adaptive_k][k=adaptive][s=0] INFO   Win  7  k=4  [13.5→19.5 s]  interior_MAE=0.008°C  → k_next=5
2026-05-25 14:43:25 [adaptive_k][flower][adaptive_k][k=adaptive][s=0] INFO   Win  8  k=5  [19.5→27.0 s]  interior_MAE=0.000°C  → k_next=5
2026-05-25 14:44:46 [adaptive_k][flower][adaptive_k][k=adaptive][s=0] INFO   Win  9  k=5  [27.0→30.0 s]  interior_MAE=0.000°C  → k_next=5
2026-05-25 14:44:46 [adaptive_k][flower][adaptive_k][k=adaptive][s=0] INFO AdaptiveK done | wins=9 | FEM_solves=9/60 | FEM_saving=85% | MAE=1.619°C | L2=0.0152 | t=710 s
2026-05-25 14:44:46 [adaptive_k][flower][adaptive_k][k=adaptive][s=0] INFO k schedule: t=0.0s:k=1 → t=1.5s:k=1 → t=3.0s:k=1 → t=4.5s:k=1 → t=6.0s:k=2 → t=9.0s:k=3 → t=13.5s:k=4 → t=19.5s:k=5 → t=27.0s:k=5
2026-05-25 14:44:46 [adaptive_k][flower][adaptive_k][k=adaptive][s=0] INFO Saved → /home/coder/NAS-PINNS1/thermal_pinn/quenching_mswp/results/adaptive_k/flower/seed0_adaptive
2026-05-25 14:48:15 [adaptive_k][square][adaptive_k][k=adaptive][s=0] INFO AdaptiveK | arch=[151, 151, 151, 151, 151] | k=[1..1] | thr_up=2.0°C thr_dn=5.0°C | fourier=True
2026-05-25 14:49:11 [adaptive_k][square][adaptive_k][k=adaptive][s=0] INFO   Win  1  k=1  [0.0→1.5 s]  interior_MAE=22.333°C  → k_next=1
2026-05-25 14:50:05 [adaptive_k][square][adaptive_k][k=adaptive][s=0] INFO   Win  2  k=1  [1.5→3.0 s]  interior_MAE=11.211°C  → k_next=1
2026-05-25 14:50:58 [adaptive_k][square][adaptive_k][k=adaptive][s=0] INFO   Win  3  k=1  [3.0→4.5 s]  interior_MAE=5.263°C  → k_next=1
2026-05-25 14:51:52 [adaptive_k][square][adaptive_k][k=adaptive][s=0] INFO   Win  4  k=1  [4.5→6.0 s]  interior_MAE=1.742°C  → k_next=1
2026-05-25 14:52:45 [adaptive_k][square][adaptive_k][k=adaptive][s=0] INFO   Win  5  k=1  [6.0→7.5 s]  interior_MAE=0.656°C  → k_next=1
2026-05-25 14:53:41 [adaptive_k][square][adaptive_k][k=adaptive][s=0] INFO   Win  6  k=1  [7.5→9.0 s]  interior_MAE=0.246°C  → k_next=1
2026-05-25 14:54:34 [adaptive_k][square][adaptive_k][k=adaptive][s=0] INFO   Win  7  k=1  [9.0→10.5 s]  interior_MAE=0.093°C  → k_next=1
2026-05-25 14:55:29 [adaptive_k][square][adaptive_k][k=adaptive][s=0] INFO   Win  8  k=1  [10.5→12.0 s]  interior_MAE=0.037°C  → k_next=1
2026-05-25 14:56:23 [adaptive_k][square][adaptive_k][k=adaptive][s=0] INFO   Win  9  k=1  [12.0→13.5 s]  interior_MAE=0.008°C  → k_next=1
2026-05-25 14:57:16 [adaptive_k][square][adaptive_k][k=adaptive][s=0] INFO   Win 10  k=1  [13.5→15.0 s]  interior_MAE=0.002°C  → k_next=1
2026-05-25 14:58:15 [adaptive_k][square][adaptive_k][k=adaptive][s=0] INFO   Win 11  k=1  [15.0→16.5 s]  interior_MAE=0.003°C  → k_next=1
2026-05-25 14:59:16 [adaptive_k][square][adaptive_k][k=adaptive][s=0] INFO   Win 12  k=1  [16.5→18.0 s]  interior_MAE=0.001°C  → k_next=1
2026-05-25 15:00:09 [adaptive_k][square][adaptive_k][k=adaptive][s=0] INFO   Win 13  k=1  [18.0→19.5 s]  interior_MAE=0.001°C  → k_next=1
2026-05-25 15:01:03 [adaptive_k][square][adaptive_k][k=adaptive][s=0] INFO   Win 14  k=1  [19.5→21.0 s]  interior_MAE=0.003°C  → k_next=1
2026-05-25 15:01:57 [adaptive_k][square][adaptive_k][k=adaptive][s=0] INFO   Win 15  k=1  [21.0→22.5 s]  interior_MAE=0.015°C  → k_next=1
2026-05-25 15:02:54 [adaptive_k][square][adaptive_k][k=adaptive][s=0] INFO   Win 16  k=1  [22.5→24.0 s]  interior_MAE=0.003°C  → k_next=1
2026-05-25 15:03:49 [adaptive_k][square][adaptive_k][k=adaptive][s=0] INFO   Win 17  k=1  [24.0→25.5 s]  interior_MAE=0.007°C  → k_next=1
2026-05-25 15:04:43 [adaptive_k][square][adaptive_k][k=adaptive][s=0] INFO   Win 18  k=1  [25.5→27.0 s]  interior_MAE=0.004°C  → k_next=1
2026-05-25 15:05:37 [adaptive_k][square][adaptive_k][k=adaptive][s=0] INFO   Win 19  k=1  [27.0→28.5 s]  interior_MAE=0.013°C  → k_next=1
2026-05-25 15:06:29 [adaptive_k][square][adaptive_k][k=adaptive][s=0] INFO   Win 20  k=1  [28.5→30.0 s]  interior_MAE=0.001°C  → k_next=1
2026-05-25 15:06:29 [adaptive_k][square][adaptive_k][k=adaptive][s=0] INFO AdaptiveK done | wins=20 | FEM_solves=20/60 | FEM_saving=67% | MAE=1.388°C | L2=0.0111 | t=1094 s
2026-05-25 15:06:29 [adaptive_k][square][adaptive_k][k=adaptive][s=0] INFO k schedule: t=0.0s:k=1 → t=1.5s:k=1 → t=3.0s:k=1 → t=4.5s:k=1 → t=6.0s:k=1 → t=7.5s:k=1 → t=9.0s:k=1 → t=10.5s:k=1 → t=12.0s:k=1 → t=13.5s:k=1 → t=15.0s:k=1 → t=16.5s:k=1 → t=18.0s:k=1 → t=19.5s:k=1 → t=21.0s:k=1 → t=22.5s:k=1 → t=24.0s:k=1 → t=25.5s:k=1 → t=27.0s:k=1 → t=28.5s:k=1
2026-05-25 15:06:29 [adaptive_k][square][adaptive_k][k=adaptive][s=0] INFO Saved → /home/coder/NAS-PINNS1/thermal_pinn/quenching_mswp/results/adaptive_k/square/seed0_k1fixed
2026-05-25 15:06:31 [adaptive_k][circle][adaptive_k][k=adaptive][s=0] INFO AdaptiveK | arch=[151, 151, 151, 151, 151] | k=[1..1] | thr_up=2.0°C thr_dn=5.0°C | fourier=True
2026-05-25 15:07:29 [adaptive_k][circle][adaptive_k][k=adaptive][s=0] INFO   Win  1  k=1  [0.0→1.5 s]  interior_MAE=20.981°C  → k_next=1
2026-05-25 15:08:22 [adaptive_k][circle][adaptive_k][k=adaptive][s=0] INFO   Win  2  k=1  [1.5→3.0 s]  interior_MAE=10.018°C  → k_next=1
2026-05-25 15:09:11 [adaptive_k][circle][adaptive_k][k=adaptive][s=0] INFO   Win  3  k=1  [3.0→4.5 s]  interior_MAE=5.152°C  → k_next=1
2026-05-25 15:10:02 [adaptive_k][circle][adaptive_k][k=adaptive][s=0] INFO   Win  4  k=1  [4.5→6.0 s]  interior_MAE=1.860°C  → k_next=1
2026-05-25 15:10:53 [adaptive_k][circle][adaptive_k][k=adaptive][s=0] INFO   Win  5  k=1  [6.0→7.5 s]  interior_MAE=0.667°C  → k_next=1
2026-05-25 15:11:44 [adaptive_k][circle][adaptive_k][k=adaptive][s=0] INFO   Win  6  k=1  [7.5→9.0 s]  interior_MAE=0.253°C  → k_next=1
2026-05-25 15:12:39 [adaptive_k][circle][adaptive_k][k=adaptive][s=0] INFO   Win  7  k=1  [9.0→10.5 s]  interior_MAE=0.087°C  → k_next=1
2026-05-25 15:13:30 [adaptive_k][circle][adaptive_k][k=adaptive][s=0] INFO   Win  8  k=1  [10.5→12.0 s]  interior_MAE=0.019°C  → k_next=1
2026-05-25 15:14:21 [adaptive_k][circle][adaptive_k][k=adaptive][s=0] INFO   Win  9  k=1  [12.0→13.5 s]  interior_MAE=0.024°C  → k_next=1
2026-05-25 15:15:13 [adaptive_k][circle][adaptive_k][k=adaptive][s=0] INFO   Win 10  k=1  [13.5→15.0 s]  interior_MAE=0.005°C  → k_next=1
2026-05-25 15:16:05 [adaptive_k][circle][adaptive_k][k=adaptive][s=0] INFO   Win 11  k=1  [15.0→16.5 s]  interior_MAE=0.004°C  → k_next=1
2026-05-25 15:16:55 [adaptive_k][circle][adaptive_k][k=adaptive][s=0] INFO   Win 12  k=1  [16.5→18.0 s]  interior_MAE=0.000°C  → k_next=1
2026-05-25 15:17:47 [adaptive_k][circle][adaptive_k][k=adaptive][s=0] INFO   Win 13  k=1  [18.0→19.5 s]  interior_MAE=0.003°C  → k_next=1
2026-05-25 15:18:39 [adaptive_k][circle][adaptive_k][k=adaptive][s=0] INFO   Win 14  k=1  [19.5→21.0 s]  interior_MAE=0.002°C  → k_next=1
2026-05-25 15:19:31 [adaptive_k][circle][adaptive_k][k=adaptive][s=0] INFO   Win 15  k=1  [21.0→22.5 s]  interior_MAE=0.001°C  → k_next=1
2026-05-25 15:20:21 [adaptive_k][circle][adaptive_k][k=adaptive][s=0] INFO   Win 16  k=1  [22.5→24.0 s]  interior_MAE=0.034°C  → k_next=1
2026-05-25 15:21:15 [adaptive_k][circle][adaptive_k][k=adaptive][s=0] INFO   Win 17  k=1  [24.0→25.5 s]  interior_MAE=0.001°C  → k_next=1
2026-05-25 15:22:07 [adaptive_k][circle][adaptive_k][k=adaptive][s=0] INFO   Win 18  k=1  [25.5→27.0 s]  interior_MAE=0.015°C  → k_next=1
2026-05-25 15:23:01 [adaptive_k][circle][adaptive_k][k=adaptive][s=0] INFO   Win 19  k=1  [27.0→28.5 s]  interior_MAE=0.002°C  → k_next=1
2026-05-25 15:23:53 [adaptive_k][circle][adaptive_k][k=adaptive][s=0] INFO   Win 20  k=1  [28.5→30.0 s]  interior_MAE=0.009°C  → k_next=1
2026-05-25 15:23:53 [adaptive_k][circle][adaptive_k][k=adaptive][s=0] INFO AdaptiveK done | wins=20 | FEM_solves=20/60 | FEM_saving=67% | MAE=1.305°C | L2=0.0108 | t=1041 s
2026-05-25 15:23:53 [adaptive_k][circle][adaptive_k][k=adaptive][s=0] INFO k schedule: t=0.0s:k=1 → t=1.5s:k=1 → t=3.0s:k=1 → t=4.5s:k=1 → t=6.0s:k=1 → t=7.5s:k=1 → t=9.0s:k=1 → t=10.5s:k=1 → t=12.0s:k=1 → t=13.5s:k=1 → t=15.0s:k=1 → t=16.5s:k=1 → t=18.0s:k=1 → t=19.5s:k=1 → t=21.0s:k=1 → t=22.5s:k=1 → t=24.0s:k=1 → t=25.5s:k=1 → t=27.0s:k=1 → t=28.5s:k=1
2026-05-25 15:23:53 [adaptive_k][circle][adaptive_k][k=adaptive][s=0] INFO Saved → /home/coder/NAS-PINNS1/thermal_pinn/quenching_mswp/results/adaptive_k/circle/seed0_k1fixed
2026-05-25 15:23:55 [adaptive_k][lshape][adaptive_k][k=adaptive][s=0] INFO AdaptiveK | arch=[151, 151, 151, 151, 151] | k=[1..1] | thr_up=2.0°C thr_dn=5.0°C | fourier=True
2026-05-25 15:24:48 [adaptive_k][lshape][adaptive_k][k=adaptive][s=0] INFO   Win  1  k=1  [0.0→1.5 s]  interior_MAE=19.360°C  → k_next=1
2026-05-25 15:25:38 [adaptive_k][lshape][adaptive_k][k=adaptive][s=0] INFO   Win  2  k=1  [1.5→3.0 s]  interior_MAE=5.737°C  → k_next=1
2026-05-25 15:26:27 [adaptive_k][lshape][adaptive_k][k=adaptive][s=0] INFO   Win  3  k=1  [3.0→4.5 s]  interior_MAE=3.002°C  → k_next=1
2026-05-25 15:27:19 [adaptive_k][lshape][adaptive_k][k=adaptive][s=0] INFO   Win  4  k=1  [4.5→6.0 s]  interior_MAE=1.799°C  → k_next=1
2026-05-25 15:28:09 [adaptive_k][lshape][adaptive_k][k=adaptive][s=0] INFO   Win  5  k=1  [6.0→7.5 s]  interior_MAE=1.239°C  → k_next=1
2026-05-25 15:28:59 [adaptive_k][lshape][adaptive_k][k=adaptive][s=0] INFO   Win  6  k=1  [7.5→9.0 s]  interior_MAE=0.571°C  → k_next=1
2026-05-25 15:29:49 [adaptive_k][lshape][adaptive_k][k=adaptive][s=0] INFO   Win  7  k=1  [9.0→10.5 s]  interior_MAE=0.313°C  → k_next=1
2026-05-25 15:30:40 [adaptive_k][lshape][adaptive_k][k=adaptive][s=0] INFO   Win  8  k=1  [10.5→12.0 s]  interior_MAE=0.182°C  → k_next=1
2026-05-25 15:31:29 [adaptive_k][lshape][adaptive_k][k=adaptive][s=0] INFO   Win  9  k=1  [12.0→13.5 s]  interior_MAE=0.191°C  → k_next=1
2026-05-25 15:32:19 [adaptive_k][lshape][adaptive_k][k=adaptive][s=0] INFO   Win 10  k=1  [13.5→15.0 s]  interior_MAE=0.037°C  → k_next=1
2026-05-25 15:33:08 [adaptive_k][lshape][adaptive_k][k=adaptive][s=0] INFO   Win 11  k=1  [15.0→16.5 s]  interior_MAE=0.023°C  → k_next=1
2026-05-25 15:33:59 [adaptive_k][lshape][adaptive_k][k=adaptive][s=0] INFO   Win 12  k=1  [16.5→18.0 s]  interior_MAE=0.012°C  → k_next=1
2026-05-25 15:34:50 [adaptive_k][lshape][adaptive_k][k=adaptive][s=0] INFO   Win 13  k=1  [18.0→19.5 s]  interior_MAE=0.005°C  → k_next=1
2026-05-25 15:35:38 [adaptive_k][lshape][adaptive_k][k=adaptive][s=0] INFO   Win 14  k=1  [19.5→21.0 s]  interior_MAE=0.001°C  → k_next=1
2026-05-25 15:36:35 [adaptive_k][lshape][adaptive_k][k=adaptive][s=0] INFO   Win 15  k=1  [21.0→22.5 s]  interior_MAE=0.001°C  → k_next=1
2026-05-25 15:37:25 [adaptive_k][lshape][adaptive_k][k=adaptive][s=0] INFO   Win 16  k=1  [22.5→24.0 s]  interior_MAE=0.004°C  → k_next=1
2026-05-25 15:38:14 [adaptive_k][lshape][adaptive_k][k=adaptive][s=0] INFO   Win 17  k=1  [24.0→25.5 s]  interior_MAE=0.002°C  → k_next=1
2026-05-25 15:39:03 [adaptive_k][lshape][adaptive_k][k=adaptive][s=0] INFO   Win 18  k=1  [25.5→27.0 s]  interior_MAE=0.002°C  → k_next=1
2026-05-25 15:39:53 [adaptive_k][lshape][adaptive_k][k=adaptive][s=0] INFO   Win 19  k=1  [27.0→28.5 s]  interior_MAE=0.085°C  → k_next=1
2026-05-25 15:40:43 [adaptive_k][lshape][adaptive_k][k=adaptive][s=0] INFO   Win 20  k=1  [28.5→30.0 s]  interior_MAE=0.002°C  → k_next=1
2026-05-25 15:40:43 [adaptive_k][lshape][adaptive_k][k=adaptive][s=0] INFO AdaptiveK done | wins=20 | FEM_solves=20/60 | FEM_saving=67% | MAE=1.086°C | L2=0.0081 | t=1009 s
2026-05-25 15:40:43 [adaptive_k][lshape][adaptive_k][k=adaptive][s=0] INFO k schedule: t=0.0s:k=1 → t=1.5s:k=1 → t=3.0s:k=1 → t=4.5s:k=1 → t=6.0s:k=1 → t=7.5s:k=1 → t=9.0s:k=1 → t=10.5s:k=1 → t=12.0s:k=1 → t=13.5s:k=1 → t=15.0s:k=1 → t=16.5s:k=1 → t=18.0s:k=1 → t=19.5s:k=1 → t=21.0s:k=1 → t=22.5s:k=1 → t=24.0s:k=1 → t=25.5s:k=1 → t=27.0s:k=1 → t=28.5s:k=1
2026-05-25 15:40:43 [adaptive_k][lshape][adaptive_k][k=adaptive][s=0] INFO Saved → /home/coder/NAS-PINNS1/thermal_pinn/quenching_mswp/results/adaptive_k/lshape/seed0_k1fixed
2026-05-25 15:40:44 [adaptive_k][flower][adaptive_k][k=adaptive][s=0] INFO AdaptiveK | arch=[151, 151, 151, 151, 151] | k=[1..1] | thr_up=2.0°C thr_dn=5.0°C | fourier=True
2026-05-25 15:42:03 [adaptive_k][flower][adaptive_k][k=adaptive][s=0] INFO   Win  1  k=1  [0.0→1.5 s]  interior_MAE=32.420°C  → k_next=1
2026-05-25 15:43:18 [adaptive_k][flower][adaptive_k][k=adaptive][s=0] INFO   Win  2  k=1  [1.5→3.0 s]  interior_MAE=11.099°C  → k_next=1
2026-05-25 15:44:38 [adaptive_k][flower][adaptive_k][k=adaptive][s=0] INFO   Win  3  k=1  [3.0→4.5 s]  interior_MAE=3.136°C  → k_next=1
2026-05-25 15:45:57 [adaptive_k][flower][adaptive_k][k=adaptive][s=0] INFO   Win  4  k=1  [4.5→6.0 s]  interior_MAE=0.779°C  → k_next=1
2026-05-25 15:47:16 [adaptive_k][flower][adaptive_k][k=adaptive][s=0] INFO   Win  5  k=1  [6.0→7.5 s]  interior_MAE=0.190°C  → k_next=1
2026-05-25 15:48:35 [adaptive_k][flower][adaptive_k][k=adaptive][s=0] INFO   Win  6  k=1  [7.5→9.0 s]  interior_MAE=0.045°C  → k_next=1
2026-05-25 15:49:51 [adaptive_k][flower][adaptive_k][k=adaptive][s=0] INFO   Win  7  k=1  [9.0→10.5 s]  interior_MAE=0.004°C  → k_next=1
2026-05-25 15:51:08 [adaptive_k][flower][adaptive_k][k=adaptive][s=0] INFO   Win  8  k=1  [10.5→12.0 s]  interior_MAE=0.004°C  → k_next=1
2026-05-25 15:52:24 [adaptive_k][flower][adaptive_k][k=adaptive][s=0] INFO   Win  9  k=1  [12.0→13.5 s]  interior_MAE=0.001°C  → k_next=1
2026-05-25 15:53:40 [adaptive_k][flower][adaptive_k][k=adaptive][s=0] INFO   Win 10  k=1  [13.5→15.0 s]  interior_MAE=0.004°C  → k_next=1
2026-05-25 15:55:00 [adaptive_k][flower][adaptive_k][k=adaptive][s=0] INFO   Win 11  k=1  [15.0→16.5 s]  interior_MAE=0.001°C  → k_next=1
2026-05-25 15:56:18 [adaptive_k][flower][adaptive_k][k=adaptive][s=0] INFO   Win 12  k=1  [16.5→18.0 s]  interior_MAE=0.016°C  → k_next=1
2026-05-25 15:57:37 [adaptive_k][flower][adaptive_k][k=adaptive][s=0] INFO   Win 13  k=1  [18.0→19.5 s]  interior_MAE=0.001°C  → k_next=1
2026-05-25 15:58:56 [adaptive_k][flower][adaptive_k][k=adaptive][s=0] INFO   Win 14  k=1  [19.5→21.0 s]  interior_MAE=0.005°C  → k_next=1
2026-05-25 16:00:16 [adaptive_k][flower][adaptive_k][k=adaptive][s=0] INFO   Win 15  k=1  [21.0→22.5 s]  interior_MAE=0.002°C  → k_next=1
2026-05-25 16:01:33 [adaptive_k][flower][adaptive_k][k=adaptive][s=0] INFO   Win 16  k=1  [22.5→24.0 s]  interior_MAE=0.004°C  → k_next=1
2026-05-25 16:02:50 [adaptive_k][flower][adaptive_k][k=adaptive][s=0] INFO   Win 17  k=1  [24.0→25.5 s]  interior_MAE=0.002°C  → k_next=1
2026-05-25 16:04:10 [adaptive_k][flower][adaptive_k][k=adaptive][s=0] INFO   Win 18  k=1  [25.5→27.0 s]  interior_MAE=0.000°C  → k_next=1
2026-05-25 16:05:27 [adaptive_k][flower][adaptive_k][k=adaptive][s=0] INFO   Win 19  k=1  [27.0→28.5 s]  interior_MAE=0.034°C  → k_next=1
2026-05-25 16:06:44 [adaptive_k][flower][adaptive_k][k=adaptive][s=0] INFO   Win 20  k=1  [28.5→30.0 s]  interior_MAE=0.008°C  → k_next=1
2026-05-25 16:06:44 [adaptive_k][flower][adaptive_k][k=adaptive][s=0] INFO AdaptiveK done | wins=20 | FEM_solves=20/60 | FEM_saving=67% | MAE=1.592°C | L2=0.0138 | t=1560 s
2026-05-25 16:06:44 [adaptive_k][flower][adaptive_k][k=adaptive][s=0] INFO k schedule: t=0.0s:k=1 → t=1.5s:k=1 → t=3.0s:k=1 → t=4.5s:k=1 → t=6.0s:k=1 → t=7.5s:k=1 → t=9.0s:k=1 → t=10.5s:k=1 → t=12.0s:k=1 → t=13.5s:k=1 → t=15.0s:k=1 → t=16.5s:k=1 → t=18.0s:k=1 → t=19.5s:k=1 → t=21.0s:k=1 → t=22.5s:k=1 → t=24.0s:k=1 → t=25.5s:k=1 → t=27.0s:k=1 → t=28.5s:k=1
2026-05-25 16:06:44 [adaptive_k][flower][adaptive_k][k=adaptive][s=0] INFO Saved → /home/coder/NAS-PINNS1/thermal_pinn/quenching_mswp/results/adaptive_k/flower/seed0_k1fixed
2026-05-25 16:08:35 [adaptive_k][square][adaptive_k][k=adaptive][s=0] INFO AdaptiveK | arch=[151, 151, 151, 151, 151] | k=[2..2] | thr_up=2.0°C thr_dn=5.0°C | fourier=True
2026-05-25 16:09:30 [adaptive_k][square][adaptive_k][k=adaptive][s=0] INFO   Win  1  k=2  [0.0→3.0 s]  interior_MAE=71.709°C  → k_next=2
2026-05-25 16:10:24 [adaptive_k][square][adaptive_k][k=adaptive][s=0] INFO   Win  2  k=2  [3.0→6.0 s]  interior_MAE=11.315°C  → k_next=2
2026-05-25 16:11:20 [adaptive_k][square][adaptive_k][k=adaptive][s=0] INFO   Win  3  k=2  [6.0→9.0 s]  interior_MAE=1.536°C  → k_next=2
2026-05-25 16:12:17 [adaptive_k][square][adaptive_k][k=adaptive][s=0] INFO   Win  4  k=2  [9.0→12.0 s]  interior_MAE=0.217°C  → k_next=2
2026-05-25 16:13:09 [adaptive_k][square][adaptive_k][k=adaptive][s=0] INFO   Win  5  k=2  [12.0→15.0 s]  interior_MAE=0.027°C  → k_next=2
2026-05-25 16:14:05 [adaptive_k][square][adaptive_k][k=adaptive][s=0] INFO   Win  6  k=2  [15.0→18.0 s]  interior_MAE=0.003°C  → k_next=2
2026-05-25 16:15:00 [adaptive_k][square][adaptive_k][k=adaptive][s=0] INFO   Win  7  k=2  [18.0→21.0 s]  interior_MAE=0.007°C  → k_next=2
2026-05-25 16:15:55 [adaptive_k][square][adaptive_k][k=adaptive][s=0] INFO   Win  8  k=2  [21.0→24.0 s]  interior_MAE=0.004°C  → k_next=2
2026-05-25 16:16:48 [adaptive_k][square][adaptive_k][k=adaptive][s=0] INFO   Win  9  k=2  [24.0→27.0 s]  interior_MAE=0.010°C  → k_next=2
2026-05-25 16:17:44 [adaptive_k][square][adaptive_k][k=adaptive][s=0] INFO   Win 10  k=2  [27.0→30.0 s]  interior_MAE=0.020°C  → k_next=2
2026-05-25 16:17:44 [adaptive_k][square][adaptive_k][k=adaptive][s=0] INFO AdaptiveK done | wins=10 | FEM_solves=10/60 | FEM_saving=83% | MAE=7.071°C | L2=0.0549 | t=549 s
2026-05-25 16:17:44 [adaptive_k][square][adaptive_k][k=adaptive][s=0] INFO k schedule: t=0.0s:k=2 → t=3.0s:k=2 → t=6.0s:k=2 → t=9.0s:k=2 → t=12.0s:k=2 → t=15.0s:k=2 → t=18.0s:k=2 → t=21.0s:k=2 → t=24.0s:k=2 → t=27.0s:k=2
2026-05-25 16:17:44 [adaptive_k][square][adaptive_k][k=adaptive][s=0] INFO Saved → /home/coder/NAS-PINNS1/thermal_pinn/quenching_mswp/results/adaptive_k/square/seed0_k2fixed
2026-05-25 16:17:45 [adaptive_k][circle][adaptive_k][k=adaptive][s=0] INFO AdaptiveK | arch=[151, 151, 151, 151, 151] | k=[2..2] | thr_up=2.0°C thr_dn=5.0°C | fourier=True
2026-05-25 16:18:39 [adaptive_k][circle][adaptive_k][k=adaptive][s=0] INFO   Win  1  k=2  [0.0→3.0 s]  interior_MAE=66.234°C  → k_next=2
2026-05-25 16:19:30 [adaptive_k][circle][adaptive_k][k=adaptive][s=0] INFO   Win  2  k=2  [3.0→6.0 s]  interior_MAE=10.470°C  → k_next=2
2026-05-25 16:20:23 [adaptive_k][circle][adaptive_k][k=adaptive][s=0] INFO   Win  3  k=2  [6.0→9.0 s]  interior_MAE=1.473°C  → k_next=2
2026-05-25 16:21:16 [adaptive_k][circle][adaptive_k][k=adaptive][s=0] INFO   Win  4  k=2  [9.0→12.0 s]  interior_MAE=0.188°C  → k_next=2
2026-05-25 16:22:10 [adaptive_k][circle][adaptive_k][k=adaptive][s=0] INFO   Win  5  k=2  [12.0→15.0 s]  interior_MAE=0.017°C  → k_next=2
2026-05-25 16:23:04 [adaptive_k][circle][adaptive_k][k=adaptive][s=0] INFO   Win  6  k=2  [15.0→18.0 s]  interior_MAE=0.008°C  → k_next=2
2026-05-25 16:23:59 [adaptive_k][circle][adaptive_k][k=adaptive][s=0] INFO   Win  7  k=2  [18.0→21.0 s]  interior_MAE=0.000°C  → k_next=2
2026-05-25 16:24:53 [adaptive_k][circle][adaptive_k][k=adaptive][s=0] INFO   Win  8  k=2  [21.0→24.0 s]  interior_MAE=0.001°C  → k_next=2
2026-05-25 16:25:46 [adaptive_k][circle][adaptive_k][k=adaptive][s=0] INFO   Win  9  k=2  [24.0→27.0 s]  interior_MAE=0.005°C  → k_next=2
2026-05-25 16:26:40 [adaptive_k][circle][adaptive_k][k=adaptive][s=0] INFO   Win 10  k=2  [27.0→30.0 s]  interior_MAE=0.011°C  → k_next=2
2026-05-25 16:26:40 [adaptive_k][circle][adaptive_k][k=adaptive][s=0] INFO AdaptiveK done | wins=10 | FEM_solves=10/60 | FEM_saving=83% | MAE=6.534°C | L2=0.0512 | t=535 s
2026-05-25 16:26:40 [adaptive_k][circle][adaptive_k][k=adaptive][s=0] INFO k schedule: t=0.0s:k=2 → t=3.0s:k=2 → t=6.0s:k=2 → t=9.0s:k=2 → t=12.0s:k=2 → t=15.0s:k=2 → t=18.0s:k=2 → t=21.0s:k=2 → t=24.0s:k=2 → t=27.0s:k=2
2026-05-25 16:26:40 [adaptive_k][circle][adaptive_k][k=adaptive][s=0] INFO Saved → /home/coder/NAS-PINNS1/thermal_pinn/quenching_mswp/results/adaptive_k/circle/seed0_k2fixed
2026-05-25 16:26:42 [adaptive_k][lshape][adaptive_k][k=adaptive][s=0] INFO AdaptiveK | arch=[151, 151, 151, 151, 151] | k=[2..2] | thr_up=2.0°C thr_dn=5.0°C | fourier=True
2026-05-25 16:27:32 [adaptive_k][lshape][adaptive_k][k=adaptive][s=0] INFO   Win  1  k=2  [0.0→3.0 s]  interior_MAE=26.962°C  → k_next=2
2026-05-25 16:28:23 [adaptive_k][lshape][adaptive_k][k=adaptive][s=0] INFO   Win  2  k=2  [3.0→6.0 s]  interior_MAE=7.493°C  → k_next=2
2026-05-25 16:29:14 [adaptive_k][lshape][adaptive_k][k=adaptive][s=0] INFO   Win  3  k=2  [6.0→9.0 s]  interior_MAE=2.900°C  → k_next=2
2026-05-25 16:30:05 [adaptive_k][lshape][adaptive_k][k=adaptive][s=0] INFO   Win  4  k=2  [9.0→12.0 s]  interior_MAE=0.826°C  → k_next=2
2026-05-25 16:30:56 [adaptive_k][lshape][adaptive_k][k=adaptive][s=0] INFO   Win  5  k=2  [12.0→15.0 s]  interior_MAE=0.209°C  → k_next=2
2026-05-25 16:31:49 [adaptive_k][lshape][adaptive_k][k=adaptive][s=0] INFO   Win  6  k=2  [15.0→18.0 s]  interior_MAE=0.056°C  → k_next=2
2026-05-25 16:32:41 [adaptive_k][lshape][adaptive_k][k=adaptive][s=0] INFO   Win  7  k=2  [18.0→21.0 s]  interior_MAE=0.011°C  → k_next=2
2026-05-25 16:33:33 [adaptive_k][lshape][adaptive_k][k=adaptive][s=0] INFO   Win  8  k=2  [21.0→24.0 s]  interior_MAE=0.002°C  → k_next=2
2026-05-25 16:34:24 [adaptive_k][lshape][adaptive_k][k=adaptive][s=0] INFO   Win  9  k=2  [24.0→27.0 s]  interior_MAE=0.003°C  → k_next=2
2026-05-25 16:35:14 [adaptive_k][lshape][adaptive_k][k=adaptive][s=0] INFO   Win 10  k=2  [27.0→30.0 s]  interior_MAE=0.032°C  → k_next=2
2026-05-25 16:35:14 [adaptive_k][lshape][adaptive_k][k=adaptive][s=0] INFO AdaptiveK done | wins=10 | FEM_solves=10/60 | FEM_saving=83% | MAE=3.208°C | L2=0.0266 | t=512 s
2026-05-25 16:35:14 [adaptive_k][lshape][adaptive_k][k=adaptive][s=0] INFO k schedule: t=0.0s:k=2 → t=3.0s:k=2 → t=6.0s:k=2 → t=9.0s:k=2 → t=12.0s:k=2 → t=15.0s:k=2 → t=18.0s:k=2 → t=21.0s:k=2 → t=24.0s:k=2 → t=27.0s:k=2
2026-05-25 16:35:14 [adaptive_k][lshape][adaptive_k][k=adaptive][s=0] INFO Saved → /home/coder/NAS-PINNS1/thermal_pinn/quenching_mswp/results/adaptive_k/lshape/seed0_k2fixed
2026-05-25 16:35:15 [adaptive_k][flower][adaptive_k][k=adaptive][s=0] INFO AdaptiveK | arch=[151, 151, 151, 151, 151] | k=[2..2] | thr_up=2.0°C thr_dn=5.0°C | fourier=True
2026-05-25 16:36:32 [adaptive_k][flower][adaptive_k][k=adaptive][s=0] INFO   Win  1  k=2  [0.0→3.0 s]  interior_MAE=95.655°C  → k_next=2
2026-05-25 16:37:50 [adaptive_k][flower][adaptive_k][k=adaptive][s=0] INFO   Win  2  k=2  [3.0→6.0 s]  interior_MAE=6.571°C  → k_next=2
2026-05-25 16:39:08 [adaptive_k][flower][adaptive_k][k=adaptive][s=0] INFO   Win  3  k=2  [6.0→9.0 s]  interior_MAE=0.360°C  → k_next=2
2026-05-25 16:40:25 [adaptive_k][flower][adaptive_k][k=adaptive][s=0] INFO   Win  4  k=2  [9.0→12.0 s]  interior_MAE=0.022°C  → k_next=2
2026-05-25 16:41:46 [adaptive_k][flower][adaptive_k][k=adaptive][s=0] INFO   Win  5  k=2  [12.0→15.0 s]  interior_MAE=0.002°C  → k_next=2
2026-05-25 16:43:03 [adaptive_k][flower][adaptive_k][k=adaptive][s=0] INFO   Win  6  k=2  [15.0→18.0 s]  interior_MAE=0.011°C  → k_next=2
2026-05-25 16:44:19 [adaptive_k][flower][adaptive_k][k=adaptive][s=0] INFO   Win  7  k=2  [18.0→21.0 s]  interior_MAE=0.004°C  → k_next=2
2026-05-25 16:44:52 [adaptive_k][square][adaptive_k][k=adaptive][s=0] INFO AdaptiveK | arch=[151, 151, 151, 151, 151] | k=[3..3] | thr_up=2.0°C thr_dn=5.0°C | fourier=True
2026-05-25 16:45:42 [adaptive_k][flower][adaptive_k][k=adaptive][s=0] INFO   Win  8  k=2  [21.0→24.0 s]  interior_MAE=0.004°C  → k_next=2
2026-05-25 16:45:51 [adaptive_k][square][adaptive_k][k=adaptive][s=0] INFO   Win  1  k=3  [0.0→4.5 s]  interior_MAE=110.235°C  → k_next=3
2026-05-25 16:46:49 [adaptive_k][square][adaptive_k][k=adaptive][s=0] INFO   Win  2  k=3  [4.5→9.0 s]  interior_MAE=5.904°C  → k_next=3
2026-05-25 16:47:08 [adaptive_k][flower][adaptive_k][k=adaptive][s=0] INFO   Win  9  k=2  [24.0→27.0 s]  interior_MAE=0.001°C  → k_next=2
2026-05-25 16:47:45 [adaptive_k][square][adaptive_k][k=adaptive][s=0] INFO   Win  3  k=3  [9.0→13.5 s]  interior_MAE=0.304°C  → k_next=3
2026-05-25 16:48:32 [adaptive_k][flower][adaptive_k][k=adaptive][s=0] INFO   Win 10  k=2  [27.0→30.0 s]  interior_MAE=0.022°C  → k_next=2
2026-05-25 16:48:32 [adaptive_k][flower][adaptive_k][k=adaptive][s=0] INFO AdaptiveK done | wins=10 | FEM_solves=10/60 | FEM_saving=83% | MAE=8.554°C | L2=0.0759 | t=797 s
2026-05-25 16:48:32 [adaptive_k][flower][adaptive_k][k=adaptive][s=0] INFO k schedule: t=0.0s:k=2 → t=3.0s:k=2 → t=6.0s:k=2 → t=9.0s:k=2 → t=12.0s:k=2 → t=15.0s:k=2 → t=18.0s:k=2 → t=21.0s:k=2 → t=24.0s:k=2 → t=27.0s:k=2
2026-05-25 16:48:32 [adaptive_k][flower][adaptive_k][k=adaptive][s=0] INFO Saved → /home/coder/NAS-PINNS1/thermal_pinn/quenching_mswp/results/adaptive_k/flower/seed0_k2fixed
2026-05-25 16:48:43 [adaptive_k][square][adaptive_k][k=adaptive][s=0] INFO   Win  4  k=3  [13.5→18.0 s]  interior_MAE=0.011°C  → k_next=3
2026-05-25 16:49:35 [adaptive_k][square][adaptive_k][k=adaptive][s=0] INFO   Win  5  k=3  [18.0→22.5 s]  interior_MAE=0.013°C  → k_next=3
2026-05-25 16:50:26 [adaptive_k][square][adaptive_k][k=adaptive][s=0] INFO   Win  6  k=3  [22.5→27.0 s]  interior_MAE=0.006°C  → k_next=3
2026-05-25 16:51:20 [adaptive_k][square][adaptive_k][k=adaptive][s=0] INFO   Win  7  k=3  [27.0→30.0 s]  interior_MAE=0.001°C  → k_next=3
2026-05-25 16:51:20 [adaptive_k][square][adaptive_k][k=adaptive][s=0] INFO AdaptiveK done | wins=7 | FEM_solves=7/60 | FEM_saving=88% | MAE=15.530°C | L2=0.1387 | t=388 s
2026-05-25 16:51:20 [adaptive_k][square][adaptive_k][k=adaptive][s=0] INFO k schedule: t=0.0s:k=3 → t=4.5s:k=3 → t=9.0s:k=3 → t=13.5s:k=3 → t=18.0s:k=3 → t=22.5s:k=3 → t=27.0s:k=3
2026-05-25 16:51:20 [adaptive_k][square][adaptive_k][k=adaptive][s=0] INFO Saved → /home/coder/NAS-PINNS1/thermal_pinn/quenching_mswp/results/adaptive_k/square/seed0_k3fixed
2026-05-25 16:51:21 [adaptive_k][circle][adaptive_k][k=adaptive][s=0] INFO AdaptiveK | arch=[151, 151, 151, 151, 151] | k=[3..3] | thr_up=2.0°C thr_dn=5.0°C | fourier=True
2026-05-25 16:52:15 [adaptive_k][circle][adaptive_k][k=adaptive][s=0] INFO   Win  1  k=3  [0.0→4.5 s]  interior_MAE=100.758°C  → k_next=3
2026-05-25 16:53:06 [adaptive_k][circle][adaptive_k][k=adaptive][s=0] INFO   Win  2  k=3  [4.5→9.0 s]  interior_MAE=5.787°C  → k_next=3
2026-05-25 16:53:59 [adaptive_k][circle][adaptive_k][k=adaptive][s=0] INFO   Win  3  k=3  [9.0→13.5 s]  interior_MAE=0.259°C  → k_next=3
2026-05-25 16:54:49 [adaptive_k][circle][adaptive_k][k=adaptive][s=0] INFO   Win  4  k=3  [13.5→18.0 s]  interior_MAE=0.012°C  → k_next=3
2026-05-25 16:55:46 [adaptive_k][circle][adaptive_k][k=adaptive][s=0] INFO   Win  5  k=3  [18.0→22.5 s]  interior_MAE=0.001°C  → k_next=3
2026-05-25 16:56:36 [adaptive_k][circle][adaptive_k][k=adaptive][s=0] INFO   Win  6  k=3  [22.5→27.0 s]  interior_MAE=0.007°C  → k_next=3
2026-05-25 16:57:26 [adaptive_k][circle][adaptive_k][k=adaptive][s=0] INFO   Win  7  k=3  [27.0→30.0 s]  interior_MAE=0.011°C  → k_next=3
2026-05-25 16:57:26 [adaptive_k][circle][adaptive_k][k=adaptive][s=0] INFO AdaptiveK done | wins=7 | FEM_solves=7/60 | FEM_saving=88% | MAE=14.244°C | L2=0.1289 | t=365 s
2026-05-25 16:57:26 [adaptive_k][circle][adaptive_k][k=adaptive][s=0] INFO k schedule: t=0.0s:k=3 → t=4.5s:k=3 → t=9.0s:k=3 → t=13.5s:k=3 → t=18.0s:k=3 → t=22.5s:k=3 → t=27.0s:k=3
2026-05-25 16:57:26 [adaptive_k][circle][adaptive_k][k=adaptive][s=0] INFO Saved → /home/coder/NAS-PINNS1/thermal_pinn/quenching_mswp/results/adaptive_k/circle/seed0_k3fixed
2026-05-25 16:57:28 [adaptive_k][lshape][adaptive_k][k=adaptive][s=0] INFO AdaptiveK | arch=[151, 151, 151, 151, 151] | k=[3..3] | thr_up=2.0°C thr_dn=5.0°C | fourier=True
2026-05-25 16:58:24 [adaptive_k][lshape][adaptive_k][k=adaptive][s=0] INFO   Win  1  k=3  [0.0→4.5 s]  interior_MAE=46.290°C  → k_next=3
2026-05-25 16:59:19 [adaptive_k][lshape][adaptive_k][k=adaptive][s=0] INFO   Win  2  k=3  [4.5→9.0 s]  interior_MAE=9.482°C  → k_next=3
2026-05-25 17:00:12 [adaptive_k][lshape][adaptive_k][k=adaptive][s=0] INFO   Win  3  k=3  [9.0→13.5 s]  interior_MAE=1.314°C  → k_next=3
2026-05-25 17:01:06 [adaptive_k][lshape][adaptive_k][k=adaptive][s=0] INFO   Win  4  k=3  [13.5→18.0 s]  interior_MAE=0.166°C  → k_next=3
2026-05-25 17:02:00 [adaptive_k][lshape][adaptive_k][k=adaptive][s=0] INFO   Win  5  k=3  [18.0→22.5 s]  interior_MAE=0.036°C  → k_next=3
2026-05-25 17:02:56 [adaptive_k][lshape][adaptive_k][k=adaptive][s=0] INFO   Win  6  k=3  [22.5→27.0 s]  interior_MAE=0.001°C  → k_next=3
2026-05-25 17:03:54 [adaptive_k][lshape][adaptive_k][k=adaptive][s=0] INFO   Win  7  k=3  [27.0→30.0 s]  interior_MAE=0.005°C  → k_next=3
2026-05-25 17:03:54 [adaptive_k][lshape][adaptive_k][k=adaptive][s=0] INFO AdaptiveK done | wins=7 | FEM_solves=7/60 | FEM_saving=88% | MAE=7.639°C | L2=0.0659 | t=385 s
2026-05-25 17:03:54 [adaptive_k][lshape][adaptive_k][k=adaptive][s=0] INFO k schedule: t=0.0s:k=3 → t=4.5s:k=3 → t=9.0s:k=3 → t=13.5s:k=3 → t=18.0s:k=3 → t=22.5s:k=3 → t=27.0s:k=3
2026-05-25 17:03:54 [adaptive_k][lshape][adaptive_k][k=adaptive][s=0] INFO Saved → /home/coder/NAS-PINNS1/thermal_pinn/quenching_mswp/results/adaptive_k/lshape/seed0_k3fixed
2026-05-25 17:03:54 [adaptive_k][flower][adaptive_k][k=adaptive][s=0] INFO AdaptiveK | arch=[151, 151, 151, 151, 151] | k=[3..3] | thr_up=2.0°C thr_dn=5.0°C | fourier=True
2026-05-25 17:05:10 [adaptive_k][flower][adaptive_k][k=adaptive][s=0] INFO   Win  1  k=3  [0.0→4.5 s]  interior_MAE=138.782°C  → k_next=3
2026-05-25 17:06:28 [adaptive_k][flower][adaptive_k][k=adaptive][s=0] INFO   Win  2  k=3  [4.5→9.0 s]  interior_MAE=1.985°C  → k_next=3
2026-05-25 17:07:45 [adaptive_k][flower][adaptive_k][k=adaptive][s=0] INFO   Win  3  k=3  [9.0→13.5 s]  interior_MAE=0.029°C  → k_next=3
2026-05-25 17:09:06 [adaptive_k][flower][adaptive_k][k=adaptive][s=0] INFO   Win  4  k=3  [13.5→18.0 s]  interior_MAE=0.000°C  → k_next=3
2026-05-25 17:10:29 [adaptive_k][flower][adaptive_k][k=adaptive][s=0] INFO   Win  5  k=3  [18.0→22.5 s]  interior_MAE=0.000°C  → k_next=3
2026-05-25 17:11:47 [adaptive_k][flower][adaptive_k][k=adaptive][s=0] INFO   Win  6  k=3  [22.5→27.0 s]  interior_MAE=0.004°C  → k_next=3
2026-05-25 17:13:02 [adaptive_k][flower][adaptive_k][k=adaptive][s=0] INFO   Win  7  k=3  [27.0→30.0 s]  interior_MAE=0.003°C  → k_next=3
2026-05-25 17:13:02 [adaptive_k][flower][adaptive_k][k=adaptive][s=0] INFO AdaptiveK done | wins=7 | FEM_solves=7/60 | FEM_saving=88% | MAE=18.774°C | L2=0.2293 | t=548 s
2026-05-25 17:13:02 [adaptive_k][flower][adaptive_k][k=adaptive][s=0] INFO k schedule: t=0.0s:k=3 → t=4.5s:k=3 → t=9.0s:k=3 → t=13.5s:k=3 → t=18.0s:k=3 → t=22.5s:k=3 → t=27.0s:k=3
2026-05-25 17:13:02 [adaptive_k][flower][adaptive_k][k=adaptive][s=0] INFO Saved → /home/coder/NAS-PINNS1/thermal_pinn/quenching_mswp/results/adaptive_k/flower/seed0_k3fixed
2026-05-25 19:17:50 [adaptive_k][square][adaptive_k][k=adaptive][s=0] INFO AdaptiveK | arch=[151, 151, 151, 151, 151] | k=[4..4] | thr_up=2.0°C thr_dn=5.0°C | fourier=True
2026-05-25 19:18:45 [adaptive_k][square][adaptive_k][k=adaptive][s=0] INFO   Win  1  k=4  [0.0→6.0 s]  interior_MAE=129.254°C  → k_next=4
2026-05-25 19:19:38 [adaptive_k][square][adaptive_k][k=adaptive][s=0] INFO   Win  2  k=4  [6.0→12.0 s]  interior_MAE=2.675°C  → k_next=4
2026-05-25 19:20:32 [adaptive_k][square][adaptive_k][k=adaptive][s=0] INFO   Win  3  k=4  [12.0→18.0 s]  interior_MAE=0.035°C  → k_next=4
2026-05-25 19:21:25 [adaptive_k][square][adaptive_k][k=adaptive][s=0] INFO   Win  4  k=4  [18.0→24.0 s]  interior_MAE=0.045°C  → k_next=4
2026-05-25 19:22:01 [adaptive_k][square][adaptive_k][k=adaptive][s=0] INFO AdaptiveK | arch=[151, 151, 151, 151, 151] | k=[5..5] | thr_up=2.0°C thr_dn=5.0°C | fourier=True
2026-05-25 19:22:21 [adaptive_k][square][adaptive_k][k=adaptive][s=0] INFO   Win  5  k=4  [24.0→30.0 s]  interior_MAE=0.052°C  → k_next=4
2026-05-25 19:22:21 [adaptive_k][square][adaptive_k][k=adaptive][s=0] INFO AdaptiveK done | wins=5 | FEM_solves=5/60 | FEM_saving=92% | MAE=24.211°C | L2=0.2719 | t=271 s
2026-05-25 19:22:21 [adaptive_k][square][adaptive_k][k=adaptive][s=0] INFO k schedule: t=0.0s:k=4 → t=6.0s:k=4 → t=12.0s:k=4 → t=18.0s:k=4 → t=24.0s:k=4
2026-05-25 19:22:21 [adaptive_k][square][adaptive_k][k=adaptive][s=0] INFO Saved → /home/coder/NAS-PINNS1/thermal_pinn/quenching_mswp/results/adaptive_k/square/seed0_k4fixed
2026-05-25 19:22:23 [adaptive_k][circle][adaptive_k][k=adaptive][s=0] INFO AdaptiveK | arch=[151, 151, 151, 151, 151] | k=[4..4] | thr_up=2.0°C thr_dn=5.0°C | fourier=True
2026-05-25 19:23:04 [adaptive_k][square][adaptive_k][k=adaptive][s=0] INFO   Win  1  k=5  [0.0→7.5 s]  interior_MAE=149.815°C  → k_next=5
2026-05-25 19:23:20 [adaptive_k][circle][adaptive_k][k=adaptive][s=0] INFO   Win  1  k=4  [0.0→6.0 s]  interior_MAE=130.395°C  → k_next=4
2026-05-25 19:24:05 [adaptive_k][square][adaptive_k][k=adaptive][s=0] INFO   Win  2  k=5  [7.5→15.0 s]  interior_MAE=1.096°C  → k_next=5
2026-05-25 19:24:24 [adaptive_k][circle][adaptive_k][k=adaptive][s=0] INFO   Win  2  k=4  [6.0→12.0 s]  interior_MAE=2.516°C  → k_next=4
2026-05-25 19:25:07 [adaptive_k][square][adaptive_k][k=adaptive][s=0] INFO   Win  3  k=5  [15.0→22.5 s]  interior_MAE=0.006°C  → k_next=5
2026-05-25 19:25:24 [adaptive_k][circle][adaptive_k][k=adaptive][s=0] INFO   Win  3  k=4  [12.0→18.0 s]  interior_MAE=0.085°C  → k_next=4
2026-05-25 19:26:07 [adaptive_k][square][adaptive_k][k=adaptive][s=0] INFO   Win  4  k=5  [22.5→30.0 s]  interior_MAE=0.011°C  → k_next=5
2026-05-25 19:26:07 [adaptive_k][square][adaptive_k][k=adaptive][s=0] INFO AdaptiveK done | wins=4 | FEM_solves=4/60 | FEM_saving=93% | MAE=35.216°C | L2=0.5042 | t=246 s
2026-05-25 19:26:07 [adaptive_k][square][adaptive_k][k=adaptive][s=0] INFO k schedule: t=0.0s:k=5 → t=7.5s:k=5 → t=15.0s:k=5 → t=22.5s:k=5
2026-05-25 19:26:07 [adaptive_k][square][adaptive_k][k=adaptive][s=0] INFO Saved → /home/coder/NAS-PINNS1/thermal_pinn/quenching_mswp/results/adaptive_k/square/seed0_k5fixed
2026-05-25 19:26:09 [adaptive_k][circle][adaptive_k][k=adaptive][s=0] INFO AdaptiveK | arch=[151, 151, 151, 151, 151] | k=[5..5] | thr_up=2.0°C thr_dn=5.0°C | fourier=True
2026-05-25 19:26:25 [adaptive_k][circle][adaptive_k][k=adaptive][s=0] INFO   Win  4  k=4  [18.0→24.0 s]  interior_MAE=0.034°C  → k_next=4
2026-05-25 19:27:12 [adaptive_k][circle][adaptive_k][k=adaptive][s=0] INFO   Win  1  k=5  [0.0→7.5 s]  interior_MAE=146.800°C  → k_next=5
2026-05-25 19:27:31 [adaptive_k][circle][adaptive_k][k=adaptive][s=0] INFO   Win  5  k=4  [24.0→30.0 s]  interior_MAE=0.379°C  → k_next=4
2026-05-25 19:27:31 [adaptive_k][circle][adaptive_k][k=adaptive][s=0] INFO AdaptiveK done | wins=5 | FEM_solves=5/60 | FEM_saving=92% | MAE=24.458°C | L2=0.2810 | t=309 s
2026-05-25 19:27:31 [adaptive_k][circle][adaptive_k][k=adaptive][s=0] INFO k schedule: t=0.0s:k=4 → t=6.0s:k=4 → t=12.0s:k=4 → t=18.0s:k=4 → t=24.0s:k=4
2026-05-25 19:27:31 [adaptive_k][circle][adaptive_k][k=adaptive][s=0] INFO Saved → /home/coder/NAS-PINNS1/thermal_pinn/quenching_mswp/results/adaptive_k/circle/seed0_k4fixed
2026-05-25 19:27:33 [adaptive_k][lshape][adaptive_k][k=adaptive][s=0] INFO AdaptiveK | arch=[151, 151, 151, 151, 151] | k=[4..4] | thr_up=2.0°C thr_dn=5.0°C | fourier=True
2026-05-25 19:28:16 [adaptive_k][circle][adaptive_k][k=adaptive][s=0] INFO   Win  2  k=5  [7.5→15.0 s]  interior_MAE=1.167°C  → k_next=5
2026-05-25 19:28:41 [adaptive_k][lshape][adaptive_k][k=adaptive][s=0] INFO   Win  1  k=4  [0.0→6.0 s]  interior_MAE=66.989°C  → k_next=4
2026-05-25 19:29:27 [adaptive_k][circle][adaptive_k][k=adaptive][s=0] INFO   Win  3  k=5  [15.0→22.5 s]  interior_MAE=0.007°C  → k_next=5
2026-05-25 19:29:44 [adaptive_k][lshape][adaptive_k][k=adaptive][s=0] INFO   Win  2  k=4  [6.0→12.0 s]  interior_MAE=6.670°C  → k_next=4
2026-05-25 19:30:21 [adaptive_k][circle][adaptive_k][k=adaptive][s=0] INFO   Win  4  k=5  [22.5→30.0 s]  interior_MAE=0.021°C  → k_next=5
2026-05-25 19:30:21 [adaptive_k][circle][adaptive_k][k=adaptive][s=0] INFO AdaptiveK done | wins=4 | FEM_solves=4/60 | FEM_saving=93% | MAE=34.532°C | L2=0.5005 | t=253 s
2026-05-25 19:30:21 [adaptive_k][circle][adaptive_k][k=adaptive][s=0] INFO k schedule: t=0.0s:k=5 → t=7.5s:k=5 → t=15.0s:k=5 → t=22.5s:k=5
2026-05-25 19:30:22 [adaptive_k][circle][adaptive_k][k=adaptive][s=0] INFO Saved → /home/coder/NAS-PINNS1/thermal_pinn/quenching_mswp/results/adaptive_k/circle/seed0_k5fixed
2026-05-25 19:30:24 [adaptive_k][lshape][adaptive_k][k=adaptive][s=0] INFO AdaptiveK | arch=[151, 151, 151, 151, 151] | k=[5..5] | thr_up=2.0°C thr_dn=5.0°C | fourier=True
2026-05-25 19:30:42 [adaptive_k][lshape][adaptive_k][k=adaptive][s=0] INFO   Win  3  k=4  [12.0→18.0 s]  interior_MAE=0.438°C  → k_next=4
2026-05-25 19:31:25 [adaptive_k][lshape][adaptive_k][k=adaptive][s=0] INFO   Win  1  k=5  [0.0→7.5 s]  interior_MAE=85.350°C  → k_next=5
2026-05-25 19:31:39 [adaptive_k][lshape][adaptive_k][k=adaptive][s=0] INFO   Win  4  k=4  [18.0→24.0 s]  interior_MAE=0.029°C  → k_next=4
2026-05-25 19:32:25 [adaptive_k][lshape][adaptive_k][k=adaptive][s=0] INFO   Win  2  k=5  [7.5→15.0 s]  interior_MAE=4.021°C  → k_next=5
2026-05-25 19:32:38 [adaptive_k][lshape][adaptive_k][k=adaptive][s=0] INFO   Win  5  k=4  [24.0→30.0 s]  interior_MAE=0.006°C  → k_next=4
2026-05-25 19:32:38 [adaptive_k][lshape][adaptive_k][k=adaptive][s=0] INFO AdaptiveK done | wins=5 | FEM_solves=5/60 | FEM_saving=92% | MAE=13.591°C | L2=0.1198 | t=305 s
2026-05-25 19:32:38 [adaptive_k][lshape][adaptive_k][k=adaptive][s=0] INFO k schedule: t=0.0s:k=4 → t=6.0s:k=4 → t=12.0s:k=4 → t=18.0s:k=4 → t=24.0s:k=4
2026-05-25 19:32:38 [adaptive_k][lshape][adaptive_k][k=adaptive][s=0] INFO Saved → /home/coder/NAS-PINNS1/thermal_pinn/quenching_mswp/results/adaptive_k/lshape/seed0_k4fixed
2026-05-25 19:32:39 [adaptive_k][flower][adaptive_k][k=adaptive][s=0] INFO AdaptiveK | arch=[151, 151, 151, 151, 151] | k=[4..4] | thr_up=2.0°C thr_dn=5.0°C | fourier=True
2026-05-25 19:33:25 [adaptive_k][lshape][adaptive_k][k=adaptive][s=0] INFO   Win  3  k=5  [15.0→22.5 s]  interior_MAE=0.146°C  → k_next=5
2026-05-25 19:34:05 [adaptive_k][flower][adaptive_k][k=adaptive][s=0] INFO   Win  1  k=4  [0.0→6.0 s]  interior_MAE=149.084°C  → k_next=4
2026-05-25 19:34:27 [adaptive_k][lshape][adaptive_k][k=adaptive][s=0] INFO   Win  4  k=5  [22.5→30.0 s]  interior_MAE=0.003°C  → k_next=5
2026-05-25 19:34:27 [adaptive_k][lshape][adaptive_k][k=adaptive][s=0] INFO AdaptiveK done | wins=4 | FEM_solves=4/60 | FEM_saving=93% | MAE=20.888°C | L2=0.1974 | t=244 s
2026-05-25 19:34:27 [adaptive_k][lshape][adaptive_k][k=adaptive][s=0] INFO k schedule: t=0.0s:k=5 → t=7.5s:k=5 → t=15.0s:k=5 → t=22.5s:k=5
2026-05-25 19:34:28 [adaptive_k][lshape][adaptive_k][k=adaptive][s=0] INFO Saved → /home/coder/NAS-PINNS1/thermal_pinn/quenching_mswp/results/adaptive_k/lshape/seed0_k5fixed
2026-05-25 19:34:28 [adaptive_k][flower][adaptive_k][k=adaptive][s=0] INFO AdaptiveK | arch=[151, 151, 151, 151, 151] | k=[5..5] | thr_up=2.0°C thr_dn=5.0°C | fourier=True
2026-05-25 19:35:26 [adaptive_k][flower][adaptive_k][k=adaptive][s=0] INFO   Win  2  k=4  [6.0→12.0 s]  interior_MAE=0.534°C  → k_next=4
2026-05-25 19:35:53 [adaptive_k][flower][adaptive_k][k=adaptive][s=0] INFO   Win  1  k=5  [0.0→7.5 s]  interior_MAE=159.385°C  → k_next=5
2026-05-25 19:36:53 [adaptive_k][flower][adaptive_k][k=adaptive][s=0] INFO   Win  3  k=4  [12.0→18.0 s]  interior_MAE=0.001°C  → k_next=4
2026-05-25 19:37:22 [adaptive_k][flower][adaptive_k][k=adaptive][s=0] INFO   Win  2  k=5  [7.5→15.0 s]  interior_MAE=0.125°C  → k_next=5
2026-05-25 19:38:20 [adaptive_k][flower][adaptive_k][k=adaptive][s=0] INFO   Win  4  k=4  [18.0→24.0 s]  interior_MAE=0.014°C  → k_next=4
2026-05-25 19:38:53 [adaptive_k][flower][adaptive_k][k=adaptive][s=0] INFO   Win  3  k=5  [15.0→22.5 s]  interior_MAE=0.003°C  → k_next=5
2026-05-25 19:39:43 [adaptive_k][flower][adaptive_k][k=adaptive][s=0] INFO   Win  5  k=4  [24.0→30.0 s]  interior_MAE=0.007°C  → k_next=4
2026-05-25 19:39:43 [adaptive_k][flower][adaptive_k][k=adaptive][s=0] INFO AdaptiveK done | wins=5 | FEM_solves=5/60 | FEM_saving=92% | MAE=27.434°C | L2=0.4514 | t=424 s
2026-05-25 19:39:43 [adaptive_k][flower][adaptive_k][k=adaptive][s=0] INFO k schedule: t=0.0s:k=4 → t=6.0s:k=4 → t=12.0s:k=4 → t=18.0s:k=4 → t=24.0s:k=4
2026-05-25 19:39:43 [adaptive_k][flower][adaptive_k][k=adaptive][s=0] INFO Saved → /home/coder/NAS-PINNS1/thermal_pinn/quenching_mswp/results/adaptive_k/flower/seed0_k4fixed
2026-05-25 19:40:15 [adaptive_k][flower][adaptive_k][k=adaptive][s=0] INFO   Win  4  k=5  [22.5→30.0 s]  interior_MAE=0.012°C  → k_next=5
2026-05-25 19:40:15 [adaptive_k][flower][adaptive_k][k=adaptive][s=0] INFO AdaptiveK done | wins=4 | FEM_solves=4/60 | FEM_saving=93% | MAE=37.223°C | L2=0.7636 | t=347 s
2026-05-25 19:40:15 [adaptive_k][flower][adaptive_k][k=adaptive][s=0] INFO k schedule: t=0.0s:k=5 → t=7.5s:k=5 → t=15.0s:k=5 → t=22.5s:k=5
2026-05-25 19:40:15 [adaptive_k][flower][adaptive_k][k=adaptive][s=0] INFO Saved → /home/coder/NAS-PINNS1/thermal_pinn/quenching_mswp/results/adaptive_k/flower/seed0_k5fixed
2026-05-25 20:23:12 [adaptive_k][square][adaptive_k][k=adaptive][s=0] INFO AdaptiveK | arch=[50, 110, 70, 50] | k=[1..5] | thr_up=2.0°C thr_dn=5.0°C | fourier=False
2026-05-25 20:24:02 [adaptive_k][square][adaptive_k][k=adaptive][s=0] INFO   Win  1  k=1  [0.0→1.5 s]  interior_MAE=23.522°C  → k_next=1
2026-05-25 20:24:52 [adaptive_k][square][adaptive_k][k=adaptive][s=0] INFO   Win  2  k=1  [1.5→3.0 s]  interior_MAE=11.710°C  → k_next=1
2026-05-25 20:25:41 [adaptive_k][square][adaptive_k][k=adaptive][s=0] INFO   Win  3  k=1  [3.0→4.5 s]  interior_MAE=4.488°C  → k_next=1
2026-05-25 20:26:30 [adaptive_k][square][adaptive_k][k=adaptive][s=0] INFO   Win  4  k=1  [4.5→6.0 s]  interior_MAE=1.579°C  → k_next=2
2026-05-25 20:27:19 [adaptive_k][square][adaptive_k][k=adaptive][s=0] INFO   Win  5  k=2  [6.0→9.0 s]  interior_MAE=0.746°C  → k_next=3
2026-05-25 20:28:05 [adaptive_k][square][adaptive_k][k=adaptive][s=0] INFO   Win  6  k=3  [9.0→13.5 s]  interior_MAE=0.116°C  → k_next=4
2026-05-25 20:28:53 [adaptive_k][square][adaptive_k][k=adaptive][s=0] INFO   Win  7  k=4  [13.5→19.5 s]  interior_MAE=0.076°C  → k_next=5
2026-05-25 20:29:39 [adaptive_k][square][adaptive_k][k=adaptive][s=0] INFO   Win  8  k=5  [19.5→27.0 s]  interior_MAE=0.019°C  → k_next=5
2026-05-25 20:30:27 [adaptive_k][square][adaptive_k][k=adaptive][s=0] INFO   Win  9  k=5  [27.0→30.0 s]  interior_MAE=0.019°C  → k_next=5
2026-05-25 20:30:27 [adaptive_k][square][adaptive_k][k=adaptive][s=0] INFO AdaptiveK done | wins=9 | FEM_solves=9/60 | FEM_saving=85% | MAE=1.474°C | L2=0.0143 | t=435 s
2026-05-25 20:30:27 [adaptive_k][square][adaptive_k][k=adaptive][s=0] INFO k schedule: t=0.0s:k=1 → t=1.5s:k=1 → t=3.0s:k=1 → t=4.5s:k=1 → t=6.0s:k=2 → t=9.0s:k=3 → t=13.5s:k=4 → t=19.5s:k=5 → t=27.0s:k=5
2026-05-25 20:30:27 [adaptive_k][square][adaptive_k][k=adaptive][s=0] INFO Saved → /home/coder/NAS-PINNS1/thermal_pinn/quenching_mswp/results/adaptive_k/square/seed0_adaptive_tpe
2026-05-25 20:30:29 [adaptive_k][circle][adaptive_k][k=adaptive][s=0] INFO AdaptiveK | arch=[50, 110, 70, 50] | k=[1..5] | thr_up=2.0°C thr_dn=5.0°C | fourier=False
2026-05-25 20:31:23 [adaptive_k][circle][adaptive_k][k=adaptive][s=0] INFO   Win  1  k=1  [0.0→1.5 s]  interior_MAE=23.644°C  → k_next=1
2026-05-25 20:32:19 [adaptive_k][circle][adaptive_k][k=adaptive][s=0] INFO   Win  2  k=1  [1.5→3.0 s]  interior_MAE=10.424°C  → k_next=1
2026-05-25 20:33:15 [adaptive_k][circle][adaptive_k][k=adaptive][s=0] INFO   Win  3  k=1  [3.0→4.5 s]  interior_MAE=4.113°C  → k_next=1
2026-05-25 20:34:10 [adaptive_k][circle][adaptive_k][k=adaptive][s=0] INFO   Win  4  k=1  [4.5→6.0 s]  interior_MAE=1.473°C  → k_next=2
2026-05-25 20:35:03 [adaptive_k][circle][adaptive_k][k=adaptive][s=0] INFO   Win  5  k=2  [6.0→9.0 s]  interior_MAE=0.673°C  → k_next=3
2026-05-25 20:35:56 [adaptive_k][circle][adaptive_k][k=adaptive][s=0] INFO   Win  6  k=3  [9.0→13.5 s]  interior_MAE=0.102°C  → k_next=4
2026-05-25 20:36:49 [adaptive_k][circle][adaptive_k][k=adaptive][s=0] INFO   Win  7  k=4  [13.5→19.5 s]  interior_MAE=0.011°C  → k_next=5
2026-05-25 20:37:34 [adaptive_k][circle][adaptive_k][k=adaptive][s=0] INFO   Win  8  k=5  [19.5→27.0 s]  interior_MAE=0.066°C  → k_next=5
2026-05-25 20:38:23 [adaptive_k][circle][adaptive_k][k=adaptive][s=0] INFO   Win  9  k=5  [27.0→30.0 s]  interior_MAE=0.026°C  → k_next=5
2026-05-25 20:38:23 [adaptive_k][circle][adaptive_k][k=adaptive][s=0] INFO AdaptiveK done | wins=9 | FEM_solves=9/60 | FEM_saving=85% | MAE=1.411°C | L2=0.0129 | t=474 s
2026-05-25 20:38:23 [adaptive_k][circle][adaptive_k][k=adaptive][s=0] INFO k schedule: t=0.0s:k=1 → t=1.5s:k=1 → t=3.0s:k=1 → t=4.5s:k=1 → t=6.0s:k=2 → t=9.0s:k=3 → t=13.5s:k=4 → t=19.5s:k=5 → t=27.0s:k=5
2026-05-25 20:38:23 [adaptive_k][circle][adaptive_k][k=adaptive][s=0] INFO Saved → /home/coder/NAS-PINNS1/thermal_pinn/quenching_mswp/results/adaptive_k/circle/seed0_adaptive_tpe
2026-05-25 20:38:25 [adaptive_k][lshape][adaptive_k][k=adaptive][s=0] INFO AdaptiveK | arch=[50, 110, 70, 50] | k=[1..5] | thr_up=2.0°C thr_dn=5.0°C | fourier=False
2026-05-25 20:39:19 [adaptive_k][lshape][adaptive_k][k=adaptive][s=0] INFO   Win  1  k=1  [0.0→1.5 s]  interior_MAE=30.877°C  → k_next=1
2026-05-25 20:40:15 [adaptive_k][lshape][adaptive_k][k=adaptive][s=0] INFO   Win  2  k=1  [1.5→3.0 s]  interior_MAE=19.753°C  → k_next=1
2026-05-25 20:41:09 [adaptive_k][lshape][adaptive_k][k=adaptive][s=0] INFO   Win  3  k=1  [3.0→4.5 s]  interior_MAE=10.145°C  → k_next=1
2026-05-25 20:42:03 [adaptive_k][lshape][adaptive_k][k=adaptive][s=0] INFO   Win  4  k=1  [4.5→6.0 s]  interior_MAE=4.829°C  → k_next=1
2026-05-25 20:42:58 [adaptive_k][lshape][adaptive_k][k=adaptive][s=0] INFO   Win  5  k=1  [6.0→7.5 s]  interior_MAE=2.405°C  → k_next=1
2026-05-25 20:43:52 [adaptive_k][lshape][adaptive_k][k=adaptive][s=0] INFO   Win  6  k=1  [7.5→9.0 s]  interior_MAE=1.098°C  → k_next=2
2026-05-25 20:44:47 [adaptive_k][lshape][adaptive_k][k=adaptive][s=0] INFO   Win  7  k=2  [9.0→12.0 s]  interior_MAE=0.672°C  → k_next=3
2026-05-25 20:45:35 [adaptive_k][lshape][adaptive_k][k=adaptive][s=0] INFO   Win  8  k=3  [12.0→16.5 s]  interior_MAE=0.204°C  → k_next=4
2026-05-25 20:46:25 [adaptive_k][lshape][adaptive_k][k=adaptive][s=0] INFO   Win  9  k=4  [16.5→22.5 s]  interior_MAE=0.043°C  → k_next=5
2026-05-25 20:47:15 [adaptive_k][lshape][adaptive_k][k=adaptive][s=0] INFO   Win 10  k=5  [22.5→30.0 s]  interior_MAE=0.038°C  → k_next=5
2026-05-25 20:47:15 [adaptive_k][lshape][adaptive_k][k=adaptive][s=0] INFO AdaptiveK done | wins=10 | FEM_solves=10/60 | FEM_saving=83% | MAE=2.403°C | L2=0.0220 | t=531 s
2026-05-25 20:47:15 [adaptive_k][lshape][adaptive_k][k=adaptive][s=0] INFO k schedule: t=0.0s:k=1 → t=1.5s:k=1 → t=3.0s:k=1 → t=4.5s:k=1 → t=6.0s:k=1 → t=7.5s:k=1 → t=9.0s:k=2 → t=12.0s:k=3 → t=16.5s:k=4 → t=22.5s:k=5
2026-05-25 20:47:15 [adaptive_k][lshape][adaptive_k][k=adaptive][s=0] INFO Saved → /home/coder/NAS-PINNS1/thermal_pinn/quenching_mswp/results/adaptive_k/lshape/seed0_adaptive_tpe
2026-05-25 20:47:16 [adaptive_k][flower][adaptive_k][k=adaptive][s=0] INFO AdaptiveK | arch=[50, 110, 70, 50] | k=[1..5] | thr_up=2.0°C thr_dn=5.0°C | fourier=False
2026-05-25 20:48:33 [adaptive_k][flower][adaptive_k][k=adaptive][s=0] INFO   Win  1  k=1  [0.0→1.5 s]  interior_MAE=38.232°C  → k_next=1
2026-05-25 20:49:50 [adaptive_k][flower][adaptive_k][k=adaptive][s=0] INFO   Win  2  k=1  [1.5→3.0 s]  interior_MAE=10.652°C  → k_next=1
2026-05-25 20:51:07 [adaptive_k][flower][adaptive_k][k=adaptive][s=0] INFO   Win  3  k=1  [3.0→4.5 s]  interior_MAE=2.590°C  → k_next=1
2026-05-25 20:52:24 [adaptive_k][flower][adaptive_k][k=adaptive][s=0] INFO   Win  4  k=1  [4.5→6.0 s]  interior_MAE=0.558°C  → k_next=2
2026-05-25 20:53:37 [adaptive_k][flower][adaptive_k][k=adaptive][s=0] INFO   Win  5  k=2  [6.0→9.0 s]  interior_MAE=0.218°C  → k_next=3
2026-05-25 20:54:47 [adaptive_k][flower][adaptive_k][k=adaptive][s=0] INFO   Win  6  k=3  [9.0→13.5 s]  interior_MAE=0.020°C  → k_next=4
2026-05-25 20:55:59 [adaptive_k][flower][adaptive_k][k=adaptive][s=0] INFO   Win  7  k=4  [13.5→19.5 s]  interior_MAE=0.034°C  → k_next=5
2026-05-25 20:57:09 [adaptive_k][flower][adaptive_k][k=adaptive][s=0] INFO   Win  8  k=5  [19.5→27.0 s]  interior_MAE=0.041°C  → k_next=5
2026-05-25 20:58:22 [adaptive_k][flower][adaptive_k][k=adaptive][s=0] INFO   Win  9  k=5  [27.0→30.0 s]  interior_MAE=0.017°C  → k_next=5
2026-05-25 20:58:22 [adaptive_k][flower][adaptive_k][k=adaptive][s=0] INFO AdaptiveK done | wins=9 | FEM_solves=9/60 | FEM_saving=85% | MAE=1.772°C | L2=0.0156 | t=666 s
2026-05-25 20:58:22 [adaptive_k][flower][adaptive_k][k=adaptive][s=0] INFO k schedule: t=0.0s:k=1 → t=1.5s:k=1 → t=3.0s:k=1 → t=4.5s:k=1 → t=6.0s:k=2 → t=9.0s:k=3 → t=13.5s:k=4 → t=19.5s:k=5 → t=27.0s:k=5
2026-05-25 20:58:22 [adaptive_k][flower][adaptive_k][k=adaptive][s=0] INFO Saved → /home/coder/NAS-PINNS1/thermal_pinn/quenching_mswp/results/adaptive_k/flower/seed0_adaptive_tpe
2026-05-25 21:04:49 [adaptive_k][square][adaptive_k][k=adaptive][s=0] INFO AdaptiveK | arch=[50, 10, 10, 70, 50] | k=[1..5] | thr_up=2.0°C thr_dn=5.0°C | fourier=False
2026-05-25 21:05:47 [adaptive_k][square][adaptive_k][k=adaptive][s=0] INFO   Win  1  k=1  [0.0→1.5 s]  interior_MAE=26.739°C  → k_next=1
2026-05-25 21:06:42 [adaptive_k][square][adaptive_k][k=adaptive][s=0] INFO   Win  2  k=1  [1.5→3.0 s]  interior_MAE=11.080°C  → k_next=1
2026-05-25 21:07:36 [adaptive_k][square][adaptive_k][k=adaptive][s=0] INFO   Win  3  k=1  [3.0→4.5 s]  interior_MAE=3.920°C  → k_next=1
2026-05-25 21:08:31 [adaptive_k][square][adaptive_k][k=adaptive][s=0] INFO   Win  4  k=1  [4.5→6.0 s]  interior_MAE=1.420°C  → k_next=2
2026-05-25 21:09:26 [adaptive_k][square][adaptive_k][k=adaptive][s=0] INFO   Win  5  k=2  [6.0→9.0 s]  interior_MAE=0.787°C  → k_next=3
2026-05-25 21:10:16 [adaptive_k][square][adaptive_k][k=adaptive][s=0] INFO   Win  6  k=3  [9.0→13.5 s]  interior_MAE=0.290°C  → k_next=4
2026-05-25 21:11:02 [adaptive_k][square][adaptive_k][k=adaptive][s=0] INFO   Win  7  k=4  [13.5→19.5 s]  interior_MAE=0.031°C  → k_next=5
2026-05-25 21:11:53 [adaptive_k][square][adaptive_k][k=adaptive][s=0] INFO   Win  8  k=5  [19.5→27.0 s]  interior_MAE=0.022°C  → k_next=5
2026-05-25 21:12:40 [adaptive_k][square][adaptive_k][k=adaptive][s=0] INFO   Win  9  k=5  [27.0→30.0 s]  interior_MAE=0.011°C  → k_next=5
2026-05-25 21:12:40 [adaptive_k][square][adaptive_k][k=adaptive][s=0] INFO AdaptiveK done | wins=9 | FEM_solves=9/60 | FEM_saving=85% | MAE=1.555°C | L2=0.0147 | t=471 s
2026-05-25 21:12:40 [adaptive_k][square][adaptive_k][k=adaptive][s=0] INFO k schedule: t=0.0s:k=1 → t=1.5s:k=1 → t=3.0s:k=1 → t=4.5s:k=1 → t=6.0s:k=2 → t=9.0s:k=3 → t=13.5s:k=4 → t=19.5s:k=5 → t=27.0s:k=5
2026-05-25 21:12:40 [adaptive_k][square][adaptive_k][k=adaptive][s=0] INFO Saved → /home/coder/NAS-PINNS1/thermal_pinn/quenching_mswp/results/adaptive_k/square/seed0_adaptive_nsga2
2026-05-25 21:12:42 [adaptive_k][circle][adaptive_k][k=adaptive][s=0] INFO AdaptiveK | arch=[50, 10, 10, 70, 50] | k=[1..5] | thr_up=2.0°C thr_dn=5.0°C | fourier=False
2026-05-25 21:13:37 [adaptive_k][circle][adaptive_k][k=adaptive][s=0] INFO   Win  1  k=1  [0.0→1.5 s]  interior_MAE=28.480°C  → k_next=1
2026-05-25 21:14:32 [adaptive_k][circle][adaptive_k][k=adaptive][s=0] INFO   Win  2  k=1  [1.5→3.0 s]  interior_MAE=9.965°C  → k_next=1
2026-05-25 21:15:26 [adaptive_k][circle][adaptive_k][k=adaptive][s=0] INFO   Win  3  k=1  [3.0→4.5 s]  interior_MAE=3.589°C  → k_next=1
2026-05-25 21:16:20 [adaptive_k][circle][adaptive_k][k=adaptive][s=0] INFO   Win  4  k=1  [4.5→6.0 s]  interior_MAE=1.330°C  → k_next=2
2026-05-25 21:17:14 [adaptive_k][circle][adaptive_k][k=adaptive][s=0] INFO   Win  5  k=2  [6.0→9.0 s]  interior_MAE=0.740°C  → k_next=3
2026-05-25 21:18:00 [adaptive_k][circle][adaptive_k][k=adaptive][s=0] INFO   Win  6  k=3  [9.0→13.5 s]  interior_MAE=0.273°C  → k_next=4
2026-05-25 21:18:45 [adaptive_k][circle][adaptive_k][k=adaptive][s=0] INFO   Win  7  k=4  [13.5→19.5 s]  interior_MAE=0.071°C  → k_next=5
2026-05-25 21:19:35 [adaptive_k][circle][adaptive_k][k=adaptive][s=0] INFO   Win  8  k=5  [19.5→27.0 s]  interior_MAE=0.024°C  → k_next=5
2026-05-25 21:20:21 [adaptive_k][circle][adaptive_k][k=adaptive][s=0] INFO   Win  9  k=5  [27.0→30.0 s]  interior_MAE=0.011°C  → k_next=5
2026-05-25 21:20:21 [adaptive_k][circle][adaptive_k][k=adaptive][s=0] INFO AdaptiveK done | wins=9 | FEM_solves=9/60 | FEM_saving=85% | MAE=1.563°C | L2=0.0140 | t=459 s
2026-05-25 21:20:21 [adaptive_k][circle][adaptive_k][k=adaptive][s=0] INFO k schedule: t=0.0s:k=1 → t=1.5s:k=1 → t=3.0s:k=1 → t=4.5s:k=1 → t=6.0s:k=2 → t=9.0s:k=3 → t=13.5s:k=4 → t=19.5s:k=5 → t=27.0s:k=5
2026-05-25 21:20:21 [adaptive_k][circle][adaptive_k][k=adaptive][s=0] INFO Saved → /home/coder/NAS-PINNS1/thermal_pinn/quenching_mswp/results/adaptive_k/circle/seed0_adaptive_nsga2
2026-05-25 21:20:23 [adaptive_k][lshape][adaptive_k][k=adaptive][s=0] INFO AdaptiveK | arch=[50, 10, 10, 70, 50] | k=[1..5] | thr_up=2.0°C thr_dn=5.0°C | fourier=False
2026-05-25 21:21:16 [adaptive_k][lshape][adaptive_k][k=adaptive][s=0] INFO   Win  1  k=1  [0.0→1.5 s]  interior_MAE=32.406°C  → k_next=1
2026-05-25 21:22:09 [adaptive_k][lshape][adaptive_k][k=adaptive][s=0] INFO   Win  2  k=1  [1.5→3.0 s]  interior_MAE=18.161°C  → k_next=1
2026-05-25 21:23:02 [adaptive_k][lshape][adaptive_k][k=adaptive][s=0] INFO   Win  3  k=1  [3.0→4.5 s]  interior_MAE=9.375°C  → k_next=1
2026-05-25 21:23:55 [adaptive_k][lshape][adaptive_k][k=adaptive][s=0] INFO   Win  4  k=1  [4.5→6.0 s]  interior_MAE=4.027°C  → k_next=1
2026-05-25 21:24:48 [adaptive_k][lshape][adaptive_k][k=adaptive][s=0] INFO   Win  5  k=1  [6.0→7.5 s]  interior_MAE=2.010°C  → k_next=1
2026-05-25 21:25:41 [adaptive_k][lshape][adaptive_k][k=adaptive][s=0] INFO   Win  6  k=1  [7.5→9.0 s]  interior_MAE=1.051°C  → k_next=2
2026-05-25 21:26:35 [adaptive_k][lshape][adaptive_k][k=adaptive][s=0] INFO   Win  7  k=2  [9.0→12.0 s]  interior_MAE=0.740°C  → k_next=3
2026-05-25 21:27:23 [adaptive_k][lshape][adaptive_k][k=adaptive][s=0] INFO   Win  8  k=3  [12.0→16.5 s]  interior_MAE=0.230°C  → k_next=4
2026-05-25 21:28:08 [adaptive_k][lshape][adaptive_k][k=adaptive][s=0] INFO   Win  9  k=4  [16.5→22.5 s]  interior_MAE=0.064°C  → k_next=5
2026-05-25 21:28:54 [adaptive_k][lshape][adaptive_k][k=adaptive][s=0] INFO   Win 10  k=5  [22.5→30.0 s]  interior_MAE=0.022°C  → k_next=5
2026-05-25 21:28:54 [adaptive_k][lshape][adaptive_k][k=adaptive][s=0] INFO AdaptiveK done | wins=10 | FEM_solves=10/60 | FEM_saving=83% | MAE=2.344°C | L2=0.0209 | t=511 s
2026-05-25 21:28:54 [adaptive_k][lshape][adaptive_k][k=adaptive][s=0] INFO k schedule: t=0.0s:k=1 → t=1.5s:k=1 → t=3.0s:k=1 → t=4.5s:k=1 → t=6.0s:k=1 → t=7.5s:k=1 → t=9.0s:k=2 → t=12.0s:k=3 → t=16.5s:k=4 → t=22.5s:k=5
2026-05-25 21:28:54 [adaptive_k][lshape][adaptive_k][k=adaptive][s=0] INFO Saved → /home/coder/NAS-PINNS1/thermal_pinn/quenching_mswp/results/adaptive_k/lshape/seed0_adaptive_nsga2
2026-05-25 21:28:54 [adaptive_k][flower][adaptive_k][k=adaptive][s=0] INFO AdaptiveK | arch=[50, 10, 10, 70, 50] | k=[1..5] | thr_up=2.0°C thr_dn=5.0°C | fourier=False
2026-05-25 21:30:16 [adaptive_k][flower][adaptive_k][k=adaptive][s=0] INFO   Win  1  k=1  [0.0→1.5 s]  interior_MAE=44.382°C  → k_next=1
2026-05-25 21:31:37 [adaptive_k][flower][adaptive_k][k=adaptive][s=0] INFO   Win  2  k=1  [1.5→3.0 s]  interior_MAE=10.508°C  → k_next=1
2026-05-25 21:32:58 [adaptive_k][flower][adaptive_k][k=adaptive][s=0] INFO   Win  3  k=1  [3.0→4.5 s]  interior_MAE=2.319°C  → k_next=1
2026-05-25 21:34:20 [adaptive_k][flower][adaptive_k][k=adaptive][s=0] INFO   Win  4  k=1  [4.5→6.0 s]  interior_MAE=0.676°C  → k_next=2
2026-05-25 21:35:34 [adaptive_k][flower][adaptive_k][k=adaptive][s=0] INFO   Win  5  k=2  [6.0→9.0 s]  interior_MAE=0.371°C  → k_next=3
2026-05-25 21:36:47 [adaptive_k][flower][adaptive_k][k=adaptive][s=0] INFO   Win  6  k=3  [9.0→13.5 s]  interior_MAE=0.023°C  → k_next=4
2026-05-25 21:38:01 [adaptive_k][flower][adaptive_k][k=adaptive][s=0] INFO   Win  7  k=4  [13.5→19.5 s]  interior_MAE=0.068°C  → k_next=5
2026-05-25 21:39:15 [adaptive_k][flower][adaptive_k][k=adaptive][s=0] INFO   Win  8  k=5  [19.5→27.0 s]  interior_MAE=0.069°C  → k_next=5
2026-05-25 21:40:27 [adaptive_k][flower][adaptive_k][k=adaptive][s=0] INFO   Win  9  k=5  [27.0→30.0 s]  interior_MAE=0.011°C  → k_next=5
2026-05-25 21:40:27 [adaptive_k][flower][adaptive_k][k=adaptive][s=0] INFO AdaptiveK done | wins=9 | FEM_solves=9/60 | FEM_saving=85% | MAE=1.993°C | L2=0.0169 | t=693 s
2026-05-25 21:40:27 [adaptive_k][flower][adaptive_k][k=adaptive][s=0] INFO k schedule: t=0.0s:k=1 → t=1.5s:k=1 → t=3.0s:k=1 → t=4.5s:k=1 → t=6.0s:k=2 → t=9.0s:k=3 → t=13.5s:k=4 → t=19.5s:k=5 → t=27.0s:k=5
2026-05-25 21:40:28 [adaptive_k][flower][adaptive_k][k=adaptive][s=0] INFO Saved → /home/coder/NAS-PINNS1/thermal_pinn/quenching_mswp/results/adaptive_k/flower/seed0_adaptive_nsga2
2026-05-25 21:42:24 [adaptive_k][square][adaptive_k][k=adaptive][s=0] INFO AdaptiveK | arch=[153, 153, 153] | k=[1..5] | thr_up=2.0°C thr_dn=5.0°C | fourier=False
2026-05-25 21:43:16 [adaptive_k][square][adaptive_k][k=adaptive][s=0] INFO   Win  1  k=1  [0.0→1.5 s]  interior_MAE=31.319°C  → k_next=1
2026-05-25 21:44:06 [adaptive_k][square][adaptive_k][k=adaptive][s=0] INFO   Win  2  k=1  [1.5→3.0 s]  interior_MAE=12.707°C  → k_next=1
2026-05-25 21:44:56 [adaptive_k][square][adaptive_k][k=adaptive][s=0] INFO   Win  3  k=1  [3.0→4.5 s]  interior_MAE=3.846°C  → k_next=1
2026-05-25 21:45:46 [adaptive_k][square][adaptive_k][k=adaptive][s=0] INFO   Win  4  k=1  [4.5→6.0 s]  interior_MAE=1.411°C  → k_next=2
2026-05-25 21:46:34 [adaptive_k][square][adaptive_k][k=adaptive][s=0] INFO   Win  5  k=2  [6.0→9.0 s]  interior_MAE=0.761°C  → k_next=3
2026-05-25 21:47:18 [adaptive_k][square][adaptive_k][k=adaptive][s=0] INFO   Win  6  k=3  [9.0→13.5 s]  interior_MAE=0.290°C  → k_next=4
2026-05-25 21:48:00 [adaptive_k][square][adaptive_k][k=adaptive][s=0] INFO   Win  7  k=4  [13.5→19.5 s]  interior_MAE=0.014°C  → k_next=5
2026-05-25 21:48:42 [adaptive_k][square][adaptive_k][k=adaptive][s=0] INFO   Win  8  k=5  [19.5→27.0 s]  interior_MAE=0.013°C  → k_next=5
2026-05-25 21:49:24 [adaptive_k][square][adaptive_k][k=adaptive][s=0] INFO   Win  9  k=5  [27.0→30.0 s]  interior_MAE=0.021°C  → k_next=5
2026-05-25 21:49:24 [adaptive_k][square][adaptive_k][k=adaptive][s=0] INFO AdaptiveK done | wins=9 | FEM_solves=9/60 | FEM_saving=85% | MAE=1.752°C | L2=0.0150 | t=420 s
2026-05-25 21:49:24 [adaptive_k][square][adaptive_k][k=adaptive][s=0] INFO k schedule: t=0.0s:k=1 → t=1.5s:k=1 → t=3.0s:k=1 → t=4.5s:k=1 → t=6.0s:k=2 → t=9.0s:k=3 → t=13.5s:k=4 → t=19.5s:k=5 → t=27.0s:k=5
2026-05-25 21:49:24 [adaptive_k][square][adaptive_k][k=adaptive][s=0] INFO Saved → /home/coder/NAS-PINNS1/thermal_pinn/quenching_mswp/results/adaptive_k/square/seed0_adaptive_nsga2_153
2026-05-25 21:49:26 [adaptive_k][circle][adaptive_k][k=adaptive][s=0] INFO AdaptiveK | arch=[153, 153, 153] | k=[1..5] | thr_up=2.0°C thr_dn=5.0°C | fourier=False
2026-05-25 21:50:17 [adaptive_k][circle][adaptive_k][k=adaptive][s=0] INFO   Win  1  k=1  [0.0→1.5 s]  interior_MAE=30.057°C  → k_next=1
2026-05-25 21:51:08 [adaptive_k][circle][adaptive_k][k=adaptive][s=0] INFO   Win  2  k=1  [1.5→3.0 s]  interior_MAE=10.897°C  → k_next=1
2026-05-25 21:52:00 [adaptive_k][circle][adaptive_k][k=adaptive][s=0] INFO   Win  3  k=1  [3.0→4.5 s]  interior_MAE=3.537°C  → k_next=1
2026-05-25 21:52:51 [adaptive_k][circle][adaptive_k][k=adaptive][s=0] INFO   Win  4  k=1  [4.5→6.0 s]  interior_MAE=1.301°C  → k_next=2
2026-05-25 21:53:37 [adaptive_k][circle][adaptive_k][k=adaptive][s=0] INFO   Win  5  k=2  [6.0→9.0 s]  interior_MAE=0.701°C  → k_next=3
2026-05-25 21:54:20 [adaptive_k][circle][adaptive_k][k=adaptive][s=0] INFO   Win  6  k=3  [9.0→13.5 s]  interior_MAE=0.274°C  → k_next=4
2026-05-25 21:55:04 [adaptive_k][circle][adaptive_k][k=adaptive][s=0] INFO   Win  7  k=4  [13.5→19.5 s]  interior_MAE=0.009°C  → k_next=5
2026-05-25 21:55:47 [adaptive_k][circle][adaptive_k][k=adaptive][s=0] INFO   Win  8  k=5  [19.5→27.0 s]  interior_MAE=0.014°C  → k_next=5
2026-05-25 21:56:30 [adaptive_k][circle][adaptive_k][k=adaptive][s=0] INFO   Win  9  k=5  [27.0→30.0 s]  interior_MAE=0.030°C  → k_next=5
2026-05-25 21:56:30 [adaptive_k][circle][adaptive_k][k=adaptive][s=0] INFO AdaptiveK done | wins=9 | FEM_solves=9/60 | FEM_saving=85% | MAE=1.629°C | L2=0.0135 | t=424 s
2026-05-25 21:56:30 [adaptive_k][circle][adaptive_k][k=adaptive][s=0] INFO k schedule: t=0.0s:k=1 → t=1.5s:k=1 → t=3.0s:k=1 → t=4.5s:k=1 → t=6.0s:k=2 → t=9.0s:k=3 → t=13.5s:k=4 → t=19.5s:k=5 → t=27.0s:k=5
2026-05-25 21:56:31 [adaptive_k][circle][adaptive_k][k=adaptive][s=0] INFO Saved → /home/coder/NAS-PINNS1/thermal_pinn/quenching_mswp/results/adaptive_k/circle/seed0_adaptive_nsga2_153
2026-05-25 21:56:32 [adaptive_k][lshape][adaptive_k][k=adaptive][s=0] INFO AdaptiveK | arch=[153, 153, 153] | k=[1..5] | thr_up=2.0°C thr_dn=5.0°C | fourier=False
2026-05-25 21:57:23 [adaptive_k][lshape][adaptive_k][k=adaptive][s=0] INFO   Win  1  k=1  [0.0→1.5 s]  interior_MAE=31.793°C  → k_next=1
2026-05-25 21:58:13 [adaptive_k][lshape][adaptive_k][k=adaptive][s=0] INFO   Win  2  k=1  [1.5→3.0 s]  interior_MAE=19.349°C  → k_next=1
2026-05-25 21:59:04 [adaptive_k][lshape][adaptive_k][k=adaptive][s=0] INFO   Win  3  k=1  [3.0→4.5 s]  interior_MAE=9.602°C  → k_next=1
2026-05-25 21:59:54 [adaptive_k][lshape][adaptive_k][k=adaptive][s=0] INFO   Win  4  k=1  [4.5→6.0 s]  interior_MAE=4.362°C  → k_next=1
2026-05-25 22:00:44 [adaptive_k][lshape][adaptive_k][k=adaptive][s=0] INFO   Win  5  k=1  [6.0→7.5 s]  interior_MAE=1.972°C  → k_next=2
2026-05-25 22:01:34 [adaptive_k][lshape][adaptive_k][k=adaptive][s=0] INFO   Win  6  k=2  [7.5→10.5 s]  interior_MAE=1.358°C  → k_next=3
2026-05-25 22:02:17 [adaptive_k][lshape][adaptive_k][k=adaptive][s=0] INFO   Win  7  k=3  [10.5→15.0 s]  interior_MAE=0.600°C  → k_next=4
2026-05-25 22:02:59 [adaptive_k][lshape][adaptive_k][k=adaptive][s=0] INFO   Win  8  k=4  [15.0→21.0 s]  interior_MAE=0.130°C  → k_next=5
2026-05-25 22:03:41 [adaptive_k][lshape][adaptive_k][k=adaptive][s=0] INFO   Win  9  k=5  [21.0→28.5 s]  interior_MAE=0.013°C  → k_next=5
2026-05-25 22:04:25 [adaptive_k][lshape][adaptive_k][k=adaptive][s=0] INFO   Win 10  k=5  [28.5→30.0 s]  interior_MAE=0.007°C  → k_next=5
2026-05-25 22:04:25 [adaptive_k][lshape][adaptive_k][k=adaptive][s=0] INFO AdaptiveK done | wins=10 | FEM_solves=10/60 | FEM_saving=83% | MAE=2.456°C | L2=0.0243 | t=473 s
2026-05-25 22:04:25 [adaptive_k][lshape][adaptive_k][k=adaptive][s=0] INFO k schedule: t=0.0s:k=1 → t=1.5s:k=1 → t=3.0s:k=1 → t=4.5s:k=1 → t=6.0s:k=1 → t=7.5s:k=2 → t=10.5s:k=3 → t=15.0s:k=4 → t=21.0s:k=5 → t=28.5s:k=5
2026-05-25 22:04:25 [adaptive_k][lshape][adaptive_k][k=adaptive][s=0] INFO Saved → /home/coder/NAS-PINNS1/thermal_pinn/quenching_mswp/results/adaptive_k/lshape/seed0_adaptive_nsga2_153
2026-05-25 22:04:26 [adaptive_k][flower][adaptive_k][k=adaptive][s=0] INFO AdaptiveK | arch=[153, 153, 153] | k=[1..5] | thr_up=2.0°C thr_dn=5.0°C | fourier=False
2026-05-25 22:05:42 [adaptive_k][flower][adaptive_k][k=adaptive][s=0] INFO   Win  1  k=1  [0.0→1.5 s]  interior_MAE=47.573°C  → k_next=1
2026-05-25 22:06:58 [adaptive_k][flower][adaptive_k][k=adaptive][s=0] INFO   Win  2  k=1  [1.5→3.0 s]  interior_MAE=10.590°C  → k_next=1
2026-05-25 22:08:15 [adaptive_k][flower][adaptive_k][k=adaptive][s=0] INFO   Win  3  k=1  [3.0→4.5 s]  interior_MAE=2.610°C  → k_next=1
2026-05-25 22:09:31 [adaptive_k][flower][adaptive_k][k=adaptive][s=0] INFO   Win  4  k=1  [4.5→6.0 s]  interior_MAE=0.553°C  → k_next=2
2026-05-25 22:10:39 [adaptive_k][flower][adaptive_k][k=adaptive][s=0] INFO   Win  5  k=2  [6.0→9.0 s]  interior_MAE=0.367°C  → k_next=3
2026-05-25 22:11:48 [adaptive_k][flower][adaptive_k][k=adaptive][s=0] INFO   Win  6  k=3  [9.0→13.5 s]  interior_MAE=0.024°C  → k_next=4
2026-05-25 22:12:57 [adaptive_k][flower][adaptive_k][k=adaptive][s=0] INFO   Win  7  k=4  [13.5→19.5 s]  interior_MAE=0.011°C  → k_next=5
2026-05-25 22:14:04 [adaptive_k][flower][adaptive_k][k=adaptive][s=0] INFO   Win  8  k=5  [19.5→27.0 s]  interior_MAE=0.016°C  → k_next=5
2026-05-25 22:15:13 [adaptive_k][flower][adaptive_k][k=adaptive][s=0] INFO   Win  9  k=5  [27.0→30.0 s]  interior_MAE=0.032°C  → k_next=5
2026-05-25 22:15:13 [adaptive_k][flower][adaptive_k][k=adaptive][s=0] INFO AdaptiveK done | wins=9 | FEM_solves=9/60 | FEM_saving=85% | MAE=2.087°C | L2=0.0159 | t=647 s
2026-05-25 22:15:13 [adaptive_k][flower][adaptive_k][k=adaptive][s=0] INFO k schedule: t=0.0s:k=1 → t=1.5s:k=1 → t=3.0s:k=1 → t=4.5s:k=1 → t=6.0s:k=2 → t=9.0s:k=3 → t=13.5s:k=4 → t=19.5s:k=5 → t=27.0s:k=5
2026-05-25 22:15:13 [adaptive_k][flower][adaptive_k][k=adaptive][s=0] INFO Saved → /home/coder/NAS-PINNS1/thermal_pinn/quenching_mswp/results/adaptive_k/flower/seed0_adaptive_nsga2_153
2026-05-25 22:15:52 [adaptive_k][square][adaptive_k][k=adaptive][s=0] INFO AdaptiveK | arch=[75, 75, 75] | k=[1..5] | thr_up=2.0°C thr_dn=5.0°C | fourier=False
2026-05-25 22:16:45 [adaptive_k][square][adaptive_k][k=adaptive][s=0] INFO   Win  1  k=1  [0.0→1.5 s]  interior_MAE=29.673°C  → k_next=1
2026-05-25 22:17:37 [adaptive_k][square][adaptive_k][k=adaptive][s=0] INFO   Win  2  k=1  [1.5→3.0 s]  interior_MAE=12.444°C  → k_next=1
2026-05-25 22:18:24 [adaptive_k][square][adaptive_k][k=adaptive][s=0] INFO   Win  3  k=1  [3.0→4.5 s]  interior_MAE=4.566°C  → k_next=1
2026-05-25 22:19:12 [adaptive_k][square][adaptive_k][k=adaptive][s=0] INFO   Win  4  k=1  [4.5→6.0 s]  interior_MAE=1.466°C  → k_next=2
2026-05-25 22:20:00 [adaptive_k][square][adaptive_k][k=adaptive][s=0] INFO   Win  5  k=2  [6.0→9.0 s]  interior_MAE=0.753°C  → k_next=3
2026-05-25 22:20:44 [adaptive_k][square][adaptive_k][k=adaptive][s=0] INFO   Win  6  k=3  [9.0→13.5 s]  interior_MAE=0.118°C  → k_next=4
2026-05-25 22:21:33 [adaptive_k][square][adaptive_k][k=adaptive][s=0] INFO   Win  7  k=4  [13.5→19.5 s]  interior_MAE=0.012°C  → k_next=5
2026-05-25 22:22:18 [adaptive_k][square][adaptive_k][k=adaptive][s=0] INFO   Win  8  k=5  [19.5→27.0 s]  interior_MAE=0.058°C  → k_next=5
2026-05-25 22:23:04 [adaptive_k][square][adaptive_k][k=adaptive][s=0] INFO   Win  9  k=5  [27.0→30.0 s]  interior_MAE=0.025°C  → k_next=5
2026-05-25 22:23:04 [adaptive_k][square][adaptive_k][k=adaptive][s=0] INFO AdaptiveK done | wins=9 | FEM_solves=9/60 | FEM_saving=85% | MAE=1.701°C | L2=0.0147 | t=432 s
2026-05-25 22:23:04 [adaptive_k][square][adaptive_k][k=adaptive][s=0] INFO k schedule: t=0.0s:k=1 → t=1.5s:k=1 → t=3.0s:k=1 → t=4.5s:k=1 → t=6.0s:k=2 → t=9.0s:k=3 → t=13.5s:k=4 → t=19.5s:k=5 → t=27.0s:k=5
2026-05-25 22:23:04 [adaptive_k][square][adaptive_k][k=adaptive][s=0] INFO Saved → /home/coder/NAS-PINNS1/thermal_pinn/quenching_mswp/results/adaptive_k/square/seed0_adaptive_nsga3_75
2026-05-25 22:23:05 [adaptive_k][circle][adaptive_k][k=adaptive][s=0] INFO AdaptiveK | arch=[75, 75, 75] | k=[1..5] | thr_up=2.0°C thr_dn=5.0°C | fourier=False
2026-05-25 22:23:56 [adaptive_k][circle][adaptive_k][k=adaptive][s=0] INFO   Win  1  k=1  [0.0→1.5 s]  interior_MAE=27.980°C  → k_next=1
2026-05-25 22:24:45 [adaptive_k][circle][adaptive_k][k=adaptive][s=0] INFO   Win  2  k=1  [1.5→3.0 s]  interior_MAE=11.346°C  → k_next=1
2026-05-25 22:25:35 [adaptive_k][circle][adaptive_k][k=adaptive][s=0] INFO   Win  3  k=1  [3.0→4.5 s]  interior_MAE=4.192°C  → k_next=1
2026-05-25 22:26:25 [adaptive_k][circle][adaptive_k][k=adaptive][s=0] INFO   Win  4  k=1  [4.5→6.0 s]  interior_MAE=1.337°C  → k_next=2
2026-05-25 22:27:14 [adaptive_k][circle][adaptive_k][k=adaptive][s=0] INFO   Win  5  k=2  [6.0→9.0 s]  interior_MAE=0.675°C  → k_next=3
2026-05-25 22:28:00 [adaptive_k][circle][adaptive_k][k=adaptive][s=0] INFO   Win  6  k=3  [9.0→13.5 s]  interior_MAE=0.110°C  → k_next=4
2026-05-25 22:28:49 [adaptive_k][circle][adaptive_k][k=adaptive][s=0] INFO   Win  7  k=4  [13.5→19.5 s]  interior_MAE=0.050°C  → k_next=5
2026-05-25 22:29:36 [adaptive_k][circle][adaptive_k][k=adaptive][s=0] INFO   Win  8  k=5  [19.5→27.0 s]  interior_MAE=0.018°C  → k_next=5
2026-05-25 22:30:21 [adaptive_k][circle][adaptive_k][k=adaptive][s=0] INFO   Win  9  k=5  [27.0→30.0 s]  interior_MAE=0.012°C  → k_next=5
2026-05-25 22:30:21 [adaptive_k][circle][adaptive_k][k=adaptive][s=0] INFO AdaptiveK done | wins=9 | FEM_solves=9/60 | FEM_saving=85% | MAE=1.580°C | L2=0.0131 | t=436 s
2026-05-25 22:30:21 [adaptive_k][circle][adaptive_k][k=adaptive][s=0] INFO k schedule: t=0.0s:k=1 → t=1.5s:k=1 → t=3.0s:k=1 → t=4.5s:k=1 → t=6.0s:k=2 → t=9.0s:k=3 → t=13.5s:k=4 → t=19.5s:k=5 → t=27.0s:k=5
2026-05-25 22:30:21 [adaptive_k][circle][adaptive_k][k=adaptive][s=0] INFO Saved → /home/coder/NAS-PINNS1/thermal_pinn/quenching_mswp/results/adaptive_k/circle/seed0_adaptive_nsga3_75
2026-05-25 22:30:23 [adaptive_k][lshape][adaptive_k][k=adaptive][s=0] INFO AdaptiveK | arch=[75, 75, 75] | k=[1..5] | thr_up=2.0°C thr_dn=5.0°C | fourier=False
2026-05-25 22:31:11 [adaptive_k][lshape][adaptive_k][k=adaptive][s=0] INFO   Win  1  k=1  [0.0→1.5 s]  interior_MAE=29.831°C  → k_next=1
2026-05-25 22:32:01 [adaptive_k][lshape][adaptive_k][k=adaptive][s=0] INFO   Win  2  k=1  [1.5→3.0 s]  interior_MAE=20.200°C  → k_next=1
2026-05-25 22:32:51 [adaptive_k][lshape][adaptive_k][k=adaptive][s=0] INFO   Win  3  k=1  [3.0→4.5 s]  interior_MAE=9.658°C  → k_next=1
2026-05-25 22:33:42 [adaptive_k][lshape][adaptive_k][k=adaptive][s=0] INFO   Win  4  k=1  [4.5→6.0 s]  interior_MAE=4.627°C  → k_next=1
2026-05-25 22:34:32 [adaptive_k][lshape][adaptive_k][k=adaptive][s=0] INFO   Win  5  k=1  [6.0→7.5 s]  interior_MAE=2.126°C  → k_next=1
2026-05-25 22:35:22 [adaptive_k][lshape][adaptive_k][k=adaptive][s=0] INFO   Win  6  k=1  [7.5→9.0 s]  interior_MAE=0.937°C  → k_next=2
2026-05-25 22:36:12 [adaptive_k][lshape][adaptive_k][k=adaptive][s=0] INFO   Win  7  k=2  [9.0→12.0 s]  interior_MAE=0.692°C  → k_next=3
2026-05-25 22:36:55 [adaptive_k][lshape][adaptive_k][k=adaptive][s=0] INFO   Win  8  k=3  [12.0→16.5 s]  interior_MAE=0.222°C  → k_next=4
2026-05-25 22:37:39 [adaptive_k][lshape][adaptive_k][k=adaptive][s=0] INFO   Win  9  k=4  [16.5→22.5 s]  interior_MAE=0.046°C  → k_next=5
2026-05-25 22:38:25 [adaptive_k][lshape][adaptive_k][k=adaptive][s=0] INFO   Win 10  k=5  [22.5→30.0 s]  interior_MAE=0.020°C  → k_next=5
2026-05-25 22:38:25 [adaptive_k][lshape][adaptive_k][k=adaptive][s=0] INFO AdaptiveK done | wins=10 | FEM_solves=10/60 | FEM_saving=83% | MAE=2.346°C | L2=0.0212 | t=482 s
2026-05-25 22:38:25 [adaptive_k][lshape][adaptive_k][k=adaptive][s=0] INFO k schedule: t=0.0s:k=1 → t=1.5s:k=1 → t=3.0s:k=1 → t=4.5s:k=1 → t=6.0s:k=1 → t=7.5s:k=1 → t=9.0s:k=2 → t=12.0s:k=3 → t=16.5s:k=4 → t=22.5s:k=5
2026-05-25 22:38:25 [adaptive_k][lshape][adaptive_k][k=adaptive][s=0] INFO Saved → /home/coder/NAS-PINNS1/thermal_pinn/quenching_mswp/results/adaptive_k/lshape/seed0_adaptive_nsga3_75
2026-05-25 22:38:25 [adaptive_k][flower][adaptive_k][k=adaptive][s=0] INFO AdaptiveK | arch=[75, 75, 75] | k=[1..5] | thr_up=2.0°C thr_dn=5.0°C | fourier=False
2026-05-25 22:39:39 [adaptive_k][flower][adaptive_k][k=adaptive][s=0] INFO   Win  1  k=1  [0.0→1.5 s]  interior_MAE=44.468°C  → k_next=1
2026-05-25 22:40:53 [adaptive_k][flower][adaptive_k][k=adaptive][s=0] INFO   Win  2  k=1  [1.5→3.0 s]  interior_MAE=11.279°C  → k_next=1
2026-05-25 22:42:07 [adaptive_k][flower][adaptive_k][k=adaptive][s=0] INFO   Win  3  k=1  [3.0→4.5 s]  interior_MAE=2.446°C  → k_next=1
2026-05-25 22:43:21 [adaptive_k][flower][adaptive_k][k=adaptive][s=0] INFO   Win  4  k=1  [4.5→6.0 s]  interior_MAE=0.553°C  → k_next=2
2026-05-25 22:44:36 [adaptive_k][flower][adaptive_k][k=adaptive][s=0] INFO   Win  5  k=2  [6.0→9.0 s]  interior_MAE=0.169°C  → k_next=3
2026-05-25 22:45:46 [adaptive_k][flower][adaptive_k][k=adaptive][s=0] INFO   Win  6  k=3  [9.0→13.5 s]  interior_MAE=0.026°C  → k_next=4
2026-05-25 22:46:53 [adaptive_k][flower][adaptive_k][k=adaptive][s=0] INFO   Win  7  k=4  [13.5→19.5 s]  interior_MAE=0.189°C  → k_next=5
2026-05-25 22:48:02 [adaptive_k][flower][adaptive_k][k=adaptive][s=0] INFO   Win  8  k=5  [19.5→27.0 s]  interior_MAE=0.077°C  → k_next=5
2026-05-25 22:49:12 [adaptive_k][flower][adaptive_k][k=adaptive][s=0] INFO   Win  9  k=5  [27.0→30.0 s]  interior_MAE=0.020°C  → k_next=5
2026-05-25 22:49:12 [adaptive_k][flower][adaptive_k][k=adaptive][s=0] INFO AdaptiveK done | wins=9 | FEM_solves=9/60 | FEM_saving=85% | MAE=2.030°C | L2=0.0178 | t=647 s
2026-05-25 22:49:12 [adaptive_k][flower][adaptive_k][k=adaptive][s=0] INFO k schedule: t=0.0s:k=1 → t=1.5s:k=1 → t=3.0s:k=1 → t=4.5s:k=1 → t=6.0s:k=2 → t=9.0s:k=3 → t=13.5s:k=4 → t=19.5s:k=5 → t=27.0s:k=5
2026-05-25 22:49:12 [adaptive_k][flower][adaptive_k][k=adaptive][s=0] INFO Saved → /home/coder/NAS-PINNS1/thermal_pinn/quenching_mswp/results/adaptive_k/flower/seed0_adaptive_nsga3_75
2026-05-27 21:59:21 [adaptive_k][square][adaptive_k][k=adaptive][s=1] INFO AdaptiveK | arch=[151, 151, 151, 151, 151] | k=[1..5] | thr_up=2.0°C thr_dn=5.0°C | fourier=True
2026-05-27 22:00:20 [adaptive_k][square][adaptive_k][k=adaptive][s=1] INFO   Win  1  k=1  [0.0→1.5 s]  interior_MAE=24.467°C  → k_next=1
2026-05-27 22:01:13 [adaptive_k][square][adaptive_k][k=adaptive][s=1] INFO   Win  2  k=1  [1.5→3.0 s]  interior_MAE=11.735°C  → k_next=1
2026-05-27 22:02:08 [adaptive_k][square][adaptive_k][k=adaptive][s=1] INFO   Win  3  k=1  [3.0→4.5 s]  interior_MAE=5.013°C  → k_next=1
2026-05-27 22:03:01 [adaptive_k][square][adaptive_k][k=adaptive][s=1] INFO   Win  4  k=1  [4.5→6.0 s]  interior_MAE=1.890°C  → k_next=2
2026-05-27 22:04:01 [adaptive_k][square][adaptive_k][k=adaptive][s=1] INFO   Win  5  k=2  [6.0→9.0 s]  interior_MAE=1.508°C  → k_next=3
2026-05-27 22:05:01 [adaptive_k][square][adaptive_k][k=adaptive][s=1] INFO   Win  6  k=3  [9.0→13.5 s]  interior_MAE=0.304°C  → k_next=4
2026-05-27 22:05:57 [adaptive_k][square][adaptive_k][k=adaptive][s=1] INFO   Win  7  k=4  [13.5→19.5 s]  interior_MAE=0.017°C  → k_next=5
2026-05-27 22:06:51 [adaptive_k][square][adaptive_k][k=adaptive][s=1] INFO   Win  8  k=5  [19.5→27.0 s]  interior_MAE=0.011°C  → k_next=5
2026-05-27 22:07:45 [adaptive_k][square][adaptive_k][k=adaptive][s=1] INFO   Win  9  k=5  [27.0→30.0 s]  interior_MAE=0.001°C  → k_next=5
2026-05-27 22:07:45 [adaptive_k][square][adaptive_k][k=adaptive][s=1] INFO AdaptiveK done | wins=9 | FEM_solves=9/60 | FEM_saving=85% | MAE=1.609°C | L2=0.0174 | t=505 s
2026-05-27 22:07:45 [adaptive_k][square][adaptive_k][k=adaptive][s=1] INFO k schedule: t=0.0s:k=1 → t=1.5s:k=1 → t=3.0s:k=1 → t=4.5s:k=1 → t=6.0s:k=2 → t=9.0s:k=3 → t=13.5s:k=4 → t=19.5s:k=5 → t=27.0s:k=5
2026-05-27 22:07:45 [adaptive_k][square][adaptive_k][k=adaptive][s=1] INFO Saved → /home/coder/NAS-PINNS1/thermal_pinn/quenching_mswp/results/adaptive_k/square/seed1_adaptive
2026-05-27 22:07:46 [adaptive_k][square][adaptive_k][k=adaptive][s=2] INFO AdaptiveK | arch=[151, 151, 151, 151, 151] | k=[1..5] | thr_up=2.0°C thr_dn=5.0°C | fourier=True
2026-05-27 22:08:39 [adaptive_k][square][adaptive_k][k=adaptive][s=2] INFO   Win  1  k=1  [0.0→1.5 s]  interior_MAE=27.677°C  → k_next=1
2026-05-27 22:09:33 [adaptive_k][square][adaptive_k][k=adaptive][s=2] INFO   Win  2  k=1  [1.5→3.0 s]  interior_MAE=11.322°C  → k_next=1
2026-05-27 22:10:27 [adaptive_k][square][adaptive_k][k=adaptive][s=2] INFO   Win  3  k=1  [3.0→4.5 s]  interior_MAE=4.652°C  → k_next=1
2026-05-27 22:11:22 [adaptive_k][square][adaptive_k][k=adaptive][s=2] INFO   Win  4  k=1  [4.5→6.0 s]  interior_MAE=1.903°C  → k_next=2
2026-05-27 22:12:18 [adaptive_k][square][adaptive_k][k=adaptive][s=2] INFO   Win  5  k=2  [6.0→9.0 s]  interior_MAE=1.520°C  → k_next=3
2026-05-27 22:13:12 [adaptive_k][square][adaptive_k][k=adaptive][s=2] INFO   Win  6  k=3  [9.0→13.5 s]  interior_MAE=0.293°C  → k_next=4
2026-05-27 22:14:05 [adaptive_k][square][adaptive_k][k=adaptive][s=2] INFO   Win  7  k=4  [13.5→19.5 s]  interior_MAE=0.013°C  → k_next=5
2026-05-27 22:14:59 [adaptive_k][square][adaptive_k][k=adaptive][s=2] INFO   Win  8  k=5  [19.5→27.0 s]  interior_MAE=0.021°C  → k_next=5
2026-05-27 22:15:54 [adaptive_k][square][adaptive_k][k=adaptive][s=2] INFO   Win  9  k=5  [27.0→30.0 s]  interior_MAE=0.053°C  → k_next=5
2026-05-27 22:15:54 [adaptive_k][square][adaptive_k][k=adaptive][s=2] INFO AdaptiveK done | wins=9 | FEM_solves=9/60 | FEM_saving=85% | MAE=1.696°C | L2=0.0177 | t=488 s
2026-05-27 22:15:54 [adaptive_k][square][adaptive_k][k=adaptive][s=2] INFO k schedule: t=0.0s:k=1 → t=1.5s:k=1 → t=3.0s:k=1 → t=4.5s:k=1 → t=6.0s:k=2 → t=9.0s:k=3 → t=13.5s:k=4 → t=19.5s:k=5 → t=27.0s:k=5
2026-05-27 22:15:54 [adaptive_k][square][adaptive_k][k=adaptive][s=2] INFO Saved → /home/coder/NAS-PINNS1/thermal_pinn/quenching_mswp/results/adaptive_k/square/seed2_adaptive
2026-05-27 22:15:55 [adaptive_k][square][adaptive_k][k=adaptive][s=3] INFO AdaptiveK | arch=[151, 151, 151, 151, 151] | k=[1..5] | thr_up=2.0°C thr_dn=5.0°C | fourier=True
2026-05-27 22:16:48 [adaptive_k][square][adaptive_k][k=adaptive][s=3] INFO   Win  1  k=1  [0.0→1.5 s]  interior_MAE=31.040°C  → k_next=1
2026-05-27 22:17:42 [adaptive_k][square][adaptive_k][k=adaptive][s=3] INFO   Win  2  k=1  [1.5→3.0 s]  interior_MAE=12.829°C  → k_next=1
2026-05-27 22:18:36 [adaptive_k][square][adaptive_k][k=adaptive][s=3] INFO   Win  3  k=1  [3.0→4.5 s]  interior_MAE=4.856°C  → k_next=1
2026-05-27 22:19:30 [adaptive_k][square][adaptive_k][k=adaptive][s=3] INFO   Win  4  k=1  [4.5→6.0 s]  interior_MAE=1.891°C  → k_next=2
2026-05-27 22:20:27 [adaptive_k][square][adaptive_k][k=adaptive][s=3] INFO   Win  5  k=2  [6.0→9.0 s]  interior_MAE=1.521°C  → k_next=3
2026-05-27 22:21:20 [adaptive_k][square][adaptive_k][k=adaptive][s=3] INFO   Win  6  k=3  [9.0→13.5 s]  interior_MAE=0.297°C  → k_next=4
2026-05-27 22:22:17 [adaptive_k][square][adaptive_k][k=adaptive][s=3] INFO   Win  7  k=4  [13.5→19.5 s]  interior_MAE=0.009°C  → k_next=5
2026-05-27 22:23:12 [adaptive_k][square][adaptive_k][k=adaptive][s=3] INFO   Win  8  k=5  [19.5→27.0 s]  interior_MAE=0.001°C  → k_next=5
2026-05-27 22:24:07 [adaptive_k][square][adaptive_k][k=adaptive][s=3] INFO   Win  9  k=5  [27.0→30.0 s]  interior_MAE=0.002°C  → k_next=5
2026-05-27 22:24:07 [adaptive_k][square][adaptive_k][k=adaptive][s=3] INFO AdaptiveK done | wins=9 | FEM_solves=9/60 | FEM_saving=85% | MAE=1.856°C | L2=0.0180 | t=492 s
2026-05-27 22:24:07 [adaptive_k][square][adaptive_k][k=adaptive][s=3] INFO k schedule: t=0.0s:k=1 → t=1.5s:k=1 → t=3.0s:k=1 → t=4.5s:k=1 → t=6.0s:k=2 → t=9.0s:k=3 → t=13.5s:k=4 → t=19.5s:k=5 → t=27.0s:k=5
2026-05-27 22:24:07 [adaptive_k][square][adaptive_k][k=adaptive][s=3] INFO Saved → /home/coder/NAS-PINNS1/thermal_pinn/quenching_mswp/results/adaptive_k/square/seed3_adaptive
2026-05-27 22:24:08 [adaptive_k][square][adaptive_k][k=adaptive][s=4] INFO AdaptiveK | arch=[151, 151, 151, 151, 151] | k=[1..5] | thr_up=2.0°C thr_dn=5.0°C | fourier=True
2026-05-27 22:25:04 [adaptive_k][square][adaptive_k][k=adaptive][s=4] INFO   Win  1  k=1  [0.0→1.5 s]  interior_MAE=25.877°C  → k_next=1
2026-05-27 22:26:00 [adaptive_k][square][adaptive_k][k=adaptive][s=4] INFO   Win  2  k=1  [1.5→3.0 s]  interior_MAE=11.399°C  → k_next=1
2026-05-27 22:26:56 [adaptive_k][square][adaptive_k][k=adaptive][s=4] INFO   Win  3  k=1  [3.0→4.5 s]  interior_MAE=4.769°C  → k_next=1
2026-05-27 22:27:54 [adaptive_k][square][adaptive_k][k=adaptive][s=4] INFO   Win  4  k=1  [4.5→6.0 s]  interior_MAE=1.759°C  → k_next=2
2026-05-27 22:28:48 [adaptive_k][square][adaptive_k][k=adaptive][s=4] INFO   Win  5  k=2  [6.0→9.0 s]  interior_MAE=1.599°C  → k_next=3
2026-05-27 22:29:44 [adaptive_k][square][adaptive_k][k=adaptive][s=4] INFO   Win  6  k=3  [9.0→13.5 s]  interior_MAE=0.301°C  → k_next=4
2026-05-27 22:30:39 [adaptive_k][square][adaptive_k][k=adaptive][s=4] INFO   Win  7  k=4  [13.5→19.5 s]  interior_MAE=0.073°C  → k_next=5
2026-05-27 22:31:35 [adaptive_k][square][adaptive_k][k=adaptive][s=4] INFO   Win  8  k=5  [19.5→27.0 s]  interior_MAE=0.036°C  → k_next=5
2026-05-27 22:32:30 [adaptive_k][square][adaptive_k][k=adaptive][s=4] INFO   Win  9  k=5  [27.0→30.0 s]  interior_MAE=0.006°C  → k_next=5
2026-05-27 22:32:30 [adaptive_k][square][adaptive_k][k=adaptive][s=4] INFO AdaptiveK done | wins=9 | FEM_solves=9/60 | FEM_saving=85% | MAE=1.656°C | L2=0.0183 | t=503 s
2026-05-27 22:32:30 [adaptive_k][square][adaptive_k][k=adaptive][s=4] INFO k schedule: t=0.0s:k=1 → t=1.5s:k=1 → t=3.0s:k=1 → t=4.5s:k=1 → t=6.0s:k=2 → t=9.0s:k=3 → t=13.5s:k=4 → t=19.5s:k=5 → t=27.0s:k=5
2026-05-27 22:32:30 [adaptive_k][square][adaptive_k][k=adaptive][s=4] INFO Saved → /home/coder/NAS-PINNS1/thermal_pinn/quenching_mswp/results/adaptive_k/square/seed4_adaptive
2026-05-27 22:32:31 [adaptive_k][square][adaptive_k][k=adaptive][s=5] INFO AdaptiveK | arch=[151, 151, 151, 151, 151] | k=[1..5] | thr_up=2.0°C thr_dn=5.0°C | fourier=True
2026-05-27 22:33:27 [adaptive_k][square][adaptive_k][k=adaptive][s=5] INFO   Win  1  k=1  [0.0→1.5 s]  interior_MAE=26.145°C  → k_next=1
2026-05-27 22:34:22 [adaptive_k][square][adaptive_k][k=adaptive][s=5] INFO   Win  2  k=1  [1.5→3.0 s]  interior_MAE=11.635°C  → k_next=1
2026-05-27 22:35:21 [adaptive_k][square][adaptive_k][k=adaptive][s=5] INFO   Win  3  k=1  [3.0→4.5 s]  interior_MAE=5.161°C  → k_next=1
2026-05-27 22:36:26 [adaptive_k][square][adaptive_k][k=adaptive][s=5] INFO   Win  4  k=1  [4.5→6.0 s]  interior_MAE=1.895°C  → k_next=2
2026-05-27 22:37:33 [adaptive_k][square][adaptive_k][k=adaptive][s=5] INFO   Win  5  k=2  [6.0→9.0 s]  interior_MAE=1.526°C  → k_next=3
2026-05-27 22:38:39 [adaptive_k][square][adaptive_k][k=adaptive][s=5] INFO   Win  6  k=3  [9.0→13.5 s]  interior_MAE=0.217°C  → k_next=4
2026-05-27 22:39:33 [adaptive_k][square][adaptive_k][k=adaptive][s=5] INFO   Win  7  k=4  [13.5→19.5 s]  interior_MAE=0.004°C  → k_next=5
2026-05-27 22:40:32 [adaptive_k][square][adaptive_k][k=adaptive][s=5] INFO   Win  8  k=5  [19.5→27.0 s]  interior_MAE=0.012°C  → k_next=5
2026-05-27 22:41:26 [adaptive_k][square][adaptive_k][k=adaptive][s=5] INFO   Win  9  k=5  [27.0→30.0 s]  interior_MAE=0.007°C  → k_next=5
2026-05-27 22:41:26 [adaptive_k][square][adaptive_k][k=adaptive][s=5] INFO AdaptiveK done | wins=9 | FEM_solves=9/60 | FEM_saving=85% | MAE=1.655°C | L2=0.0170 | t=535 s
2026-05-27 22:41:26 [adaptive_k][square][adaptive_k][k=adaptive][s=5] INFO k schedule: t=0.0s:k=1 → t=1.5s:k=1 → t=3.0s:k=1 → t=4.5s:k=1 → t=6.0s:k=2 → t=9.0s:k=3 → t=13.5s:k=4 → t=19.5s:k=5 → t=27.0s:k=5
2026-05-27 22:41:26 [adaptive_k][square][adaptive_k][k=adaptive][s=5] INFO Saved → /home/coder/NAS-PINNS1/thermal_pinn/quenching_mswp/results/adaptive_k/square/seed5_adaptive
2026-05-27 22:41:26 [adaptive_k][square][adaptive_k][k=adaptive][s=6] INFO AdaptiveK | arch=[151, 151, 151, 151, 151] | k=[1..5] | thr_up=2.0°C thr_dn=5.0°C | fourier=True
2026-05-27 22:42:20 [adaptive_k][square][adaptive_k][k=adaptive][s=6] INFO   Win  1  k=1  [0.0→1.5 s]  interior_MAE=28.640°C  → k_next=1
2026-05-27 22:43:17 [adaptive_k][square][adaptive_k][k=adaptive][s=6] INFO   Win  2  k=1  [1.5→3.0 s]  interior_MAE=12.136°C  → k_next=1
2026-05-27 22:44:12 [adaptive_k][square][adaptive_k][k=adaptive][s=6] INFO   Win  3  k=1  [3.0→4.5 s]  interior_MAE=4.843°C  → k_next=1
2026-05-27 22:45:08 [adaptive_k][square][adaptive_k][k=adaptive][s=6] INFO   Win  4  k=1  [4.5→6.0 s]  interior_MAE=1.822°C  → k_next=2
2026-05-27 22:46:08 [adaptive_k][square][adaptive_k][k=adaptive][s=6] INFO   Win  5  k=2  [6.0→9.0 s]  interior_MAE=1.523°C  → k_next=3
2026-05-27 22:47:08 [adaptive_k][square][adaptive_k][k=adaptive][s=6] INFO   Win  6  k=3  [9.0→13.5 s]  interior_MAE=0.214°C  → k_next=4
2026-05-27 22:48:07 [adaptive_k][square][adaptive_k][k=adaptive][s=6] INFO   Win  7  k=4  [13.5→19.5 s]  interior_MAE=0.023°C  → k_next=5
2026-05-27 22:49:04 [adaptive_k][square][adaptive_k][k=adaptive][s=6] INFO   Win  8  k=5  [19.5→27.0 s]  interior_MAE=0.004°C  → k_next=5
2026-05-27 22:50:00 [adaptive_k][square][adaptive_k][k=adaptive][s=6] INFO   Win  9  k=5  [27.0→30.0 s]  interior_MAE=0.011°C  → k_next=5
2026-05-27 22:50:00 [adaptive_k][square][adaptive_k][k=adaptive][s=6] INFO AdaptiveK done | wins=9 | FEM_solves=9/60 | FEM_saving=85% | MAE=1.743°C | L2=0.0172 | t=514 s
2026-05-27 22:50:00 [adaptive_k][square][adaptive_k][k=adaptive][s=6] INFO k schedule: t=0.0s:k=1 → t=1.5s:k=1 → t=3.0s:k=1 → t=4.5s:k=1 → t=6.0s:k=2 → t=9.0s:k=3 → t=13.5s:k=4 → t=19.5s:k=5 → t=27.0s:k=5
2026-05-27 22:50:00 [adaptive_k][square][adaptive_k][k=adaptive][s=6] INFO Saved → /home/coder/NAS-PINNS1/thermal_pinn/quenching_mswp/results/adaptive_k/square/seed6_adaptive
2026-05-27 22:50:01 [adaptive_k][square][adaptive_k][k=adaptive][s=7] INFO AdaptiveK | arch=[151, 151, 151, 151, 151] | k=[1..5] | thr_up=2.0°C thr_dn=5.0°C | fourier=True
2026-05-27 22:50:57 [adaptive_k][square][adaptive_k][k=adaptive][s=7] INFO   Win  1  k=1  [0.0→1.5 s]  interior_MAE=23.822°C  → k_next=1
2026-05-27 22:51:51 [adaptive_k][square][adaptive_k][k=adaptive][s=7] INFO   Win  2  k=1  [1.5→3.0 s]  interior_MAE=9.849°C  → k_next=1
2026-05-27 22:52:47 [adaptive_k][square][adaptive_k][k=adaptive][s=7] INFO   Win  3  k=1  [3.0→4.5 s]  interior_MAE=4.895°C  → k_next=1
2026-05-27 22:53:43 [adaptive_k][square][adaptive_k][k=adaptive][s=7] INFO   Win  4  k=1  [4.5→6.0 s]  interior_MAE=1.864°C  → k_next=2
2026-05-27 22:54:38 [adaptive_k][square][adaptive_k][k=adaptive][s=7] INFO   Win  5  k=2  [6.0→9.0 s]  interior_MAE=1.510°C  → k_next=3
2026-05-27 22:55:34 [adaptive_k][square][adaptive_k][k=adaptive][s=7] INFO   Win  6  k=3  [9.0→13.5 s]  interior_MAE=0.303°C  → k_next=4
2026-05-27 22:56:29 [adaptive_k][square][adaptive_k][k=adaptive][s=7] INFO   Win  7  k=4  [13.5→19.5 s]  interior_MAE=0.025°C  → k_next=5
2026-05-27 22:57:24 [adaptive_k][square][adaptive_k][k=adaptive][s=7] INFO   Win  8  k=5  [19.5→27.0 s]  interior_MAE=0.083°C  → k_next=5
2026-05-27 22:58:20 [adaptive_k][square][adaptive_k][k=adaptive][s=7] INFO   Win  9  k=5  [27.0→30.0 s]  interior_MAE=0.002°C  → k_next=5
2026-05-27 22:58:20 [adaptive_k][square][adaptive_k][k=adaptive][s=7] INFO AdaptiveK done | wins=9 | FEM_solves=9/60 | FEM_saving=85% | MAE=1.538°C | L2=0.0177 | t=499 s
2026-05-27 22:58:20 [adaptive_k][square][adaptive_k][k=adaptive][s=7] INFO k schedule: t=0.0s:k=1 → t=1.5s:k=1 → t=3.0s:k=1 → t=4.5s:k=1 → t=6.0s:k=2 → t=9.0s:k=3 → t=13.5s:k=4 → t=19.5s:k=5 → t=27.0s:k=5
2026-05-27 22:58:20 [adaptive_k][square][adaptive_k][k=adaptive][s=7] INFO Saved → /home/coder/NAS-PINNS1/thermal_pinn/quenching_mswp/results/adaptive_k/square/seed7_adaptive
2026-05-27 22:58:21 [adaptive_k][square][adaptive_k][k=adaptive][s=8] INFO AdaptiveK | arch=[151, 151, 151, 151, 151] | k=[1..5] | thr_up=2.0°C thr_dn=5.0°C | fourier=True
2026-05-27 22:59:17 [adaptive_k][square][adaptive_k][k=adaptive][s=8] INFO   Win  1  k=1  [0.0→1.5 s]  interior_MAE=25.366°C  → k_next=1
2026-05-27 23:00:15 [adaptive_k][square][adaptive_k][k=adaptive][s=8] INFO   Win  2  k=1  [1.5→3.0 s]  interior_MAE=10.964°C  → k_next=1
2026-05-27 23:01:11 [adaptive_k][square][adaptive_k][k=adaptive][s=8] INFO   Win  3  k=1  [3.0→4.5 s]  interior_MAE=4.770°C  → k_next=1
2026-05-27 23:02:09 [adaptive_k][square][adaptive_k][k=adaptive][s=8] INFO   Win  4  k=1  [4.5→6.0 s]  interior_MAE=1.782°C  → k_next=2
2026-05-27 23:03:04 [adaptive_k][square][adaptive_k][k=adaptive][s=8] INFO   Win  5  k=2  [6.0→9.0 s]  interior_MAE=1.476°C  → k_next=3
2026-05-27 23:03:59 [adaptive_k][square][adaptive_k][k=adaptive][s=8] INFO   Win  6  k=3  [9.0→13.5 s]  interior_MAE=0.249°C  → k_next=4
2026-05-27 23:04:55 [adaptive_k][square][adaptive_k][k=adaptive][s=8] INFO   Win  7  k=4  [13.5→19.5 s]  interior_MAE=0.006°C  → k_next=5
2026-05-27 23:05:49 [adaptive_k][square][adaptive_k][k=adaptive][s=8] INFO   Win  8  k=5  [19.5→27.0 s]  interior_MAE=0.024°C  → k_next=5
2026-05-27 23:06:45 [adaptive_k][square][adaptive_k][k=adaptive][s=8] INFO   Win  9  k=5  [27.0→30.0 s]  interior_MAE=0.002°C  → k_next=5
2026-05-27 23:06:45 [adaptive_k][square][adaptive_k][k=adaptive][s=8] INFO AdaptiveK done | wins=9 | FEM_solves=9/60 | FEM_saving=85% | MAE=1.592°C | L2=0.0166 | t=504 s
2026-05-27 23:06:45 [adaptive_k][square][adaptive_k][k=adaptive][s=8] INFO k schedule: t=0.0s:k=1 → t=1.5s:k=1 → t=3.0s:k=1 → t=4.5s:k=1 → t=6.0s:k=2 → t=9.0s:k=3 → t=13.5s:k=4 → t=19.5s:k=5 → t=27.0s:k=5
2026-05-27 23:06:45 [adaptive_k][square][adaptive_k][k=adaptive][s=8] INFO Saved → /home/coder/NAS-PINNS1/thermal_pinn/quenching_mswp/results/adaptive_k/square/seed8_adaptive
2026-05-27 23:06:45 [adaptive_k][square][adaptive_k][k=adaptive][s=9] INFO AdaptiveK | arch=[151, 151, 151, 151, 151] | k=[1..5] | thr_up=2.0°C thr_dn=5.0°C | fourier=True
2026-05-27 23:07:40 [adaptive_k][square][adaptive_k][k=adaptive][s=9] INFO   Win  1  k=1  [0.0→1.5 s]  interior_MAE=24.253°C  → k_next=1
2026-05-27 23:08:34 [adaptive_k][square][adaptive_k][k=adaptive][s=9] INFO   Win  2  k=1  [1.5→3.0 s]  interior_MAE=9.980°C  → k_next=1
2026-05-27 23:09:31 [adaptive_k][square][adaptive_k][k=adaptive][s=9] INFO   Win  3  k=1  [3.0→4.5 s]  interior_MAE=4.896°C  → k_next=1
2026-05-27 23:10:29 [adaptive_k][square][adaptive_k][k=adaptive][s=9] INFO   Win  4  k=1  [4.5→6.0 s]  interior_MAE=1.797°C  → k_next=2
2026-05-27 23:11:27 [adaptive_k][square][adaptive_k][k=adaptive][s=9] INFO   Win  5  k=2  [6.0→9.0 s]  interior_MAE=1.573°C  → k_next=3
2026-05-27 23:12:23 [adaptive_k][square][adaptive_k][k=adaptive][s=9] INFO   Win  6  k=3  [9.0→13.5 s]  interior_MAE=0.321°C  → k_next=4
2026-05-27 23:13:21 [adaptive_k][square][adaptive_k][k=adaptive][s=9] INFO   Win  7  k=4  [13.5→19.5 s]  interior_MAE=0.007°C  → k_next=5
2026-05-27 23:14:15 [adaptive_k][square][adaptive_k][k=adaptive][s=9] INFO   Win  8  k=5  [19.5→27.0 s]  interior_MAE=0.016°C  → k_next=5
2026-05-27 23:15:10 [adaptive_k][square][adaptive_k][k=adaptive][s=9] INFO   Win  9  k=5  [27.0→30.0 s]  interior_MAE=0.009°C  → k_next=5
2026-05-27 23:15:10 [adaptive_k][square][adaptive_k][k=adaptive][s=9] INFO AdaptiveK done | wins=9 | FEM_solves=9/60 | FEM_saving=85% | MAE=1.544°C | L2=0.0172 | t=505 s
2026-05-27 23:15:10 [adaptive_k][square][adaptive_k][k=adaptive][s=9] INFO k schedule: t=0.0s:k=1 → t=1.5s:k=1 → t=3.0s:k=1 → t=4.5s:k=1 → t=6.0s:k=2 → t=9.0s:k=3 → t=13.5s:k=4 → t=19.5s:k=5 → t=27.0s:k=5
2026-05-27 23:15:10 [adaptive_k][square][adaptive_k][k=adaptive][s=9] INFO Saved → /home/coder/NAS-PINNS1/thermal_pinn/quenching_mswp/results/adaptive_k/square/seed9_adaptive
2026-05-27 23:15:11 [adaptive_k][circle][adaptive_k][k=adaptive][s=1] INFO AdaptiveK | arch=[151, 151, 151, 151, 151] | k=[1..5] | thr_up=2.0°C thr_dn=5.0°C | fourier=True
2026-05-27 23:16:15 [adaptive_k][circle][adaptive_k][k=adaptive][s=1] INFO   Win  1  k=1  [0.0→1.5 s]  interior_MAE=18.682°C  → k_next=1
2026-05-27 23:17:16 [adaptive_k][circle][adaptive_k][k=adaptive][s=1] INFO   Win  2  k=1  [1.5→3.0 s]  interior_MAE=12.058°C  → k_next=1
2026-05-27 23:18:18 [adaptive_k][circle][adaptive_k][k=adaptive][s=1] INFO   Win  3  k=1  [3.0→4.5 s]  interior_MAE=4.958°C  → k_next=1
2026-05-27 23:19:18 [adaptive_k][circle][adaptive_k][k=adaptive][s=1] INFO   Win  4  k=1  [4.5→6.0 s]  interior_MAE=1.785°C  → k_next=2
2026-05-27 23:20:18 [adaptive_k][circle][adaptive_k][k=adaptive][s=1] INFO   Win  5  k=2  [6.0→9.0 s]  interior_MAE=1.458°C  → k_next=3
2026-05-27 23:21:23 [adaptive_k][circle][adaptive_k][k=adaptive][s=1] INFO   Win  6  k=3  [9.0→13.5 s]  interior_MAE=0.267°C  → k_next=4
2026-05-27 23:22:24 [adaptive_k][circle][adaptive_k][k=adaptive][s=1] INFO   Win  7  k=4  [13.5→19.5 s]  interior_MAE=0.004°C  → k_next=5
2026-05-27 23:23:26 [adaptive_k][circle][adaptive_k][k=adaptive][s=1] INFO   Win  8  k=5  [19.5→27.0 s]  interior_MAE=0.006°C  → k_next=5
2026-05-27 23:24:27 [adaptive_k][circle][adaptive_k][k=adaptive][s=1] INFO   Win  9  k=5  [27.0→30.0 s]  interior_MAE=0.002°C  → k_next=5
2026-05-27 23:24:27 [adaptive_k][circle][adaptive_k][k=adaptive][s=1] INFO AdaptiveK done | wins=9 | FEM_solves=9/60 | FEM_saving=85% | MAE=1.409°C | L2=0.0163 | t=556 s
2026-05-27 23:24:27 [adaptive_k][circle][adaptive_k][k=adaptive][s=1] INFO k schedule: t=0.0s:k=1 → t=1.5s:k=1 → t=3.0s:k=1 → t=4.5s:k=1 → t=6.0s:k=2 → t=9.0s:k=3 → t=13.5s:k=4 → t=19.5s:k=5 → t=27.0s:k=5
2026-05-27 23:24:28 [adaptive_k][circle][adaptive_k][k=adaptive][s=1] INFO Saved → /home/coder/NAS-PINNS1/thermal_pinn/quenching_mswp/results/adaptive_k/circle/seed1_adaptive
2026-05-27 23:24:29 [adaptive_k][circle][adaptive_k][k=adaptive][s=2] INFO AdaptiveK | arch=[151, 151, 151, 151, 151] | k=[1..5] | thr_up=2.0°C thr_dn=5.0°C | fourier=True
2026-05-27 23:25:31 [adaptive_k][circle][adaptive_k][k=adaptive][s=2] INFO   Win  1  k=1  [0.0→1.5 s]  interior_MAE=24.299°C  → k_next=1
2026-05-27 23:26:32 [adaptive_k][circle][adaptive_k][k=adaptive][s=2] INFO   Win  2  k=1  [1.5→3.0 s]  interior_MAE=12.342°C  → k_next=1
2026-05-27 23:27:33 [adaptive_k][circle][adaptive_k][k=adaptive][s=2] INFO   Win  3  k=1  [3.0→4.5 s]  interior_MAE=4.971°C  → k_next=1
2026-05-27 23:28:35 [adaptive_k][circle][adaptive_k][k=adaptive][s=2] INFO   Win  4  k=1  [4.5→6.0 s]  interior_MAE=1.835°C  → k_next=2
2026-05-27 23:29:38 [adaptive_k][circle][adaptive_k][k=adaptive][s=2] INFO   Win  5  k=2  [6.0→9.0 s]  interior_MAE=1.409°C  → k_next=3
2026-05-27 23:30:40 [adaptive_k][circle][adaptive_k][k=adaptive][s=2] INFO   Win  6  k=3  [9.0→13.5 s]  interior_MAE=0.433°C  → k_next=4
2026-05-27 23:31:43 [adaptive_k][circle][adaptive_k][k=adaptive][s=2] INFO   Win  7  k=4  [13.5→19.5 s]  interior_MAE=0.005°C  → k_next=5
2026-05-27 23:32:46 [adaptive_k][circle][adaptive_k][k=adaptive][s=2] INFO   Win  8  k=5  [19.5→27.0 s]  interior_MAE=0.004°C  → k_next=5
2026-05-27 23:33:49 [adaptive_k][circle][adaptive_k][k=adaptive][s=2] INFO   Win  9  k=5  [27.0→30.0 s]  interior_MAE=0.001°C  → k_next=5
2026-05-27 23:33:49 [adaptive_k][circle][adaptive_k][k=adaptive][s=2] INFO AdaptiveK done | wins=9 | FEM_solves=9/60 | FEM_saving=85% | MAE=1.625°C | L2=0.0179 | t=560 s
2026-05-27 23:33:49 [adaptive_k][circle][adaptive_k][k=adaptive][s=2] INFO k schedule: t=0.0s:k=1 → t=1.5s:k=1 → t=3.0s:k=1 → t=4.5s:k=1 → t=6.0s:k=2 → t=9.0s:k=3 → t=13.5s:k=4 → t=19.5s:k=5 → t=27.0s:k=5
2026-05-27 23:33:50 [adaptive_k][circle][adaptive_k][k=adaptive][s=2] INFO Saved → /home/coder/NAS-PINNS1/thermal_pinn/quenching_mswp/results/adaptive_k/circle/seed2_adaptive
2026-05-27 23:33:51 [adaptive_k][circle][adaptive_k][k=adaptive][s=3] INFO AdaptiveK | arch=[151, 151, 151, 151, 151] | k=[1..5] | thr_up=2.0°C thr_dn=5.0°C | fourier=True
2026-05-27 23:34:52 [adaptive_k][circle][adaptive_k][k=adaptive][s=3] INFO   Win  1  k=1  [0.0→1.5 s]  interior_MAE=25.286°C  → k_next=1
2026-05-27 23:35:56 [adaptive_k][circle][adaptive_k][k=adaptive][s=3] INFO   Win  2  k=1  [1.5→3.0 s]  interior_MAE=11.666°C  → k_next=1
2026-05-27 23:36:57 [adaptive_k][circle][adaptive_k][k=adaptive][s=3] INFO   Win  3  k=1  [3.0→4.5 s]  interior_MAE=4.282°C  → k_next=1
2026-05-27 23:37:58 [adaptive_k][circle][adaptive_k][k=adaptive][s=3] INFO   Win  4  k=1  [4.5→6.0 s]  interior_MAE=1.845°C  → k_next=2
2026-05-27 23:38:59 [adaptive_k][circle][adaptive_k][k=adaptive][s=3] INFO   Win  5  k=2  [6.0→9.0 s]  interior_MAE=1.462°C  → k_next=3
2026-05-27 23:39:59 [adaptive_k][circle][adaptive_k][k=adaptive][s=3] INFO   Win  6  k=3  [9.0→13.5 s]  interior_MAE=0.311°C  → k_next=4
2026-05-27 23:41:01 [adaptive_k][circle][adaptive_k][k=adaptive][s=3] INFO   Win  7  k=4  [13.5→19.5 s]  interior_MAE=0.036°C  → k_next=5
2026-05-27 23:42:03 [adaptive_k][circle][adaptive_k][k=adaptive][s=3] INFO   Win  8  k=5  [19.5→27.0 s]  interior_MAE=0.004°C  → k_next=5
2026-05-27 23:43:06 [adaptive_k][circle][adaptive_k][k=adaptive][s=3] INFO   Win  9  k=5  [27.0→30.0 s]  interior_MAE=0.011°C  → k_next=5
2026-05-27 23:43:06 [adaptive_k][circle][adaptive_k][k=adaptive][s=3] INFO AdaptiveK done | wins=9 | FEM_solves=9/60 | FEM_saving=85% | MAE=1.608°C | L2=0.0172 | t=555 s
2026-05-27 23:43:06 [adaptive_k][circle][adaptive_k][k=adaptive][s=3] INFO k schedule: t=0.0s:k=1 → t=1.5s:k=1 → t=3.0s:k=1 → t=4.5s:k=1 → t=6.0s:k=2 → t=9.0s:k=3 → t=13.5s:k=4 → t=19.5s:k=5 → t=27.0s:k=5
2026-05-27 23:43:06 [adaptive_k][circle][adaptive_k][k=adaptive][s=3] INFO Saved → /home/coder/NAS-PINNS1/thermal_pinn/quenching_mswp/results/adaptive_k/circle/seed3_adaptive
2026-05-27 23:43:08 [adaptive_k][circle][adaptive_k][k=adaptive][s=4] INFO AdaptiveK | arch=[151, 151, 151, 151, 151] | k=[1..5] | thr_up=2.0°C thr_dn=5.0°C | fourier=True
2026-05-27 23:44:11 [adaptive_k][circle][adaptive_k][k=adaptive][s=4] INFO   Win  1  k=1  [0.0→1.5 s]  interior_MAE=24.399°C  → k_next=1
2026-05-27 23:45:13 [adaptive_k][circle][adaptive_k][k=adaptive][s=4] INFO   Win  2  k=1  [1.5→3.0 s]  interior_MAE=13.190°C  → k_next=1
2026-05-27 23:46:17 [adaptive_k][circle][adaptive_k][k=adaptive][s=4] INFO   Win  3  k=1  [3.0→4.5 s]  interior_MAE=4.426°C  → k_next=1
2026-05-27 23:47:20 [adaptive_k][circle][adaptive_k][k=adaptive][s=4] INFO   Win  4  k=1  [4.5→6.0 s]  interior_MAE=1.764°C  → k_next=2
2026-05-27 23:48:21 [adaptive_k][circle][adaptive_k][k=adaptive][s=4] INFO   Win  5  k=2  [6.0→9.0 s]  interior_MAE=1.450°C  → k_next=3
2026-05-27 23:49:25 [adaptive_k][circle][adaptive_k][k=adaptive][s=4] INFO   Win  6  k=3  [9.0→13.5 s]  interior_MAE=0.328°C  → k_next=4
2026-05-27 23:50:29 [adaptive_k][circle][adaptive_k][k=adaptive][s=4] INFO   Win  7  k=4  [13.5→19.5 s]  interior_MAE=0.018°C  → k_next=5
2026-05-27 23:51:33 [adaptive_k][circle][adaptive_k][k=adaptive][s=4] INFO   Win  8  k=5  [19.5→27.0 s]  interior_MAE=0.039°C  → k_next=5
2026-05-27 23:52:42 [adaptive_k][circle][adaptive_k][k=adaptive][s=4] INFO   Win  9  k=5  [27.0→30.0 s]  interior_MAE=0.000°C  → k_next=5
2026-05-27 23:52:42 [adaptive_k][circle][adaptive_k][k=adaptive][s=4] INFO AdaptiveK done | wins=9 | FEM_solves=9/60 | FEM_saving=85% | MAE=1.636°C | L2=0.0177 | t=574 s
2026-05-27 23:52:42 [adaptive_k][circle][adaptive_k][k=adaptive][s=4] INFO k schedule: t=0.0s:k=1 → t=1.5s:k=1 → t=3.0s:k=1 → t=4.5s:k=1 → t=6.0s:k=2 → t=9.0s:k=3 → t=13.5s:k=4 → t=19.5s:k=5 → t=27.0s:k=5
2026-05-27 23:52:42 [adaptive_k][circle][adaptive_k][k=adaptive][s=4] INFO Saved → /home/coder/NAS-PINNS1/thermal_pinn/quenching_mswp/results/adaptive_k/circle/seed4_adaptive
2026-05-27 23:52:44 [adaptive_k][circle][adaptive_k][k=adaptive][s=5] INFO AdaptiveK | arch=[151, 151, 151, 151, 151] | k=[1..5] | thr_up=2.0°C thr_dn=5.0°C | fourier=True
2026-05-27 23:53:43 [adaptive_k][circle][adaptive_k][k=adaptive][s=5] INFO   Win  1  k=1  [0.0→1.5 s]  interior_MAE=19.882°C  → k_next=1
2026-05-27 23:54:42 [adaptive_k][circle][adaptive_k][k=adaptive][s=5] INFO   Win  2  k=1  [1.5→3.0 s]  interior_MAE=9.532°C  → k_next=1
2026-05-27 23:55:44 [adaptive_k][circle][adaptive_k][k=adaptive][s=5] INFO   Win  3  k=1  [3.0→4.5 s]  interior_MAE=5.130°C  → k_next=1
2026-05-27 23:56:45 [adaptive_k][circle][adaptive_k][k=adaptive][s=5] INFO   Win  4  k=1  [4.5→6.0 s]  interior_MAE=1.874°C  → k_next=2
2026-05-27 23:57:45 [adaptive_k][circle][adaptive_k][k=adaptive][s=5] INFO   Win  5  k=2  [6.0→9.0 s]  interior_MAE=1.439°C  → k_next=3
2026-05-27 23:58:44 [adaptive_k][circle][adaptive_k][k=adaptive][s=5] INFO   Win  6  k=3  [9.0→13.5 s]  interior_MAE=0.286°C  → k_next=4
2026-05-27 23:59:48 [adaptive_k][circle][adaptive_k][k=adaptive][s=5] INFO   Win  7  k=4  [13.5→19.5 s]  interior_MAE=0.045°C  → k_next=5
2026-05-28 00:00:49 [adaptive_k][circle][adaptive_k][k=adaptive][s=5] INFO   Win  8  k=5  [19.5→27.0 s]  interior_MAE=0.025°C  → k_next=5
2026-05-28 00:01:48 [adaptive_k][circle][adaptive_k][k=adaptive][s=5] INFO   Win  9  k=5  [27.0→30.0 s]  interior_MAE=0.001°C  → k_next=5
2026-05-28 00:01:48 [adaptive_k][circle][adaptive_k][k=adaptive][s=5] INFO AdaptiveK done | wins=9 | FEM_solves=9/60 | FEM_saving=85% | MAE=1.386°C | L2=0.0166 | t=545 s
2026-05-28 00:01:48 [adaptive_k][circle][adaptive_k][k=adaptive][s=5] INFO k schedule: t=0.0s:k=1 → t=1.5s:k=1 → t=3.0s:k=1 → t=4.5s:k=1 → t=6.0s:k=2 → t=9.0s:k=3 → t=13.5s:k=4 → t=19.5s:k=5 → t=27.0s:k=5
2026-05-28 00:01:49 [adaptive_k][circle][adaptive_k][k=adaptive][s=5] INFO Saved → /home/coder/NAS-PINNS1/thermal_pinn/quenching_mswp/results/adaptive_k/circle/seed5_adaptive
2026-05-28 00:01:50 [adaptive_k][circle][adaptive_k][k=adaptive][s=6] INFO AdaptiveK | arch=[151, 151, 151, 151, 151] | k=[1..5] | thr_up=2.0°C thr_dn=5.0°C | fourier=True
2026-05-28 00:02:49 [adaptive_k][circle][adaptive_k][k=adaptive][s=6] INFO   Win  1  k=1  [0.0→1.5 s]  interior_MAE=24.425°C  → k_next=1
2026-05-28 00:03:51 [adaptive_k][circle][adaptive_k][k=adaptive][s=6] INFO   Win  2  k=1  [1.5→3.0 s]  interior_MAE=10.301°C  → k_next=1
2026-05-28 00:04:50 [adaptive_k][circle][adaptive_k][k=adaptive][s=6] INFO   Win  3  k=1  [3.0→4.5 s]  interior_MAE=4.584°C  → k_next=1
2026-05-28 00:05:50 [adaptive_k][circle][adaptive_k][k=adaptive][s=6] INFO   Win  4  k=1  [4.5→6.0 s]  interior_MAE=1.789°C  → k_next=2
2026-05-28 00:06:53 [adaptive_k][circle][adaptive_k][k=adaptive][s=6] INFO   Win  5  k=2  [6.0→9.0 s]  interior_MAE=1.493°C  → k_next=3
2026-05-28 00:07:54 [adaptive_k][circle][adaptive_k][k=adaptive][s=6] INFO   Win  6  k=3  [9.0→13.5 s]  interior_MAE=0.279°C  → k_next=4
2026-05-28 00:08:53 [adaptive_k][circle][adaptive_k][k=adaptive][s=6] INFO   Win  7  k=4  [13.5→19.5 s]  interior_MAE=0.048°C  → k_next=5
2026-05-28 00:09:53 [adaptive_k][circle][adaptive_k][k=adaptive][s=6] INFO   Win  8  k=5  [19.5→27.0 s]  interior_MAE=0.078°C  → k_next=5
2026-05-28 00:10:54 [adaptive_k][circle][adaptive_k][k=adaptive][s=6] INFO   Win  9  k=5  [27.0→30.0 s]  interior_MAE=0.002°C  → k_next=5
2026-05-28 00:10:54 [adaptive_k][circle][adaptive_k][k=adaptive][s=6] INFO AdaptiveK done | wins=9 | FEM_solves=9/60 | FEM_saving=85% | MAE=1.559°C | L2=0.0177 | t=544 s
2026-05-28 00:10:54 [adaptive_k][circle][adaptive_k][k=adaptive][s=6] INFO k schedule: t=0.0s:k=1 → t=1.5s:k=1 → t=3.0s:k=1 → t=4.5s:k=1 → t=6.0s:k=2 → t=9.0s:k=3 → t=13.5s:k=4 → t=19.5s:k=5 → t=27.0s:k=5
2026-05-28 00:10:54 [adaptive_k][circle][adaptive_k][k=adaptive][s=6] INFO Saved → /home/coder/NAS-PINNS1/thermal_pinn/quenching_mswp/results/adaptive_k/circle/seed6_adaptive
2026-05-28 00:10:55 [adaptive_k][circle][adaptive_k][k=adaptive][s=7] INFO AdaptiveK | arch=[151, 151, 151, 151, 151] | k=[1..5] | thr_up=2.0°C thr_dn=5.0°C | fourier=True
2026-05-28 00:11:57 [adaptive_k][circle][adaptive_k][k=adaptive][s=7] INFO   Win  1  k=1  [0.0→1.5 s]  interior_MAE=27.420°C  → k_next=1
2026-05-28 00:12:59 [adaptive_k][circle][adaptive_k][k=adaptive][s=7] INFO   Win  2  k=1  [1.5→3.0 s]  interior_MAE=10.145°C  → k_next=1
2026-05-28 00:13:59 [adaptive_k][circle][adaptive_k][k=adaptive][s=7] INFO   Win  3  k=1  [3.0→4.5 s]  interior_MAE=4.914°C  → k_next=1
2026-05-28 00:15:00 [adaptive_k][circle][adaptive_k][k=adaptive][s=7] INFO   Win  4  k=1  [4.5→6.0 s]  interior_MAE=1.865°C  → k_next=2
2026-05-28 00:16:01 [adaptive_k][circle][adaptive_k][k=adaptive][s=7] INFO   Win  5  k=2  [6.0→9.0 s]  interior_MAE=1.494°C  → k_next=3
2026-05-28 00:17:02 [adaptive_k][circle][adaptive_k][k=adaptive][s=7] INFO   Win  6  k=3  [9.0→13.5 s]  interior_MAE=0.283°C  → k_next=4
2026-05-28 00:18:03 [adaptive_k][circle][adaptive_k][k=adaptive][s=7] INFO   Win  7  k=4  [13.5→19.5 s]  interior_MAE=0.034°C  → k_next=5
2026-05-28 00:19:02 [adaptive_k][circle][adaptive_k][k=adaptive][s=7] INFO   Win  8  k=5  [19.5→27.0 s]  interior_MAE=0.065°C  → k_next=5
2026-05-28 00:20:02 [adaptive_k][circle][adaptive_k][k=adaptive][s=7] INFO   Win  9  k=5  [27.0→30.0 s]  interior_MAE=0.008°C  → k_next=5
2026-05-28 00:20:02 [adaptive_k][circle][adaptive_k][k=adaptive][s=7] INFO AdaptiveK done | wins=9 | FEM_solves=9/60 | FEM_saving=85% | MAE=1.662°C | L2=0.0180 | t=547 s
2026-05-28 00:20:02 [adaptive_k][circle][adaptive_k][k=adaptive][s=7] INFO k schedule: t=0.0s:k=1 → t=1.5s:k=1 → t=3.0s:k=1 → t=4.5s:k=1 → t=6.0s:k=2 → t=9.0s:k=3 → t=13.5s:k=4 → t=19.5s:k=5 → t=27.0s:k=5
2026-05-28 00:20:02 [adaptive_k][circle][adaptive_k][k=adaptive][s=7] INFO Saved → /home/coder/NAS-PINNS1/thermal_pinn/quenching_mswp/results/adaptive_k/circle/seed7_adaptive
2026-05-28 00:20:04 [adaptive_k][circle][adaptive_k][k=adaptive][s=8] INFO AdaptiveK | arch=[151, 151, 151, 151, 151] | k=[1..5] | thr_up=2.0°C thr_dn=5.0°C | fourier=True
2026-05-28 00:21:05 [adaptive_k][circle][adaptive_k][k=adaptive][s=8] INFO   Win  1  k=1  [0.0→1.5 s]  interior_MAE=19.531°C  → k_next=1
2026-05-28 00:22:08 [adaptive_k][circle][adaptive_k][k=adaptive][s=8] INFO   Win  2  k=1  [1.5→3.0 s]  interior_MAE=11.818°C  → k_next=1
2026-05-28 00:23:09 [adaptive_k][circle][adaptive_k][k=adaptive][s=8] INFO   Win  3  k=1  [3.0→4.5 s]  interior_MAE=4.957°C  → k_next=1
2026-05-28 00:24:13 [adaptive_k][circle][adaptive_k][k=adaptive][s=8] INFO   Win  4  k=1  [4.5→6.0 s]  interior_MAE=1.801°C  → k_next=2
2026-05-28 00:25:14 [adaptive_k][circle][adaptive_k][k=adaptive][s=8] INFO   Win  5  k=2  [6.0→9.0 s]  interior_MAE=1.496°C  → k_next=3
2026-05-28 00:26:15 [adaptive_k][circle][adaptive_k][k=adaptive][s=8] INFO   Win  6  k=3  [9.0→13.5 s]  interior_MAE=0.251°C  → k_next=4
2026-05-28 00:27:17 [adaptive_k][circle][adaptive_k][k=adaptive][s=8] INFO   Win  7  k=4  [13.5→19.5 s]  interior_MAE=0.011°C  → k_next=5
2026-05-28 00:28:16 [adaptive_k][circle][adaptive_k][k=adaptive][s=8] INFO   Win  8  k=5  [19.5→27.0 s]  interior_MAE=0.000°C  → k_next=5
2026-05-28 00:29:16 [adaptive_k][circle][adaptive_k][k=adaptive][s=8] INFO   Win  9  k=5  [27.0→30.0 s]  interior_MAE=0.005°C  → k_next=5
2026-05-28 00:29:16 [adaptive_k][circle][adaptive_k][k=adaptive][s=8] INFO AdaptiveK done | wins=9 | FEM_solves=9/60 | FEM_saving=85% | MAE=1.431°C | L2=0.0164 | t=552 s
2026-05-28 00:29:16 [adaptive_k][circle][adaptive_k][k=adaptive][s=8] INFO k schedule: t=0.0s:k=1 → t=1.5s:k=1 → t=3.0s:k=1 → t=4.5s:k=1 → t=6.0s:k=2 → t=9.0s:k=3 → t=13.5s:k=4 → t=19.5s:k=5 → t=27.0s:k=5
2026-05-28 00:29:16 [adaptive_k][circle][adaptive_k][k=adaptive][s=8] INFO Saved → /home/coder/NAS-PINNS1/thermal_pinn/quenching_mswp/results/adaptive_k/circle/seed8_adaptive
2026-05-28 00:29:17 [adaptive_k][circle][adaptive_k][k=adaptive][s=9] INFO AdaptiveK | arch=[151, 151, 151, 151, 151] | k=[1..5] | thr_up=2.0°C thr_dn=5.0°C | fourier=True
2026-05-28 00:30:17 [adaptive_k][circle][adaptive_k][k=adaptive][s=9] INFO   Win  1  k=1  [0.0→1.5 s]  interior_MAE=24.852°C  → k_next=1
2026-05-28 00:31:17 [adaptive_k][circle][adaptive_k][k=adaptive][s=9] INFO   Win  2  k=1  [1.5→3.0 s]  interior_MAE=9.384°C  → k_next=1
2026-05-28 00:32:17 [adaptive_k][circle][adaptive_k][k=adaptive][s=9] INFO   Win  3  k=1  [3.0→4.5 s]  interior_MAE=4.499°C  → k_next=1
2026-05-28 00:33:17 [adaptive_k][circle][adaptive_k][k=adaptive][s=9] INFO   Win  4  k=1  [4.5→6.0 s]  interior_MAE=1.892°C  → k_next=2
2026-05-28 00:34:22 [adaptive_k][circle][adaptive_k][k=adaptive][s=9] INFO   Win  5  k=2  [6.0→9.0 s]  interior_MAE=1.460°C  → k_next=3
2026-05-28 00:35:22 [adaptive_k][circle][adaptive_k][k=adaptive][s=9] INFO   Win  6  k=3  [9.0→13.5 s]  interior_MAE=0.270°C  → k_next=4
2026-05-28 00:36:24 [adaptive_k][circle][adaptive_k][k=adaptive][s=9] INFO   Win  7  k=4  [13.5→19.5 s]  interior_MAE=0.015°C  → k_next=5
2026-05-28 00:37:24 [adaptive_k][circle][adaptive_k][k=adaptive][s=9] INFO   Win  8  k=5  [19.5→27.0 s]  interior_MAE=0.006°C  → k_next=5
2026-05-28 00:38:28 [adaptive_k][circle][adaptive_k][k=adaptive][s=9] INFO   Win  9  k=5  [27.0→30.0 s]  interior_MAE=0.016°C  → k_next=5
2026-05-28 00:38:28 [adaptive_k][circle][adaptive_k][k=adaptive][s=9] INFO AdaptiveK done | wins=9 | FEM_solves=9/60 | FEM_saving=85% | MAE=1.518°C | L2=0.0163 | t=550 s
2026-05-28 00:38:28 [adaptive_k][circle][adaptive_k][k=adaptive][s=9] INFO k schedule: t=0.0s:k=1 → t=1.5s:k=1 → t=3.0s:k=1 → t=4.5s:k=1 → t=6.0s:k=2 → t=9.0s:k=3 → t=13.5s:k=4 → t=19.5s:k=5 → t=27.0s:k=5
2026-05-28 00:38:28 [adaptive_k][circle][adaptive_k][k=adaptive][s=9] INFO Saved → /home/coder/NAS-PINNS1/thermal_pinn/quenching_mswp/results/adaptive_k/circle/seed9_adaptive
2026-05-28 00:38:29 [adaptive_k][lshape][adaptive_k][k=adaptive][s=1] INFO AdaptiveK | arch=[151, 151, 151, 151, 151] | k=[1..5] | thr_up=2.0°C thr_dn=5.0°C | fourier=True
2026-05-28 00:39:26 [adaptive_k][lshape][adaptive_k][k=adaptive][s=1] INFO   Win  1  k=1  [0.0→1.5 s]  interior_MAE=18.810°C  → k_next=1
2026-05-28 00:40:26 [adaptive_k][lshape][adaptive_k][k=adaptive][s=1] INFO   Win  2  k=1  [1.5→3.0 s]  interior_MAE=7.052°C  → k_next=1
2026-05-28 00:41:23 [adaptive_k][lshape][adaptive_k][k=adaptive][s=1] INFO   Win  3  k=1  [3.0→4.5 s]  interior_MAE=3.257°C  → k_next=1
2026-05-28 00:42:20 [adaptive_k][lshape][adaptive_k][k=adaptive][s=1] INFO   Win  4  k=1  [4.5→6.0 s]  interior_MAE=1.622°C  → k_next=2
2026-05-28 00:43:16 [adaptive_k][lshape][adaptive_k][k=adaptive][s=1] INFO   Win  5  k=2  [6.0→9.0 s]  interior_MAE=2.613°C  → k_next=2
2026-05-28 00:44:13 [adaptive_k][lshape][adaptive_k][k=adaptive][s=1] INFO   Win  6  k=2  [9.0→12.0 s]  interior_MAE=0.806°C  → k_next=3
2026-05-28 00:45:09 [adaptive_k][lshape][adaptive_k][k=adaptive][s=1] INFO   Win  7  k=3  [12.0→16.5 s]  interior_MAE=0.339°C  → k_next=4
2026-05-28 00:46:05 [adaptive_k][lshape][adaptive_k][k=adaptive][s=1] INFO   Win  8  k=4  [16.5→22.5 s]  interior_MAE=0.047°C  → k_next=5
2026-05-28 00:47:03 [adaptive_k][lshape][adaptive_k][k=adaptive][s=1] INFO   Win  9  k=5  [22.5→30.0 s]  interior_MAE=0.012°C  → k_next=5
2026-05-28 00:47:03 [adaptive_k][lshape][adaptive_k][k=adaptive][s=1] INFO AdaptiveK done | wins=9 | FEM_solves=9/60 | FEM_saving=85% | MAE=1.366°C | L2=0.0167 | t=513 s
2026-05-28 00:47:03 [adaptive_k][lshape][adaptive_k][k=adaptive][s=1] INFO k schedule: t=0.0s:k=1 → t=1.5s:k=1 → t=3.0s:k=1 → t=4.5s:k=1 → t=6.0s:k=2 → t=9.0s:k=2 → t=12.0s:k=3 → t=16.5s:k=4 → t=22.5s:k=5
2026-05-28 00:47:03 [adaptive_k][lshape][adaptive_k][k=adaptive][s=1] INFO Saved → /home/coder/NAS-PINNS1/thermal_pinn/quenching_mswp/results/adaptive_k/lshape/seed1_adaptive
2026-05-28 00:47:03 [adaptive_k][lshape][adaptive_k][k=adaptive][s=2] INFO AdaptiveK | arch=[151, 151, 151, 151, 151] | k=[1..5] | thr_up=2.0°C thr_dn=5.0°C | fourier=True
2026-05-28 00:47:58 [adaptive_k][lshape][adaptive_k][k=adaptive][s=2] INFO   Win  1  k=1  [0.0→1.5 s]  interior_MAE=17.660°C  → k_next=1
2026-05-28 00:48:58 [adaptive_k][lshape][adaptive_k][k=adaptive][s=2] INFO   Win  2  k=1  [1.5→3.0 s]  interior_MAE=7.098°C  → k_next=1
2026-05-28 00:49:56 [adaptive_k][lshape][adaptive_k][k=adaptive][s=2] INFO   Win  3  k=1  [3.0→4.5 s]  interior_MAE=2.909°C  → k_next=1
2026-05-28 00:50:52 [adaptive_k][lshape][adaptive_k][k=adaptive][s=2] INFO   Win  4  k=1  [4.5→6.0 s]  interior_MAE=1.905°C  → k_next=2
2026-05-28 00:51:47 [adaptive_k][lshape][adaptive_k][k=adaptive][s=2] INFO   Win  5  k=2  [6.0→9.0 s]  interior_MAE=3.023°C  → k_next=2
2026-05-28 00:52:42 [adaptive_k][lshape][adaptive_k][k=adaptive][s=2] INFO   Win  6  k=2  [9.0→12.0 s]  interior_MAE=0.917°C  → k_next=3
2026-05-28 00:53:36 [adaptive_k][lshape][adaptive_k][k=adaptive][s=2] INFO   Win  7  k=3  [12.0→16.5 s]  interior_MAE=0.334°C  → k_next=4
2026-05-28 00:54:32 [adaptive_k][lshape][adaptive_k][k=adaptive][s=2] INFO   Win  8  k=4  [16.5→22.5 s]  interior_MAE=0.049°C  → k_next=5
2026-05-28 00:55:29 [adaptive_k][lshape][adaptive_k][k=adaptive][s=2] INFO   Win  9  k=5  [22.5→30.0 s]  interior_MAE=0.002°C  → k_next=5
2026-05-28 00:55:29 [adaptive_k][lshape][adaptive_k][k=adaptive][s=2] INFO AdaptiveK done | wins=9 | FEM_solves=9/60 | FEM_saving=85% | MAE=1.368°C | L2=0.0178 | t=506 s
2026-05-28 00:55:29 [adaptive_k][lshape][adaptive_k][k=adaptive][s=2] INFO k schedule: t=0.0s:k=1 → t=1.5s:k=1 → t=3.0s:k=1 → t=4.5s:k=1 → t=6.0s:k=2 → t=9.0s:k=2 → t=12.0s:k=3 → t=16.5s:k=4 → t=22.5s:k=5
2026-05-28 00:55:29 [adaptive_k][lshape][adaptive_k][k=adaptive][s=2] INFO Saved → /home/coder/NAS-PINNS1/thermal_pinn/quenching_mswp/results/adaptive_k/lshape/seed2_adaptive
2026-05-28 00:55:30 [adaptive_k][lshape][adaptive_k][k=adaptive][s=3] INFO AdaptiveK | arch=[151, 151, 151, 151, 151] | k=[1..5] | thr_up=2.0°C thr_dn=5.0°C | fourier=True
2026-05-28 00:56:26 [adaptive_k][lshape][adaptive_k][k=adaptive][s=3] INFO   Win  1  k=1  [0.0→1.5 s]  interior_MAE=17.582°C  → k_next=1
2026-05-28 00:57:22 [adaptive_k][lshape][adaptive_k][k=adaptive][s=3] INFO   Win  2  k=1  [1.5→3.0 s]  interior_MAE=6.344°C  → k_next=1
2026-05-28 00:58:20 [adaptive_k][lshape][adaptive_k][k=adaptive][s=3] INFO   Win  3  k=1  [3.0→4.5 s]  interior_MAE=2.957°C  → k_next=1
2026-05-28 00:59:16 [adaptive_k][lshape][adaptive_k][k=adaptive][s=3] INFO   Win  4  k=1  [4.5→6.0 s]  interior_MAE=1.872°C  → k_next=2
2026-05-28 01:00:14 [adaptive_k][lshape][adaptive_k][k=adaptive][s=3] INFO   Win  5  k=2  [6.0→9.0 s]  interior_MAE=3.194°C  → k_next=2
2026-05-28 01:01:08 [adaptive_k][lshape][adaptive_k][k=adaptive][s=3] INFO   Win  6  k=2  [9.0→12.0 s]  interior_MAE=0.867°C  → k_next=3
2026-05-28 01:02:04 [adaptive_k][lshape][adaptive_k][k=adaptive][s=3] INFO   Win  7  k=3  [12.0→16.5 s]  interior_MAE=0.324°C  → k_next=4
2026-05-28 01:02:59 [adaptive_k][lshape][adaptive_k][k=adaptive][s=3] INFO   Win  8  k=4  [16.5→22.5 s]  interior_MAE=0.060°C  → k_next=5
2026-05-28 01:03:55 [adaptive_k][lshape][adaptive_k][k=adaptive][s=3] INFO   Win  9  k=5  [22.5→30.0 s]  interior_MAE=0.029°C  → k_next=5
2026-05-28 01:03:55 [adaptive_k][lshape][adaptive_k][k=adaptive][s=3] INFO AdaptiveK done | wins=9 | FEM_solves=9/60 | FEM_saving=85% | MAE=1.358°C | L2=0.0183 | t=505 s
2026-05-28 01:03:55 [adaptive_k][lshape][adaptive_k][k=adaptive][s=3] INFO k schedule: t=0.0s:k=1 → t=1.5s:k=1 → t=3.0s:k=1 → t=4.5s:k=1 → t=6.0s:k=2 → t=9.0s:k=2 → t=12.0s:k=3 → t=16.5s:k=4 → t=22.5s:k=5
2026-05-28 01:03:55 [adaptive_k][lshape][adaptive_k][k=adaptive][s=3] INFO Saved → /home/coder/NAS-PINNS1/thermal_pinn/quenching_mswp/results/adaptive_k/lshape/seed3_adaptive
2026-05-28 01:03:56 [adaptive_k][lshape][adaptive_k][k=adaptive][s=4] INFO AdaptiveK | arch=[151, 151, 151, 151, 151] | k=[1..5] | thr_up=2.0°C thr_dn=5.0°C | fourier=True
2026-05-28 01:04:54 [adaptive_k][lshape][adaptive_k][k=adaptive][s=4] INFO   Win  1  k=1  [0.0→1.5 s]  interior_MAE=18.453°C  → k_next=1
2026-05-28 01:05:50 [adaptive_k][lshape][adaptive_k][k=adaptive][s=4] INFO   Win  2  k=1  [1.5→3.0 s]  interior_MAE=5.516°C  → k_next=1
2026-05-28 01:06:45 [adaptive_k][lshape][adaptive_k][k=adaptive][s=4] INFO   Win  3  k=1  [3.0→4.5 s]  interior_MAE=3.144°C  → k_next=1
2026-05-28 01:07:42 [adaptive_k][lshape][adaptive_k][k=adaptive][s=4] INFO   Win  4  k=1  [4.5→6.0 s]  interior_MAE=1.415°C  → k_next=2
2026-05-28 01:08:36 [adaptive_k][lshape][adaptive_k][k=adaptive][s=4] INFO   Win  5  k=2  [6.0→9.0 s]  interior_MAE=2.820°C  → k_next=2
2026-05-28 01:09:30 [adaptive_k][lshape][adaptive_k][k=adaptive][s=4] INFO   Win  6  k=2  [9.0→12.0 s]  interior_MAE=0.819°C  → k_next=3
2026-05-28 01:10:26 [adaptive_k][lshape][adaptive_k][k=adaptive][s=4] INFO   Win  7  k=3  [12.0→16.5 s]  interior_MAE=0.334°C  → k_next=4
2026-05-28 01:11:22 [adaptive_k][lshape][adaptive_k][k=adaptive][s=4] INFO   Win  8  k=4  [16.5→22.5 s]  interior_MAE=0.051°C  → k_next=5
2026-05-28 01:12:17 [adaptive_k][lshape][adaptive_k][k=adaptive][s=4] INFO   Win  9  k=5  [22.5→30.0 s]  interior_MAE=0.024°C  → k_next=5
2026-05-28 01:12:17 [adaptive_k][lshape][adaptive_k][k=adaptive][s=4] INFO AdaptiveK done | wins=9 | FEM_solves=9/60 | FEM_saving=85% | MAE=1.314°C | L2=0.0169 | t=502 s
2026-05-28 01:12:17 [adaptive_k][lshape][adaptive_k][k=adaptive][s=4] INFO k schedule: t=0.0s:k=1 → t=1.5s:k=1 → t=3.0s:k=1 → t=4.5s:k=1 → t=6.0s:k=2 → t=9.0s:k=2 → t=12.0s:k=3 → t=16.5s:k=4 → t=22.5s:k=5
2026-05-28 01:12:17 [adaptive_k][lshape][adaptive_k][k=adaptive][s=4] INFO Saved → /home/coder/NAS-PINNS1/thermal_pinn/quenching_mswp/results/adaptive_k/lshape/seed4_adaptive
2026-05-28 01:12:18 [adaptive_k][lshape][adaptive_k][k=adaptive][s=5] INFO AdaptiveK | arch=[151, 151, 151, 151, 151] | k=[1..5] | thr_up=2.0°C thr_dn=5.0°C | fourier=True
2026-05-28 01:13:14 [adaptive_k][lshape][adaptive_k][k=adaptive][s=5] INFO   Win  1  k=1  [0.0→1.5 s]  interior_MAE=18.273°C  → k_next=1
2026-05-28 01:14:10 [adaptive_k][lshape][adaptive_k][k=adaptive][s=5] INFO   Win  2  k=1  [1.5→3.0 s]  interior_MAE=6.531°C  → k_next=1
2026-05-28 01:15:04 [adaptive_k][lshape][adaptive_k][k=adaptive][s=5] INFO   Win  3  k=1  [3.0→4.5 s]  interior_MAE=3.304°C  → k_next=1
2026-05-28 01:16:01 [adaptive_k][lshape][adaptive_k][k=adaptive][s=5] INFO   Win  4  k=1  [4.5→6.0 s]  interior_MAE=1.775°C  → k_next=2
2026-05-28 01:16:56 [adaptive_k][lshape][adaptive_k][k=adaptive][s=5] INFO   Win  5  k=2  [6.0→9.0 s]  interior_MAE=2.874°C  → k_next=2
2026-05-28 01:17:53 [adaptive_k][lshape][adaptive_k][k=adaptive][s=5] INFO   Win  6  k=2  [9.0→12.0 s]  interior_MAE=0.814°C  → k_next=3
2026-05-28 01:18:51 [adaptive_k][lshape][adaptive_k][k=adaptive][s=5] INFO   Win  7  k=3  [12.0→16.5 s]  interior_MAE=0.346°C  → k_next=4
2026-05-28 01:19:45 [adaptive_k][lshape][adaptive_k][k=adaptive][s=5] INFO   Win  8  k=4  [16.5→22.5 s]  interior_MAE=0.051°C  → k_next=5
2026-05-28 01:20:40 [adaptive_k][lshape][adaptive_k][k=adaptive][s=5] INFO   Win  9  k=5  [22.5→30.0 s]  interior_MAE=0.005°C  → k_next=5
2026-05-28 01:20:40 [adaptive_k][lshape][adaptive_k][k=adaptive][s=5] INFO AdaptiveK done | wins=9 | FEM_solves=9/60 | FEM_saving=85% | MAE=1.360°C | L2=0.0172 | t=501 s
2026-05-28 01:20:40 [adaptive_k][lshape][adaptive_k][k=adaptive][s=5] INFO k schedule: t=0.0s:k=1 → t=1.5s:k=1 → t=3.0s:k=1 → t=4.5s:k=1 → t=6.0s:k=2 → t=9.0s:k=2 → t=12.0s:k=3 → t=16.5s:k=4 → t=22.5s:k=5
2026-05-28 01:20:40 [adaptive_k][lshape][adaptive_k][k=adaptive][s=5] INFO Saved → /home/coder/NAS-PINNS1/thermal_pinn/quenching_mswp/results/adaptive_k/lshape/seed5_adaptive
2026-05-28 01:20:40 [adaptive_k][lshape][adaptive_k][k=adaptive][s=6] INFO AdaptiveK | arch=[151, 151, 151, 151, 151] | k=[1..5] | thr_up=2.0°C thr_dn=5.0°C | fourier=True
2026-05-28 01:21:38 [adaptive_k][lshape][adaptive_k][k=adaptive][s=6] INFO   Win  1  k=1  [0.0→1.5 s]  interior_MAE=17.444°C  → k_next=1
2026-05-28 01:22:34 [adaptive_k][lshape][adaptive_k][k=adaptive][s=6] INFO   Win  2  k=1  [1.5→3.0 s]  interior_MAE=6.435°C  → k_next=1
2026-05-28 01:23:28 [adaptive_k][lshape][adaptive_k][k=adaptive][s=6] INFO   Win  3  k=1  [3.0→4.5 s]  interior_MAE=3.640°C  → k_next=1
2026-05-28 01:24:24 [adaptive_k][lshape][adaptive_k][k=adaptive][s=6] INFO   Win  4  k=1  [4.5→6.0 s]  interior_MAE=1.879°C  → k_next=2
2026-05-28 01:25:21 [adaptive_k][lshape][adaptive_k][k=adaptive][s=6] INFO   Win  5  k=2  [6.0→9.0 s]  interior_MAE=3.088°C  → k_next=2
2026-05-28 01:26:15 [adaptive_k][lshape][adaptive_k][k=adaptive][s=6] INFO   Win  6  k=2  [9.0→12.0 s]  interior_MAE=0.837°C  → k_next=3
2026-05-28 01:27:11 [adaptive_k][lshape][adaptive_k][k=adaptive][s=6] INFO   Win  7  k=3  [12.0→16.5 s]  interior_MAE=0.337°C  → k_next=4
2026-05-28 01:28:09 [adaptive_k][lshape][adaptive_k][k=adaptive][s=6] INFO   Win  8  k=4  [16.5→22.5 s]  interior_MAE=0.058°C  → k_next=5
2026-05-28 01:29:04 [adaptive_k][lshape][adaptive_k][k=adaptive][s=6] INFO   Win  9  k=5  [22.5→30.0 s]  interior_MAE=0.009°C  → k_next=5
2026-05-28 01:29:04 [adaptive_k][lshape][adaptive_k][k=adaptive][s=6] INFO AdaptiveK done | wins=9 | FEM_solves=9/60 | FEM_saving=85% | MAE=1.365°C | L2=0.0180 | t=504 s
2026-05-28 01:29:04 [adaptive_k][lshape][adaptive_k][k=adaptive][s=6] INFO k schedule: t=0.0s:k=1 → t=1.5s:k=1 → t=3.0s:k=1 → t=4.5s:k=1 → t=6.0s:k=2 → t=9.0s:k=2 → t=12.0s:k=3 → t=16.5s:k=4 → t=22.5s:k=5
2026-05-28 01:29:04 [adaptive_k][lshape][adaptive_k][k=adaptive][s=6] INFO Saved → /home/coder/NAS-PINNS1/thermal_pinn/quenching_mswp/results/adaptive_k/lshape/seed6_adaptive
2026-05-28 01:29:05 [adaptive_k][lshape][adaptive_k][k=adaptive][s=7] INFO AdaptiveK | arch=[151, 151, 151, 151, 151] | k=[1..5] | thr_up=2.0°C thr_dn=5.0°C | fourier=True
2026-05-28 01:30:00 [adaptive_k][lshape][adaptive_k][k=adaptive][s=7] INFO   Win  1  k=1  [0.0→1.5 s]  interior_MAE=19.410°C  → k_next=1
2026-05-28 01:30:56 [adaptive_k][lshape][adaptive_k][k=adaptive][s=7] INFO   Win  2  k=1  [1.5→3.0 s]  interior_MAE=6.682°C  → k_next=1
2026-05-28 01:31:52 [adaptive_k][lshape][adaptive_k][k=adaptive][s=7] INFO   Win  3  k=1  [3.0→4.5 s]  interior_MAE=3.812°C  → k_next=1
2026-05-28 01:32:48 [adaptive_k][lshape][adaptive_k][k=adaptive][s=7] INFO   Win  4  k=1  [4.5→6.0 s]  interior_MAE=1.891°C  → k_next=2
2026-05-28 01:33:44 [adaptive_k][lshape][adaptive_k][k=adaptive][s=7] INFO   Win  5  k=2  [6.0→9.0 s]  interior_MAE=2.839°C  → k_next=2
2026-05-28 01:34:39 [adaptive_k][lshape][adaptive_k][k=adaptive][s=7] INFO   Win  6  k=2  [9.0→12.0 s]  interior_MAE=0.806°C  → k_next=3
2026-05-28 01:35:34 [adaptive_k][lshape][adaptive_k][k=adaptive][s=7] INFO   Win  7  k=3  [12.0→16.5 s]  interior_MAE=0.345°C  → k_next=4
2026-05-28 01:36:30 [adaptive_k][lshape][adaptive_k][k=adaptive][s=7] INFO   Win  8  k=4  [16.5→22.5 s]  interior_MAE=0.054°C  → k_next=5
2026-05-28 01:37:25 [adaptive_k][lshape][adaptive_k][k=adaptive][s=7] INFO   Win  9  k=5  [22.5→30.0 s]  interior_MAE=0.005°C  → k_next=5
2026-05-28 01:37:25 [adaptive_k][lshape][adaptive_k][k=adaptive][s=7] INFO AdaptiveK done | wins=9 | FEM_solves=9/60 | FEM_saving=85% | MAE=1.421°C | L2=0.0174 | t=501 s
2026-05-28 01:37:25 [adaptive_k][lshape][adaptive_k][k=adaptive][s=7] INFO k schedule: t=0.0s:k=1 → t=1.5s:k=1 → t=3.0s:k=1 → t=4.5s:k=1 → t=6.0s:k=2 → t=9.0s:k=2 → t=12.0s:k=3 → t=16.5s:k=4 → t=22.5s:k=5
2026-05-28 01:37:25 [adaptive_k][lshape][adaptive_k][k=adaptive][s=7] INFO Saved → /home/coder/NAS-PINNS1/thermal_pinn/quenching_mswp/results/adaptive_k/lshape/seed7_adaptive
2026-05-28 01:37:26 [adaptive_k][lshape][adaptive_k][k=adaptive][s=8] INFO AdaptiveK | arch=[151, 151, 151, 151, 151] | k=[1..5] | thr_up=2.0°C thr_dn=5.0°C | fourier=True
2026-05-28 01:38:22 [adaptive_k][lshape][adaptive_k][k=adaptive][s=8] INFO   Win  1  k=1  [0.0→1.5 s]  interior_MAE=17.284°C  → k_next=1
2026-05-28 01:39:18 [adaptive_k][lshape][adaptive_k][k=adaptive][s=8] INFO   Win  2  k=1  [1.5→3.0 s]  interior_MAE=6.230°C  → k_next=1
2026-05-28 01:40:12 [adaptive_k][lshape][adaptive_k][k=adaptive][s=8] INFO   Win  3  k=1  [3.0→4.5 s]  interior_MAE=4.063°C  → k_next=1
2026-05-28 01:41:07 [adaptive_k][lshape][adaptive_k][k=adaptive][s=8] INFO   Win  4  k=1  [4.5→6.0 s]  interior_MAE=1.882°C  → k_next=2
2026-05-28 01:42:02 [adaptive_k][lshape][adaptive_k][k=adaptive][s=8] INFO   Win  5  k=2  [6.0→9.0 s]  interior_MAE=3.150°C  → k_next=2
2026-05-28 01:42:57 [adaptive_k][lshape][adaptive_k][k=adaptive][s=8] INFO   Win  6  k=2  [9.0→12.0 s]  interior_MAE=0.799°C  → k_next=3
2026-05-28 01:43:52 [adaptive_k][lshape][adaptive_k][k=adaptive][s=8] INFO   Win  7  k=3  [12.0→16.5 s]  interior_MAE=0.339°C  → k_next=4
2026-05-28 01:44:50 [adaptive_k][lshape][adaptive_k][k=adaptive][s=8] INFO   Win  8  k=4  [16.5→22.5 s]  interior_MAE=0.052°C  → k_next=5
2026-05-28 01:45:46 [adaptive_k][lshape][adaptive_k][k=adaptive][s=8] INFO   Win  9  k=5  [22.5→30.0 s]  interior_MAE=0.003°C  → k_next=5
2026-05-28 01:45:46 [adaptive_k][lshape][adaptive_k][k=adaptive][s=8] INFO AdaptiveK done | wins=9 | FEM_solves=9/60 | FEM_saving=85% | MAE=1.367°C | L2=0.0179 | t=500 s
2026-05-28 01:45:46 [adaptive_k][lshape][adaptive_k][k=adaptive][s=8] INFO k schedule: t=0.0s:k=1 → t=1.5s:k=1 → t=3.0s:k=1 → t=4.5s:k=1 → t=6.0s:k=2 → t=9.0s:k=2 → t=12.0s:k=3 → t=16.5s:k=4 → t=22.5s:k=5
2026-05-28 01:45:46 [adaptive_k][lshape][adaptive_k][k=adaptive][s=8] INFO Saved → /home/coder/NAS-PINNS1/thermal_pinn/quenching_mswp/results/adaptive_k/lshape/seed8_adaptive
2026-05-28 01:45:46 [adaptive_k][lshape][adaptive_k][k=adaptive][s=9] INFO AdaptiveK | arch=[151, 151, 151, 151, 151] | k=[1..5] | thr_up=2.0°C thr_dn=5.0°C | fourier=True
2026-05-28 01:46:42 [adaptive_k][lshape][adaptive_k][k=adaptive][s=9] INFO   Win  1  k=1  [0.0→1.5 s]  interior_MAE=17.318°C  → k_next=1
2026-05-28 01:47:38 [adaptive_k][lshape][adaptive_k][k=adaptive][s=9] INFO   Win  2  k=1  [1.5→3.0 s]  interior_MAE=7.242°C  → k_next=1
2026-05-28 01:48:37 [adaptive_k][lshape][adaptive_k][k=adaptive][s=9] INFO   Win  3  k=1  [3.0→4.5 s]  interior_MAE=3.582°C  → k_next=1
2026-05-28 01:49:33 [adaptive_k][lshape][adaptive_k][k=adaptive][s=9] INFO   Win  4  k=1  [4.5→6.0 s]  interior_MAE=2.088°C  → k_next=1
2026-05-28 01:50:29 [adaptive_k][lshape][adaptive_k][k=adaptive][s=9] INFO   Win  5  k=1  [6.0→7.5 s]  interior_MAE=0.798°C  → k_next=2
2026-05-28 01:51:24 [adaptive_k][lshape][adaptive_k][k=adaptive][s=9] INFO   Win  6  k=2  [7.5→10.5 s]  interior_MAE=1.650°C  → k_next=3
2026-05-28 01:52:20 [adaptive_k][lshape][adaptive_k][k=adaptive][s=9] INFO   Win  7  k=3  [10.5→15.0 s]  interior_MAE=0.686°C  → k_next=4
2026-05-28 01:53:15 [adaptive_k][lshape][adaptive_k][k=adaptive][s=9] INFO   Win  8  k=4  [15.0→21.0 s]  interior_MAE=0.121°C  → k_next=5
2026-05-28 01:54:11 [adaptive_k][lshape][adaptive_k][k=adaptive][s=9] INFO   Win  9  k=5  [21.0→28.5 s]  interior_MAE=0.004°C  → k_next=5
2026-05-28 01:55:07 [adaptive_k][lshape][adaptive_k][k=adaptive][s=9] INFO   Win 10  k=5  [28.5→30.0 s]  interior_MAE=0.000°C  → k_next=5
2026-05-28 01:55:07 [adaptive_k][lshape][adaptive_k][k=adaptive][s=9] INFO AdaptiveK done | wins=10 | FEM_solves=10/60 | FEM_saving=83% | MAE=1.286°C | L2=0.0165 | t=561 s
2026-05-28 01:55:07 [adaptive_k][lshape][adaptive_k][k=adaptive][s=9] INFO k schedule: t=0.0s:k=1 → t=1.5s:k=1 → t=3.0s:k=1 → t=4.5s:k=1 → t=6.0s:k=1 → t=7.5s:k=2 → t=10.5s:k=3 → t=15.0s:k=4 → t=21.0s:k=5 → t=28.5s:k=5
2026-05-28 01:55:07 [adaptive_k][lshape][adaptive_k][k=adaptive][s=9] INFO Saved → /home/coder/NAS-PINNS1/thermal_pinn/quenching_mswp/results/adaptive_k/lshape/seed9_adaptive
2026-05-28 01:55:08 [adaptive_k][flower][adaptive_k][k=adaptive][s=1] INFO AdaptiveK | arch=[151, 151, 151, 151, 151] | k=[1..5] | thr_up=2.0°C thr_dn=5.0°C | fourier=True
2026-05-28 01:56:30 [adaptive_k][flower][adaptive_k][k=adaptive][s=1] INFO   Win  1  k=1  [0.0→1.5 s]  interior_MAE=36.689°C  → k_next=1
2026-05-28 01:57:51 [adaptive_k][flower][adaptive_k][k=adaptive][s=1] INFO   Win  2  k=1  [1.5→3.0 s]  interior_MAE=11.058°C  → k_next=1
2026-05-28 01:59:10 [adaptive_k][flower][adaptive_k][k=adaptive][s=1] INFO   Win  3  k=1  [3.0→4.5 s]  interior_MAE=3.444°C  → k_next=1
2026-05-28 02:00:29 [adaptive_k][flower][adaptive_k][k=adaptive][s=1] INFO   Win  4  k=1  [4.5→6.0 s]  interior_MAE=0.863°C  → k_next=2
2026-05-28 02:01:49 [adaptive_k][flower][adaptive_k][k=adaptive][s=1] INFO   Win  5  k=2  [6.0→9.0 s]  interior_MAE=0.357°C  → k_next=3
2026-05-28 02:03:12 [adaptive_k][flower][adaptive_k][k=adaptive][s=1] INFO   Win  6  k=3  [9.0→13.5 s]  interior_MAE=0.025°C  → k_next=4
2026-05-28 02:04:32 [adaptive_k][flower][adaptive_k][k=adaptive][s=1] INFO   Win  7  k=4  [13.5→19.5 s]  interior_MAE=0.001°C  → k_next=5
2026-05-28 02:05:53 [adaptive_k][flower][adaptive_k][k=adaptive][s=1] INFO   Win  8  k=5  [19.5→27.0 s]  interior_MAE=0.004°C  → k_next=5
2026-05-28 02:07:13 [adaptive_k][flower][adaptive_k][k=adaptive][s=1] INFO   Win  9  k=5  [27.0→30.0 s]  interior_MAE=0.001°C  → k_next=5
2026-05-28 02:07:13 [adaptive_k][flower][adaptive_k][k=adaptive][s=1] INFO AdaptiveK done | wins=9 | FEM_solves=9/60 | FEM_saving=85% | MAE=1.769°C | L2=0.0157 | t=725 s
2026-05-28 02:07:13 [adaptive_k][flower][adaptive_k][k=adaptive][s=1] INFO k schedule: t=0.0s:k=1 → t=1.5s:k=1 → t=3.0s:k=1 → t=4.5s:k=1 → t=6.0s:k=2 → t=9.0s:k=3 → t=13.5s:k=4 → t=19.5s:k=5 → t=27.0s:k=5
2026-05-28 02:07:13 [adaptive_k][flower][adaptive_k][k=adaptive][s=1] INFO Saved → /home/coder/NAS-PINNS1/thermal_pinn/quenching_mswp/results/adaptive_k/flower/seed1_adaptive
2026-05-28 02:07:14 [adaptive_k][flower][adaptive_k][k=adaptive][s=2] INFO AdaptiveK | arch=[151, 151, 151, 151, 151] | k=[1..5] | thr_up=2.0°C thr_dn=5.0°C | fourier=True
2026-05-28 02:08:34 [adaptive_k][flower][adaptive_k][k=adaptive][s=2] INFO   Win  1  k=1  [0.0→1.5 s]  interior_MAE=34.888°C  → k_next=1
2026-05-28 02:09:53 [adaptive_k][flower][adaptive_k][k=adaptive][s=2] INFO   Win  2  k=1  [1.5→3.0 s]  interior_MAE=11.540°C  → k_next=1
2026-05-28 02:11:13 [adaptive_k][flower][adaptive_k][k=adaptive][s=2] INFO   Win  3  k=1  [3.0→4.5 s]  interior_MAE=2.764°C  → k_next=1
2026-05-28 02:12:34 [adaptive_k][flower][adaptive_k][k=adaptive][s=2] INFO   Win  4  k=1  [4.5→6.0 s]  interior_MAE=0.752°C  → k_next=2
2026-05-28 02:13:52 [adaptive_k][flower][adaptive_k][k=adaptive][s=2] INFO   Win  5  k=2  [6.0→9.0 s]  interior_MAE=0.366°C  → k_next=3
2026-05-28 02:15:14 [adaptive_k][flower][adaptive_k][k=adaptive][s=2] INFO   Win  6  k=3  [9.0→13.5 s]  interior_MAE=0.029°C  → k_next=4
2026-05-28 02:16:35 [adaptive_k][flower][adaptive_k][k=adaptive][s=2] INFO   Win  7  k=4  [13.5→19.5 s]  interior_MAE=0.003°C  → k_next=5
2026-05-28 02:17:55 [adaptive_k][flower][adaptive_k][k=adaptive][s=2] INFO   Win  8  k=5  [19.5→27.0 s]  interior_MAE=0.000°C  → k_next=5
2026-05-28 02:19:13 [adaptive_k][flower][adaptive_k][k=adaptive][s=2] INFO   Win  9  k=5  [27.0→30.0 s]  interior_MAE=0.005°C  → k_next=5
2026-05-28 02:19:13 [adaptive_k][flower][adaptive_k][k=adaptive][s=2] INFO AdaptiveK done | wins=9 | FEM_solves=9/60 | FEM_saving=85% | MAE=1.700°C | L2=0.0150 | t=720 s
2026-05-28 02:19:13 [adaptive_k][flower][adaptive_k][k=adaptive][s=2] INFO k schedule: t=0.0s:k=1 → t=1.5s:k=1 → t=3.0s:k=1 → t=4.5s:k=1 → t=6.0s:k=2 → t=9.0s:k=3 → t=13.5s:k=4 → t=19.5s:k=5 → t=27.0s:k=5
2026-05-28 02:19:13 [adaptive_k][flower][adaptive_k][k=adaptive][s=2] INFO Saved → /home/coder/NAS-PINNS1/thermal_pinn/quenching_mswp/results/adaptive_k/flower/seed2_adaptive
2026-05-28 02:19:14 [adaptive_k][flower][adaptive_k][k=adaptive][s=3] INFO AdaptiveK | arch=[151, 151, 151, 151, 151] | k=[1..5] | thr_up=2.0°C thr_dn=5.0°C | fourier=True
2026-05-28 02:20:34 [adaptive_k][flower][adaptive_k][k=adaptive][s=3] INFO   Win  1  k=1  [0.0→1.5 s]  interior_MAE=42.522°C  → k_next=1
2026-05-28 02:21:53 [adaptive_k][flower][adaptive_k][k=adaptive][s=3] INFO   Win  2  k=1  [1.5→3.0 s]  interior_MAE=11.614°C  → k_next=1
2026-05-28 02:23:12 [adaptive_k][flower][adaptive_k][k=adaptive][s=3] INFO   Win  3  k=1  [3.0→4.5 s]  interior_MAE=2.953°C  → k_next=1
2026-05-28 02:24:32 [adaptive_k][flower][adaptive_k][k=adaptive][s=3] INFO   Win  4  k=1  [4.5→6.0 s]  interior_MAE=0.763°C  → k_next=2
2026-05-28 02:25:52 [adaptive_k][flower][adaptive_k][k=adaptive][s=3] INFO   Win  5  k=2  [6.0→9.0 s]  interior_MAE=0.369°C  → k_next=3
2026-05-28 02:27:11 [adaptive_k][flower][adaptive_k][k=adaptive][s=3] INFO   Win  6  k=3  [9.0→13.5 s]  interior_MAE=0.024°C  → k_next=4
2026-05-28 02:28:31 [adaptive_k][flower][adaptive_k][k=adaptive][s=3] INFO   Win  7  k=4  [13.5→19.5 s]  interior_MAE=0.001°C  → k_next=5
2026-05-28 02:29:52 [adaptive_k][flower][adaptive_k][k=adaptive][s=3] INFO   Win  8  k=5  [19.5→27.0 s]  interior_MAE=0.005°C  → k_next=5
2026-05-28 02:31:16 [adaptive_k][flower][adaptive_k][k=adaptive][s=3] INFO   Win  9  k=5  [27.0→30.0 s]  interior_MAE=0.000°C  → k_next=5
2026-05-28 02:31:16 [adaptive_k][flower][adaptive_k][k=adaptive][s=3] INFO AdaptiveK done | wins=9 | FEM_solves=9/60 | FEM_saving=85% | MAE=1.964°C | L2=0.0161 | t=722 s
2026-05-28 02:31:16 [adaptive_k][flower][adaptive_k][k=adaptive][s=3] INFO k schedule: t=0.0s:k=1 → t=1.5s:k=1 → t=3.0s:k=1 → t=4.5s:k=1 → t=6.0s:k=2 → t=9.0s:k=3 → t=13.5s:k=4 → t=19.5s:k=5 → t=27.0s:k=5
2026-05-28 02:31:16 [adaptive_k][flower][adaptive_k][k=adaptive][s=3] INFO Saved → /home/coder/NAS-PINNS1/thermal_pinn/quenching_mswp/results/adaptive_k/flower/seed3_adaptive
2026-05-28 02:31:17 [adaptive_k][flower][adaptive_k][k=adaptive][s=4] INFO AdaptiveK | arch=[151, 151, 151, 151, 151] | k=[1..5] | thr_up=2.0°C thr_dn=5.0°C | fourier=True
2026-05-28 02:32:39 [adaptive_k][flower][adaptive_k][k=adaptive][s=4] INFO   Win  1  k=1  [0.0→1.5 s]  interior_MAE=38.826°C  → k_next=1
2026-05-28 02:33:57 [adaptive_k][flower][adaptive_k][k=adaptive][s=4] INFO   Win  2  k=1  [1.5→3.0 s]  interior_MAE=11.751°C  → k_next=1
2026-05-28 02:35:17 [adaptive_k][flower][adaptive_k][k=adaptive][s=4] INFO   Win  3  k=1  [3.0→4.5 s]  interior_MAE=2.875°C  → k_next=1
2026-05-28 02:36:36 [adaptive_k][flower][adaptive_k][k=adaptive][s=4] INFO   Win  4  k=1  [4.5→6.0 s]  interior_MAE=0.764°C  → k_next=2
2026-05-28 02:37:58 [adaptive_k][flower][adaptive_k][k=adaptive][s=4] INFO   Win  5  k=2  [6.0→9.0 s]  interior_MAE=0.360°C  → k_next=3
2026-05-28 02:39:21 [adaptive_k][flower][adaptive_k][k=adaptive][s=4] INFO   Win  6  k=3  [9.0→13.5 s]  interior_MAE=0.027°C  → k_next=4
2026-05-28 02:40:43 [adaptive_k][flower][adaptive_k][k=adaptive][s=4] INFO   Win  7  k=4  [13.5→19.5 s]  interior_MAE=0.011°C  → k_next=5
2026-05-28 02:42:07 [adaptive_k][flower][adaptive_k][k=adaptive][s=4] INFO   Win  8  k=5  [19.5→27.0 s]  interior_MAE=0.000°C  → k_next=5
2026-05-28 02:43:27 [adaptive_k][flower][adaptive_k][k=adaptive][s=4] INFO   Win  9  k=5  [27.0→30.0 s]  interior_MAE=0.003°C  → k_next=5
2026-05-28 02:43:27 [adaptive_k][flower][adaptive_k][k=adaptive][s=4] INFO AdaptiveK done | wins=9 | FEM_solves=9/60 | FEM_saving=85% | MAE=1.843°C | L2=0.0158 | t=730 s
2026-05-28 02:43:27 [adaptive_k][flower][adaptive_k][k=adaptive][s=4] INFO k schedule: t=0.0s:k=1 → t=1.5s:k=1 → t=3.0s:k=1 → t=4.5s:k=1 → t=6.0s:k=2 → t=9.0s:k=3 → t=13.5s:k=4 → t=19.5s:k=5 → t=27.0s:k=5
2026-05-28 02:43:27 [adaptive_k][flower][adaptive_k][k=adaptive][s=4] INFO Saved → /home/coder/NAS-PINNS1/thermal_pinn/quenching_mswp/results/adaptive_k/flower/seed4_adaptive
2026-05-28 02:43:27 [adaptive_k][flower][adaptive_k][k=adaptive][s=5] INFO AdaptiveK | arch=[151, 151, 151, 151, 151] | k=[1..5] | thr_up=2.0°C thr_dn=5.0°C | fourier=True
2026-05-28 02:44:48 [adaptive_k][flower][adaptive_k][k=adaptive][s=5] INFO   Win  1  k=1  [0.0→1.5 s]  interior_MAE=32.953°C  → k_next=1
2026-05-28 02:46:09 [adaptive_k][flower][adaptive_k][k=adaptive][s=5] INFO   Win  2  k=1  [1.5→3.0 s]  interior_MAE=10.649°C  → k_next=1
2026-05-28 02:47:28 [adaptive_k][flower][adaptive_k][k=adaptive][s=5] INFO   Win  3  k=1  [3.0→4.5 s]  interior_MAE=3.044°C  → k_next=1
2026-05-28 02:48:50 [adaptive_k][flower][adaptive_k][k=adaptive][s=5] INFO   Win  4  k=1  [4.5→6.0 s]  interior_MAE=0.766°C  → k_next=2
2026-05-28 02:50:10 [adaptive_k][flower][adaptive_k][k=adaptive][s=5] INFO   Win  5  k=2  [6.0→9.0 s]  interior_MAE=0.372°C  → k_next=3
2026-05-28 02:51:30 [adaptive_k][flower][adaptive_k][k=adaptive][s=5] INFO   Win  6  k=3  [9.0→13.5 s]  interior_MAE=0.027°C  → k_next=4
2026-05-28 02:52:52 [adaptive_k][flower][adaptive_k][k=adaptive][s=5] INFO   Win  7  k=4  [13.5→19.5 s]  interior_MAE=0.021°C  → k_next=5
2026-05-28 02:54:12 [adaptive_k][flower][adaptive_k][k=adaptive][s=5] INFO   Win  8  k=5  [19.5→27.0 s]  interior_MAE=0.003°C  → k_next=5
2026-05-28 02:55:36 [adaptive_k][flower][adaptive_k][k=adaptive][s=5] INFO   Win  9  k=5  [27.0→30.0 s]  interior_MAE=0.001°C  → k_next=5
2026-05-28 02:55:36 [adaptive_k][flower][adaptive_k][k=adaptive][s=5] INFO AdaptiveK done | wins=9 | FEM_solves=9/60 | FEM_saving=85% | MAE=1.620°C | L2=0.0150 | t=729 s
2026-05-28 02:55:36 [adaptive_k][flower][adaptive_k][k=adaptive][s=5] INFO k schedule: t=0.0s:k=1 → t=1.5s:k=1 → t=3.0s:k=1 → t=4.5s:k=1 → t=6.0s:k=2 → t=9.0s:k=3 → t=13.5s:k=4 → t=19.5s:k=5 → t=27.0s:k=5
2026-05-28 02:55:36 [adaptive_k][flower][adaptive_k][k=adaptive][s=5] INFO Saved → /home/coder/NAS-PINNS1/thermal_pinn/quenching_mswp/results/adaptive_k/flower/seed5_adaptive
2026-05-28 02:55:37 [adaptive_k][flower][adaptive_k][k=adaptive][s=6] INFO AdaptiveK | arch=[151, 151, 151, 151, 151] | k=[1..5] | thr_up=2.0°C thr_dn=5.0°C | fourier=True
2026-05-28 02:56:56 [adaptive_k][flower][adaptive_k][k=adaptive][s=6] INFO   Win  1  k=1  [0.0→1.5 s]  interior_MAE=34.070°C  → k_next=1
2026-05-28 02:58:15 [adaptive_k][flower][adaptive_k][k=adaptive][s=6] INFO   Win  2  k=1  [1.5→3.0 s]  interior_MAE=10.934°C  → k_next=1
2026-05-28 02:59:34 [adaptive_k][flower][adaptive_k][k=adaptive][s=6] INFO   Win  3  k=1  [3.0→4.5 s]  interior_MAE=2.974°C  → k_next=1
2026-05-28 03:00:58 [adaptive_k][flower][adaptive_k][k=adaptive][s=6] INFO   Win  4  k=1  [4.5→6.0 s]  interior_MAE=0.788°C  → k_next=2
2026-05-28 03:02:16 [adaptive_k][flower][adaptive_k][k=adaptive][s=6] INFO   Win  5  k=2  [6.0→9.0 s]  interior_MAE=0.350°C  → k_next=3
2026-05-28 03:03:35 [adaptive_k][flower][adaptive_k][k=adaptive][s=6] INFO   Win  6  k=3  [9.0→13.5 s]  interior_MAE=0.009°C  → k_next=4
2026-05-28 03:04:57 [adaptive_k][flower][adaptive_k][k=adaptive][s=6] INFO   Win  7  k=4  [13.5→19.5 s]  interior_MAE=0.002°C  → k_next=5
2026-05-28 03:06:17 [adaptive_k][flower][adaptive_k][k=adaptive][s=6] INFO   Win  8  k=5  [19.5→27.0 s]  interior_MAE=0.016°C  → k_next=5
2026-05-28 03:07:38 [adaptive_k][flower][adaptive_k][k=adaptive][s=6] INFO   Win  9  k=5  [27.0→30.0 s]  interior_MAE=0.009°C  → k_next=5
2026-05-28 03:07:39 [adaptive_k][flower][adaptive_k][k=adaptive][s=6] INFO AdaptiveK done | wins=9 | FEM_solves=9/60 | FEM_saving=85% | MAE=1.661°C | L2=0.0150 | t=722 s
2026-05-28 03:07:39 [adaptive_k][flower][adaptive_k][k=adaptive][s=6] INFO k schedule: t=0.0s:k=1 → t=1.5s:k=1 → t=3.0s:k=1 → t=4.5s:k=1 → t=6.0s:k=2 → t=9.0s:k=3 → t=13.5s:k=4 → t=19.5s:k=5 → t=27.0s:k=5
2026-05-28 03:07:39 [adaptive_k][flower][adaptive_k][k=adaptive][s=6] INFO Saved → /home/coder/NAS-PINNS1/thermal_pinn/quenching_mswp/results/adaptive_k/flower/seed6_adaptive
2026-05-28 03:07:39 [adaptive_k][flower][adaptive_k][k=adaptive][s=7] INFO AdaptiveK | arch=[151, 151, 151, 151, 151] | k=[1..5] | thr_up=2.0°C thr_dn=5.0°C | fourier=True
2026-05-28 03:09:00 [adaptive_k][flower][adaptive_k][k=adaptive][s=7] INFO   Win  1  k=1  [0.0→1.5 s]  interior_MAE=34.129°C  → k_next=1
2026-05-28 03:10:20 [adaptive_k][flower][adaptive_k][k=adaptive][s=7] INFO   Win  2  k=1  [1.5→3.0 s]  interior_MAE=13.313°C  → k_next=1
2026-05-28 03:11:39 [adaptive_k][flower][adaptive_k][k=adaptive][s=7] INFO   Win  3  k=1  [3.0→4.5 s]  interior_MAE=3.247°C  → k_next=1
2026-05-28 03:12:57 [adaptive_k][flower][adaptive_k][k=adaptive][s=7] INFO   Win  4  k=1  [4.5→6.0 s]  interior_MAE=0.771°C  → k_next=2
2026-05-28 03:14:17 [adaptive_k][flower][adaptive_k][k=adaptive][s=7] INFO   Win  5  k=2  [6.0→9.0 s]  interior_MAE=0.367°C  → k_next=3
2026-05-28 03:15:37 [adaptive_k][flower][adaptive_k][k=adaptive][s=7] INFO   Win  6  k=3  [9.0→13.5 s]  interior_MAE=0.023°C  → k_next=4
2026-05-28 03:16:55 [adaptive_k][flower][adaptive_k][k=adaptive][s=7] INFO   Win  7  k=4  [13.5→19.5 s]  interior_MAE=0.001°C  → k_next=5
2026-05-28 03:18:16 [adaptive_k][flower][adaptive_k][k=adaptive][s=7] INFO   Win  8  k=5  [19.5→27.0 s]  interior_MAE=0.020°C  → k_next=5
2026-05-28 03:19:37 [adaptive_k][flower][adaptive_k][k=adaptive][s=7] INFO   Win  9  k=5  [27.0→30.0 s]  interior_MAE=0.001°C  → k_next=5
2026-05-28 03:19:37 [adaptive_k][flower][adaptive_k][k=adaptive][s=7] INFO AdaptiveK done | wins=9 | FEM_solves=9/60 | FEM_saving=85% | MAE=1.754°C | L2=0.0165 | t=718 s
2026-05-28 03:19:37 [adaptive_k][flower][adaptive_k][k=adaptive][s=7] INFO k schedule: t=0.0s:k=1 → t=1.5s:k=1 → t=3.0s:k=1 → t=4.5s:k=1 → t=6.0s:k=2 → t=9.0s:k=3 → t=13.5s:k=4 → t=19.5s:k=5 → t=27.0s:k=5
2026-05-28 03:19:37 [adaptive_k][flower][adaptive_k][k=adaptive][s=7] INFO Saved → /home/coder/NAS-PINNS1/thermal_pinn/quenching_mswp/results/adaptive_k/flower/seed7_adaptive
2026-05-28 03:19:38 [adaptive_k][flower][adaptive_k][k=adaptive][s=8] INFO AdaptiveK | arch=[151, 151, 151, 151, 151] | k=[1..5] | thr_up=2.0°C thr_dn=5.0°C | fourier=True
2026-05-28 03:20:59 [adaptive_k][flower][adaptive_k][k=adaptive][s=8] INFO   Win  1  k=1  [0.0→1.5 s]  interior_MAE=37.190°C  → k_next=1
2026-05-28 03:22:18 [adaptive_k][flower][adaptive_k][k=adaptive][s=8] INFO   Win  2  k=1  [1.5→3.0 s]  interior_MAE=9.830°C  → k_next=1
2026-05-28 03:23:39 [adaptive_k][flower][adaptive_k][k=adaptive][s=8] INFO   Win  3  k=1  [3.0→4.5 s]  interior_MAE=3.250°C  → k_next=1
2026-05-28 03:24:57 [adaptive_k][flower][adaptive_k][k=adaptive][s=8] INFO   Win  4  k=1  [4.5→6.0 s]  interior_MAE=0.789°C  → k_next=2
2026-05-28 03:26:17 [adaptive_k][flower][adaptive_k][k=adaptive][s=8] INFO   Win  5  k=2  [6.0→9.0 s]  interior_MAE=0.363°C  → k_next=3
2026-05-28 03:27:39 [adaptive_k][flower][adaptive_k][k=adaptive][s=8] INFO   Win  6  k=3  [9.0→13.5 s]  interior_MAE=0.033°C  → k_next=4
2026-05-28 03:28:59 [adaptive_k][flower][adaptive_k][k=adaptive][s=8] INFO   Win  7  k=4  [13.5→19.5 s]  interior_MAE=0.031°C  → k_next=5
2026-05-28 03:30:20 [adaptive_k][flower][adaptive_k][k=adaptive][s=8] INFO   Win  8  k=5  [19.5→27.0 s]  interior_MAE=0.005°C  → k_next=5
2026-05-28 03:31:39 [adaptive_k][flower][adaptive_k][k=adaptive][s=8] INFO   Win  9  k=5  [27.0→30.0 s]  interior_MAE=0.004°C  → k_next=5
2026-05-28 03:31:39 [adaptive_k][flower][adaptive_k][k=adaptive][s=8] INFO AdaptiveK done | wins=9 | FEM_solves=9/60 | FEM_saving=85% | MAE=1.744°C | L2=0.0155 | t=722 s
2026-05-28 03:31:39 [adaptive_k][flower][adaptive_k][k=adaptive][s=8] INFO k schedule: t=0.0s:k=1 → t=1.5s:k=1 → t=3.0s:k=1 → t=4.5s:k=1 → t=6.0s:k=2 → t=9.0s:k=3 → t=13.5s:k=4 → t=19.5s:k=5 → t=27.0s:k=5
2026-05-28 03:31:40 [adaptive_k][flower][adaptive_k][k=adaptive][s=8] INFO Saved → /home/coder/NAS-PINNS1/thermal_pinn/quenching_mswp/results/adaptive_k/flower/seed8_adaptive
2026-05-28 03:31:40 [adaptive_k][flower][adaptive_k][k=adaptive][s=9] INFO AdaptiveK | arch=[151, 151, 151, 151, 151] | k=[1..5] | thr_up=2.0°C thr_dn=5.0°C | fourier=True
2026-05-28 03:32:58 [adaptive_k][flower][adaptive_k][k=adaptive][s=9] INFO   Win  1  k=1  [0.0→1.5 s]  interior_MAE=37.483°C  → k_next=1
2026-05-28 03:34:19 [adaptive_k][flower][adaptive_k][k=adaptive][s=9] INFO   Win  2  k=1  [1.5→3.0 s]  interior_MAE=9.956°C  → k_next=1
2026-05-28 03:35:39 [adaptive_k][flower][adaptive_k][k=adaptive][s=9] INFO   Win  3  k=1  [3.0→4.5 s]  interior_MAE=2.762°C  → k_next=1
2026-05-28 03:36:58 [adaptive_k][flower][adaptive_k][k=adaptive][s=9] INFO   Win  4  k=1  [4.5→6.0 s]  interior_MAE=0.798°C  → k_next=2
2026-05-28 03:38:18 [adaptive_k][flower][adaptive_k][k=adaptive][s=9] INFO   Win  5  k=2  [6.0→9.0 s]  interior_MAE=0.367°C  → k_next=3
2026-05-28 03:39:36 [adaptive_k][flower][adaptive_k][k=adaptive][s=9] INFO   Win  6  k=3  [9.0→13.5 s]  interior_MAE=0.025°C  → k_next=4
2026-05-28 03:41:00 [adaptive_k][flower][adaptive_k][k=adaptive][s=9] INFO   Win  7  k=4  [13.5→19.5 s]  interior_MAE=0.000°C  → k_next=5
2026-05-28 03:42:19 [adaptive_k][flower][adaptive_k][k=adaptive][s=9] INFO   Win  8  k=5  [19.5→27.0 s]  interior_MAE=0.001°C  → k_next=5
2026-05-28 03:43:40 [adaptive_k][flower][adaptive_k][k=adaptive][s=9] INFO   Win  9  k=5  [27.0→30.0 s]  interior_MAE=0.004°C  → k_next=5
2026-05-28 03:43:40 [adaptive_k][flower][adaptive_k][k=adaptive][s=9] INFO AdaptiveK done | wins=9 | FEM_solves=9/60 | FEM_saving=85% | MAE=1.735°C | L2=0.0148 | t=720 s
2026-05-28 03:43:40 [adaptive_k][flower][adaptive_k][k=adaptive][s=9] INFO k schedule: t=0.0s:k=1 → t=1.5s:k=1 → t=3.0s:k=1 → t=4.5s:k=1 → t=6.0s:k=2 → t=9.0s:k=3 → t=13.5s:k=4 → t=19.5s:k=5 → t=27.0s:k=5
2026-05-28 03:43:40 [adaptive_k][flower][adaptive_k][k=adaptive][s=9] INFO Saved → /home/coder/NAS-PINNS1/thermal_pinn/quenching_mswp/results/adaptive_k/flower/seed9_adaptive
2026-05-28 09:11:38 [adaptive_k][square][adaptive_k][k=adaptive][s=1] INFO AdaptiveK | arch=[153, 153, 153] | k=[1..5] | thr_up=2.0°C thr_dn=5.0°C | fourier=False
2026-05-28 09:12:33 [adaptive_k][square][adaptive_k][k=adaptive][s=1] INFO   Win  1  k=1  [0.0→1.5 s]  interior_MAE=32.765°C  → k_next=1
2026-05-28 09:13:26 [adaptive_k][square][adaptive_k][k=adaptive][s=1] INFO   Win  2  k=1  [1.5→3.0 s]  interior_MAE=12.581°C  → k_next=1
2026-05-28 09:14:20 [adaptive_k][square][adaptive_k][k=adaptive][s=1] INFO   Win  3  k=1  [3.0→4.5 s]  interior_MAE=4.249°C  → k_next=1
2026-05-28 09:15:14 [adaptive_k][square][adaptive_k][k=adaptive][s=1] INFO   Win  4  k=1  [4.5→6.0 s]  interior_MAE=1.378°C  → k_next=2
2026-05-28 09:16:09 [adaptive_k][square][adaptive_k][k=adaptive][s=1] INFO   Win  5  k=2  [6.0→9.0 s]  interior_MAE=0.751°C  → k_next=3
2026-05-28 09:16:56 [adaptive_k][square][adaptive_k][k=adaptive][s=1] INFO   Win  6  k=3  [9.0→13.5 s]  interior_MAE=0.251°C  → k_next=4
2026-05-28 09:17:42 [adaptive_k][square][adaptive_k][k=adaptive][s=1] INFO   Win  7  k=4  [13.5→19.5 s]  interior_MAE=0.012°C  → k_next=5
2026-05-28 09:18:28 [adaptive_k][square][adaptive_k][k=adaptive][s=1] INFO   Win  8  k=5  [19.5→27.0 s]  interior_MAE=0.026°C  → k_next=5
2026-05-28 09:19:14 [adaptive_k][square][adaptive_k][k=adaptive][s=1] INFO   Win  9  k=5  [27.0→30.0 s]  interior_MAE=0.007°C  → k_next=5
2026-05-28 09:19:14 [adaptive_k][square][adaptive_k][k=adaptive][s=1] INFO AdaptiveK done | wins=9 | FEM_solves=9/60 | FEM_saving=85% | MAE=1.804°C | L2=0.0151 | t=456 s
2026-05-28 09:19:14 [adaptive_k][square][adaptive_k][k=adaptive][s=1] INFO k schedule: t=0.0s:k=1 → t=1.5s:k=1 → t=3.0s:k=1 → t=4.5s:k=1 → t=6.0s:k=2 → t=9.0s:k=3 → t=13.5s:k=4 → t=19.5s:k=5 → t=27.0s:k=5
2026-05-28 09:19:14 [adaptive_k][square][adaptive_k][k=adaptive][s=1] INFO Saved → /home/coder/NAS-PINNS1/thermal_pinn/quenching_mswp/results/adaptive_k/square/seed1_adaptive_nsga2_153
2026-05-28 09:19:14 [adaptive_k][square][adaptive_k][k=adaptive][s=2] INFO AdaptiveK | arch=[153, 153, 153] | k=[1..5] | thr_up=2.0°C thr_dn=5.0°C | fourier=False
2026-05-28 09:20:05 [adaptive_k][square][adaptive_k][k=adaptive][s=2] INFO   Win  1  k=1  [0.0→1.5 s]  interior_MAE=28.611°C  → k_next=1
2026-05-28 09:20:54 [adaptive_k][square][adaptive_k][k=adaptive][s=2] INFO   Win  2  k=1  [1.5→3.0 s]  interior_MAE=12.856°C  → k_next=1
2026-05-28 09:21:44 [adaptive_k][square][adaptive_k][k=adaptive][s=2] INFO   Win  3  k=1  [3.0→4.5 s]  interior_MAE=3.853°C  → k_next=1
2026-05-28 09:22:33 [adaptive_k][square][adaptive_k][k=adaptive][s=2] INFO   Win  4  k=1  [4.5→6.0 s]  interior_MAE=1.370°C  → k_next=2
2026-05-28 09:23:19 [adaptive_k][square][adaptive_k][k=adaptive][s=2] INFO   Win  5  k=2  [6.0→9.0 s]  interior_MAE=0.757°C  → k_next=3
2026-05-28 09:24:03 [adaptive_k][square][adaptive_k][k=adaptive][s=2] INFO   Win  6  k=3  [9.0→13.5 s]  interior_MAE=0.210°C  → k_next=4
2026-05-28 09:24:45 [adaptive_k][square][adaptive_k][k=adaptive][s=2] INFO   Win  7  k=4  [13.5→19.5 s]  interior_MAE=0.021°C  → k_next=5
2026-05-28 09:25:27 [adaptive_k][square][adaptive_k][k=adaptive][s=2] INFO   Win  8  k=5  [19.5→27.0 s]  interior_MAE=0.038°C  → k_next=5
2026-05-28 09:26:08 [adaptive_k][square][adaptive_k][k=adaptive][s=2] INFO   Win  9  k=5  [27.0→30.0 s]  interior_MAE=0.006°C  → k_next=5
2026-05-28 09:26:08 [adaptive_k][square][adaptive_k][k=adaptive][s=2] INFO AdaptiveK done | wins=9 | FEM_solves=9/60 | FEM_saving=85% | MAE=1.661°C | L2=0.0146 | t=414 s
2026-05-28 09:26:08 [adaptive_k][square][adaptive_k][k=adaptive][s=2] INFO k schedule: t=0.0s:k=1 → t=1.5s:k=1 → t=3.0s:k=1 → t=4.5s:k=1 → t=6.0s:k=2 → t=9.0s:k=3 → t=13.5s:k=4 → t=19.5s:k=5 → t=27.0s:k=5
2026-05-28 09:26:08 [adaptive_k][square][adaptive_k][k=adaptive][s=2] INFO Saved → /home/coder/NAS-PINNS1/thermal_pinn/quenching_mswp/results/adaptive_k/square/seed2_adaptive_nsga2_153
2026-05-28 09:26:09 [adaptive_k][square][adaptive_k][k=adaptive][s=3] INFO AdaptiveK | arch=[153, 153, 153] | k=[1..5] | thr_up=2.0°C thr_dn=5.0°C | fourier=False
2026-05-28 09:26:58 [adaptive_k][square][adaptive_k][k=adaptive][s=3] INFO   Win  1  k=1  [0.0→1.5 s]  interior_MAE=30.005°C  → k_next=1
2026-05-28 09:27:48 [adaptive_k][square][adaptive_k][k=adaptive][s=3] INFO   Win  2  k=1  [1.5→3.0 s]  interior_MAE=12.234°C  → k_next=1
2026-05-28 09:28:38 [adaptive_k][square][adaptive_k][k=adaptive][s=3] INFO   Win  3  k=1  [3.0→4.5 s]  interior_MAE=3.681°C  → k_next=1
2026-05-28 09:29:28 [adaptive_k][square][adaptive_k][k=adaptive][s=3] INFO   Win  4  k=1  [4.5→6.0 s]  interior_MAE=1.369°C  → k_next=2
2026-05-28 09:30:14 [adaptive_k][square][adaptive_k][k=adaptive][s=3] INFO   Win  5  k=2  [6.0→9.0 s]  interior_MAE=0.763°C  → k_next=3
2026-05-28 09:30:56 [adaptive_k][square][adaptive_k][k=adaptive][s=3] INFO   Win  6  k=3  [9.0→13.5 s]  interior_MAE=0.291°C  → k_next=4
2026-05-28 09:31:38 [adaptive_k][square][adaptive_k][k=adaptive][s=3] INFO   Win  7  k=4  [13.5→19.5 s]  interior_MAE=0.015°C  → k_next=5
2026-05-28 09:32:20 [adaptive_k][square][adaptive_k][k=adaptive][s=3] INFO   Win  8  k=5  [19.5→27.0 s]  interior_MAE=0.022°C  → k_next=5
2026-05-28 09:33:03 [adaptive_k][square][adaptive_k][k=adaptive][s=3] INFO   Win  9  k=5  [27.0→30.0 s]  interior_MAE=0.007°C  → k_next=5
2026-05-28 09:33:03 [adaptive_k][square][adaptive_k][k=adaptive][s=3] INFO AdaptiveK done | wins=9 | FEM_solves=9/60 | FEM_saving=85% | MAE=1.687°C | L2=0.0147 | t=414 s
2026-05-28 09:33:03 [adaptive_k][square][adaptive_k][k=adaptive][s=3] INFO k schedule: t=0.0s:k=1 → t=1.5s:k=1 → t=3.0s:k=1 → t=4.5s:k=1 → t=6.0s:k=2 → t=9.0s:k=3 → t=13.5s:k=4 → t=19.5s:k=5 → t=27.0s:k=5
2026-05-28 09:33:03 [adaptive_k][square][adaptive_k][k=adaptive][s=3] INFO Saved → /home/coder/NAS-PINNS1/thermal_pinn/quenching_mswp/results/adaptive_k/square/seed3_adaptive_nsga2_153
2026-05-28 09:33:04 [adaptive_k][square][adaptive_k][k=adaptive][s=4] INFO AdaptiveK | arch=[153, 153, 153] | k=[1..5] | thr_up=2.0°C thr_dn=5.0°C | fourier=False
2026-05-28 09:33:53 [adaptive_k][square][adaptive_k][k=adaptive][s=4] INFO   Win  1  k=1  [0.0→1.5 s]  interior_MAE=33.029°C  → k_next=1
2026-05-28 09:34:43 [adaptive_k][square][adaptive_k][k=adaptive][s=4] INFO   Win  2  k=1  [1.5→3.0 s]  interior_MAE=12.667°C  → k_next=1
2026-05-28 09:35:33 [adaptive_k][square][adaptive_k][k=adaptive][s=4] INFO   Win  3  k=1  [3.0→4.5 s]  interior_MAE=3.866°C  → k_next=1
2026-05-28 09:36:22 [adaptive_k][square][adaptive_k][k=adaptive][s=4] INFO   Win  4  k=1  [4.5→6.0 s]  interior_MAE=1.395°C  → k_next=2
2026-05-28 09:37:10 [adaptive_k][square][adaptive_k][k=adaptive][s=4] INFO   Win  5  k=2  [6.0→9.0 s]  interior_MAE=0.753°C  → k_next=3
2026-05-28 09:37:52 [adaptive_k][square][adaptive_k][k=adaptive][s=4] INFO   Win  6  k=3  [9.0→13.5 s]  interior_MAE=0.238°C  → k_next=4
2026-05-28 09:38:33 [adaptive_k][square][adaptive_k][k=adaptive][s=4] INFO   Win  7  k=4  [13.5→19.5 s]  interior_MAE=0.023°C  → k_next=5
2026-05-28 09:39:15 [adaptive_k][square][adaptive_k][k=adaptive][s=4] INFO   Win  8  k=5  [19.5→27.0 s]  interior_MAE=0.008°C  → k_next=5
2026-05-28 09:39:58 [adaptive_k][square][adaptive_k][k=adaptive][s=4] INFO   Win  9  k=5  [27.0→30.0 s]  interior_MAE=0.010°C  → k_next=5
2026-05-28 09:39:58 [adaptive_k][square][adaptive_k][k=adaptive][s=4] INFO AdaptiveK done | wins=9 | FEM_solves=9/60 | FEM_saving=85% | MAE=1.800°C | L2=0.0148 | t=415 s
2026-05-28 09:39:58 [adaptive_k][square][adaptive_k][k=adaptive][s=4] INFO k schedule: t=0.0s:k=1 → t=1.5s:k=1 → t=3.0s:k=1 → t=4.5s:k=1 → t=6.0s:k=2 → t=9.0s:k=3 → t=13.5s:k=4 → t=19.5s:k=5 → t=27.0s:k=5
2026-05-28 09:39:58 [adaptive_k][square][adaptive_k][k=adaptive][s=4] INFO Saved → /home/coder/NAS-PINNS1/thermal_pinn/quenching_mswp/results/adaptive_k/square/seed4_adaptive_nsga2_153
2026-05-28 09:39:59 [adaptive_k][square][adaptive_k][k=adaptive][s=5] INFO AdaptiveK | arch=[153, 153, 153] | k=[1..5] | thr_up=2.0°C thr_dn=5.0°C | fourier=False
2026-05-28 09:40:49 [adaptive_k][square][adaptive_k][k=adaptive][s=5] INFO   Win  1  k=1  [0.0→1.5 s]  interior_MAE=33.349°C  → k_next=1
2026-05-28 09:41:39 [adaptive_k][square][adaptive_k][k=adaptive][s=5] INFO   Win  2  k=1  [1.5→3.0 s]  interior_MAE=12.469°C  → k_next=1
2026-05-28 09:42:29 [adaptive_k][square][adaptive_k][k=adaptive][s=5] INFO   Win  3  k=1  [3.0→4.5 s]  interior_MAE=4.246°C  → k_next=1
2026-05-28 09:43:20 [adaptive_k][square][adaptive_k][k=adaptive][s=5] INFO   Win  4  k=1  [4.5→6.0 s]  interior_MAE=1.407°C  → k_next=2
2026-05-28 09:44:06 [adaptive_k][square][adaptive_k][k=adaptive][s=5] INFO   Win  5  k=2  [6.0→9.0 s]  interior_MAE=0.750°C  → k_next=3
2026-05-28 09:44:49 [adaptive_k][square][adaptive_k][k=adaptive][s=5] INFO   Win  6  k=3  [9.0→13.5 s]  interior_MAE=0.277°C  → k_next=4
2026-05-28 09:45:33 [adaptive_k][square][adaptive_k][k=adaptive][s=5] INFO   Win  7  k=4  [13.5→19.5 s]  interior_MAE=0.014°C  → k_next=5
2026-05-28 09:46:15 [adaptive_k][square][adaptive_k][k=adaptive][s=5] INFO   Win  8  k=5  [19.5→27.0 s]  interior_MAE=0.028°C  → k_next=5
2026-05-28 09:46:59 [adaptive_k][square][adaptive_k][k=adaptive][s=5] INFO   Win  9  k=5  [27.0→30.0 s]  interior_MAE=0.027°C  → k_next=5
2026-05-28 09:46:59 [adaptive_k][square][adaptive_k][k=adaptive][s=5] INFO AdaptiveK done | wins=9 | FEM_solves=9/60 | FEM_saving=85% | MAE=1.826°C | L2=0.0155 | t=420 s
2026-05-28 09:46:59 [adaptive_k][square][adaptive_k][k=adaptive][s=5] INFO k schedule: t=0.0s:k=1 → t=1.5s:k=1 → t=3.0s:k=1 → t=4.5s:k=1 → t=6.0s:k=2 → t=9.0s:k=3 → t=13.5s:k=4 → t=19.5s:k=5 → t=27.0s:k=5
2026-05-28 09:46:59 [adaptive_k][square][adaptive_k][k=adaptive][s=5] INFO Saved → /home/coder/NAS-PINNS1/thermal_pinn/quenching_mswp/results/adaptive_k/square/seed5_adaptive_nsga2_153
2026-05-28 09:46:59 [adaptive_k][square][adaptive_k][k=adaptive][s=6] INFO AdaptiveK | arch=[153, 153, 153] | k=[1..5] | thr_up=2.0°C thr_dn=5.0°C | fourier=False
2026-05-28 09:47:49 [adaptive_k][square][adaptive_k][k=adaptive][s=6] INFO   Win  1  k=1  [0.0→1.5 s]  interior_MAE=32.992°C  → k_next=1
2026-05-28 09:48:39 [adaptive_k][square][adaptive_k][k=adaptive][s=6] INFO   Win  2  k=1  [1.5→3.0 s]  interior_MAE=12.759°C  → k_next=1
2026-05-28 09:49:29 [adaptive_k][square][adaptive_k][k=adaptive][s=6] INFO   Win  3  k=1  [3.0→4.5 s]  interior_MAE=4.030°C  → k_next=1
2026-05-28 09:50:19 [adaptive_k][square][adaptive_k][k=adaptive][s=6] INFO   Win  4  k=1  [4.5→6.0 s]  interior_MAE=1.328°C  → k_next=2
2026-05-28 09:51:08 [adaptive_k][square][adaptive_k][k=adaptive][s=6] INFO   Win  5  k=2  [6.0→9.0 s]  interior_MAE=0.747°C  → k_next=3
2026-05-28 09:51:50 [adaptive_k][square][adaptive_k][k=adaptive][s=6] INFO   Win  6  k=3  [9.0→13.5 s]  interior_MAE=0.282°C  → k_next=4
2026-05-28 09:52:33 [adaptive_k][square][adaptive_k][k=adaptive][s=6] INFO   Win  7  k=4  [13.5→19.5 s]  interior_MAE=0.043°C  → k_next=5
2026-05-28 09:53:16 [adaptive_k][square][adaptive_k][k=adaptive][s=6] INFO   Win  8  k=5  [19.5→27.0 s]  interior_MAE=0.026°C  → k_next=5
2026-05-28 09:53:58 [adaptive_k][square][adaptive_k][k=adaptive][s=6] INFO   Win  9  k=5  [27.0→30.0 s]  interior_MAE=0.012°C  → k_next=5
2026-05-28 09:53:58 [adaptive_k][square][adaptive_k][k=adaptive][s=6] INFO AdaptiveK done | wins=9 | FEM_solves=9/60 | FEM_saving=85% | MAE=1.818°C | L2=0.0155 | t=418 s
2026-05-28 09:53:58 [adaptive_k][square][adaptive_k][k=adaptive][s=6] INFO k schedule: t=0.0s:k=1 → t=1.5s:k=1 → t=3.0s:k=1 → t=4.5s:k=1 → t=6.0s:k=2 → t=9.0s:k=3 → t=13.5s:k=4 → t=19.5s:k=5 → t=27.0s:k=5
2026-05-28 09:53:58 [adaptive_k][square][adaptive_k][k=adaptive][s=6] INFO Saved → /home/coder/NAS-PINNS1/thermal_pinn/quenching_mswp/results/adaptive_k/square/seed6_adaptive_nsga2_153
2026-05-28 09:53:58 [adaptive_k][square][adaptive_k][k=adaptive][s=7] INFO AdaptiveK | arch=[153, 153, 153] | k=[1..5] | thr_up=2.0°C thr_dn=5.0°C | fourier=False
2026-05-28 09:54:48 [adaptive_k][square][adaptive_k][k=adaptive][s=7] INFO   Win  1  k=1  [0.0→1.5 s]  interior_MAE=34.188°C  → k_next=1
2026-05-28 09:55:38 [adaptive_k][square][adaptive_k][k=adaptive][s=7] INFO   Win  2  k=1  [1.5→3.0 s]  interior_MAE=12.592°C  → k_next=1
2026-05-28 09:56:27 [adaptive_k][square][adaptive_k][k=adaptive][s=7] INFO   Win  3  k=1  [3.0→4.5 s]  interior_MAE=3.708°C  → k_next=1
2026-05-28 09:57:17 [adaptive_k][square][adaptive_k][k=adaptive][s=7] INFO   Win  4  k=1  [4.5→6.0 s]  interior_MAE=1.372°C  → k_next=2
2026-05-28 09:58:02 [adaptive_k][square][adaptive_k][k=adaptive][s=7] INFO   Win  5  k=2  [6.0→9.0 s]  interior_MAE=0.762°C  → k_next=3
2026-05-28 09:58:46 [adaptive_k][square][adaptive_k][k=adaptive][s=7] INFO   Win  6  k=3  [9.0→13.5 s]  interior_MAE=0.191°C  → k_next=4
2026-05-28 09:59:28 [adaptive_k][square][adaptive_k][k=adaptive][s=7] INFO   Win  7  k=4  [13.5→19.5 s]  interior_MAE=0.021°C  → k_next=5
2026-05-28 10:00:10 [adaptive_k][square][adaptive_k][k=adaptive][s=7] INFO   Win  8  k=5  [19.5→27.0 s]  interior_MAE=0.017°C  → k_next=5
2026-05-28 10:00:52 [adaptive_k][square][adaptive_k][k=adaptive][s=7] INFO   Win  9  k=5  [27.0→30.0 s]  interior_MAE=0.016°C  → k_next=5
2026-05-28 10:00:52 [adaptive_k][square][adaptive_k][k=adaptive][s=7] INFO AdaptiveK done | wins=9 | FEM_solves=9/60 | FEM_saving=85% | MAE=1.827°C | L2=0.0147 | t=414 s
2026-05-28 10:00:52 [adaptive_k][square][adaptive_k][k=adaptive][s=7] INFO k schedule: t=0.0s:k=1 → t=1.5s:k=1 → t=3.0s:k=1 → t=4.5s:k=1 → t=6.0s:k=2 → t=9.0s:k=3 → t=13.5s:k=4 → t=19.5s:k=5 → t=27.0s:k=5
2026-05-28 10:00:52 [adaptive_k][square][adaptive_k][k=adaptive][s=7] INFO Saved → /home/coder/NAS-PINNS1/thermal_pinn/quenching_mswp/results/adaptive_k/square/seed7_adaptive_nsga2_153
2026-05-28 10:00:52 [adaptive_k][square][adaptive_k][k=adaptive][s=8] INFO AdaptiveK | arch=[153, 153, 153] | k=[1..5] | thr_up=2.0°C thr_dn=5.0°C | fourier=False
2026-05-28 10:01:42 [adaptive_k][square][adaptive_k][k=adaptive][s=8] INFO   Win  1  k=1  [0.0→1.5 s]  interior_MAE=30.789°C  → k_next=1
2026-05-28 10:02:31 [adaptive_k][square][adaptive_k][k=adaptive][s=8] INFO   Win  2  k=1  [1.5→3.0 s]  interior_MAE=12.646°C  → k_next=1
2026-05-28 10:03:20 [adaptive_k][square][adaptive_k][k=adaptive][s=8] INFO   Win  3  k=1  [3.0→4.5 s]  interior_MAE=4.037°C  → k_next=1
2026-05-28 10:04:10 [adaptive_k][square][adaptive_k][k=adaptive][s=8] INFO   Win  4  k=1  [4.5→6.0 s]  interior_MAE=1.370°C  → k_next=2
2026-05-28 10:04:58 [adaptive_k][square][adaptive_k][k=adaptive][s=8] INFO   Win  5  k=2  [6.0→9.0 s]  interior_MAE=0.757°C  → k_next=3
2026-05-28 10:05:40 [adaptive_k][square][adaptive_k][k=adaptive][s=8] INFO   Win  6  k=3  [9.0→13.5 s]  interior_MAE=0.285°C  → k_next=4
2026-05-28 10:06:21 [adaptive_k][square][adaptive_k][k=adaptive][s=8] INFO   Win  7  k=4  [13.5→19.5 s]  interior_MAE=0.021°C  → k_next=5
2026-05-28 10:07:03 [adaptive_k][square][adaptive_k][k=adaptive][s=8] INFO   Win  8  k=5  [19.5→27.0 s]  interior_MAE=0.006°C  → k_next=5
2026-05-28 10:07:46 [adaptive_k][square][adaptive_k][k=adaptive][s=8] INFO   Win  9  k=5  [27.0→30.0 s]  interior_MAE=0.017°C  → k_next=5
2026-05-28 10:07:46 [adaptive_k][square][adaptive_k][k=adaptive][s=8] INFO AdaptiveK done | wins=9 | FEM_solves=9/60 | FEM_saving=85% | MAE=1.736°C | L2=0.0150 | t=414 s
2026-05-28 10:07:46 [adaptive_k][square][adaptive_k][k=adaptive][s=8] INFO k schedule: t=0.0s:k=1 → t=1.5s:k=1 → t=3.0s:k=1 → t=4.5s:k=1 → t=6.0s:k=2 → t=9.0s:k=3 → t=13.5s:k=4 → t=19.5s:k=5 → t=27.0s:k=5
2026-05-28 10:07:46 [adaptive_k][square][adaptive_k][k=adaptive][s=8] INFO Saved → /home/coder/NAS-PINNS1/thermal_pinn/quenching_mswp/results/adaptive_k/square/seed8_adaptive_nsga2_153
2026-05-28 10:07:46 [adaptive_k][square][adaptive_k][k=adaptive][s=9] INFO AdaptiveK | arch=[153, 153, 153] | k=[1..5] | thr_up=2.0°C thr_dn=5.0°C | fourier=False
2026-05-28 10:08:37 [adaptive_k][square][adaptive_k][k=adaptive][s=9] INFO   Win  1  k=1  [0.0→1.5 s]  interior_MAE=32.029°C  → k_next=1
2026-05-28 10:09:27 [adaptive_k][square][adaptive_k][k=adaptive][s=9] INFO   Win  2  k=1  [1.5→3.0 s]  interior_MAE=12.438°C  → k_next=1
2026-05-28 10:10:17 [adaptive_k][square][adaptive_k][k=adaptive][s=9] INFO   Win  3  k=1  [3.0→4.5 s]  interior_MAE=3.850°C  → k_next=1
2026-05-28 10:11:07 [adaptive_k][square][adaptive_k][k=adaptive][s=9] INFO   Win  4  k=1  [4.5→6.0 s]  interior_MAE=1.379°C  → k_next=2
2026-05-28 10:11:54 [adaptive_k][square][adaptive_k][k=adaptive][s=9] INFO   Win  5  k=2  [6.0→9.0 s]  interior_MAE=0.751°C  → k_next=3
2026-05-28 10:12:37 [adaptive_k][square][adaptive_k][k=adaptive][s=9] INFO   Win  6  k=3  [9.0→13.5 s]  interior_MAE=0.288°C  → k_next=4
2026-05-28 10:13:19 [adaptive_k][square][adaptive_k][k=adaptive][s=9] INFO   Win  7  k=4  [13.5→19.5 s]  interior_MAE=0.024°C  → k_next=5
2026-05-28 10:14:00 [adaptive_k][square][adaptive_k][k=adaptive][s=9] INFO   Win  8  k=5  [19.5→27.0 s]  interior_MAE=0.022°C  → k_next=5
2026-05-28 10:14:42 [adaptive_k][square][adaptive_k][k=adaptive][s=9] INFO   Win  9  k=5  [27.0→30.0 s]  interior_MAE=0.051°C  → k_next=5
2026-05-28 10:14:42 [adaptive_k][square][adaptive_k][k=adaptive][s=9] INFO AdaptiveK done | wins=9 | FEM_solves=9/60 | FEM_saving=85% | MAE=1.771°C | L2=0.0153 | t=415 s
2026-05-28 10:14:42 [adaptive_k][square][adaptive_k][k=adaptive][s=9] INFO k schedule: t=0.0s:k=1 → t=1.5s:k=1 → t=3.0s:k=1 → t=4.5s:k=1 → t=6.0s:k=2 → t=9.0s:k=3 → t=13.5s:k=4 → t=19.5s:k=5 → t=27.0s:k=5
2026-05-28 10:14:42 [adaptive_k][square][adaptive_k][k=adaptive][s=9] INFO Saved → /home/coder/NAS-PINNS1/thermal_pinn/quenching_mswp/results/adaptive_k/square/seed9_adaptive_nsga2_153
2026-05-28 10:14:43 [adaptive_k][circle][adaptive_k][k=adaptive][s=1] INFO AdaptiveK | arch=[153, 153, 153] | k=[1..5] | thr_up=2.0°C thr_dn=5.0°C | fourier=False
2026-05-28 10:15:39 [adaptive_k][circle][adaptive_k][k=adaptive][s=1] INFO   Win  1  k=1  [0.0→1.5 s]  interior_MAE=30.390°C  → k_next=1
2026-05-28 10:16:36 [adaptive_k][circle][adaptive_k][k=adaptive][s=1] INFO   Win  2  k=1  [1.5→3.0 s]  interior_MAE=10.847°C  → k_next=1
2026-05-28 10:17:32 [adaptive_k][circle][adaptive_k][k=adaptive][s=1] INFO   Win  3  k=1  [3.0→4.5 s]  interior_MAE=3.688°C  → k_next=1
2026-05-28 10:18:28 [adaptive_k][circle][adaptive_k][k=adaptive][s=1] INFO   Win  4  k=1  [4.5→6.0 s]  interior_MAE=1.268°C  → k_next=2
2026-05-28 10:19:21 [adaptive_k][circle][adaptive_k][k=adaptive][s=1] INFO   Win  5  k=2  [6.0→9.0 s]  interior_MAE=0.680°C  → k_next=3
2026-05-28 10:20:09 [adaptive_k][circle][adaptive_k][k=adaptive][s=1] INFO   Win  6  k=3  [9.0→13.5 s]  interior_MAE=0.250°C  → k_next=4
2026-05-28 10:20:57 [adaptive_k][circle][adaptive_k][k=adaptive][s=1] INFO   Win  7  k=4  [13.5→19.5 s]  interior_MAE=0.008°C  → k_next=5
2026-05-28 10:21:46 [adaptive_k][circle][adaptive_k][k=adaptive][s=1] INFO   Win  8  k=5  [19.5→27.0 s]  interior_MAE=0.026°C  → k_next=5
2026-05-28 10:22:34 [adaptive_k][circle][adaptive_k][k=adaptive][s=1] INFO   Win  9  k=5  [27.0→30.0 s]  interior_MAE=0.009°C  → k_next=5
2026-05-28 10:22:34 [adaptive_k][circle][adaptive_k][k=adaptive][s=1] INFO AdaptiveK done | wins=9 | FEM_solves=9/60 | FEM_saving=85% | MAE=1.638°C | L2=0.0134 | t=471 s
2026-05-28 10:22:34 [adaptive_k][circle][adaptive_k][k=adaptive][s=1] INFO k schedule: t=0.0s:k=1 → t=1.5s:k=1 → t=3.0s:k=1 → t=4.5s:k=1 → t=6.0s:k=2 → t=9.0s:k=3 → t=13.5s:k=4 → t=19.5s:k=5 → t=27.0s:k=5
2026-05-28 10:22:34 [adaptive_k][circle][adaptive_k][k=adaptive][s=1] INFO Saved → /home/coder/NAS-PINNS1/thermal_pinn/quenching_mswp/results/adaptive_k/circle/seed1_adaptive_nsga2_153
2026-05-28 10:22:36 [adaptive_k][circle][adaptive_k][k=adaptive][s=2] INFO AdaptiveK | arch=[153, 153, 153] | k=[1..5] | thr_up=2.0°C thr_dn=5.0°C | fourier=False
2026-05-28 10:23:33 [adaptive_k][circle][adaptive_k][k=adaptive][s=2] INFO   Win  1  k=1  [0.0→1.5 s]  interior_MAE=31.261°C  → k_next=1
2026-05-28 10:24:30 [adaptive_k][circle][adaptive_k][k=adaptive][s=2] INFO   Win  2  k=1  [1.5→3.0 s]  interior_MAE=10.963°C  → k_next=1
2026-05-28 10:25:28 [adaptive_k][circle][adaptive_k][k=adaptive][s=2] INFO   Win  3  k=1  [3.0→4.5 s]  interior_MAE=3.581°C  → k_next=1
2026-05-28 10:26:26 [adaptive_k][circle][adaptive_k][k=adaptive][s=2] INFO   Win  4  k=1  [4.5→6.0 s]  interior_MAE=1.323°C  → k_next=2
2026-05-28 10:27:19 [adaptive_k][circle][adaptive_k][k=adaptive][s=2] INFO   Win  5  k=2  [6.0→9.0 s]  interior_MAE=0.685°C  → k_next=3
2026-05-28 10:28:12 [adaptive_k][circle][adaptive_k][k=adaptive][s=2] INFO   Win  6  k=3  [9.0→13.5 s]  interior_MAE=0.240°C  → k_next=4
2026-05-28 10:29:02 [adaptive_k][circle][adaptive_k][k=adaptive][s=2] INFO   Win  7  k=4  [13.5→19.5 s]  interior_MAE=0.008°C  → k_next=5
2026-05-28 10:29:52 [adaptive_k][circle][adaptive_k][k=adaptive][s=2] INFO   Win  8  k=5  [19.5→27.0 s]  interior_MAE=0.049°C  → k_next=5
2026-05-28 10:30:42 [adaptive_k][circle][adaptive_k][k=adaptive][s=2] INFO   Win  9  k=5  [27.0→30.0 s]  interior_MAE=0.009°C  → k_next=5
2026-05-28 10:30:42 [adaptive_k][circle][adaptive_k][k=adaptive][s=2] INFO AdaptiveK done | wins=9 | FEM_solves=9/60 | FEM_saving=85% | MAE=1.674°C | L2=0.0137 | t=487 s
2026-05-28 10:30:42 [adaptive_k][circle][adaptive_k][k=adaptive][s=2] INFO k schedule: t=0.0s:k=1 → t=1.5s:k=1 → t=3.0s:k=1 → t=4.5s:k=1 → t=6.0s:k=2 → t=9.0s:k=3 → t=13.5s:k=4 → t=19.5s:k=5 → t=27.0s:k=5
2026-05-28 10:30:43 [adaptive_k][circle][adaptive_k][k=adaptive][s=2] INFO Saved → /home/coder/NAS-PINNS1/thermal_pinn/quenching_mswp/results/adaptive_k/circle/seed2_adaptive_nsga2_153
2026-05-28 10:30:44 [adaptive_k][circle][adaptive_k][k=adaptive][s=3] INFO AdaptiveK | arch=[153, 153, 153] | k=[1..5] | thr_up=2.0°C thr_dn=5.0°C | fourier=False
2026-05-28 10:31:41 [adaptive_k][circle][adaptive_k][k=adaptive][s=3] INFO   Win  1  k=1  [0.0→1.5 s]  interior_MAE=28.129°C  → k_next=1
2026-05-28 10:32:38 [adaptive_k][circle][adaptive_k][k=adaptive][s=3] INFO   Win  2  k=1  [1.5→3.0 s]  interior_MAE=11.652°C  → k_next=1
2026-05-28 10:33:35 [adaptive_k][circle][adaptive_k][k=adaptive][s=3] INFO   Win  3  k=1  [3.0→4.5 s]  interior_MAE=3.554°C  → k_next=1
2026-05-28 10:34:33 [adaptive_k][circle][adaptive_k][k=adaptive][s=3] INFO   Win  4  k=1  [4.5→6.0 s]  interior_MAE=1.280°C  → k_next=2
2026-05-28 10:35:30 [adaptive_k][circle][adaptive_k][k=adaptive][s=3] INFO   Win  5  k=2  [6.0→9.0 s]  interior_MAE=0.690°C  → k_next=3
2026-05-28 10:36:19 [adaptive_k][circle][adaptive_k][k=adaptive][s=3] INFO   Win  6  k=3  [9.0→13.5 s]  interior_MAE=0.271°C  → k_next=4
2026-05-28 10:37:08 [adaptive_k][circle][adaptive_k][k=adaptive][s=3] INFO   Win  7  k=4  [13.5→19.5 s]  interior_MAE=0.029°C  → k_next=5
2026-05-28 10:37:57 [adaptive_k][circle][adaptive_k][k=adaptive][s=3] INFO   Win  8  k=5  [19.5→27.0 s]  interior_MAE=0.010°C  → k_next=5
2026-05-28 10:38:48 [adaptive_k][circle][adaptive_k][k=adaptive][s=3] INFO   Win  9  k=5  [27.0→30.0 s]  interior_MAE=0.021°C  → k_next=5
2026-05-28 10:38:48 [adaptive_k][circle][adaptive_k][k=adaptive][s=3] INFO AdaptiveK done | wins=9 | FEM_solves=9/60 | FEM_saving=85% | MAE=1.590°C | L2=0.0135 | t=483 s
2026-05-28 10:38:48 [adaptive_k][circle][adaptive_k][k=adaptive][s=3] INFO k schedule: t=0.0s:k=1 → t=1.5s:k=1 → t=3.0s:k=1 → t=4.5s:k=1 → t=6.0s:k=2 → t=9.0s:k=3 → t=13.5s:k=4 → t=19.5s:k=5 → t=27.0s:k=5
2026-05-28 10:38:48 [adaptive_k][circle][adaptive_k][k=adaptive][s=3] INFO Saved → /home/coder/NAS-PINNS1/thermal_pinn/quenching_mswp/results/adaptive_k/circle/seed3_adaptive_nsga2_153
2026-05-28 10:38:50 [adaptive_k][circle][adaptive_k][k=adaptive][s=4] INFO AdaptiveK | arch=[153, 153, 153] | k=[1..5] | thr_up=2.0°C thr_dn=5.0°C | fourier=False
2026-05-28 10:39:47 [adaptive_k][circle][adaptive_k][k=adaptive][s=4] INFO   Win  1  k=1  [0.0→1.5 s]  interior_MAE=31.278°C  → k_next=1
2026-05-28 10:40:46 [adaptive_k][circle][adaptive_k][k=adaptive][s=4] INFO   Win  2  k=1  [1.5→3.0 s]  interior_MAE=11.538°C  → k_next=1
2026-05-28 10:41:45 [adaptive_k][circle][adaptive_k][k=adaptive][s=4] INFO   Win  3  k=1  [3.0→4.5 s]  interior_MAE=3.703°C  → k_next=1
2026-05-28 10:42:44 [adaptive_k][circle][adaptive_k][k=adaptive][s=4] INFO   Win  4  k=1  [4.5→6.0 s]  interior_MAE=1.270°C  → k_next=2
2026-05-28 10:43:42 [adaptive_k][circle][adaptive_k][k=adaptive][s=4] INFO   Win  5  k=2  [6.0→9.0 s]  interior_MAE=0.684°C  → k_next=3
2026-05-28 10:44:31 [adaptive_k][circle][adaptive_k][k=adaptive][s=4] INFO   Win  6  k=3  [9.0→13.5 s]  interior_MAE=0.239°C  → k_next=4
2026-05-28 10:45:21 [adaptive_k][circle][adaptive_k][k=adaptive][s=4] INFO   Win  7  k=4  [13.5→19.5 s]  interior_MAE=0.020°C  → k_next=5
2026-05-28 10:46:11 [adaptive_k][circle][adaptive_k][k=adaptive][s=4] INFO   Win  8  k=5  [19.5→27.0 s]  interior_MAE=0.010°C  → k_next=5
2026-05-28 10:47:01 [adaptive_k][circle][adaptive_k][k=adaptive][s=4] INFO   Win  9  k=5  [27.0→30.0 s]  interior_MAE=0.006°C  → k_next=5
2026-05-28 10:47:01 [adaptive_k][circle][adaptive_k][k=adaptive][s=4] INFO AdaptiveK done | wins=9 | FEM_solves=9/60 | FEM_saving=85% | MAE=1.688°C | L2=0.0136 | t=492 s
2026-05-28 10:47:01 [adaptive_k][circle][adaptive_k][k=adaptive][s=4] INFO k schedule: t=0.0s:k=1 → t=1.5s:k=1 → t=3.0s:k=1 → t=4.5s:k=1 → t=6.0s:k=2 → t=9.0s:k=3 → t=13.5s:k=4 → t=19.5s:k=5 → t=27.0s:k=5
2026-05-28 10:47:02 [adaptive_k][circle][adaptive_k][k=adaptive][s=4] INFO Saved → /home/coder/NAS-PINNS1/thermal_pinn/quenching_mswp/results/adaptive_k/circle/seed4_adaptive_nsga2_153
2026-05-28 10:47:03 [adaptive_k][circle][adaptive_k][k=adaptive][s=5] INFO AdaptiveK | arch=[153, 153, 153] | k=[1..5] | thr_up=2.0°C thr_dn=5.0°C | fourier=False
2026-05-28 10:47:59 [adaptive_k][circle][adaptive_k][k=adaptive][s=5] INFO   Win  1  k=1  [0.0→1.5 s]  interior_MAE=29.327°C  → k_next=1
2026-05-28 10:48:55 [adaptive_k][circle][adaptive_k][k=adaptive][s=5] INFO   Win  2  k=1  [1.5→3.0 s]  interior_MAE=10.305°C  → k_next=1
2026-05-28 10:49:51 [adaptive_k][circle][adaptive_k][k=adaptive][s=5] INFO   Win  3  k=1  [3.0→4.5 s]  interior_MAE=3.598°C  → k_next=1
2026-05-28 10:50:47 [adaptive_k][circle][adaptive_k][k=adaptive][s=5] INFO   Win  4  k=1  [4.5→6.0 s]  interior_MAE=1.276°C  → k_next=2
2026-05-28 10:51:38 [adaptive_k][circle][adaptive_k][k=adaptive][s=5] INFO   Win  5  k=2  [6.0→9.0 s]  interior_MAE=0.696°C  → k_next=3
2026-05-28 10:52:25 [adaptive_k][circle][adaptive_k][k=adaptive][s=5] INFO   Win  6  k=3  [9.0→13.5 s]  interior_MAE=0.264°C  → k_next=4
2026-05-28 10:53:13 [adaptive_k][circle][adaptive_k][k=adaptive][s=5] INFO   Win  7  k=4  [13.5→19.5 s]  interior_MAE=0.015°C  → k_next=5
2026-05-28 10:54:01 [adaptive_k][circle][adaptive_k][k=adaptive][s=5] INFO   Win  8  k=5  [19.5→27.0 s]  interior_MAE=0.046°C  → k_next=5
2026-05-28 10:54:49 [adaptive_k][circle][adaptive_k][k=adaptive][s=5] INFO   Win  9  k=5  [27.0→30.0 s]  interior_MAE=0.031°C  → k_next=5
2026-05-28 10:54:49 [adaptive_k][circle][adaptive_k][k=adaptive][s=5] INFO AdaptiveK done | wins=9 | FEM_solves=9/60 | FEM_saving=85% | MAE=1.593°C | L2=0.0135 | t=466 s
2026-05-28 10:54:49 [adaptive_k][circle][adaptive_k][k=adaptive][s=5] INFO k schedule: t=0.0s:k=1 → t=1.5s:k=1 → t=3.0s:k=1 → t=4.5s:k=1 → t=6.0s:k=2 → t=9.0s:k=3 → t=13.5s:k=4 → t=19.5s:k=5 → t=27.0s:k=5
2026-05-28 10:54:49 [adaptive_k][circle][adaptive_k][k=adaptive][s=5] INFO Saved → /home/coder/NAS-PINNS1/thermal_pinn/quenching_mswp/results/adaptive_k/circle/seed5_adaptive_nsga2_153
2026-05-28 10:54:51 [adaptive_k][circle][adaptive_k][k=adaptive][s=6] INFO AdaptiveK | arch=[153, 153, 153] | k=[1..5] | thr_up=2.0°C thr_dn=5.0°C | fourier=False
2026-05-28 10:55:46 [adaptive_k][circle][adaptive_k][k=adaptive][s=6] INFO   Win  1  k=1  [0.0→1.5 s]  interior_MAE=30.655°C  → k_next=1
2026-05-28 10:56:41 [adaptive_k][circle][adaptive_k][k=adaptive][s=6] INFO   Win  2  k=1  [1.5→3.0 s]  interior_MAE=11.117°C  → k_next=1
2026-05-28 10:57:37 [adaptive_k][circle][adaptive_k][k=adaptive][s=6] INFO   Win  3  k=1  [3.0→4.5 s]  interior_MAE=3.573°C  → k_next=1
2026-05-28 10:58:32 [adaptive_k][circle][adaptive_k][k=adaptive][s=6] INFO   Win  4  k=1  [4.5→6.0 s]  interior_MAE=1.270°C  → k_next=2
2026-05-28 10:59:25 [adaptive_k][circle][adaptive_k][k=adaptive][s=6] INFO   Win  5  k=2  [6.0→9.0 s]  interior_MAE=0.691°C  → k_next=3
2026-05-28 11:00:12 [adaptive_k][circle][adaptive_k][k=adaptive][s=6] INFO   Win  6  k=3  [9.0→13.5 s]  interior_MAE=0.263°C  → k_next=4
2026-05-28 11:00:59 [adaptive_k][circle][adaptive_k][k=adaptive][s=6] INFO   Win  7  k=4  [13.5→19.5 s]  interior_MAE=0.015°C  → k_next=5
2026-05-28 11:01:48 [adaptive_k][circle][adaptive_k][k=adaptive][s=6] INFO   Win  8  k=5  [19.5→27.0 s]  interior_MAE=0.016°C  → k_next=5
2026-05-28 11:02:35 [adaptive_k][circle][adaptive_k][k=adaptive][s=6] INFO   Win  9  k=5  [27.0→30.0 s]  interior_MAE=0.024°C  → k_next=5
2026-05-28 11:02:35 [adaptive_k][circle][adaptive_k][k=adaptive][s=6] INFO AdaptiveK done | wins=9 | FEM_solves=9/60 | FEM_saving=85% | MAE=1.655°C | L2=0.0136 | t=464 s
2026-05-28 11:02:35 [adaptive_k][circle][adaptive_k][k=adaptive][s=6] INFO k schedule: t=0.0s:k=1 → t=1.5s:k=1 → t=3.0s:k=1 → t=4.5s:k=1 → t=6.0s:k=2 → t=9.0s:k=3 → t=13.5s:k=4 → t=19.5s:k=5 → t=27.0s:k=5
2026-05-28 11:02:35 [adaptive_k][circle][adaptive_k][k=adaptive][s=6] INFO Saved → /home/coder/NAS-PINNS1/thermal_pinn/quenching_mswp/results/adaptive_k/circle/seed6_adaptive_nsga2_153
2026-05-28 11:02:37 [adaptive_k][circle][adaptive_k][k=adaptive][s=7] INFO AdaptiveK | arch=[153, 153, 153] | k=[1..5] | thr_up=2.0°C thr_dn=5.0°C | fourier=False
2026-05-28 11:03:33 [adaptive_k][circle][adaptive_k][k=adaptive][s=7] INFO   Win  1  k=1  [0.0→1.5 s]  interior_MAE=31.264°C  → k_next=1
2026-05-28 11:04:28 [adaptive_k][circle][adaptive_k][k=adaptive][s=7] INFO   Win  2  k=1  [1.5→3.0 s]  interior_MAE=11.278°C  → k_next=1
2026-05-28 11:05:24 [adaptive_k][circle][adaptive_k][k=adaptive][s=7] INFO   Win  3  k=1  [3.0→4.5 s]  interior_MAE=3.537°C  → k_next=1
2026-05-28 11:06:20 [adaptive_k][circle][adaptive_k][k=adaptive][s=7] INFO   Win  4  k=1  [4.5→6.0 s]  interior_MAE=1.266°C  → k_next=2
2026-05-28 11:07:15 [adaptive_k][circle][adaptive_k][k=adaptive][s=7] INFO   Win  5  k=2  [6.0→9.0 s]  interior_MAE=0.686°C  → k_next=3
2026-05-28 11:08:02 [adaptive_k][circle][adaptive_k][k=adaptive][s=7] INFO   Win  6  k=3  [9.0→13.5 s]  interior_MAE=0.276°C  → k_next=4
2026-05-28 11:08:51 [adaptive_k][circle][adaptive_k][k=adaptive][s=7] INFO   Win  7  k=4  [13.5→19.5 s]  interior_MAE=0.016°C  → k_next=5
2026-05-28 11:09:39 [adaptive_k][circle][adaptive_k][k=adaptive][s=7] INFO   Win  8  k=5  [19.5→27.0 s]  interior_MAE=0.023°C  → k_next=5
2026-05-28 11:10:27 [adaptive_k][circle][adaptive_k][k=adaptive][s=7] INFO   Win  9  k=5  [27.0→30.0 s]  interior_MAE=0.012°C  → k_next=5
2026-05-28 11:10:27 [adaptive_k][circle][adaptive_k][k=adaptive][s=7] INFO AdaptiveK done | wins=9 | FEM_solves=9/60 | FEM_saving=85% | MAE=1.681°C | L2=0.0138 | t=470 s
2026-05-28 11:10:27 [adaptive_k][circle][adaptive_k][k=adaptive][s=7] INFO k schedule: t=0.0s:k=1 → t=1.5s:k=1 → t=3.0s:k=1 → t=4.5s:k=1 → t=6.0s:k=2 → t=9.0s:k=3 → t=13.5s:k=4 → t=19.5s:k=5 → t=27.0s:k=5
2026-05-28 11:10:27 [adaptive_k][circle][adaptive_k][k=adaptive][s=7] INFO Saved → /home/coder/NAS-PINNS1/thermal_pinn/quenching_mswp/results/adaptive_k/circle/seed7_adaptive_nsga2_153
2026-05-28 11:10:28 [adaptive_k][circle][adaptive_k][k=adaptive][s=8] INFO AdaptiveK | arch=[153, 153, 153] | k=[1..5] | thr_up=2.0°C thr_dn=5.0°C | fourier=False
2026-05-28 11:11:24 [adaptive_k][circle][adaptive_k][k=adaptive][s=8] INFO   Win  1  k=1  [0.0→1.5 s]  interior_MAE=31.385°C  → k_next=1
2026-05-28 11:12:19 [adaptive_k][circle][adaptive_k][k=adaptive][s=8] INFO   Win  2  k=1  [1.5→3.0 s]  interior_MAE=10.532°C  → k_next=1
2026-05-28 11:13:15 [adaptive_k][circle][adaptive_k][k=adaptive][s=8] INFO   Win  3  k=1  [3.0→4.5 s]  interior_MAE=3.589°C  → k_next=1
2026-05-28 11:14:10 [adaptive_k][circle][adaptive_k][k=adaptive][s=8] INFO   Win  4  k=1  [4.5→6.0 s]  interior_MAE=1.289°C  → k_next=2
2026-05-28 11:15:04 [adaptive_k][circle][adaptive_k][k=adaptive][s=8] INFO   Win  5  k=2  [6.0→9.0 s]  interior_MAE=0.694°C  → k_next=3
2026-05-28 11:15:51 [adaptive_k][circle][adaptive_k][k=adaptive][s=8] INFO   Win  6  k=3  [9.0→13.5 s]  interior_MAE=0.300°C  → k_next=4
2026-05-28 11:16:41 [adaptive_k][circle][adaptive_k][k=adaptive][s=8] INFO   Win  7  k=4  [13.5→19.5 s]  interior_MAE=0.011°C  → k_next=5
2026-05-28 11:17:29 [adaptive_k][circle][adaptive_k][k=adaptive][s=8] INFO   Win  8  k=5  [19.5→27.0 s]  interior_MAE=0.009°C  → k_next=5
2026-05-28 11:18:16 [adaptive_k][circle][adaptive_k][k=adaptive][s=8] INFO   Win  9  k=5  [27.0→30.0 s]  interior_MAE=0.016°C  → k_next=5
2026-05-28 11:18:16 [adaptive_k][circle][adaptive_k][k=adaptive][s=8] INFO AdaptiveK done | wins=9 | FEM_solves=9/60 | FEM_saving=85% | MAE=1.663°C | L2=0.0136 | t=468 s
2026-05-28 11:18:16 [adaptive_k][circle][adaptive_k][k=adaptive][s=8] INFO k schedule: t=0.0s:k=1 → t=1.5s:k=1 → t=3.0s:k=1 → t=4.5s:k=1 → t=6.0s:k=2 → t=9.0s:k=3 → t=13.5s:k=4 → t=19.5s:k=5 → t=27.0s:k=5
2026-05-28 11:18:17 [adaptive_k][circle][adaptive_k][k=adaptive][s=8] INFO Saved → /home/coder/NAS-PINNS1/thermal_pinn/quenching_mswp/results/adaptive_k/circle/seed8_adaptive_nsga2_153
2026-05-28 11:18:18 [adaptive_k][circle][adaptive_k][k=adaptive][s=9] INFO AdaptiveK | arch=[153, 153, 153] | k=[1..5] | thr_up=2.0°C thr_dn=5.0°C | fourier=False
2026-05-28 11:19:14 [adaptive_k][circle][adaptive_k][k=adaptive][s=9] INFO   Win  1  k=1  [0.0→1.5 s]  interior_MAE=31.335°C  → k_next=1
2026-05-28 11:20:10 [adaptive_k][circle][adaptive_k][k=adaptive][s=9] INFO   Win  2  k=1  [1.5→3.0 s]  interior_MAE=11.282°C  → k_next=1
2026-05-28 11:21:06 [adaptive_k][circle][adaptive_k][k=adaptive][s=9] INFO   Win  3  k=1  [3.0→4.5 s]  interior_MAE=3.546°C  → k_next=1
2026-05-28 11:22:01 [adaptive_k][circle][adaptive_k][k=adaptive][s=9] INFO   Win  4  k=1  [4.5→6.0 s]  interior_MAE=1.261°C  → k_next=2
2026-05-28 11:22:54 [adaptive_k][circle][adaptive_k][k=adaptive][s=9] INFO   Win  5  k=2  [6.0→9.0 s]  interior_MAE=0.689°C  → k_next=3
2026-05-28 11:23:43 [adaptive_k][circle][adaptive_k][k=adaptive][s=9] INFO   Win  6  k=3  [9.0→13.5 s]  interior_MAE=0.166°C  → k_next=4
2026-05-28 11:24:31 [adaptive_k][circle][adaptive_k][k=adaptive][s=9] INFO   Win  7  k=4  [13.5→19.5 s]  interior_MAE=0.020°C  → k_next=5
2026-05-28 11:25:19 [adaptive_k][circle][adaptive_k][k=adaptive][s=9] INFO   Win  8  k=5  [19.5→27.0 s]  interior_MAE=0.019°C  → k_next=5
2026-05-28 11:26:07 [adaptive_k][circle][adaptive_k][k=adaptive][s=9] INFO   Win  9  k=5  [27.0→30.0 s]  interior_MAE=0.014°C  → k_next=5
2026-05-28 11:26:07 [adaptive_k][circle][adaptive_k][k=adaptive][s=9] INFO AdaptiveK done | wins=9 | FEM_solves=9/60 | FEM_saving=85% | MAE=1.670°C | L2=0.0131 | t=469 s
2026-05-28 11:26:07 [adaptive_k][circle][adaptive_k][k=adaptive][s=9] INFO k schedule: t=0.0s:k=1 → t=1.5s:k=1 → t=3.0s:k=1 → t=4.5s:k=1 → t=6.0s:k=2 → t=9.0s:k=3 → t=13.5s:k=4 → t=19.5s:k=5 → t=27.0s:k=5
2026-05-28 11:26:08 [adaptive_k][circle][adaptive_k][k=adaptive][s=9] INFO Saved → /home/coder/NAS-PINNS1/thermal_pinn/quenching_mswp/results/adaptive_k/circle/seed9_adaptive_nsga2_153
2026-05-28 11:26:09 [adaptive_k][lshape][adaptive_k][k=adaptive][s=1] INFO AdaptiveK | arch=[153, 153, 153] | k=[1..5] | thr_up=2.0°C thr_dn=5.0°C | fourier=False
2026-05-28 11:27:03 [adaptive_k][lshape][adaptive_k][k=adaptive][s=1] INFO   Win  1  k=1  [0.0→1.5 s]  interior_MAE=32.896°C  → k_next=1
2026-05-28 11:27:56 [adaptive_k][lshape][adaptive_k][k=adaptive][s=1] INFO   Win  2  k=1  [1.5→3.0 s]  interior_MAE=20.237°C  → k_next=1
2026-05-28 11:28:49 [adaptive_k][lshape][adaptive_k][k=adaptive][s=1] INFO   Win  3  k=1  [3.0→4.5 s]  interior_MAE=9.465°C  → k_next=1
2026-05-28 11:29:41 [adaptive_k][lshape][adaptive_k][k=adaptive][s=1] INFO   Win  4  k=1  [4.5→6.0 s]  interior_MAE=4.565°C  → k_next=1
2026-05-28 11:30:33 [adaptive_k][lshape][adaptive_k][k=adaptive][s=1] INFO   Win  5  k=1  [6.0→7.5 s]  interior_MAE=2.096°C  → k_next=1
2026-05-28 11:31:27 [adaptive_k][lshape][adaptive_k][k=adaptive][s=1] INFO   Win  6  k=1  [7.5→9.0 s]  interior_MAE=0.967°C  → k_next=2
2026-05-28 11:32:19 [adaptive_k][lshape][adaptive_k][k=adaptive][s=1] INFO   Win  7  k=2  [9.0→12.0 s]  interior_MAE=0.708°C  → k_next=3
2026-05-28 11:33:04 [adaptive_k][lshape][adaptive_k][k=adaptive][s=1] INFO   Win  8  k=3  [12.0→16.5 s]  interior_MAE=0.313°C  → k_next=4
2026-05-28 11:33:49 [adaptive_k][lshape][adaptive_k][k=adaptive][s=1] INFO   Win  9  k=4  [16.5→22.5 s]  interior_MAE=0.063°C  → k_next=5
2026-05-28 11:34:33 [adaptive_k][lshape][adaptive_k][k=adaptive][s=1] INFO   Win 10  k=5  [22.5→30.0 s]  interior_MAE=0.025°C  → k_next=5
2026-05-28 11:34:33 [adaptive_k][lshape][adaptive_k][k=adaptive][s=1] INFO AdaptiveK done | wins=10 | FEM_solves=10/60 | FEM_saving=83% | MAE=2.459°C | L2=0.0223 | t=504 s
2026-05-28 11:34:33 [adaptive_k][lshape][adaptive_k][k=adaptive][s=1] INFO k schedule: t=0.0s:k=1 → t=1.5s:k=1 → t=3.0s:k=1 → t=4.5s:k=1 → t=6.0s:k=1 → t=7.5s:k=1 → t=9.0s:k=2 → t=12.0s:k=3 → t=16.5s:k=4 → t=22.5s:k=5
2026-05-28 11:34:33 [adaptive_k][lshape][adaptive_k][k=adaptive][s=1] INFO Saved → /home/coder/NAS-PINNS1/thermal_pinn/quenching_mswp/results/adaptive_k/lshape/seed1_adaptive_nsga2_153
2026-05-28 11:34:34 [adaptive_k][lshape][adaptive_k][k=adaptive][s=2] INFO AdaptiveK | arch=[153, 153, 153] | k=[1..5] | thr_up=2.0°C thr_dn=5.0°C | fourier=False
2026-05-28 11:35:24 [adaptive_k][lshape][adaptive_k][k=adaptive][s=2] INFO   Win  1  k=1  [0.0→1.5 s]  interior_MAE=32.847°C  → k_next=1
2026-05-28 11:36:15 [adaptive_k][lshape][adaptive_k][k=adaptive][s=2] INFO   Win  2  k=1  [1.5→3.0 s]  interior_MAE=19.109°C  → k_next=1
2026-05-28 11:37:06 [adaptive_k][lshape][adaptive_k][k=adaptive][s=2] INFO   Win  3  k=1  [3.0→4.5 s]  interior_MAE=9.819°C  → k_next=1
2026-05-28 11:37:57 [adaptive_k][lshape][adaptive_k][k=adaptive][s=2] INFO   Win  4  k=1  [4.5→6.0 s]  interior_MAE=4.850°C  → k_next=1
2026-05-28 11:38:48 [adaptive_k][lshape][adaptive_k][k=adaptive][s=2] INFO   Win  5  k=1  [6.0→7.5 s]  interior_MAE=2.264°C  → k_next=1
2026-05-28 11:39:40 [adaptive_k][lshape][adaptive_k][k=adaptive][s=2] INFO   Win  6  k=1  [7.5→9.0 s]  interior_MAE=1.015°C  → k_next=2
2026-05-28 11:40:30 [adaptive_k][lshape][adaptive_k][k=adaptive][s=2] INFO   Win  7  k=2  [9.0→12.0 s]  interior_MAE=0.665°C  → k_next=3
2026-05-28 11:41:14 [adaptive_k][lshape][adaptive_k][k=adaptive][s=2] INFO   Win  8  k=3  [12.0→16.5 s]  interior_MAE=0.316°C  → k_next=4
2026-05-28 11:41:57 [adaptive_k][lshape][adaptive_k][k=adaptive][s=2] INFO   Win  9  k=4  [16.5→22.5 s]  interior_MAE=0.066°C  → k_next=5
2026-05-28 11:42:40 [adaptive_k][lshape][adaptive_k][k=adaptive][s=2] INFO   Win 10  k=5  [22.5→30.0 s]  interior_MAE=0.027°C  → k_next=5
2026-05-28 11:42:40 [adaptive_k][lshape][adaptive_k][k=adaptive][s=2] INFO AdaptiveK done | wins=10 | FEM_solves=10/60 | FEM_saving=83% | MAE=2.446°C | L2=0.0224 | t=486 s
2026-05-28 11:42:40 [adaptive_k][lshape][adaptive_k][k=adaptive][s=2] INFO k schedule: t=0.0s:k=1 → t=1.5s:k=1 → t=3.0s:k=1 → t=4.5s:k=1 → t=6.0s:k=1 → t=7.5s:k=1 → t=9.0s:k=2 → t=12.0s:k=3 → t=16.5s:k=4 → t=22.5s:k=5
2026-05-28 11:42:40 [adaptive_k][lshape][adaptive_k][k=adaptive][s=2] INFO Saved → /home/coder/NAS-PINNS1/thermal_pinn/quenching_mswp/results/adaptive_k/lshape/seed2_adaptive_nsga2_153
2026-05-28 11:42:40 [adaptive_k][lshape][adaptive_k][k=adaptive][s=3] INFO AdaptiveK | arch=[153, 153, 153] | k=[1..5] | thr_up=2.0°C thr_dn=5.0°C | fourier=False
2026-05-28 11:43:31 [adaptive_k][lshape][adaptive_k][k=adaptive][s=3] INFO   Win  1  k=1  [0.0→1.5 s]  interior_MAE=31.562°C  → k_next=1
2026-05-28 11:44:21 [adaptive_k][lshape][adaptive_k][k=adaptive][s=3] INFO   Win  2  k=1  [1.5→3.0 s]  interior_MAE=20.080°C  → k_next=1
2026-05-28 11:45:13 [adaptive_k][lshape][adaptive_k][k=adaptive][s=3] INFO   Win  3  k=1  [3.0→4.5 s]  interior_MAE=9.867°C  → k_next=1
2026-05-28 11:46:04 [adaptive_k][lshape][adaptive_k][k=adaptive][s=3] INFO   Win  4  k=1  [4.5→6.0 s]  interior_MAE=4.640°C  → k_next=1
2026-05-28 11:46:55 [adaptive_k][lshape][adaptive_k][k=adaptive][s=3] INFO   Win  5  k=1  [6.0→7.5 s]  interior_MAE=2.096°C  → k_next=1
2026-05-28 11:47:46 [adaptive_k][lshape][adaptive_k][k=adaptive][s=3] INFO   Win  6  k=1  [7.5→9.0 s]  interior_MAE=1.099°C  → k_next=2
2026-05-28 11:48:37 [adaptive_k][lshape][adaptive_k][k=adaptive][s=3] INFO   Win  7  k=2  [9.0→12.0 s]  interior_MAE=0.675°C  → k_next=3
2026-05-28 11:49:20 [adaptive_k][lshape][adaptive_k][k=adaptive][s=3] INFO   Win  8  k=3  [12.0→16.5 s]  interior_MAE=0.322°C  → k_next=4
2026-05-28 11:50:04 [adaptive_k][lshape][adaptive_k][k=adaptive][s=3] INFO   Win  9  k=4  [16.5→22.5 s]  interior_MAE=0.055°C  → k_next=5
2026-05-28 11:50:47 [adaptive_k][lshape][adaptive_k][k=adaptive][s=3] INFO   Win 10  k=5  [22.5→30.0 s]  interior_MAE=0.033°C  → k_next=5
2026-05-28 11:50:47 [adaptive_k][lshape][adaptive_k][k=adaptive][s=3] INFO AdaptiveK done | wins=10 | FEM_solves=10/60 | FEM_saving=83% | MAE=2.428°C | L2=0.0224 | t=487 s
2026-05-28 11:50:47 [adaptive_k][lshape][adaptive_k][k=adaptive][s=3] INFO k schedule: t=0.0s:k=1 → t=1.5s:k=1 → t=3.0s:k=1 → t=4.5s:k=1 → t=6.0s:k=1 → t=7.5s:k=1 → t=9.0s:k=2 → t=12.0s:k=3 → t=16.5s:k=4 → t=22.5s:k=5
2026-05-28 11:50:47 [adaptive_k][lshape][adaptive_k][k=adaptive][s=3] INFO Saved → /home/coder/NAS-PINNS1/thermal_pinn/quenching_mswp/results/adaptive_k/lshape/seed3_adaptive_nsga2_153
2026-05-28 11:50:47 [adaptive_k][lshape][adaptive_k][k=adaptive][s=4] INFO AdaptiveK | arch=[153, 153, 153] | k=[1..5] | thr_up=2.0°C thr_dn=5.0°C | fourier=False
2026-05-28 11:51:38 [adaptive_k][lshape][adaptive_k][k=adaptive][s=4] INFO   Win  1  k=1  [0.0→1.5 s]  interior_MAE=31.829°C  → k_next=1
2026-05-28 11:52:30 [adaptive_k][lshape][adaptive_k][k=adaptive][s=4] INFO   Win  2  k=1  [1.5→3.0 s]  interior_MAE=19.966°C  → k_next=1
2026-05-28 11:53:21 [adaptive_k][lshape][adaptive_k][k=adaptive][s=4] INFO   Win  3  k=1  [3.0→4.5 s]  interior_MAE=9.396°C  → k_next=1
2026-05-28 11:54:12 [adaptive_k][lshape][adaptive_k][k=adaptive][s=4] INFO   Win  4  k=1  [4.5→6.0 s]  interior_MAE=4.665°C  → k_next=1
2026-05-28 11:55:03 [adaptive_k][lshape][adaptive_k][k=adaptive][s=4] INFO   Win  5  k=1  [6.0→7.5 s]  interior_MAE=1.913°C  → k_next=2
2026-05-28 11:55:56 [adaptive_k][lshape][adaptive_k][k=adaptive][s=4] INFO   Win  6  k=2  [7.5→10.5 s]  interior_MAE=1.401°C  → k_next=3
2026-05-28 11:56:41 [adaptive_k][lshape][adaptive_k][k=adaptive][s=4] INFO   Win  7  k=3  [10.5→15.0 s]  interior_MAE=0.541°C  → k_next=4
2026-05-28 11:57:24 [adaptive_k][lshape][adaptive_k][k=adaptive][s=4] INFO   Win  8  k=4  [15.0→21.0 s]  interior_MAE=0.095°C  → k_next=5
2026-05-28 11:58:08 [adaptive_k][lshape][adaptive_k][k=adaptive][s=4] INFO   Win  9  k=5  [21.0→28.5 s]  interior_MAE=0.023°C  → k_next=5
2026-05-28 11:58:53 [adaptive_k][lshape][adaptive_k][k=adaptive][s=4] INFO   Win 10  k=5  [28.5→30.0 s]  interior_MAE=0.009°C  → k_next=5
2026-05-28 11:58:53 [adaptive_k][lshape][adaptive_k][k=adaptive][s=4] INFO AdaptiveK done | wins=10 | FEM_solves=10/60 | FEM_saving=83% | MAE=2.471°C | L2=0.0241 | t=486 s
2026-05-28 11:58:53 [adaptive_k][lshape][adaptive_k][k=adaptive][s=4] INFO k schedule: t=0.0s:k=1 → t=1.5s:k=1 → t=3.0s:k=1 → t=4.5s:k=1 → t=6.0s:k=1 → t=7.5s:k=2 → t=10.5s:k=3 → t=15.0s:k=4 → t=21.0s:k=5 → t=28.5s:k=5
2026-05-28 11:58:53 [adaptive_k][lshape][adaptive_k][k=adaptive][s=4] INFO Saved → /home/coder/NAS-PINNS1/thermal_pinn/quenching_mswp/results/adaptive_k/lshape/seed4_adaptive_nsga2_153
2026-05-28 11:58:54 [adaptive_k][lshape][adaptive_k][k=adaptive][s=5] INFO AdaptiveK | arch=[153, 153, 153] | k=[1..5] | thr_up=2.0°C thr_dn=5.0°C | fourier=False
2026-05-28 11:59:46 [adaptive_k][lshape][adaptive_k][k=adaptive][s=5] INFO   Win  1  k=1  [0.0→1.5 s]  interior_MAE=30.621°C  → k_next=1
2026-05-28 12:00:37 [adaptive_k][lshape][adaptive_k][k=adaptive][s=5] INFO   Win  2  k=1  [1.5→3.0 s]  interior_MAE=19.272°C  → k_next=1
2026-05-28 12:01:29 [adaptive_k][lshape][adaptive_k][k=adaptive][s=5] INFO   Win  3  k=1  [3.0→4.5 s]  interior_MAE=9.570°C  → k_next=1
2026-05-28 12:02:21 [adaptive_k][lshape][adaptive_k][k=adaptive][s=5] INFO   Win  4  k=1  [4.5→6.0 s]  interior_MAE=4.534°C  → k_next=1
2026-05-28 12:03:13 [adaptive_k][lshape][adaptive_k][k=adaptive][s=5] INFO   Win  5  k=1  [6.0→7.5 s]  interior_MAE=2.022°C  → k_next=1
2026-05-28 12:04:05 [adaptive_k][lshape][adaptive_k][k=adaptive][s=5] INFO   Win  6  k=1  [7.5→9.0 s]  interior_MAE=0.988°C  → k_next=2
2026-05-28 12:04:58 [adaptive_k][lshape][adaptive_k][k=adaptive][s=5] INFO   Win  7  k=2  [9.0→12.0 s]  interior_MAE=0.675°C  → k_next=3
2026-05-28 12:05:41 [adaptive_k][lshape][adaptive_k][k=adaptive][s=5] INFO   Win  8  k=3  [12.0→16.5 s]  interior_MAE=0.345°C  → k_next=4
2026-05-28 12:06:26 [adaptive_k][lshape][adaptive_k][k=adaptive][s=5] INFO   Win  9  k=4  [16.5→22.5 s]  interior_MAE=0.057°C  → k_next=5
2026-05-28 12:07:09 [adaptive_k][lshape][adaptive_k][k=adaptive][s=5] INFO   Win 10  k=5  [22.5→30.0 s]  interior_MAE=0.012°C  → k_next=5
2026-05-28 12:07:09 [adaptive_k][lshape][adaptive_k][k=adaptive][s=5] INFO AdaptiveK done | wins=10 | FEM_solves=10/60 | FEM_saving=83% | MAE=2.349°C | L2=0.0217 | t=496 s
2026-05-28 12:07:09 [adaptive_k][lshape][adaptive_k][k=adaptive][s=5] INFO k schedule: t=0.0s:k=1 → t=1.5s:k=1 → t=3.0s:k=1 → t=4.5s:k=1 → t=6.0s:k=1 → t=7.5s:k=1 → t=9.0s:k=2 → t=12.0s:k=3 → t=16.5s:k=4 → t=22.5s:k=5
2026-05-28 12:07:09 [adaptive_k][lshape][adaptive_k][k=adaptive][s=5] INFO Saved → /home/coder/NAS-PINNS1/thermal_pinn/quenching_mswp/results/adaptive_k/lshape/seed5_adaptive_nsga2_153
2026-05-28 12:07:10 [adaptive_k][lshape][adaptive_k][k=adaptive][s=6] INFO AdaptiveK | arch=[153, 153, 153] | k=[1..5] | thr_up=2.0°C thr_dn=5.0°C | fourier=False
2026-05-28 12:08:01 [adaptive_k][lshape][adaptive_k][k=adaptive][s=6] INFO   Win  1  k=1  [0.0→1.5 s]  interior_MAE=31.749°C  → k_next=1
2026-05-28 12:08:53 [adaptive_k][lshape][adaptive_k][k=adaptive][s=6] INFO   Win  2  k=1  [1.5→3.0 s]  interior_MAE=20.288°C  → k_next=1
2026-05-28 12:09:44 [adaptive_k][lshape][adaptive_k][k=adaptive][s=6] INFO   Win  3  k=1  [3.0→4.5 s]  interior_MAE=10.130°C  → k_next=1
2026-05-28 12:10:35 [adaptive_k][lshape][adaptive_k][k=adaptive][s=6] INFO   Win  4  k=1  [4.5→6.0 s]  interior_MAE=4.699°C  → k_next=1
2026-05-28 12:11:28 [adaptive_k][lshape][adaptive_k][k=adaptive][s=6] INFO   Win  5  k=1  [6.0→7.5 s]  interior_MAE=1.967°C  → k_next=2
2026-05-28 12:12:20 [adaptive_k][lshape][adaptive_k][k=adaptive][s=6] INFO   Win  6  k=2  [7.5→10.5 s]  interior_MAE=1.473°C  → k_next=3
2026-05-28 12:13:03 [adaptive_k][lshape][adaptive_k][k=adaptive][s=6] INFO   Win  7  k=3  [10.5→15.0 s]  interior_MAE=0.645°C  → k_next=4
2026-05-28 12:13:47 [adaptive_k][lshape][adaptive_k][k=adaptive][s=6] INFO   Win  8  k=4  [15.0→21.0 s]  interior_MAE=0.142°C  → k_next=5
2026-05-28 12:14:31 [adaptive_k][lshape][adaptive_k][k=adaptive][s=6] INFO   Win  9  k=5  [21.0→28.5 s]  interior_MAE=0.026°C  → k_next=5
2026-05-28 12:15:15 [adaptive_k][lshape][adaptive_k][k=adaptive][s=6] INFO   Win 10  k=5  [28.5→30.0 s]  interior_MAE=0.010°C  → k_next=5
2026-05-28 12:15:15 [adaptive_k][lshape][adaptive_k][k=adaptive][s=6] INFO AdaptiveK done | wins=10 | FEM_solves=10/60 | FEM_saving=83% | MAE=2.536°C | L2=0.0258 | t=485 s
2026-05-28 12:15:15 [adaptive_k][lshape][adaptive_k][k=adaptive][s=6] INFO k schedule: t=0.0s:k=1 → t=1.5s:k=1 → t=3.0s:k=1 → t=4.5s:k=1 → t=6.0s:k=1 → t=7.5s:k=2 → t=10.5s:k=3 → t=15.0s:k=4 → t=21.0s:k=5 → t=28.5s:k=5
2026-05-28 12:15:15 [adaptive_k][lshape][adaptive_k][k=adaptive][s=6] INFO Saved → /home/coder/NAS-PINNS1/thermal_pinn/quenching_mswp/results/adaptive_k/lshape/seed6_adaptive_nsga2_153
2026-05-28 12:15:15 [adaptive_k][lshape][adaptive_k][k=adaptive][s=7] INFO AdaptiveK | arch=[153, 153, 153] | k=[1..5] | thr_up=2.0°C thr_dn=5.0°C | fourier=False
2026-05-28 12:16:07 [adaptive_k][lshape][adaptive_k][k=adaptive][s=7] INFO   Win  1  k=1  [0.0→1.5 s]  interior_MAE=31.472°C  → k_next=1
2026-05-28 12:16:59 [adaptive_k][lshape][adaptive_k][k=adaptive][s=7] INFO   Win  2  k=1  [1.5→3.0 s]  interior_MAE=19.976°C  → k_next=1
2026-05-28 12:17:51 [adaptive_k][lshape][adaptive_k][k=adaptive][s=7] INFO   Win  3  k=1  [3.0→4.5 s]  interior_MAE=9.724°C  → k_next=1
2026-05-28 12:18:44 [adaptive_k][lshape][adaptive_k][k=adaptive][s=7] INFO   Win  4  k=1  [4.5→6.0 s]  interior_MAE=4.405°C  → k_next=1
2026-05-28 12:19:37 [adaptive_k][lshape][adaptive_k][k=adaptive][s=7] INFO   Win  5  k=1  [6.0→7.5 s]  interior_MAE=2.329°C  → k_next=1
2026-05-28 12:20:29 [adaptive_k][lshape][adaptive_k][k=adaptive][s=7] INFO   Win  6  k=1  [7.5→9.0 s]  interior_MAE=1.001°C  → k_next=2
2026-05-28 12:21:22 [adaptive_k][lshape][adaptive_k][k=adaptive][s=7] INFO   Win  7  k=2  [9.0→12.0 s]  interior_MAE=0.699°C  → k_next=3
2026-05-28 12:22:06 [adaptive_k][lshape][adaptive_k][k=adaptive][s=7] INFO   Win  8  k=3  [12.0→16.5 s]  interior_MAE=0.331°C  → k_next=4
2026-05-28 12:22:51 [adaptive_k][lshape][adaptive_k][k=adaptive][s=7] INFO   Win  9  k=4  [16.5→22.5 s]  interior_MAE=0.068°C  → k_next=5
2026-05-28 12:23:37 [adaptive_k][lshape][adaptive_k][k=adaptive][s=7] INFO   Win 10  k=5  [22.5→30.0 s]  interior_MAE=0.014°C  → k_next=5
2026-05-28 12:23:37 [adaptive_k][lshape][adaptive_k][k=adaptive][s=7] INFO AdaptiveK done | wins=10 | FEM_solves=10/60 | FEM_saving=83% | MAE=2.415°C | L2=0.0223 | t=502 s
2026-05-28 12:23:37 [adaptive_k][lshape][adaptive_k][k=adaptive][s=7] INFO k schedule: t=0.0s:k=1 → t=1.5s:k=1 → t=3.0s:k=1 → t=4.5s:k=1 → t=6.0s:k=1 → t=7.5s:k=1 → t=9.0s:k=2 → t=12.0s:k=3 → t=16.5s:k=4 → t=22.5s:k=5
2026-05-28 12:23:37 [adaptive_k][lshape][adaptive_k][k=adaptive][s=7] INFO Saved → /home/coder/NAS-PINNS1/thermal_pinn/quenching_mswp/results/adaptive_k/lshape/seed7_adaptive_nsga2_153
2026-05-28 12:23:37 [adaptive_k][lshape][adaptive_k][k=adaptive][s=8] INFO AdaptiveK | arch=[153, 153, 153] | k=[1..5] | thr_up=2.0°C thr_dn=5.0°C | fourier=False
2026-05-28 12:24:29 [adaptive_k][lshape][adaptive_k][k=adaptive][s=8] INFO   Win  1  k=1  [0.0→1.5 s]  interior_MAE=32.691°C  → k_next=1
2026-05-28 12:25:21 [adaptive_k][lshape][adaptive_k][k=adaptive][s=8] INFO   Win  2  k=1  [1.5→3.0 s]  interior_MAE=19.992°C  → k_next=1
2026-05-28 12:26:13 [adaptive_k][lshape][adaptive_k][k=adaptive][s=8] INFO   Win  3  k=1  [3.0→4.5 s]  interior_MAE=9.524°C  → k_next=1
2026-05-28 12:27:05 [adaptive_k][lshape][adaptive_k][k=adaptive][s=8] INFO   Win  4  k=1  [4.5→6.0 s]  interior_MAE=4.486°C  → k_next=1
2026-05-28 12:27:57 [adaptive_k][lshape][adaptive_k][k=adaptive][s=8] INFO   Win  5  k=1  [6.0→7.5 s]  interior_MAE=2.275°C  → k_next=1
2026-05-28 12:28:49 [adaptive_k][lshape][adaptive_k][k=adaptive][s=8] INFO   Win  6  k=1  [7.5→9.0 s]  interior_MAE=1.018°C  → k_next=2
2026-05-28 12:29:41 [adaptive_k][lshape][adaptive_k][k=adaptive][s=8] INFO   Win  7  k=2  [9.0→12.0 s]  interior_MAE=0.675°C  → k_next=3
2026-05-28 12:30:25 [adaptive_k][lshape][adaptive_k][k=adaptive][s=8] INFO   Win  8  k=3  [12.0→16.5 s]  interior_MAE=0.331°C  → k_next=4
2026-05-28 12:31:08 [adaptive_k][lshape][adaptive_k][k=adaptive][s=8] INFO   Win  9  k=4  [16.5→22.5 s]  interior_MAE=0.065°C  → k_next=5
2026-05-28 12:31:52 [adaptive_k][lshape][adaptive_k][k=adaptive][s=8] INFO   Win 10  k=5  [22.5→30.0 s]  interior_MAE=0.015°C  → k_next=5
2026-05-28 12:31:52 [adaptive_k][lshape][adaptive_k][k=adaptive][s=8] INFO AdaptiveK done | wins=10 | FEM_solves=10/60 | FEM_saving=83% | MAE=2.449°C | L2=0.0223 | t=495 s
2026-05-28 12:31:52 [adaptive_k][lshape][adaptive_k][k=adaptive][s=8] INFO k schedule: t=0.0s:k=1 → t=1.5s:k=1 → t=3.0s:k=1 → t=4.5s:k=1 → t=6.0s:k=1 → t=7.5s:k=1 → t=9.0s:k=2 → t=12.0s:k=3 → t=16.5s:k=4 → t=22.5s:k=5
2026-05-28 12:31:52 [adaptive_k][lshape][adaptive_k][k=adaptive][s=8] INFO Saved → /home/coder/NAS-PINNS1/thermal_pinn/quenching_mswp/results/adaptive_k/lshape/seed8_adaptive_nsga2_153
2026-05-28 12:31:53 [adaptive_k][lshape][adaptive_k][k=adaptive][s=9] INFO AdaptiveK | arch=[153, 153, 153] | k=[1..5] | thr_up=2.0°C thr_dn=5.0°C | fourier=False
2026-05-28 12:32:44 [adaptive_k][lshape][adaptive_k][k=adaptive][s=9] INFO   Win  1  k=1  [0.0→1.5 s]  interior_MAE=30.267°C  → k_next=1
2026-05-28 12:33:36 [adaptive_k][lshape][adaptive_k][k=adaptive][s=9] INFO   Win  2  k=1  [1.5→3.0 s]  interior_MAE=20.052°C  → k_next=1
2026-05-28 12:34:28 [adaptive_k][lshape][adaptive_k][k=adaptive][s=9] INFO   Win  3  k=1  [3.0→4.5 s]  interior_MAE=9.846°C  → k_next=1
2026-05-28 12:35:20 [adaptive_k][lshape][adaptive_k][k=adaptive][s=9] INFO   Win  4  k=1  [4.5→6.0 s]  interior_MAE=4.570°C  → k_next=1
2026-05-28 12:36:11 [adaptive_k][lshape][adaptive_k][k=adaptive][s=9] INFO   Win  5  k=1  [6.0→7.5 s]  interior_MAE=2.048°C  → k_next=1
2026-05-28 12:37:04 [adaptive_k][lshape][adaptive_k][k=adaptive][s=9] INFO   Win  6  k=1  [7.5→9.0 s]  interior_MAE=0.952°C  → k_next=2
2026-05-28 12:37:56 [adaptive_k][lshape][adaptive_k][k=adaptive][s=9] INFO   Win  7  k=2  [9.0→12.0 s]  interior_MAE=0.727°C  → k_next=3
2026-05-28 12:38:40 [adaptive_k][lshape][adaptive_k][k=adaptive][s=9] INFO   Win  8  k=3  [12.0→16.5 s]  interior_MAE=0.334°C  → k_next=4
2026-05-28 12:39:24 [adaptive_k][lshape][adaptive_k][k=adaptive][s=9] INFO   Win  9  k=4  [16.5→22.5 s]  interior_MAE=0.049°C  → k_next=5
2026-05-28 12:40:08 [adaptive_k][lshape][adaptive_k][k=adaptive][s=9] INFO   Win 10  k=5  [22.5→30.0 s]  interior_MAE=0.011°C  → k_next=5
2026-05-28 12:40:08 [adaptive_k][lshape][adaptive_k][k=adaptive][s=9] INFO AdaptiveK done | wins=10 | FEM_solves=10/60 | FEM_saving=83% | MAE=2.374°C | L2=0.0219 | t=495 s
2026-05-28 12:40:08 [adaptive_k][lshape][adaptive_k][k=adaptive][s=9] INFO k schedule: t=0.0s:k=1 → t=1.5s:k=1 → t=3.0s:k=1 → t=4.5s:k=1 → t=6.0s:k=1 → t=7.5s:k=1 → t=9.0s:k=2 → t=12.0s:k=3 → t=16.5s:k=4 → t=22.5s:k=5
2026-05-28 12:40:08 [adaptive_k][lshape][adaptive_k][k=adaptive][s=9] INFO Saved → /home/coder/NAS-PINNS1/thermal_pinn/quenching_mswp/results/adaptive_k/lshape/seed9_adaptive_nsga2_153
2026-05-28 12:40:09 [adaptive_k][flower][adaptive_k][k=adaptive][s=1] INFO AdaptiveK | arch=[153, 153, 153] | k=[1..5] | thr_up=2.0°C thr_dn=5.0°C | fourier=False
2026-05-28 12:41:28 [adaptive_k][flower][adaptive_k][k=adaptive][s=1] INFO   Win  1  k=1  [0.0→1.5 s]  interior_MAE=45.487°C  → k_next=1
2026-05-28 12:42:47 [adaptive_k][flower][adaptive_k][k=adaptive][s=1] INFO   Win  2  k=1  [1.5→3.0 s]  interior_MAE=10.950°C  → k_next=1
2026-05-28 12:44:05 [adaptive_k][flower][adaptive_k][k=adaptive][s=1] INFO   Win  3  k=1  [3.0→4.5 s]  interior_MAE=2.266°C  → k_next=1
2026-05-28 12:45:24 [adaptive_k][flower][adaptive_k][k=adaptive][s=1] INFO   Win  4  k=1  [4.5→6.0 s]  interior_MAE=0.572°C  → k_next=2
2026-05-28 12:46:34 [adaptive_k][flower][adaptive_k][k=adaptive][s=1] INFO   Win  5  k=2  [6.0→9.0 s]  interior_MAE=0.332°C  → k_next=3
2026-05-28 12:47:44 [adaptive_k][flower][adaptive_k][k=adaptive][s=1] INFO   Win  6  k=3  [9.0→13.5 s]  interior_MAE=0.022°C  → k_next=4
2026-05-28 12:48:54 [adaptive_k][flower][adaptive_k][k=adaptive][s=1] INFO   Win  7  k=4  [13.5→19.5 s]  interior_MAE=0.006°C  → k_next=5
2026-05-28 12:50:05 [adaptive_k][flower][adaptive_k][k=adaptive][s=1] INFO   Win  8  k=5  [19.5→27.0 s]  interior_MAE=0.026°C  → k_next=5
2026-05-28 12:51:16 [adaptive_k][flower][adaptive_k][k=adaptive][s=1] INFO   Win  9  k=5  [27.0→30.0 s]  interior_MAE=0.009°C  → k_next=5
2026-05-28 12:51:16 [adaptive_k][flower][adaptive_k][k=adaptive][s=1] INFO AdaptiveK done | wins=9 | FEM_solves=9/60 | FEM_saving=85% | MAE=2.014°C | L2=0.0157 | t=667 s
2026-05-28 12:51:16 [adaptive_k][flower][adaptive_k][k=adaptive][s=1] INFO k schedule: t=0.0s:k=1 → t=1.5s:k=1 → t=3.0s:k=1 → t=4.5s:k=1 → t=6.0s:k=2 → t=9.0s:k=3 → t=13.5s:k=4 → t=19.5s:k=5 → t=27.0s:k=5
2026-05-28 12:51:16 [adaptive_k][flower][adaptive_k][k=adaptive][s=1] INFO Saved → /home/coder/NAS-PINNS1/thermal_pinn/quenching_mswp/results/adaptive_k/flower/seed1_adaptive_nsga2_153
2026-05-28 12:51:17 [adaptive_k][flower][adaptive_k][k=adaptive][s=2] INFO AdaptiveK | arch=[153, 153, 153] | k=[1..5] | thr_up=2.0°C thr_dn=5.0°C | fourier=False
2026-05-28 12:52:35 [adaptive_k][flower][adaptive_k][k=adaptive][s=2] INFO   Win  1  k=1  [0.0→1.5 s]  interior_MAE=46.570°C  → k_next=1
2026-05-28 12:53:55 [adaptive_k][flower][adaptive_k][k=adaptive][s=2] INFO   Win  2  k=1  [1.5→3.0 s]  interior_MAE=11.625°C  → k_next=1
2026-05-28 12:55:15 [adaptive_k][flower][adaptive_k][k=adaptive][s=2] INFO   Win  3  k=1  [3.0→4.5 s]  interior_MAE=2.345°C  → k_next=1
2026-05-28 12:56:35 [adaptive_k][flower][adaptive_k][k=adaptive][s=2] INFO   Win  4  k=1  [4.5→6.0 s]  interior_MAE=0.606°C  → k_next=2
2026-05-28 12:57:47 [adaptive_k][flower][adaptive_k][k=adaptive][s=2] INFO   Win  5  k=2  [6.0→9.0 s]  interior_MAE=0.366°C  → k_next=3
2026-05-28 12:58:59 [adaptive_k][flower][adaptive_k][k=adaptive][s=2] INFO   Win  6  k=3  [9.0→13.5 s]  interior_MAE=0.067°C  → k_next=4
2026-05-28 13:00:10 [adaptive_k][flower][adaptive_k][k=adaptive][s=2] INFO   Win  7  k=4  [13.5→19.5 s]  interior_MAE=0.014°C  → k_next=5
2026-05-28 13:01:20 [adaptive_k][flower][adaptive_k][k=adaptive][s=2] INFO   Win  8  k=5  [19.5→27.0 s]  interior_MAE=0.046°C  → k_next=5
2026-05-28 13:02:30 [adaptive_k][flower][adaptive_k][k=adaptive][s=2] INFO   Win  9  k=5  [27.0→30.0 s]  interior_MAE=0.007°C  → k_next=5
2026-05-28 13:02:30 [adaptive_k][flower][adaptive_k][k=adaptive][s=2] INFO AdaptiveK done | wins=9 | FEM_solves=9/60 | FEM_saving=85% | MAE=2.092°C | L2=0.0168 | t=674 s
2026-05-28 13:02:30 [adaptive_k][flower][adaptive_k][k=adaptive][s=2] INFO k schedule: t=0.0s:k=1 → t=1.5s:k=1 → t=3.0s:k=1 → t=4.5s:k=1 → t=6.0s:k=2 → t=9.0s:k=3 → t=13.5s:k=4 → t=19.5s:k=5 → t=27.0s:k=5
2026-05-28 13:02:30 [adaptive_k][flower][adaptive_k][k=adaptive][s=2] INFO Saved → /home/coder/NAS-PINNS1/thermal_pinn/quenching_mswp/results/adaptive_k/flower/seed2_adaptive_nsga2_153
2026-05-28 13:02:31 [adaptive_k][flower][adaptive_k][k=adaptive][s=3] INFO AdaptiveK | arch=[153, 153, 153] | k=[1..5] | thr_up=2.0°C thr_dn=5.0°C | fourier=False
2026-05-28 13:03:52 [adaptive_k][flower][adaptive_k][k=adaptive][s=3] INFO   Win  1  k=1  [0.0→1.5 s]  interior_MAE=46.935°C  → k_next=1
2026-05-28 13:05:16 [adaptive_k][flower][adaptive_k][k=adaptive][s=3] INFO   Win  2  k=1  [1.5→3.0 s]  interior_MAE=11.562°C  → k_next=1
2026-05-28 13:06:37 [adaptive_k][flower][adaptive_k][k=adaptive][s=3] INFO   Win  3  k=1  [3.0→4.5 s]  interior_MAE=2.710°C  → k_next=1
2026-05-28 13:07:57 [adaptive_k][flower][adaptive_k][k=adaptive][s=3] INFO   Win  4  k=1  [4.5→6.0 s]  interior_MAE=0.549°C  → k_next=2
2026-05-28 13:09:10 [adaptive_k][flower][adaptive_k][k=adaptive][s=3] INFO   Win  5  k=2  [6.0→9.0 s]  interior_MAE=0.344°C  → k_next=3
2026-05-28 13:10:22 [adaptive_k][flower][adaptive_k][k=adaptive][s=3] INFO   Win  6  k=3  [9.0→13.5 s]  interior_MAE=0.023°C  → k_next=4
2026-05-28 13:11:37 [adaptive_k][flower][adaptive_k][k=adaptive][s=3] INFO   Win  7  k=4  [13.5→19.5 s]  interior_MAE=0.053°C  → k_next=5
2026-05-28 13:12:50 [adaptive_k][flower][adaptive_k][k=adaptive][s=3] INFO   Win  8  k=5  [19.5→27.0 s]  interior_MAE=0.015°C  → k_next=5
2026-05-28 13:14:00 [adaptive_k][flower][adaptive_k][k=adaptive][s=3] INFO   Win  9  k=5  [27.0→30.0 s]  interior_MAE=0.087°C  → k_next=5
2026-05-28 13:14:00 [adaptive_k][flower][adaptive_k][k=adaptive][s=3] INFO AdaptiveK done | wins=9 | FEM_solves=9/60 | FEM_saving=85% | MAE=2.111°C | L2=0.0170 | t=689 s
2026-05-28 13:14:00 [adaptive_k][flower][adaptive_k][k=adaptive][s=3] INFO k schedule: t=0.0s:k=1 → t=1.5s:k=1 → t=3.0s:k=1 → t=4.5s:k=1 → t=6.0s:k=2 → t=9.0s:k=3 → t=13.5s:k=4 → t=19.5s:k=5 → t=27.0s:k=5
2026-05-28 13:14:00 [adaptive_k][flower][adaptive_k][k=adaptive][s=3] INFO Saved → /home/coder/NAS-PINNS1/thermal_pinn/quenching_mswp/results/adaptive_k/flower/seed3_adaptive_nsga2_153
2026-05-28 13:14:01 [adaptive_k][flower][adaptive_k][k=adaptive][s=4] INFO AdaptiveK | arch=[153, 153, 153] | k=[1..5] | thr_up=2.0°C thr_dn=5.0°C | fourier=False
2026-05-28 13:15:20 [adaptive_k][flower][adaptive_k][k=adaptive][s=4] INFO   Win  1  k=1  [0.0→1.5 s]  interior_MAE=47.363°C  → k_next=1
2026-05-28 13:16:38 [adaptive_k][flower][adaptive_k][k=adaptive][s=4] INFO   Win  2  k=1  [1.5→3.0 s]  interior_MAE=11.441°C  → k_next=1
2026-05-28 13:17:57 [adaptive_k][flower][adaptive_k][k=adaptive][s=4] INFO   Win  3  k=1  [3.0→4.5 s]  interior_MAE=2.294°C  → k_next=1
2026-05-28 13:19:16 [adaptive_k][flower][adaptive_k][k=adaptive][s=4] INFO   Win  4  k=1  [4.5→6.0 s]  interior_MAE=0.619°C  → k_next=2
2026-05-28 13:20:26 [adaptive_k][flower][adaptive_k][k=adaptive][s=4] INFO   Win  5  k=2  [6.0→9.0 s]  interior_MAE=0.344°C  → k_next=3
2026-05-28 13:21:35 [adaptive_k][flower][adaptive_k][k=adaptive][s=4] INFO   Win  6  k=3  [9.0→13.5 s]  interior_MAE=0.030°C  → k_next=4
2026-05-28 13:22:45 [adaptive_k][flower][adaptive_k][k=adaptive][s=4] INFO   Win  7  k=4  [13.5→19.5 s]  interior_MAE=0.014°C  → k_next=5
2026-05-28 13:23:54 [adaptive_k][flower][adaptive_k][k=adaptive][s=4] INFO   Win  8  k=5  [19.5→27.0 s]  interior_MAE=0.012°C  → k_next=5
2026-05-28 13:25:05 [adaptive_k][flower][adaptive_k][k=adaptive][s=4] INFO   Win  9  k=5  [27.0→30.0 s]  interior_MAE=0.007°C  → k_next=5
2026-05-28 13:25:05 [adaptive_k][flower][adaptive_k][k=adaptive][s=4] INFO AdaptiveK done | wins=9 | FEM_solves=9/60 | FEM_saving=85% | MAE=2.096°C | L2=0.0161 | t=665 s
2026-05-28 13:25:05 [adaptive_k][flower][adaptive_k][k=adaptive][s=4] INFO k schedule: t=0.0s:k=1 → t=1.5s:k=1 → t=3.0s:k=1 → t=4.5s:k=1 → t=6.0s:k=2 → t=9.0s:k=3 → t=13.5s:k=4 → t=19.5s:k=5 → t=27.0s:k=5
2026-05-28 13:25:05 [adaptive_k][flower][adaptive_k][k=adaptive][s=4] INFO Saved → /home/coder/NAS-PINNS1/thermal_pinn/quenching_mswp/results/adaptive_k/flower/seed4_adaptive_nsga2_153
2026-05-28 13:25:06 [adaptive_k][flower][adaptive_k][k=adaptive][s=5] INFO AdaptiveK | arch=[153, 153, 153] | k=[1..5] | thr_up=2.0°C thr_dn=5.0°C | fourier=False
2026-05-28 13:26:25 [adaptive_k][flower][adaptive_k][k=adaptive][s=5] INFO   Win  1  k=1  [0.0→1.5 s]  interior_MAE=51.054°C  → k_next=1
2026-05-28 13:27:44 [adaptive_k][flower][adaptive_k][k=adaptive][s=5] INFO   Win  2  k=1  [1.5→3.0 s]  interior_MAE=10.714°C  → k_next=1
2026-05-28 13:29:03 [adaptive_k][flower][adaptive_k][k=adaptive][s=5] INFO   Win  3  k=1  [3.0→4.5 s]  interior_MAE=2.551°C  → k_next=1
2026-05-28 13:30:21 [adaptive_k][flower][adaptive_k][k=adaptive][s=5] INFO   Win  4  k=1  [4.5→6.0 s]  interior_MAE=0.552°C  → k_next=2
2026-05-28 13:31:33 [adaptive_k][flower][adaptive_k][k=adaptive][s=5] INFO   Win  5  k=2  [6.0→9.0 s]  interior_MAE=0.295°C  → k_next=3
2026-05-28 13:32:44 [adaptive_k][flower][adaptive_k][k=adaptive][s=5] INFO   Win  6  k=3  [9.0→13.5 s]  interior_MAE=0.041°C  → k_next=4
2026-05-28 13:33:54 [adaptive_k][flower][adaptive_k][k=adaptive][s=5] INFO   Win  7  k=4  [13.5→19.5 s]  interior_MAE=0.027°C  → k_next=5
2026-05-28 13:35:04 [adaptive_k][flower][adaptive_k][k=adaptive][s=5] INFO   Win  8  k=5  [19.5→27.0 s]  interior_MAE=0.009°C  → k_next=5
2026-05-28 13:36:16 [adaptive_k][flower][adaptive_k][k=adaptive][s=5] INFO   Win  9  k=5  [27.0→30.0 s]  interior_MAE=0.013°C  → k_next=5
2026-05-28 13:36:16 [adaptive_k][flower][adaptive_k][k=adaptive][s=5] INFO AdaptiveK done | wins=9 | FEM_solves=9/60 | FEM_saving=85% | MAE=2.201°C | L2=0.0161 | t=670 s
2026-05-28 13:36:16 [adaptive_k][flower][adaptive_k][k=adaptive][s=5] INFO k schedule: t=0.0s:k=1 → t=1.5s:k=1 → t=3.0s:k=1 → t=4.5s:k=1 → t=6.0s:k=2 → t=9.0s:k=3 → t=13.5s:k=4 → t=19.5s:k=5 → t=27.0s:k=5
2026-05-28 13:36:16 [adaptive_k][flower][adaptive_k][k=adaptive][s=5] INFO Saved → /home/coder/NAS-PINNS1/thermal_pinn/quenching_mswp/results/adaptive_k/flower/seed5_adaptive_nsga2_153
2026-05-28 13:36:17 [adaptive_k][flower][adaptive_k][k=adaptive][s=6] INFO AdaptiveK | arch=[153, 153, 153] | k=[1..5] | thr_up=2.0°C thr_dn=5.0°C | fourier=False
2026-05-28 13:37:35 [adaptive_k][flower][adaptive_k][k=adaptive][s=6] INFO   Win  1  k=1  [0.0→1.5 s]  interior_MAE=50.167°C  → k_next=1
2026-05-28 13:38:54 [adaptive_k][flower][adaptive_k][k=adaptive][s=6] INFO   Win  2  k=1  [1.5→3.0 s]  interior_MAE=11.351°C  → k_next=1
2026-05-28 13:40:14 [adaptive_k][flower][adaptive_k][k=adaptive][s=6] INFO   Win  3  k=1  [3.0→4.5 s]  interior_MAE=2.369°C  → k_next=1
2026-05-28 13:41:33 [adaptive_k][flower][adaptive_k][k=adaptive][s=6] INFO   Win  4  k=1  [4.5→6.0 s]  interior_MAE=0.545°C  → k_next=2
2026-05-28 13:42:44 [adaptive_k][flower][adaptive_k][k=adaptive][s=6] INFO   Win  5  k=2  [6.0→9.0 s]  interior_MAE=0.383°C  → k_next=3
2026-05-28 13:43:55 [adaptive_k][flower][adaptive_k][k=adaptive][s=6] INFO   Win  6  k=3  [9.0→13.5 s]  interior_MAE=0.043°C  → k_next=4
2026-05-28 13:45:06 [adaptive_k][flower][adaptive_k][k=adaptive][s=6] INFO   Win  7  k=4  [13.5→19.5 s]  interior_MAE=0.017°C  → k_next=5
2026-05-28 13:46:17 [adaptive_k][flower][adaptive_k][k=adaptive][s=6] INFO   Win  8  k=5  [19.5→27.0 s]  interior_MAE=0.026°C  → k_next=5
2026-05-28 13:47:27 [adaptive_k][flower][adaptive_k][k=adaptive][s=6] INFO   Win  9  k=5  [27.0→30.0 s]  interior_MAE=0.021°C  → k_next=5
2026-05-28 13:47:27 [adaptive_k][flower][adaptive_k][k=adaptive][s=6] INFO AdaptiveK done | wins=9 | FEM_solves=9/60 | FEM_saving=85% | MAE=2.196°C | L2=0.0168 | t=671 s
2026-05-28 13:47:27 [adaptive_k][flower][adaptive_k][k=adaptive][s=6] INFO k schedule: t=0.0s:k=1 → t=1.5s:k=1 → t=3.0s:k=1 → t=4.5s:k=1 → t=6.0s:k=2 → t=9.0s:k=3 → t=13.5s:k=4 → t=19.5s:k=5 → t=27.0s:k=5
2026-05-28 13:47:27 [adaptive_k][flower][adaptive_k][k=adaptive][s=6] INFO Saved → /home/coder/NAS-PINNS1/thermal_pinn/quenching_mswp/results/adaptive_k/flower/seed6_adaptive_nsga2_153
2026-05-28 13:47:28 [adaptive_k][flower][adaptive_k][k=adaptive][s=7] INFO AdaptiveK | arch=[153, 153, 153] | k=[1..5] | thr_up=2.0°C thr_dn=5.0°C | fourier=False
2026-05-28 13:48:46 [adaptive_k][flower][adaptive_k][k=adaptive][s=7] INFO   Win  1  k=1  [0.0→1.5 s]  interior_MAE=47.799°C  → k_next=1
2026-05-28 13:50:06 [adaptive_k][flower][adaptive_k][k=adaptive][s=7] INFO   Win  2  k=1  [1.5→3.0 s]  interior_MAE=11.439°C  → k_next=1
2026-05-28 13:51:31 [adaptive_k][flower][adaptive_k][k=adaptive][s=7] INFO   Win  3  k=1  [3.0→4.5 s]  interior_MAE=2.349°C  → k_next=1
2026-05-28 13:52:50 [adaptive_k][flower][adaptive_k][k=adaptive][s=7] INFO   Win  4  k=1  [4.5→6.0 s]  interior_MAE=0.545°C  → k_next=2
2026-05-28 13:54:00 [adaptive_k][flower][adaptive_k][k=adaptive][s=7] INFO   Win  5  k=2  [6.0→9.0 s]  interior_MAE=0.359°C  → k_next=3
2026-05-28 13:55:11 [adaptive_k][flower][adaptive_k][k=adaptive][s=7] INFO   Win  6  k=3  [9.0→13.5 s]  interior_MAE=0.039°C  → k_next=4
2026-05-28 13:56:22 [adaptive_k][flower][adaptive_k][k=adaptive][s=7] INFO   Win  7  k=4  [13.5→19.5 s]  interior_MAE=0.014°C  → k_next=5
2026-05-28 13:57:33 [adaptive_k][flower][adaptive_k][k=adaptive][s=7] INFO   Win  8  k=5  [19.5→27.0 s]  interior_MAE=0.011°C  → k_next=5
2026-05-28 13:58:44 [adaptive_k][flower][adaptive_k][k=adaptive][s=7] INFO   Win  9  k=5  [27.0→30.0 s]  interior_MAE=0.017°C  → k_next=5
2026-05-28 13:58:44 [adaptive_k][flower][adaptive_k][k=adaptive][s=7] INFO AdaptiveK done | wins=9 | FEM_solves=9/60 | FEM_saving=85% | MAE=2.113°C | L2=0.0161 | t=676 s
2026-05-28 13:58:44 [adaptive_k][flower][adaptive_k][k=adaptive][s=7] INFO k schedule: t=0.0s:k=1 → t=1.5s:k=1 → t=3.0s:k=1 → t=4.5s:k=1 → t=6.0s:k=2 → t=9.0s:k=3 → t=13.5s:k=4 → t=19.5s:k=5 → t=27.0s:k=5
2026-05-28 13:58:44 [adaptive_k][flower][adaptive_k][k=adaptive][s=7] INFO Saved → /home/coder/NAS-PINNS1/thermal_pinn/quenching_mswp/results/adaptive_k/flower/seed7_adaptive_nsga2_153
2026-05-28 13:58:44 [adaptive_k][flower][adaptive_k][k=adaptive][s=8] INFO AdaptiveK | arch=[153, 153, 153] | k=[1..5] | thr_up=2.0°C thr_dn=5.0°C | fourier=False
2026-05-28 14:00:02 [adaptive_k][flower][adaptive_k][k=adaptive][s=8] INFO   Win  1  k=1  [0.0→1.5 s]  interior_MAE=47.927°C  → k_next=1
2026-05-28 14:01:20 [adaptive_k][flower][adaptive_k][k=adaptive][s=8] INFO   Win  2  k=1  [1.5→3.0 s]  interior_MAE=11.365°C  → k_next=1
2026-05-28 14:02:38 [adaptive_k][flower][adaptive_k][k=adaptive][s=8] INFO   Win  3  k=1  [3.0→4.5 s]  interior_MAE=2.580°C  → k_next=1
2026-05-28 14:03:57 [adaptive_k][flower][adaptive_k][k=adaptive][s=8] INFO   Win  4  k=1  [4.5→6.0 s]  interior_MAE=0.559°C  → k_next=2
2026-05-28 14:05:06 [adaptive_k][flower][adaptive_k][k=adaptive][s=8] INFO   Win  5  k=2  [6.0→9.0 s]  interior_MAE=0.361°C  → k_next=3
2026-05-28 14:06:17 [adaptive_k][flower][adaptive_k][k=adaptive][s=8] INFO   Win  6  k=3  [9.0→13.5 s]  interior_MAE=0.078°C  → k_next=4
2026-05-28 14:07:26 [adaptive_k][flower][adaptive_k][k=adaptive][s=8] INFO   Win  7  k=4  [13.5→19.5 s]  interior_MAE=0.008°C  → k_next=5
2026-05-28 14:08:36 [adaptive_k][flower][adaptive_k][k=adaptive][s=8] INFO   Win  8  k=5  [19.5→27.0 s]  interior_MAE=0.011°C  → k_next=5
2026-05-28 14:09:46 [adaptive_k][flower][adaptive_k][k=adaptive][s=8] INFO   Win  9  k=5  [27.0→30.0 s]  interior_MAE=0.036°C  → k_next=5
2026-05-28 14:09:46 [adaptive_k][flower][adaptive_k][k=adaptive][s=8] INFO AdaptiveK done | wins=9 | FEM_solves=9/60 | FEM_saving=85% | MAE=2.129°C | L2=0.0166 | t=662 s
2026-05-28 14:09:46 [adaptive_k][flower][adaptive_k][k=adaptive][s=8] INFO k schedule: t=0.0s:k=1 → t=1.5s:k=1 → t=3.0s:k=1 → t=4.5s:k=1 → t=6.0s:k=2 → t=9.0s:k=3 → t=13.5s:k=4 → t=19.5s:k=5 → t=27.0s:k=5
2026-05-28 14:09:46 [adaptive_k][flower][adaptive_k][k=adaptive][s=8] INFO Saved → /home/coder/NAS-PINNS1/thermal_pinn/quenching_mswp/results/adaptive_k/flower/seed8_adaptive_nsga2_153
2026-05-28 14:09:47 [adaptive_k][flower][adaptive_k][k=adaptive][s=9] INFO AdaptiveK | arch=[153, 153, 153] | k=[1..5] | thr_up=2.0°C thr_dn=5.0°C | fourier=False
2026-05-28 14:11:04 [adaptive_k][flower][adaptive_k][k=adaptive][s=9] INFO   Win  1  k=1  [0.0→1.5 s]  interior_MAE=46.821°C  → k_next=1
2026-05-28 14:12:22 [adaptive_k][flower][adaptive_k][k=adaptive][s=9] INFO   Win  2  k=1  [1.5→3.0 s]  interior_MAE=11.602°C  → k_next=1
2026-05-28 14:13:43 [adaptive_k][flower][adaptive_k][k=adaptive][s=9] INFO   Win  3  k=1  [3.0→4.5 s]  interior_MAE=2.417°C  → k_next=1
2026-05-28 14:15:05 [adaptive_k][flower][adaptive_k][k=adaptive][s=9] INFO   Win  4  k=1  [4.5→6.0 s]  interior_MAE=0.558°C  → k_next=2
2026-05-28 14:16:16 [adaptive_k][flower][adaptive_k][k=adaptive][s=9] INFO   Win  5  k=2  [6.0→9.0 s]  interior_MAE=0.378°C  → k_next=3
2026-05-28 14:17:26 [adaptive_k][flower][adaptive_k][k=adaptive][s=9] INFO   Win  6  k=3  [9.0→13.5 s]  interior_MAE=0.028°C  → k_next=4
2026-05-28 14:18:36 [adaptive_k][flower][adaptive_k][k=adaptive][s=9] INFO   Win  7  k=4  [13.5→19.5 s]  interior_MAE=0.008°C  → k_next=5
2026-05-28 14:19:46 [adaptive_k][flower][adaptive_k][k=adaptive][s=9] INFO   Win  8  k=5  [19.5→27.0 s]  interior_MAE=0.020°C  → k_next=5
2026-05-28 14:20:56 [adaptive_k][flower][adaptive_k][k=adaptive][s=9] INFO   Win  9  k=5  [27.0→30.0 s]  interior_MAE=0.026°C  → k_next=5
2026-05-28 14:20:56 [adaptive_k][flower][adaptive_k][k=adaptive][s=9] INFO AdaptiveK done | wins=9 | FEM_solves=9/60 | FEM_saving=85% | MAE=2.090°C | L2=0.0164 | t=670 s
2026-05-28 14:20:56 [adaptive_k][flower][adaptive_k][k=adaptive][s=9] INFO k schedule: t=0.0s:k=1 → t=1.5s:k=1 → t=3.0s:k=1 → t=4.5s:k=1 → t=6.0s:k=2 → t=9.0s:k=3 → t=13.5s:k=4 → t=19.5s:k=5 → t=27.0s:k=5
2026-05-28 14:20:56 [adaptive_k][flower][adaptive_k][k=adaptive][s=9] INFO Saved → /home/coder/NAS-PINNS1/thermal_pinn/quenching_mswp/results/adaptive_k/flower/seed9_adaptive_nsga2_153
2026-05-28 14:53:57 [adaptive_k][square][adaptive_k][k=adaptive][s=1] INFO AdaptiveK | arch=[75, 75, 75] | k=[1..5] | thr_up=2.0°C thr_dn=5.0°C | fourier=False
2026-05-28 14:54:48 [adaptive_k][square][adaptive_k][k=adaptive][s=1] INFO   Win  1  k=1  [0.0→1.5 s]  interior_MAE=31.815°C  → k_next=1
2026-05-28 14:55:35 [adaptive_k][square][adaptive_k][k=adaptive][s=1] INFO   Win  2  k=1  [1.5→3.0 s]  interior_MAE=12.434°C  → k_next=1
2026-05-28 14:56:23 [adaptive_k][square][adaptive_k][k=adaptive][s=1] INFO   Win  3  k=1  [3.0→4.5 s]  interior_MAE=4.535°C  → k_next=1
2026-05-28 14:57:11 [adaptive_k][square][adaptive_k][k=adaptive][s=1] INFO   Win  4  k=1  [4.5→6.0 s]  interior_MAE=1.441°C  → k_next=2
2026-05-28 14:57:57 [adaptive_k][square][adaptive_k][k=adaptive][s=1] INFO   Win  5  k=2  [6.0→9.0 s]  interior_MAE=0.760°C  → k_next=3
2026-05-28 14:58:42 [adaptive_k][square][adaptive_k][k=adaptive][s=1] INFO   Win  6  k=3  [9.0→13.5 s]  interior_MAE=0.116°C  → k_next=4
2026-05-28 14:59:27 [adaptive_k][square][adaptive_k][k=adaptive][s=1] INFO   Win  7  k=4  [13.5→19.5 s]  interior_MAE=0.018°C  → k_next=5
2026-05-28 15:00:12 [adaptive_k][square][adaptive_k][k=adaptive][s=1] INFO   Win  8  k=5  [19.5→27.0 s]  interior_MAE=0.018°C  → k_next=5
2026-05-28 15:00:59 [adaptive_k][square][adaptive_k][k=adaptive][s=1] INFO   Win  9  k=5  [27.0→30.0 s]  interior_MAE=0.037°C  → k_next=5
2026-05-28 15:00:59 [adaptive_k][square][adaptive_k][k=adaptive][s=1] INFO AdaptiveK done | wins=9 | FEM_solves=9/60 | FEM_saving=85% | MAE=1.764°C | L2=0.0146 | t=422 s
2026-05-28 15:00:59 [adaptive_k][square][adaptive_k][k=adaptive][s=1] INFO k schedule: t=0.0s:k=1 → t=1.5s:k=1 → t=3.0s:k=1 → t=4.5s:k=1 → t=6.0s:k=2 → t=9.0s:k=3 → t=13.5s:k=4 → t=19.5s:k=5 → t=27.0s:k=5
2026-05-28 15:00:59 [adaptive_k][square][adaptive_k][k=adaptive][s=1] INFO Saved → /home/coder/NAS-PINNS1/thermal_pinn/quenching_mswp/results/adaptive_k/square/seed1_adaptive_nsga3_75
2026-05-28 15:00:59 [adaptive_k][square][adaptive_k][k=adaptive][s=2] INFO AdaptiveK | arch=[75, 75, 75] | k=[1..5] | thr_up=2.0°C thr_dn=5.0°C | fourier=False
2026-05-28 15:01:47 [adaptive_k][square][adaptive_k][k=adaptive][s=2] INFO   Win  1  k=1  [0.0→1.5 s]  interior_MAE=30.618°C  → k_next=1
2026-05-28 15:02:36 [adaptive_k][square][adaptive_k][k=adaptive][s=2] INFO   Win  2  k=1  [1.5→3.0 s]  interior_MAE=12.402°C  → k_next=1
2026-05-28 15:03:24 [adaptive_k][square][adaptive_k][k=adaptive][s=2] INFO   Win  3  k=1  [3.0→4.5 s]  interior_MAE=4.326°C  → k_next=1
2026-05-28 15:04:12 [adaptive_k][square][adaptive_k][k=adaptive][s=2] INFO   Win  4  k=1  [4.5→6.0 s]  interior_MAE=1.593°C  → k_next=2
2026-05-28 15:04:58 [adaptive_k][square][adaptive_k][k=adaptive][s=2] INFO   Win  5  k=2  [6.0→9.0 s]  interior_MAE=0.754°C  → k_next=3
2026-05-28 15:05:41 [adaptive_k][square][adaptive_k][k=adaptive][s=2] INFO   Win  6  k=3  [9.0→13.5 s]  interior_MAE=0.108°C  → k_next=4
2026-05-28 15:06:29 [adaptive_k][square][adaptive_k][k=adaptive][s=2] INFO   Win  7  k=4  [13.5→19.5 s]  interior_MAE=0.016°C  → k_next=5
2026-05-28 15:07:14 [adaptive_k][square][adaptive_k][k=adaptive][s=2] INFO   Win  8  k=5  [19.5→27.0 s]  interior_MAE=0.040°C  → k_next=5
2026-05-28 15:07:58 [adaptive_k][square][adaptive_k][k=adaptive][s=2] INFO   Win  9  k=5  [27.0→30.0 s]  interior_MAE=0.019°C  → k_next=5
2026-05-28 15:07:58 [adaptive_k][square][adaptive_k][k=adaptive][s=2] INFO AdaptiveK done | wins=9 | FEM_solves=9/60 | FEM_saving=85% | MAE=1.722°C | L2=0.0146 | t=419 s
2026-05-28 15:07:58 [adaptive_k][square][adaptive_k][k=adaptive][s=2] INFO k schedule: t=0.0s:k=1 → t=1.5s:k=1 → t=3.0s:k=1 → t=4.5s:k=1 → t=6.0s:k=2 → t=9.0s:k=3 → t=13.5s:k=4 → t=19.5s:k=5 → t=27.0s:k=5
2026-05-28 15:07:58 [adaptive_k][square][adaptive_k][k=adaptive][s=2] INFO Saved → /home/coder/NAS-PINNS1/thermal_pinn/quenching_mswp/results/adaptive_k/square/seed2_adaptive_nsga3_75
2026-05-28 15:07:59 [adaptive_k][square][adaptive_k][k=adaptive][s=3] INFO AdaptiveK | arch=[75, 75, 75] | k=[1..5] | thr_up=2.0°C thr_dn=5.0°C | fourier=False
2026-05-28 15:08:47 [adaptive_k][square][adaptive_k][k=adaptive][s=3] INFO   Win  1  k=1  [0.0→1.5 s]  interior_MAE=28.279°C  → k_next=1
2026-05-28 15:09:34 [adaptive_k][square][adaptive_k][k=adaptive][s=3] INFO   Win  2  k=1  [1.5→3.0 s]  interior_MAE=12.275°C  → k_next=1
2026-05-28 15:10:21 [adaptive_k][square][adaptive_k][k=adaptive][s=3] INFO   Win  3  k=1  [3.0→4.5 s]  interior_MAE=4.433°C  → k_next=1
2026-05-28 15:11:09 [adaptive_k][square][adaptive_k][k=adaptive][s=3] INFO   Win  4  k=1  [4.5→6.0 s]  interior_MAE=1.622°C  → k_next=2
2026-05-28 15:11:58 [adaptive_k][square][adaptive_k][k=adaptive][s=3] INFO   Win  5  k=2  [6.0→9.0 s]  interior_MAE=0.756°C  → k_next=3
2026-05-28 15:12:42 [adaptive_k][square][adaptive_k][k=adaptive][s=3] INFO   Win  6  k=3  [9.0→13.5 s]  interior_MAE=0.138°C  → k_next=4
2026-05-28 15:13:27 [adaptive_k][square][adaptive_k][k=adaptive][s=3] INFO   Win  7  k=4  [13.5→19.5 s]  interior_MAE=0.013°C  → k_next=5
2026-05-28 15:14:15 [adaptive_k][square][adaptive_k][k=adaptive][s=3] INFO   Win  8  k=5  [19.5→27.0 s]  interior_MAE=0.012°C  → k_next=5
2026-05-28 15:15:03 [adaptive_k][square][adaptive_k][k=adaptive][s=3] INFO   Win  9  k=5  [27.0→30.0 s]  interior_MAE=0.010°C  → k_next=5
2026-05-28 15:15:03 [adaptive_k][square][adaptive_k][k=adaptive][s=3] INFO AdaptiveK done | wins=9 | FEM_solves=9/60 | FEM_saving=85% | MAE=1.641°C | L2=0.0142 | t=424 s
2026-05-28 15:15:03 [adaptive_k][square][adaptive_k][k=adaptive][s=3] INFO k schedule: t=0.0s:k=1 → t=1.5s:k=1 → t=3.0s:k=1 → t=4.5s:k=1 → t=6.0s:k=2 → t=9.0s:k=3 → t=13.5s:k=4 → t=19.5s:k=5 → t=27.0s:k=5
2026-05-28 15:15:03 [adaptive_k][square][adaptive_k][k=adaptive][s=3] INFO Saved → /home/coder/NAS-PINNS1/thermal_pinn/quenching_mswp/results/adaptive_k/square/seed3_adaptive_nsga3_75
2026-05-28 15:15:03 [adaptive_k][square][adaptive_k][k=adaptive][s=4] INFO AdaptiveK | arch=[75, 75, 75] | k=[1..5] | thr_up=2.0°C thr_dn=5.0°C | fourier=False
2026-05-28 15:15:52 [adaptive_k][square][adaptive_k][k=adaptive][s=4] INFO   Win  1  k=1  [0.0→1.5 s]  interior_MAE=29.302°C  → k_next=1
2026-05-28 15:16:40 [adaptive_k][square][adaptive_k][k=adaptive][s=4] INFO   Win  2  k=1  [1.5→3.0 s]  interior_MAE=12.397°C  → k_next=1
2026-05-28 15:17:29 [adaptive_k][square][adaptive_k][k=adaptive][s=4] INFO   Win  3  k=1  [3.0→4.5 s]  interior_MAE=4.375°C  → k_next=1
2026-05-28 15:18:18 [adaptive_k][square][adaptive_k][k=adaptive][s=4] INFO   Win  4  k=1  [4.5→6.0 s]  interior_MAE=1.496°C  → k_next=2
2026-05-28 15:19:06 [adaptive_k][square][adaptive_k][k=adaptive][s=4] INFO   Win  5  k=2  [6.0→9.0 s]  interior_MAE=0.736°C  → k_next=3
2026-05-28 15:19:51 [adaptive_k][square][adaptive_k][k=adaptive][s=4] INFO   Win  6  k=3  [9.0→13.5 s]  interior_MAE=0.120°C  → k_next=4
2026-05-28 15:20:37 [adaptive_k][square][adaptive_k][k=adaptive][s=4] INFO   Win  7  k=4  [13.5→19.5 s]  interior_MAE=0.035°C  → k_next=5
2026-05-28 15:21:21 [adaptive_k][square][adaptive_k][k=adaptive][s=4] INFO   Win  8  k=5  [19.5→27.0 s]  interior_MAE=0.041°C  → k_next=5
2026-05-28 15:22:07 [adaptive_k][square][adaptive_k][k=adaptive][s=4] INFO   Win  9  k=5  [27.0→30.0 s]  interior_MAE=0.028°C  → k_next=5
2026-05-28 15:22:07 [adaptive_k][square][adaptive_k][k=adaptive][s=4] INFO AdaptiveK done | wins=9 | FEM_solves=9/60 | FEM_saving=85% | MAE=1.681°C | L2=0.0146 | t=423 s
2026-05-28 15:22:07 [adaptive_k][square][adaptive_k][k=adaptive][s=4] INFO k schedule: t=0.0s:k=1 → t=1.5s:k=1 → t=3.0s:k=1 → t=4.5s:k=1 → t=6.0s:k=2 → t=9.0s:k=3 → t=13.5s:k=4 → t=19.5s:k=5 → t=27.0s:k=5
2026-05-28 15:22:07 [adaptive_k][square][adaptive_k][k=adaptive][s=4] INFO Saved → /home/coder/NAS-PINNS1/thermal_pinn/quenching_mswp/results/adaptive_k/square/seed4_adaptive_nsga3_75
2026-05-28 15:22:07 [adaptive_k][square][adaptive_k][k=adaptive][s=5] INFO AdaptiveK | arch=[75, 75, 75] | k=[1..5] | thr_up=2.0°C thr_dn=5.0°C | fourier=False
2026-05-28 15:22:56 [adaptive_k][square][adaptive_k][k=adaptive][s=5] INFO   Win  1  k=1  [0.0→1.5 s]  interior_MAE=32.122°C  → k_next=1
2026-05-28 15:23:44 [adaptive_k][square][adaptive_k][k=adaptive][s=5] INFO   Win  2  k=1  [1.5→3.0 s]  interior_MAE=11.693°C  → k_next=1
2026-05-28 15:24:33 [adaptive_k][square][adaptive_k][k=adaptive][s=5] INFO   Win  3  k=1  [3.0→4.5 s]  interior_MAE=4.549°C  → k_next=1
2026-05-28 15:25:21 [adaptive_k][square][adaptive_k][k=adaptive][s=5] INFO   Win  4  k=1  [4.5→6.0 s]  interior_MAE=1.504°C  → k_next=2
2026-05-28 15:26:10 [adaptive_k][square][adaptive_k][k=adaptive][s=5] INFO   Win  5  k=2  [6.0→9.0 s]  interior_MAE=0.734°C  → k_next=3
2026-05-28 15:26:59 [adaptive_k][square][adaptive_k][k=adaptive][s=5] INFO   Win  6  k=3  [9.0→13.5 s]  interior_MAE=0.121°C  → k_next=4
2026-05-28 15:27:45 [adaptive_k][square][adaptive_k][k=adaptive][s=5] INFO   Win  7  k=4  [13.5→19.5 s]  interior_MAE=0.019°C  → k_next=5
2026-05-28 15:28:30 [adaptive_k][square][adaptive_k][k=adaptive][s=5] INFO   Win  8  k=5  [19.5→27.0 s]  interior_MAE=0.037°C  → k_next=5
2026-05-28 15:29:15 [adaptive_k][square][adaptive_k][k=adaptive][s=5] INFO   Win  9  k=5  [27.0→30.0 s]  interior_MAE=0.054°C  → k_next=5
2026-05-28 15:29:15 [adaptive_k][square][adaptive_k][k=adaptive][s=5] INFO AdaptiveK done | wins=9 | FEM_solves=9/60 | FEM_saving=85% | MAE=1.756°C | L2=0.0147 | t=428 s
2026-05-28 15:29:15 [adaptive_k][square][adaptive_k][k=adaptive][s=5] INFO k schedule: t=0.0s:k=1 → t=1.5s:k=1 → t=3.0s:k=1 → t=4.5s:k=1 → t=6.0s:k=2 → t=9.0s:k=3 → t=13.5s:k=4 → t=19.5s:k=5 → t=27.0s:k=5
2026-05-28 15:29:15 [adaptive_k][square][adaptive_k][k=adaptive][s=5] INFO Saved → /home/coder/NAS-PINNS1/thermal_pinn/quenching_mswp/results/adaptive_k/square/seed5_adaptive_nsga3_75
2026-05-28 15:29:16 [adaptive_k][square][adaptive_k][k=adaptive][s=6] INFO AdaptiveK | arch=[75, 75, 75] | k=[1..5] | thr_up=2.0°C thr_dn=5.0°C | fourier=False
2026-05-28 15:30:03 [adaptive_k][square][adaptive_k][k=adaptive][s=6] INFO   Win  1  k=1  [0.0→1.5 s]  interior_MAE=29.988°C  → k_next=1
2026-05-28 15:30:52 [adaptive_k][square][adaptive_k][k=adaptive][s=6] INFO   Win  2  k=1  [1.5→3.0 s]  interior_MAE=12.334°C  → k_next=1
2026-05-28 15:31:40 [adaptive_k][square][adaptive_k][k=adaptive][s=6] INFO   Win  3  k=1  [3.0→4.5 s]  interior_MAE=4.487°C  → k_next=1
2026-05-28 15:32:29 [adaptive_k][square][adaptive_k][k=adaptive][s=6] INFO   Win  4  k=1  [4.5→6.0 s]  interior_MAE=1.541°C  → k_next=2
2026-05-28 15:33:16 [adaptive_k][square][adaptive_k][k=adaptive][s=6] INFO   Win  5  k=2  [6.0→9.0 s]  interior_MAE=0.734°C  → k_next=3
2026-05-28 15:34:02 [adaptive_k][square][adaptive_k][k=adaptive][s=6] INFO   Win  6  k=3  [9.0→13.5 s]  interior_MAE=0.113°C  → k_next=4
2026-05-28 15:34:47 [adaptive_k][square][adaptive_k][k=adaptive][s=6] INFO   Win  7  k=4  [13.5→19.5 s]  interior_MAE=0.027°C  → k_next=5
2026-05-28 15:35:33 [adaptive_k][square][adaptive_k][k=adaptive][s=6] INFO   Win  8  k=5  [19.5→27.0 s]  interior_MAE=0.030°C  → k_next=5
2026-05-28 15:36:20 [adaptive_k][square][adaptive_k][k=adaptive][s=6] INFO   Win  9  k=5  [27.0→30.0 s]  interior_MAE=0.035°C  → k_next=5
2026-05-28 15:36:20 [adaptive_k][square][adaptive_k][k=adaptive][s=6] INFO AdaptiveK done | wins=9 | FEM_solves=9/60 | FEM_saving=85% | MAE=1.703°C | L2=0.0145 | t=424 s
2026-05-28 15:36:20 [adaptive_k][square][adaptive_k][k=adaptive][s=6] INFO k schedule: t=0.0s:k=1 → t=1.5s:k=1 → t=3.0s:k=1 → t=4.5s:k=1 → t=6.0s:k=2 → t=9.0s:k=3 → t=13.5s:k=4 → t=19.5s:k=5 → t=27.0s:k=5
2026-05-28 15:36:20 [adaptive_k][square][adaptive_k][k=adaptive][s=6] INFO Saved → /home/coder/NAS-PINNS1/thermal_pinn/quenching_mswp/results/adaptive_k/square/seed6_adaptive_nsga3_75
2026-05-28 15:36:21 [adaptive_k][square][adaptive_k][k=adaptive][s=7] INFO AdaptiveK | arch=[75, 75, 75] | k=[1..5] | thr_up=2.0°C thr_dn=5.0°C | fourier=False
2026-05-28 15:37:09 [adaptive_k][square][adaptive_k][k=adaptive][s=7] INFO   Win  1  k=1  [0.0→1.5 s]  interior_MAE=30.020°C  → k_next=1
2026-05-28 15:37:57 [adaptive_k][square][adaptive_k][k=adaptive][s=7] INFO   Win  2  k=1  [1.5→3.0 s]  interior_MAE=12.355°C  → k_next=1
2026-05-28 15:38:45 [adaptive_k][square][adaptive_k][k=adaptive][s=7] INFO   Win  3  k=1  [3.0→4.5 s]  interior_MAE=4.586°C  → k_next=1
2026-05-28 15:39:34 [adaptive_k][square][adaptive_k][k=adaptive][s=7] INFO   Win  4  k=1  [4.5→6.0 s]  interior_MAE=1.385°C  → k_next=2
2026-05-28 15:40:21 [adaptive_k][square][adaptive_k][k=adaptive][s=7] INFO   Win  5  k=2  [6.0→9.0 s]  interior_MAE=0.742°C  → k_next=3
2026-05-28 15:41:08 [adaptive_k][square][adaptive_k][k=adaptive][s=7] INFO   Win  6  k=3  [9.0→13.5 s]  interior_MAE=0.116°C  → k_next=4
2026-05-28 15:41:53 [adaptive_k][square][adaptive_k][k=adaptive][s=7] INFO   Win  7  k=4  [13.5→19.5 s]  interior_MAE=0.020°C  → k_next=5
2026-05-28 15:42:39 [adaptive_k][square][adaptive_k][k=adaptive][s=7] INFO   Win  8  k=5  [19.5→27.0 s]  interior_MAE=0.014°C  → k_next=5
2026-05-28 15:43:24 [adaptive_k][square][adaptive_k][k=adaptive][s=7] INFO   Win  9  k=5  [27.0→30.0 s]  interior_MAE=0.012°C  → k_next=5
2026-05-28 15:43:24 [adaptive_k][square][adaptive_k][k=adaptive][s=7] INFO AdaptiveK done | wins=9 | FEM_solves=9/60 | FEM_saving=85% | MAE=1.697°C | L2=0.0142 | t=424 s
2026-05-28 15:43:24 [adaptive_k][square][adaptive_k][k=adaptive][s=7] INFO k schedule: t=0.0s:k=1 → t=1.5s:k=1 → t=3.0s:k=1 → t=4.5s:k=1 → t=6.0s:k=2 → t=9.0s:k=3 → t=13.5s:k=4 → t=19.5s:k=5 → t=27.0s:k=5
2026-05-28 15:43:24 [adaptive_k][square][adaptive_k][k=adaptive][s=7] INFO Saved → /home/coder/NAS-PINNS1/thermal_pinn/quenching_mswp/results/adaptive_k/square/seed7_adaptive_nsga3_75
2026-05-28 15:43:25 [adaptive_k][square][adaptive_k][k=adaptive][s=8] INFO AdaptiveK | arch=[75, 75, 75] | k=[1..5] | thr_up=2.0°C thr_dn=5.0°C | fourier=False
2026-05-28 15:44:12 [adaptive_k][square][adaptive_k][k=adaptive][s=8] INFO   Win  1  k=1  [0.0→1.5 s]  interior_MAE=30.098°C  → k_next=1
2026-05-28 15:45:00 [adaptive_k][square][adaptive_k][k=adaptive][s=8] INFO   Win  2  k=1  [1.5→3.0 s]  interior_MAE=12.404°C  → k_next=1
2026-05-28 15:45:49 [adaptive_k][square][adaptive_k][k=adaptive][s=8] INFO   Win  3  k=1  [3.0→4.5 s]  interior_MAE=4.447°C  → k_next=1
2026-05-28 15:46:37 [adaptive_k][square][adaptive_k][k=adaptive][s=8] INFO   Win  4  k=1  [4.5→6.0 s]  interior_MAE=1.420°C  → k_next=2
2026-05-28 15:47:26 [adaptive_k][square][adaptive_k][k=adaptive][s=8] INFO   Win  5  k=2  [6.0→9.0 s]  interior_MAE=0.760°C  → k_next=3
2026-05-28 15:48:11 [adaptive_k][square][adaptive_k][k=adaptive][s=8] INFO   Win  6  k=3  [9.0→13.5 s]  interior_MAE=0.118°C  → k_next=4
2026-05-28 15:48:56 [adaptive_k][square][adaptive_k][k=adaptive][s=8] INFO   Win  7  k=4  [13.5→19.5 s]  interior_MAE=0.024°C  → k_next=5
2026-05-28 15:49:43 [adaptive_k][square][adaptive_k][k=adaptive][s=8] INFO   Win  8  k=5  [19.5→27.0 s]  interior_MAE=0.009°C  → k_next=5
2026-05-28 15:50:31 [adaptive_k][square][adaptive_k][k=adaptive][s=8] INFO   Win  9  k=5  [27.0→30.0 s]  interior_MAE=0.021°C  → k_next=5
2026-05-28 15:50:31 [adaptive_k][square][adaptive_k][k=adaptive][s=8] INFO AdaptiveK done | wins=9 | FEM_solves=9/60 | FEM_saving=85% | MAE=1.699°C | L2=0.0142 | t=426 s
2026-05-28 15:50:31 [adaptive_k][square][adaptive_k][k=adaptive][s=8] INFO k schedule: t=0.0s:k=1 → t=1.5s:k=1 → t=3.0s:k=1 → t=4.5s:k=1 → t=6.0s:k=2 → t=9.0s:k=3 → t=13.5s:k=4 → t=19.5s:k=5 → t=27.0s:k=5
2026-05-28 15:50:31 [adaptive_k][square][adaptive_k][k=adaptive][s=8] INFO Saved → /home/coder/NAS-PINNS1/thermal_pinn/quenching_mswp/results/adaptive_k/square/seed8_adaptive_nsga3_75
2026-05-28 15:50:32 [adaptive_k][square][adaptive_k][k=adaptive][s=9] INFO AdaptiveK | arch=[75, 75, 75] | k=[1..5] | thr_up=2.0°C thr_dn=5.0°C | fourier=False
2026-05-28 15:51:20 [adaptive_k][square][adaptive_k][k=adaptive][s=9] INFO   Win  1  k=1  [0.0→1.5 s]  interior_MAE=33.100°C  → k_next=1
2026-05-28 15:52:09 [adaptive_k][square][adaptive_k][k=adaptive][s=9] INFO   Win  2  k=1  [1.5→3.0 s]  interior_MAE=12.236°C  → k_next=1
2026-05-28 15:52:58 [adaptive_k][square][adaptive_k][k=adaptive][s=9] INFO   Win  3  k=1  [3.0→4.5 s]  interior_MAE=4.572°C  → k_next=1
2026-05-28 15:53:46 [adaptive_k][square][adaptive_k][k=adaptive][s=9] INFO   Win  4  k=1  [4.5→6.0 s]  interior_MAE=1.442°C  → k_next=2
2026-05-28 15:54:33 [adaptive_k][square][adaptive_k][k=adaptive][s=9] INFO   Win  5  k=2  [6.0→9.0 s]  interior_MAE=0.757°C  → k_next=3
2026-05-28 15:55:19 [adaptive_k][square][adaptive_k][k=adaptive][s=9] INFO   Win  6  k=3  [9.0→13.5 s]  interior_MAE=0.132°C  → k_next=4
2026-05-28 15:56:04 [adaptive_k][square][adaptive_k][k=adaptive][s=9] INFO   Win  7  k=4  [13.5→19.5 s]  interior_MAE=0.017°C  → k_next=5
2026-05-28 15:56:50 [adaptive_k][square][adaptive_k][k=adaptive][s=9] INFO   Win  8  k=5  [19.5→27.0 s]  interior_MAE=0.026°C  → k_next=5
2026-05-28 15:57:35 [adaptive_k][square][adaptive_k][k=adaptive][s=9] INFO   Win  9  k=5  [27.0→30.0 s]  interior_MAE=0.033°C  → k_next=5
2026-05-28 15:57:35 [adaptive_k][square][adaptive_k][k=adaptive][s=9] INFO AdaptiveK done | wins=9 | FEM_solves=9/60 | FEM_saving=85% | MAE=1.804°C | L2=0.0148 | t=423 s
2026-05-28 15:57:35 [adaptive_k][square][adaptive_k][k=adaptive][s=9] INFO k schedule: t=0.0s:k=1 → t=1.5s:k=1 → t=3.0s:k=1 → t=4.5s:k=1 → t=6.0s:k=2 → t=9.0s:k=3 → t=13.5s:k=4 → t=19.5s:k=5 → t=27.0s:k=5
2026-05-28 15:57:35 [adaptive_k][square][adaptive_k][k=adaptive][s=9] INFO Saved → /home/coder/NAS-PINNS1/thermal_pinn/quenching_mswp/results/adaptive_k/square/seed9_adaptive_nsga3_75
2026-05-28 15:57:37 [adaptive_k][circle][adaptive_k][k=adaptive][s=1] INFO AdaptiveK | arch=[75, 75, 75] | k=[1..5] | thr_up=2.0°C thr_dn=5.0°C | fourier=False
2026-05-28 15:58:32 [adaptive_k][circle][adaptive_k][k=adaptive][s=1] INFO   Win  1  k=1  [0.0→1.5 s]  interior_MAE=28.888°C  → k_next=1
2026-05-28 15:59:27 [adaptive_k][circle][adaptive_k][k=adaptive][s=1] INFO   Win  2  k=1  [1.5→3.0 s]  interior_MAE=11.604°C  → k_next=1
2026-05-28 16:00:22 [adaptive_k][circle][adaptive_k][k=adaptive][s=1] INFO   Win  3  k=1  [3.0→4.5 s]  interior_MAE=3.924°C  → k_next=1
2026-05-28 16:01:17 [adaptive_k][circle][adaptive_k][k=adaptive][s=1] INFO   Win  4  k=1  [4.5→6.0 s]  interior_MAE=1.297°C  → k_next=2
2026-05-28 16:02:09 [adaptive_k][circle][adaptive_k][k=adaptive][s=1] INFO   Win  5  k=2  [6.0→9.0 s]  interior_MAE=0.665°C  → k_next=3
2026-05-28 16:03:02 [adaptive_k][circle][adaptive_k][k=adaptive][s=1] INFO   Win  6  k=3  [9.0→13.5 s]  interior_MAE=0.110°C  → k_next=4
2026-05-28 16:03:53 [adaptive_k][circle][adaptive_k][k=adaptive][s=1] INFO   Win  7  k=4  [13.5→19.5 s]  interior_MAE=0.030°C  → k_next=5
2026-05-28 16:04:46 [adaptive_k][circle][adaptive_k][k=adaptive][s=1] INFO   Win  8  k=5  [19.5→27.0 s]  interior_MAE=0.010°C  → k_next=5
2026-05-28 16:05:40 [adaptive_k][circle][adaptive_k][k=adaptive][s=1] INFO   Win  9  k=5  [27.0→30.0 s]  interior_MAE=0.034°C  → k_next=5
2026-05-28 16:05:40 [adaptive_k][circle][adaptive_k][k=adaptive][s=1] INFO AdaptiveK done | wins=9 | FEM_solves=9/60 | FEM_saving=85% | MAE=1.604°C | L2=0.0129 | t=484 s
2026-05-28 16:05:40 [adaptive_k][circle][adaptive_k][k=adaptive][s=1] INFO k schedule: t=0.0s:k=1 → t=1.5s:k=1 → t=3.0s:k=1 → t=4.5s:k=1 → t=6.0s:k=2 → t=9.0s:k=3 → t=13.5s:k=4 → t=19.5s:k=5 → t=27.0s:k=5
2026-05-28 16:05:40 [adaptive_k][circle][adaptive_k][k=adaptive][s=1] INFO Saved → /home/coder/NAS-PINNS1/thermal_pinn/quenching_mswp/results/adaptive_k/circle/seed1_adaptive_nsga3_75
2026-05-28 16:05:42 [adaptive_k][circle][adaptive_k][k=adaptive][s=2] INFO AdaptiveK | arch=[75, 75, 75] | k=[1..5] | thr_up=2.0°C thr_dn=5.0°C | fourier=False
2026-05-28 16:06:37 [adaptive_k][circle][adaptive_k][k=adaptive][s=2] INFO   Win  1  k=1  [0.0→1.5 s]  interior_MAE=28.972°C  → k_next=1
2026-05-28 16:07:31 [adaptive_k][circle][adaptive_k][k=adaptive][s=2] INFO   Win  2  k=1  [1.5→3.0 s]  interior_MAE=11.091°C  → k_next=1
2026-05-28 16:08:26 [adaptive_k][circle][adaptive_k][k=adaptive][s=2] INFO   Win  3  k=1  [3.0→4.5 s]  interior_MAE=3.933°C  → k_next=1
2026-05-28 16:09:20 [adaptive_k][circle][adaptive_k][k=adaptive][s=2] INFO   Win  4  k=1  [4.5→6.0 s]  interior_MAE=1.334°C  → k_next=2
2026-05-28 16:10:13 [adaptive_k][circle][adaptive_k][k=adaptive][s=2] INFO   Win  5  k=2  [6.0→9.0 s]  interior_MAE=0.662°C  → k_next=3
2026-05-28 16:11:05 [adaptive_k][circle][adaptive_k][k=adaptive][s=2] INFO   Win  6  k=3  [9.0→13.5 s]  interior_MAE=0.106°C  → k_next=4
2026-05-28 16:11:58 [adaptive_k][circle][adaptive_k][k=adaptive][s=2] INFO   Win  7  k=4  [13.5→19.5 s]  interior_MAE=0.011°C  → k_next=5
2026-05-28 16:12:50 [adaptive_k][circle][adaptive_k][k=adaptive][s=2] INFO   Win  8  k=5  [19.5→27.0 s]  interior_MAE=0.112°C  → k_next=5
2026-05-28 16:13:40 [adaptive_k][circle][adaptive_k][k=adaptive][s=2] INFO   Win  9  k=5  [27.0→30.0 s]  interior_MAE=0.018°C  → k_next=5
2026-05-28 16:13:40 [adaptive_k][circle][adaptive_k][k=adaptive][s=2] INFO AdaptiveK done | wins=9 | FEM_solves=9/60 | FEM_saving=85% | MAE=1.610°C | L2=0.0137 | t=478 s
2026-05-28 16:13:40 [adaptive_k][circle][adaptive_k][k=adaptive][s=2] INFO k schedule: t=0.0s:k=1 → t=1.5s:k=1 → t=3.0s:k=1 → t=4.5s:k=1 → t=6.0s:k=2 → t=9.0s:k=3 → t=13.5s:k=4 → t=19.5s:k=5 → t=27.0s:k=5
2026-05-28 16:13:41 [adaptive_k][circle][adaptive_k][k=adaptive][s=2] INFO Saved → /home/coder/NAS-PINNS1/thermal_pinn/quenching_mswp/results/adaptive_k/circle/seed2_adaptive_nsga3_75
2026-05-28 16:13:43 [adaptive_k][circle][adaptive_k][k=adaptive][s=3] INFO AdaptiveK | arch=[75, 75, 75] | k=[1..5] | thr_up=2.0°C thr_dn=5.0°C | fourier=False
2026-05-28 16:14:35 [adaptive_k][circle][adaptive_k][k=adaptive][s=3] INFO   Win  1  k=1  [0.0→1.5 s]  interior_MAE=28.148°C  → k_next=1
2026-05-28 16:15:28 [adaptive_k][circle][adaptive_k][k=adaptive][s=3] INFO   Win  2  k=1  [1.5→3.0 s]  interior_MAE=11.208°C  → k_next=1
2026-05-28 16:16:21 [adaptive_k][circle][adaptive_k][k=adaptive][s=3] INFO   Win  3  k=1  [3.0→4.5 s]  interior_MAE=3.883°C  → k_next=1
2026-05-28 16:17:14 [adaptive_k][circle][adaptive_k][k=adaptive][s=3] INFO   Win  4  k=1  [4.5→6.0 s]  interior_MAE=1.451°C  → k_next=2
2026-05-28 16:18:06 [adaptive_k][circle][adaptive_k][k=adaptive][s=3] INFO   Win  5  k=2  [6.0→9.0 s]  interior_MAE=0.666°C  → k_next=3
2026-05-28 16:18:58 [adaptive_k][circle][adaptive_k][k=adaptive][s=3] INFO   Win  6  k=3  [9.0→13.5 s]  interior_MAE=0.103°C  → k_next=4
2026-05-28 16:19:48 [adaptive_k][circle][adaptive_k][k=adaptive][s=3] INFO   Win  7  k=4  [13.5→19.5 s]  interior_MAE=0.017°C  → k_next=5
2026-05-28 16:20:41 [adaptive_k][circle][adaptive_k][k=adaptive][s=3] INFO   Win  8  k=5  [19.5→27.0 s]  interior_MAE=0.052°C  → k_next=5
2026-05-28 16:21:32 [adaptive_k][circle][adaptive_k][k=adaptive][s=3] INFO   Win  9  k=5  [27.0→30.0 s]  interior_MAE=0.005°C  → k_next=5
2026-05-28 16:21:32 [adaptive_k][circle][adaptive_k][k=adaptive][s=3] INFO AdaptiveK done | wins=9 | FEM_solves=9/60 | FEM_saving=85% | MAE=1.575°C | L2=0.0130 | t=469 s
2026-05-28 16:21:32 [adaptive_k][circle][adaptive_k][k=adaptive][s=3] INFO k schedule: t=0.0s:k=1 → t=1.5s:k=1 → t=3.0s:k=1 → t=4.5s:k=1 → t=6.0s:k=2 → t=9.0s:k=3 → t=13.5s:k=4 → t=19.5s:k=5 → t=27.0s:k=5
2026-05-28 16:21:32 [adaptive_k][circle][adaptive_k][k=adaptive][s=3] INFO Saved → /home/coder/NAS-PINNS1/thermal_pinn/quenching_mswp/results/adaptive_k/circle/seed3_adaptive_nsga3_75
2026-05-28 16:21:34 [adaptive_k][circle][adaptive_k][k=adaptive][s=4] INFO AdaptiveK | arch=[75, 75, 75] | k=[1..5] | thr_up=2.0°C thr_dn=5.0°C | fourier=False
2026-05-28 16:22:28 [adaptive_k][circle][adaptive_k][k=adaptive][s=4] INFO   Win  1  k=1  [0.0→1.5 s]  interior_MAE=29.649°C  → k_next=1
2026-05-28 16:23:23 [adaptive_k][circle][adaptive_k][k=adaptive][s=4] INFO   Win  2  k=1  [1.5→3.0 s]  interior_MAE=11.421°C  → k_next=1
2026-05-28 16:24:17 [adaptive_k][circle][adaptive_k][k=adaptive][s=4] INFO   Win  3  k=1  [3.0→4.5 s]  interior_MAE=4.136°C  → k_next=1
2026-05-28 16:25:12 [adaptive_k][circle][adaptive_k][k=adaptive][s=4] INFO   Win  4  k=1  [4.5→6.0 s]  interior_MAE=1.319°C  → k_next=2
2026-05-28 16:26:06 [adaptive_k][circle][adaptive_k][k=adaptive][s=4] INFO   Win  5  k=2  [6.0→9.0 s]  interior_MAE=0.654°C  → k_next=3
2026-05-28 16:27:00 [adaptive_k][circle][adaptive_k][k=adaptive][s=4] INFO   Win  6  k=3  [9.0→13.5 s]  interior_MAE=0.115°C  → k_next=4
2026-05-28 16:27:53 [adaptive_k][circle][adaptive_k][k=adaptive][s=4] INFO   Win  7  k=4  [13.5→19.5 s]  interior_MAE=0.050°C  → k_next=5
2026-05-28 16:28:43 [adaptive_k][circle][adaptive_k][k=adaptive][s=4] INFO   Win  8  k=5  [19.5→27.0 s]  interior_MAE=0.072°C  → k_next=5
2026-05-28 16:29:33 [adaptive_k][circle][adaptive_k][k=adaptive][s=4] INFO   Win  9  k=5  [27.0→30.0 s]  interior_MAE=0.056°C  → k_next=5
2026-05-28 16:29:33 [adaptive_k][circle][adaptive_k][k=adaptive][s=4] INFO AdaptiveK done | wins=9 | FEM_solves=9/60 | FEM_saving=85% | MAE=1.651°C | L2=0.0141 | t=479 s
2026-05-28 16:29:33 [adaptive_k][circle][adaptive_k][k=adaptive][s=4] INFO k schedule: t=0.0s:k=1 → t=1.5s:k=1 → t=3.0s:k=1 → t=4.5s:k=1 → t=6.0s:k=2 → t=9.0s:k=3 → t=13.5s:k=4 → t=19.5s:k=5 → t=27.0s:k=5
2026-05-28 16:29:33 [adaptive_k][circle][adaptive_k][k=adaptive][s=4] INFO Saved → /home/coder/NAS-PINNS1/thermal_pinn/quenching_mswp/results/adaptive_k/circle/seed4_adaptive_nsga3_75
2026-05-28 16:29:35 [adaptive_k][circle][adaptive_k][k=adaptive][s=5] INFO AdaptiveK | arch=[75, 75, 75] | k=[1..5] | thr_up=2.0°C thr_dn=5.0°C | fourier=False
2026-05-28 16:30:27 [adaptive_k][circle][adaptive_k][k=adaptive][s=5] INFO   Win  1  k=1  [0.0→1.5 s]  interior_MAE=29.609°C  → k_next=1
2026-05-28 16:31:20 [adaptive_k][circle][adaptive_k][k=adaptive][s=5] INFO   Win  2  k=1  [1.5→3.0 s]  interior_MAE=11.372°C  → k_next=1
2026-05-28 16:32:12 [adaptive_k][circle][adaptive_k][k=adaptive][s=5] INFO   Win  3  k=1  [3.0→4.5 s]  interior_MAE=4.104°C  → k_next=1
2026-05-28 16:33:05 [adaptive_k][circle][adaptive_k][k=adaptive][s=5] INFO   Win  4  k=1  [4.5→6.0 s]  interior_MAE=1.383°C  → k_next=2
2026-05-28 16:33:58 [adaptive_k][circle][adaptive_k][k=adaptive][s=5] INFO   Win  5  k=2  [6.0→9.0 s]  interior_MAE=0.659°C  → k_next=3
2026-05-28 16:34:50 [adaptive_k][circle][adaptive_k][k=adaptive][s=5] INFO   Win  6  k=3  [9.0→13.5 s]  interior_MAE=0.116°C  → k_next=4
2026-05-28 16:35:41 [adaptive_k][circle][adaptive_k][k=adaptive][s=5] INFO   Win  7  k=4  [13.5→19.5 s]  interior_MAE=0.024°C  → k_next=5
2026-05-28 16:36:31 [adaptive_k][circle][adaptive_k][k=adaptive][s=5] INFO   Win  8  k=5  [19.5→27.0 s]  interior_MAE=0.014°C  → k_next=5
2026-05-28 16:37:21 [adaptive_k][circle][adaptive_k][k=adaptive][s=5] INFO   Win  9  k=5  [27.0→30.0 s]  interior_MAE=0.065°C  → k_next=5
2026-05-28 16:37:21 [adaptive_k][circle][adaptive_k][k=adaptive][s=5] INFO AdaptiveK done | wins=9 | FEM_solves=9/60 | FEM_saving=85% | MAE=1.632°C | L2=0.0132 | t=466 s
2026-05-28 16:37:21 [adaptive_k][circle][adaptive_k][k=adaptive][s=5] INFO k schedule: t=0.0s:k=1 → t=1.5s:k=1 → t=3.0s:k=1 → t=4.5s:k=1 → t=6.0s:k=2 → t=9.0s:k=3 → t=13.5s:k=4 → t=19.5s:k=5 → t=27.0s:k=5
2026-05-28 16:37:21 [adaptive_k][circle][adaptive_k][k=adaptive][s=5] INFO Saved → /home/coder/NAS-PINNS1/thermal_pinn/quenching_mswp/results/adaptive_k/circle/seed5_adaptive_nsga3_75
2026-05-28 16:37:23 [adaptive_k][circle][adaptive_k][k=adaptive][s=6] INFO AdaptiveK | arch=[75, 75, 75] | k=[1..5] | thr_up=2.0°C thr_dn=5.0°C | fourier=False
2026-05-28 16:38:15 [adaptive_k][circle][adaptive_k][k=adaptive][s=6] INFO   Win  1  k=1  [0.0→1.5 s]  interior_MAE=29.917°C  → k_next=1
2026-05-28 16:39:09 [adaptive_k][circle][adaptive_k][k=adaptive][s=6] INFO   Win  2  k=1  [1.5→3.0 s]  interior_MAE=11.191°C  → k_next=1
2026-05-28 16:40:02 [adaptive_k][circle][adaptive_k][k=adaptive][s=6] INFO   Win  3  k=1  [3.0→4.5 s]  interior_MAE=3.943°C  → k_next=1
2026-05-28 16:40:55 [adaptive_k][circle][adaptive_k][k=adaptive][s=6] INFO   Win  4  k=1  [4.5→6.0 s]  interior_MAE=1.417°C  → k_next=2
2026-05-28 16:41:47 [adaptive_k][circle][adaptive_k][k=adaptive][s=6] INFO   Win  5  k=2  [6.0→9.0 s]  interior_MAE=0.663°C  → k_next=3
2026-05-28 16:42:35 [adaptive_k][circle][adaptive_k][k=adaptive][s=6] INFO   Win  6  k=3  [9.0→13.5 s]  interior_MAE=0.105°C  → k_next=4
2026-05-28 16:43:26 [adaptive_k][circle][adaptive_k][k=adaptive][s=6] INFO   Win  7  k=4  [13.5→19.5 s]  interior_MAE=0.042°C  → k_next=5
2026-05-28 16:44:18 [adaptive_k][circle][adaptive_k][k=adaptive][s=6] INFO   Win  8  k=5  [19.5→27.0 s]  interior_MAE=0.036°C  → k_next=5
2026-05-28 16:45:07 [adaptive_k][circle][adaptive_k][k=adaptive][s=6] INFO   Win  9  k=5  [27.0→30.0 s]  interior_MAE=0.037°C  → k_next=5
2026-05-28 16:45:07 [adaptive_k][circle][adaptive_k][k=adaptive][s=6] INFO AdaptiveK done | wins=9 | FEM_solves=9/60 | FEM_saving=85% | MAE=1.637°C | L2=0.0133 | t=464 s
2026-05-28 16:45:07 [adaptive_k][circle][adaptive_k][k=adaptive][s=6] INFO k schedule: t=0.0s:k=1 → t=1.5s:k=1 → t=3.0s:k=1 → t=4.5s:k=1 → t=6.0s:k=2 → t=9.0s:k=3 → t=13.5s:k=4 → t=19.5s:k=5 → t=27.0s:k=5
2026-05-28 16:45:07 [adaptive_k][circle][adaptive_k][k=adaptive][s=6] INFO Saved → /home/coder/NAS-PINNS1/thermal_pinn/quenching_mswp/results/adaptive_k/circle/seed6_adaptive_nsga3_75
2026-05-28 16:45:09 [adaptive_k][circle][adaptive_k][k=adaptive][s=7] INFO AdaptiveK | arch=[75, 75, 75] | k=[1..5] | thr_up=2.0°C thr_dn=5.0°C | fourier=False
2026-05-28 16:46:02 [adaptive_k][circle][adaptive_k][k=adaptive][s=7] INFO   Win  1  k=1  [0.0→1.5 s]  interior_MAE=29.735°C  → k_next=1
2026-05-28 16:46:55 [adaptive_k][circle][adaptive_k][k=adaptive][s=7] INFO   Win  2  k=1  [1.5→3.0 s]  interior_MAE=11.170°C  → k_next=1
2026-05-28 16:47:48 [adaptive_k][circle][adaptive_k][k=adaptive][s=7] INFO   Win  3  k=1  [3.0→4.5 s]  interior_MAE=4.104°C  → k_next=1
2026-05-28 16:48:41 [adaptive_k][circle][adaptive_k][k=adaptive][s=7] INFO   Win  4  k=1  [4.5→6.0 s]  interior_MAE=1.299°C  → k_next=2
2026-05-28 16:49:33 [adaptive_k][circle][adaptive_k][k=adaptive][s=7] INFO   Win  5  k=2  [6.0→9.0 s]  interior_MAE=0.675°C  → k_next=3
2026-05-28 16:50:22 [adaptive_k][circle][adaptive_k][k=adaptive][s=7] INFO   Win  6  k=3  [9.0→13.5 s]  interior_MAE=0.095°C  → k_next=4
2026-05-28 16:51:08 [adaptive_k][circle][adaptive_k][k=adaptive][s=7] INFO   Win  7  k=4  [13.5→19.5 s]  interior_MAE=0.055°C  → k_next=5
2026-05-28 16:51:58 [adaptive_k][circle][adaptive_k][k=adaptive][s=7] INFO   Win  8  k=5  [19.5→27.0 s]  interior_MAE=0.028°C  → k_next=5
2026-05-28 16:52:48 [adaptive_k][circle][adaptive_k][k=adaptive][s=7] INFO   Win  9  k=5  [27.0→30.0 s]  interior_MAE=0.011°C  → k_next=5
2026-05-28 16:52:48 [adaptive_k][circle][adaptive_k][k=adaptive][s=7] INFO AdaptiveK done | wins=9 | FEM_solves=9/60 | FEM_saving=85% | MAE=1.630°C | L2=0.0133 | t=459 s
2026-05-28 16:52:48 [adaptive_k][circle][adaptive_k][k=adaptive][s=7] INFO k schedule: t=0.0s:k=1 → t=1.5s:k=1 → t=3.0s:k=1 → t=4.5s:k=1 → t=6.0s:k=2 → t=9.0s:k=3 → t=13.5s:k=4 → t=19.5s:k=5 → t=27.0s:k=5
2026-05-28 16:52:48 [adaptive_k][circle][adaptive_k][k=adaptive][s=7] INFO Saved → /home/coder/NAS-PINNS1/thermal_pinn/quenching_mswp/results/adaptive_k/circle/seed7_adaptive_nsga3_75
2026-05-28 16:52:50 [adaptive_k][circle][adaptive_k][k=adaptive][s=8] INFO AdaptiveK | arch=[75, 75, 75] | k=[1..5] | thr_up=2.0°C thr_dn=5.0°C | fourier=False
2026-05-28 16:53:42 [adaptive_k][circle][adaptive_k][k=adaptive][s=8] INFO   Win  1  k=1  [0.0→1.5 s]  interior_MAE=29.486°C  → k_next=1
2026-05-28 16:54:35 [adaptive_k][circle][adaptive_k][k=adaptive][s=8] INFO   Win  2  k=1  [1.5→3.0 s]  interior_MAE=11.301°C  → k_next=1
2026-05-28 16:55:27 [adaptive_k][circle][adaptive_k][k=adaptive][s=8] INFO   Win  3  k=1  [3.0→4.5 s]  interior_MAE=3.834°C  → k_next=1
2026-05-28 16:56:19 [adaptive_k][circle][adaptive_k][k=adaptive][s=8] INFO   Win  4  k=1  [4.5→6.0 s]  interior_MAE=1.323°C  → k_next=2
2026-05-28 16:57:11 [adaptive_k][circle][adaptive_k][k=adaptive][s=8] INFO   Win  5  k=2  [6.0→9.0 s]  interior_MAE=0.685°C  → k_next=3
2026-05-28 16:58:01 [adaptive_k][circle][adaptive_k][k=adaptive][s=8] INFO   Win  6  k=3  [9.0→13.5 s]  interior_MAE=0.117°C  → k_next=4
2026-05-28 16:58:50 [adaptive_k][circle][adaptive_k][k=adaptive][s=8] INFO   Win  7  k=4  [13.5→19.5 s]  interior_MAE=0.014°C  → k_next=5
2026-05-28 16:59:39 [adaptive_k][circle][adaptive_k][k=adaptive][s=8] INFO   Win  8  k=5  [19.5→27.0 s]  interior_MAE=0.012°C  → k_next=5
2026-05-28 17:00:29 [adaptive_k][circle][adaptive_k][k=adaptive][s=8] INFO   Win  9  k=5  [27.0→30.0 s]  interior_MAE=0.011°C  → k_next=5
2026-05-28 17:00:29 [adaptive_k][circle][adaptive_k][k=adaptive][s=8] INFO AdaptiveK done | wins=9 | FEM_solves=9/60 | FEM_saving=85% | MAE=1.610°C | L2=0.0127 | t=459 s
2026-05-28 17:00:29 [adaptive_k][circle][adaptive_k][k=adaptive][s=8] INFO k schedule: t=0.0s:k=1 → t=1.5s:k=1 → t=3.0s:k=1 → t=4.5s:k=1 → t=6.0s:k=2 → t=9.0s:k=3 → t=13.5s:k=4 → t=19.5s:k=5 → t=27.0s:k=5
2026-05-28 17:00:29 [adaptive_k][circle][adaptive_k][k=adaptive][s=8] INFO Saved → /home/coder/NAS-PINNS1/thermal_pinn/quenching_mswp/results/adaptive_k/circle/seed8_adaptive_nsga3_75
2026-05-28 17:00:31 [adaptive_k][circle][adaptive_k][k=adaptive][s=9] INFO AdaptiveK | arch=[75, 75, 75] | k=[1..5] | thr_up=2.0°C thr_dn=5.0°C | fourier=False
2026-05-28 17:01:24 [adaptive_k][circle][adaptive_k][k=adaptive][s=9] INFO   Win  1  k=1  [0.0→1.5 s]  interior_MAE=30.284°C  → k_next=1
2026-05-28 17:02:16 [adaptive_k][circle][adaptive_k][k=adaptive][s=9] INFO   Win  2  k=1  [1.5→3.0 s]  interior_MAE=11.469°C  → k_next=1
2026-05-28 17:03:09 [adaptive_k][circle][adaptive_k][k=adaptive][s=9] INFO   Win  3  k=1  [3.0→4.5 s]  interior_MAE=4.058°C  → k_next=1
2026-05-28 17:04:01 [adaptive_k][circle][adaptive_k][k=adaptive][s=9] INFO   Win  4  k=1  [4.5→6.0 s]  interior_MAE=1.387°C  → k_next=2
2026-05-28 17:04:51 [adaptive_k][circle][adaptive_k][k=adaptive][s=9] INFO   Win  5  k=2  [6.0→9.0 s]  interior_MAE=0.676°C  → k_next=3
2026-05-28 17:05:41 [adaptive_k][circle][adaptive_k][k=adaptive][s=9] INFO   Win  6  k=3  [9.0→13.5 s]  interior_MAE=0.122°C  → k_next=4
2026-05-28 17:06:31 [adaptive_k][circle][adaptive_k][k=adaptive][s=9] INFO   Win  7  k=4  [13.5→19.5 s]  interior_MAE=0.053°C  → k_next=5
2026-05-28 17:07:22 [adaptive_k][circle][adaptive_k][k=adaptive][s=9] INFO   Win  8  k=5  [19.5→27.0 s]  interior_MAE=0.023°C  → k_next=5
2026-05-28 17:08:09 [adaptive_k][circle][adaptive_k][k=adaptive][s=9] INFO   Win  9  k=5  [27.0→30.0 s]  interior_MAE=0.037°C  → k_next=5
2026-05-28 17:08:09 [adaptive_k][circle][adaptive_k][k=adaptive][s=9] INFO AdaptiveK done | wins=9 | FEM_solves=9/60 | FEM_saving=85% | MAE=1.664°C | L2=0.0136 | t=458 s
2026-05-28 17:08:09 [adaptive_k][circle][adaptive_k][k=adaptive][s=9] INFO k schedule: t=0.0s:k=1 → t=1.5s:k=1 → t=3.0s:k=1 → t=4.5s:k=1 → t=6.0s:k=2 → t=9.0s:k=3 → t=13.5s:k=4 → t=19.5s:k=5 → t=27.0s:k=5
2026-05-28 17:08:10 [adaptive_k][circle][adaptive_k][k=adaptive][s=9] INFO Saved → /home/coder/NAS-PINNS1/thermal_pinn/quenching_mswp/results/adaptive_k/circle/seed9_adaptive_nsga3_75
2026-05-28 17:08:11 [adaptive_k][lshape][adaptive_k][k=adaptive][s=1] INFO AdaptiveK | arch=[75, 75, 75] | k=[1..5] | thr_up=2.0°C thr_dn=5.0°C | fourier=False
2026-05-28 17:09:01 [adaptive_k][lshape][adaptive_k][k=adaptive][s=1] INFO   Win  1  k=1  [0.0→1.5 s]  interior_MAE=30.213°C  → k_next=1
2026-05-28 17:09:51 [adaptive_k][lshape][adaptive_k][k=adaptive][s=1] INFO   Win  2  k=1  [1.5→3.0 s]  interior_MAE=20.182°C  → k_next=1
2026-05-28 17:10:40 [adaptive_k][lshape][adaptive_k][k=adaptive][s=1] INFO   Win  3  k=1  [3.0→4.5 s]  interior_MAE=9.412°C  → k_next=1
2026-05-28 17:11:29 [adaptive_k][lshape][adaptive_k][k=adaptive][s=1] INFO   Win  4  k=1  [4.5→6.0 s]  interior_MAE=4.507°C  → k_next=1
2026-05-28 17:12:19 [adaptive_k][lshape][adaptive_k][k=adaptive][s=1] INFO   Win  5  k=1  [6.0→7.5 s]  interior_MAE=2.128°C  → k_next=1
2026-05-28 17:13:10 [adaptive_k][lshape][adaptive_k][k=adaptive][s=1] INFO   Win  6  k=1  [7.5→9.0 s]  interior_MAE=1.087°C  → k_next=2
2026-05-28 17:14:00 [adaptive_k][lshape][adaptive_k][k=adaptive][s=1] INFO   Win  7  k=2  [9.0→12.0 s]  interior_MAE=0.697°C  → k_next=3
2026-05-28 17:14:48 [adaptive_k][lshape][adaptive_k][k=adaptive][s=1] INFO   Win  8  k=3  [12.0→16.5 s]  interior_MAE=0.233°C  → k_next=4
2026-05-28 17:15:36 [adaptive_k][lshape][adaptive_k][k=adaptive][s=1] INFO   Win  9  k=4  [16.5→22.5 s]  interior_MAE=0.044°C  → k_next=5
2026-05-28 17:16:20 [adaptive_k][lshape][adaptive_k][k=adaptive][s=1] INFO   Win 10  k=5  [22.5→30.0 s]  interior_MAE=0.042°C  → k_next=5
2026-05-28 17:16:20 [adaptive_k][lshape][adaptive_k][k=adaptive][s=1] INFO AdaptiveK done | wins=10 | FEM_solves=10/60 | FEM_saving=83% | MAE=2.358°C | L2=0.0217 | t=489 s
2026-05-28 17:16:20 [adaptive_k][lshape][adaptive_k][k=adaptive][s=1] INFO k schedule: t=0.0s:k=1 → t=1.5s:k=1 → t=3.0s:k=1 → t=4.5s:k=1 → t=6.0s:k=1 → t=7.5s:k=1 → t=9.0s:k=2 → t=12.0s:k=3 → t=16.5s:k=4 → t=22.5s:k=5
2026-05-28 17:16:21 [adaptive_k][lshape][adaptive_k][k=adaptive][s=1] INFO Saved → /home/coder/NAS-PINNS1/thermal_pinn/quenching_mswp/results/adaptive_k/lshape/seed1_adaptive_nsga3_75
2026-05-28 17:16:21 [adaptive_k][lshape][adaptive_k][k=adaptive][s=2] INFO AdaptiveK | arch=[75, 75, 75] | k=[1..5] | thr_up=2.0°C thr_dn=5.0°C | fourier=False
2026-05-28 17:17:11 [adaptive_k][lshape][adaptive_k][k=adaptive][s=2] INFO   Win  1  k=1  [0.0→1.5 s]  interior_MAE=31.225°C  → k_next=1
2026-05-28 17:18:00 [adaptive_k][lshape][adaptive_k][k=adaptive][s=2] INFO   Win  2  k=1  [1.5→3.0 s]  interior_MAE=18.539°C  → k_next=1
2026-05-28 17:18:49 [adaptive_k][lshape][adaptive_k][k=adaptive][s=2] INFO   Win  3  k=1  [3.0→4.5 s]  interior_MAE=9.307°C  → k_next=1
2026-05-28 17:19:40 [adaptive_k][lshape][adaptive_k][k=adaptive][s=2] INFO   Win  4  k=1  [4.5→6.0 s]  interior_MAE=4.674°C  → k_next=1
2026-05-28 17:20:30 [adaptive_k][lshape][adaptive_k][k=adaptive][s=2] INFO   Win  5  k=1  [6.0→7.5 s]  interior_MAE=2.221°C  → k_next=1
2026-05-28 17:21:19 [adaptive_k][lshape][adaptive_k][k=adaptive][s=2] INFO   Win  6  k=1  [7.5→9.0 s]  interior_MAE=0.992°C  → k_next=2
2026-05-28 17:22:10 [adaptive_k][lshape][adaptive_k][k=adaptive][s=2] INFO   Win  7  k=2  [9.0→12.0 s]  interior_MAE=0.661°C  → k_next=3
2026-05-28 17:22:57 [adaptive_k][lshape][adaptive_k][k=adaptive][s=2] INFO   Win  8  k=3  [12.0→16.5 s]  interior_MAE=0.187°C  → k_next=4
2026-05-28 17:23:41 [adaptive_k][lshape][adaptive_k][k=adaptive][s=2] INFO   Win  9  k=4  [16.5→22.5 s]  interior_MAE=0.059°C  → k_next=5
2026-05-28 17:24:25 [adaptive_k][lshape][adaptive_k][k=adaptive][s=2] INFO   Win 10  k=5  [22.5→30.0 s]  interior_MAE=0.011°C  → k_next=5
2026-05-28 17:24:25 [adaptive_k][lshape][adaptive_k][k=adaptive][s=2] INFO AdaptiveK done | wins=10 | FEM_solves=10/60 | FEM_saving=83% | MAE=2.325°C | L2=0.0208 | t=484 s
2026-05-28 17:24:25 [adaptive_k][lshape][adaptive_k][k=adaptive][s=2] INFO k schedule: t=0.0s:k=1 → t=1.5s:k=1 → t=3.0s:k=1 → t=4.5s:k=1 → t=6.0s:k=1 → t=7.5s:k=1 → t=9.0s:k=2 → t=12.0s:k=3 → t=16.5s:k=4 → t=22.5s:k=5
2026-05-28 17:24:25 [adaptive_k][lshape][adaptive_k][k=adaptive][s=2] INFO Saved → /home/coder/NAS-PINNS1/thermal_pinn/quenching_mswp/results/adaptive_k/lshape/seed2_adaptive_nsga3_75
2026-05-28 17:24:26 [adaptive_k][lshape][adaptive_k][k=adaptive][s=3] INFO AdaptiveK | arch=[75, 75, 75] | k=[1..5] | thr_up=2.0°C thr_dn=5.0°C | fourier=False
2026-05-28 17:25:15 [adaptive_k][lshape][adaptive_k][k=adaptive][s=3] INFO   Win  1  k=1  [0.0→1.5 s]  interior_MAE=31.125°C  → k_next=1
2026-05-28 17:26:04 [adaptive_k][lshape][adaptive_k][k=adaptive][s=3] INFO   Win  2  k=1  [1.5→3.0 s]  interior_MAE=19.000°C  → k_next=1
2026-05-28 17:26:52 [adaptive_k][lshape][adaptive_k][k=adaptive][s=3] INFO   Win  3  k=1  [3.0→4.5 s]  interior_MAE=9.631°C  → k_next=1
2026-05-28 17:27:42 [adaptive_k][lshape][adaptive_k][k=adaptive][s=3] INFO   Win  4  k=1  [4.5→6.0 s]  interior_MAE=4.620°C  → k_next=1
2026-05-28 17:28:31 [adaptive_k][lshape][adaptive_k][k=adaptive][s=3] INFO   Win  5  k=1  [6.0→7.5 s]  interior_MAE=2.270°C  → k_next=1
2026-05-28 17:29:20 [adaptive_k][lshape][adaptive_k][k=adaptive][s=3] INFO   Win  6  k=1  [7.5→9.0 s]  interior_MAE=1.063°C  → k_next=2
2026-05-28 17:30:09 [adaptive_k][lshape][adaptive_k][k=adaptive][s=3] INFO   Win  7  k=2  [9.0→12.0 s]  interior_MAE=0.687°C  → k_next=3
2026-05-28 17:30:51 [adaptive_k][lshape][adaptive_k][k=adaptive][s=3] INFO   Win  8  k=3  [12.0→16.5 s]  interior_MAE=0.310°C  → k_next=4
2026-05-28 17:31:35 [adaptive_k][lshape][adaptive_k][k=adaptive][s=3] INFO   Win  9  k=4  [16.5→22.5 s]  interior_MAE=0.028°C  → k_next=5
2026-05-28 17:32:18 [adaptive_k][lshape][adaptive_k][k=adaptive][s=3] INFO   Win 10  k=5  [22.5→30.0 s]  interior_MAE=0.064°C  → k_next=5
2026-05-28 17:32:18 [adaptive_k][lshape][adaptive_k][k=adaptive][s=3] INFO AdaptiveK done | wins=10 | FEM_solves=10/60 | FEM_saving=83% | MAE=2.376°C | L2=0.0223 | t=473 s
2026-05-28 17:32:18 [adaptive_k][lshape][adaptive_k][k=adaptive][s=3] INFO k schedule: t=0.0s:k=1 → t=1.5s:k=1 → t=3.0s:k=1 → t=4.5s:k=1 → t=6.0s:k=1 → t=7.5s:k=1 → t=9.0s:k=2 → t=12.0s:k=3 → t=16.5s:k=4 → t=22.5s:k=5
2026-05-28 17:32:18 [adaptive_k][lshape][adaptive_k][k=adaptive][s=3] INFO Saved → /home/coder/NAS-PINNS1/thermal_pinn/quenching_mswp/results/adaptive_k/lshape/seed3_adaptive_nsga3_75
2026-05-28 17:32:19 [adaptive_k][lshape][adaptive_k][k=adaptive][s=4] INFO AdaptiveK | arch=[75, 75, 75] | k=[1..5] | thr_up=2.0°C thr_dn=5.0°C | fourier=False
2026-05-28 17:33:08 [adaptive_k][lshape][adaptive_k][k=adaptive][s=4] INFO   Win  1  k=1  [0.0→1.5 s]  interior_MAE=30.925°C  → k_next=1
2026-05-28 17:33:57 [adaptive_k][lshape][adaptive_k][k=adaptive][s=4] INFO   Win  2  k=1  [1.5→3.0 s]  interior_MAE=19.105°C  → k_next=1
2026-05-28 17:34:44 [adaptive_k][lshape][adaptive_k][k=adaptive][s=4] INFO   Win  3  k=1  [3.0→4.5 s]  interior_MAE=9.358°C  → k_next=1
2026-05-28 17:35:32 [adaptive_k][lshape][adaptive_k][k=adaptive][s=4] INFO   Win  4  k=1  [4.5→6.0 s]  interior_MAE=4.790°C  → k_next=1
2026-05-28 17:36:20 [adaptive_k][lshape][adaptive_k][k=adaptive][s=4] INFO   Win  5  k=1  [6.0→7.5 s]  interior_MAE=2.272°C  → k_next=1
2026-05-28 17:37:07 [adaptive_k][lshape][adaptive_k][k=adaptive][s=4] INFO   Win  6  k=1  [7.5→9.0 s]  interior_MAE=1.018°C  → k_next=2
2026-05-28 17:37:55 [adaptive_k][lshape][adaptive_k][k=adaptive][s=4] INFO   Win  7  k=2  [9.0→12.0 s]  interior_MAE=0.664°C  → k_next=3
2026-05-28 17:38:39 [adaptive_k][lshape][adaptive_k][k=adaptive][s=4] INFO   Win  8  k=3  [12.0→16.5 s]  interior_MAE=0.226°C  → k_next=4
2026-05-28 17:39:23 [adaptive_k][lshape][adaptive_k][k=adaptive][s=4] INFO   Win  9  k=4  [16.5→22.5 s]  interior_MAE=0.036°C  → k_next=5
2026-05-28 17:40:07 [adaptive_k][lshape][adaptive_k][k=adaptive][s=4] INFO   Win 10  k=5  [22.5→30.0 s]  interior_MAE=0.015°C  → k_next=5
2026-05-28 17:40:07 [adaptive_k][lshape][adaptive_k][k=adaptive][s=4] INFO AdaptiveK done | wins=10 | FEM_solves=10/60 | FEM_saving=83% | MAE=2.345°C | L2=0.0211 | t=468 s
2026-05-28 17:40:07 [adaptive_k][lshape][adaptive_k][k=adaptive][s=4] INFO k schedule: t=0.0s:k=1 → t=1.5s:k=1 → t=3.0s:k=1 → t=4.5s:k=1 → t=6.0s:k=1 → t=7.5s:k=1 → t=9.0s:k=2 → t=12.0s:k=3 → t=16.5s:k=4 → t=22.5s:k=5
2026-05-28 17:40:07 [adaptive_k][lshape][adaptive_k][k=adaptive][s=4] INFO Saved → /home/coder/NAS-PINNS1/thermal_pinn/quenching_mswp/results/adaptive_k/lshape/seed4_adaptive_nsga3_75
2026-05-28 17:40:07 [adaptive_k][lshape][adaptive_k][k=adaptive][s=5] INFO AdaptiveK | arch=[75, 75, 75] | k=[1..5] | thr_up=2.0°C thr_dn=5.0°C | fourier=False
2026-05-28 17:40:57 [adaptive_k][lshape][adaptive_k][k=adaptive][s=5] INFO   Win  1  k=1  [0.0→1.5 s]  interior_MAE=31.182°C  → k_next=1
2026-05-28 17:41:46 [adaptive_k][lshape][adaptive_k][k=adaptive][s=5] INFO   Win  2  k=1  [1.5→3.0 s]  interior_MAE=18.337°C  → k_next=1
2026-05-28 17:42:34 [adaptive_k][lshape][adaptive_k][k=adaptive][s=5] INFO   Win  3  k=1  [3.0→4.5 s]  interior_MAE=9.576°C  → k_next=1
2026-05-28 17:43:22 [adaptive_k][lshape][adaptive_k][k=adaptive][s=5] INFO   Win  4  k=1  [4.5→6.0 s]  interior_MAE=4.650°C  → k_next=1
2026-05-28 17:44:11 [adaptive_k][lshape][adaptive_k][k=adaptive][s=5] INFO   Win  5  k=1  [6.0→7.5 s]  interior_MAE=2.145°C  → k_next=1
2026-05-28 17:44:59 [adaptive_k][lshape][adaptive_k][k=adaptive][s=5] INFO   Win  6  k=1  [7.5→9.0 s]  interior_MAE=1.051°C  → k_next=2
2026-05-28 17:45:49 [adaptive_k][lshape][adaptive_k][k=adaptive][s=5] INFO   Win  7  k=2  [9.0→12.0 s]  interior_MAE=0.656°C  → k_next=3
2026-05-28 17:46:34 [adaptive_k][lshape][adaptive_k][k=adaptive][s=5] INFO   Win  8  k=3  [12.0→16.5 s]  interior_MAE=0.204°C  → k_next=4
2026-05-28 17:47:20 [adaptive_k][lshape][adaptive_k][k=adaptive][s=5] INFO   Win  9  k=4  [16.5→22.5 s]  interior_MAE=0.038°C  → k_next=5
2026-05-28 17:48:05 [adaptive_k][lshape][adaptive_k][k=adaptive][s=5] INFO   Win 10  k=5  [22.5→30.0 s]  interior_MAE=0.041°C  → k_next=5
2026-05-28 17:48:05 [adaptive_k][lshape][adaptive_k][k=adaptive][s=5] INFO AdaptiveK done | wins=10 | FEM_solves=10/60 | FEM_saving=83% | MAE=2.330°C | L2=0.0210 | t=478 s
2026-05-28 17:48:05 [adaptive_k][lshape][adaptive_k][k=adaptive][s=5] INFO k schedule: t=0.0s:k=1 → t=1.5s:k=1 → t=3.0s:k=1 → t=4.5s:k=1 → t=6.0s:k=1 → t=7.5s:k=1 → t=9.0s:k=2 → t=12.0s:k=3 → t=16.5s:k=4 → t=22.5s:k=5
2026-05-28 17:48:05 [adaptive_k][lshape][adaptive_k][k=adaptive][s=5] INFO Saved → /home/coder/NAS-PINNS1/thermal_pinn/quenching_mswp/results/adaptive_k/lshape/seed5_adaptive_nsga3_75
2026-05-28 17:48:06 [adaptive_k][lshape][adaptive_k][k=adaptive][s=6] INFO AdaptiveK | arch=[75, 75, 75] | k=[1..5] | thr_up=2.0°C thr_dn=5.0°C | fourier=False
2026-05-28 17:48:53 [adaptive_k][lshape][adaptive_k][k=adaptive][s=6] INFO   Win  1  k=1  [0.0→1.5 s]  interior_MAE=31.448°C  → k_next=1
2026-05-28 17:49:41 [adaptive_k][lshape][adaptive_k][k=adaptive][s=6] INFO   Win  2  k=1  [1.5→3.0 s]  interior_MAE=20.059°C  → k_next=1
2026-05-28 17:50:29 [adaptive_k][lshape][adaptive_k][k=adaptive][s=6] INFO   Win  3  k=1  [3.0→4.5 s]  interior_MAE=9.588°C  → k_next=1
2026-05-28 17:51:16 [adaptive_k][lshape][adaptive_k][k=adaptive][s=6] INFO   Win  4  k=1  [4.5→6.0 s]  interior_MAE=4.659°C  → k_next=1
2026-05-28 17:52:04 [adaptive_k][lshape][adaptive_k][k=adaptive][s=6] INFO   Win  5  k=1  [6.0→7.5 s]  interior_MAE=2.364°C  → k_next=1
2026-05-28 17:52:52 [adaptive_k][lshape][adaptive_k][k=adaptive][s=6] INFO   Win  6  k=1  [7.5→9.0 s]  interior_MAE=1.101°C  → k_next=2
2026-05-28 17:53:40 [adaptive_k][lshape][adaptive_k][k=adaptive][s=6] INFO   Win  7  k=2  [9.0→12.0 s]  interior_MAE=0.682°C  → k_next=3
2026-05-28 17:54:25 [adaptive_k][lshape][adaptive_k][k=adaptive][s=6] INFO   Win  8  k=3  [12.0→16.5 s]  interior_MAE=0.224°C  → k_next=4
2026-05-28 17:55:08 [adaptive_k][lshape][adaptive_k][k=adaptive][s=6] INFO   Win  9  k=4  [16.5→22.5 s]  interior_MAE=0.042°C  → k_next=5
2026-05-28 17:55:54 [adaptive_k][lshape][adaptive_k][k=adaptive][s=6] INFO   Win 10  k=5  [22.5→30.0 s]  interior_MAE=0.028°C  → k_next=5
2026-05-28 17:55:54 [adaptive_k][lshape][adaptive_k][k=adaptive][s=6] INFO AdaptiveK done | wins=10 | FEM_solves=10/60 | FEM_saving=83% | MAE=2.408°C | L2=0.0219 | t=468 s
2026-05-28 17:55:54 [adaptive_k][lshape][adaptive_k][k=adaptive][s=6] INFO k schedule: t=0.0s:k=1 → t=1.5s:k=1 → t=3.0s:k=1 → t=4.5s:k=1 → t=6.0s:k=1 → t=7.5s:k=1 → t=9.0s:k=2 → t=12.0s:k=3 → t=16.5s:k=4 → t=22.5s:k=5
2026-05-28 17:55:54 [adaptive_k][lshape][adaptive_k][k=adaptive][s=6] INFO Saved → /home/coder/NAS-PINNS1/thermal_pinn/quenching_mswp/results/adaptive_k/lshape/seed6_adaptive_nsga3_75
2026-05-28 17:55:55 [adaptive_k][lshape][adaptive_k][k=adaptive][s=7] INFO AdaptiveK | arch=[75, 75, 75] | k=[1..5] | thr_up=2.0°C thr_dn=5.0°C | fourier=False
2026-05-28 17:56:42 [adaptive_k][lshape][adaptive_k][k=adaptive][s=7] INFO   Win  1  k=1  [0.0→1.5 s]  interior_MAE=30.758°C  → k_next=1
2026-05-28 17:57:30 [adaptive_k][lshape][adaptive_k][k=adaptive][s=7] INFO   Win  2  k=1  [1.5→3.0 s]  interior_MAE=18.809°C  → k_next=1
2026-05-28 17:58:18 [adaptive_k][lshape][adaptive_k][k=adaptive][s=7] INFO   Win  3  k=1  [3.0→4.5 s]  interior_MAE=9.549°C  → k_next=1
2026-05-28 17:59:06 [adaptive_k][lshape][adaptive_k][k=adaptive][s=7] INFO   Win  4  k=1  [4.5→6.0 s]  interior_MAE=4.286°C  → k_next=1
2026-05-28 17:59:55 [adaptive_k][lshape][adaptive_k][k=adaptive][s=7] INFO   Win  5  k=1  [6.0→7.5 s]  interior_MAE=2.060°C  → k_next=1
2026-05-28 18:00:44 [adaptive_k][lshape][adaptive_k][k=adaptive][s=7] INFO   Win  6  k=1  [7.5→9.0 s]  interior_MAE=1.028°C  → k_next=2
2026-05-28 18:01:32 [adaptive_k][lshape][adaptive_k][k=adaptive][s=7] INFO   Win  7  k=2  [9.0→12.0 s]  interior_MAE=0.669°C  → k_next=3
2026-05-28 18:02:17 [adaptive_k][lshape][adaptive_k][k=adaptive][s=7] INFO   Win  8  k=3  [12.0→16.5 s]  interior_MAE=0.204°C  → k_next=4
2026-05-28 18:03:00 [adaptive_k][lshape][adaptive_k][k=adaptive][s=7] INFO   Win  9  k=4  [16.5→22.5 s]  interior_MAE=0.032°C  → k_next=5
2026-05-28 18:03:43 [adaptive_k][lshape][adaptive_k][k=adaptive][s=7] INFO   Win 10  k=5  [22.5→30.0 s]  interior_MAE=0.017°C  → k_next=5
2026-05-28 18:03:43 [adaptive_k][lshape][adaptive_k][k=adaptive][s=7] INFO AdaptiveK done | wins=10 | FEM_solves=10/60 | FEM_saving=83% | MAE=2.309°C | L2=0.0204 | t=468 s
2026-05-28 18:03:43 [adaptive_k][lshape][adaptive_k][k=adaptive][s=7] INFO k schedule: t=0.0s:k=1 → t=1.5s:k=1 → t=3.0s:k=1 → t=4.5s:k=1 → t=6.0s:k=1 → t=7.5s:k=1 → t=9.0s:k=2 → t=12.0s:k=3 → t=16.5s:k=4 → t=22.5s:k=5
2026-05-28 18:03:43 [adaptive_k][lshape][adaptive_k][k=adaptive][s=7] INFO Saved → /home/coder/NAS-PINNS1/thermal_pinn/quenching_mswp/results/adaptive_k/lshape/seed7_adaptive_nsga3_75
2026-05-28 18:03:43 [adaptive_k][lshape][adaptive_k][k=adaptive][s=8] INFO AdaptiveK | arch=[75, 75, 75] | k=[1..5] | thr_up=2.0°C thr_dn=5.0°C | fourier=False
2026-05-28 18:04:31 [adaptive_k][lshape][adaptive_k][k=adaptive][s=8] INFO   Win  1  k=1  [0.0→1.5 s]  interior_MAE=30.371°C  → k_next=1
2026-05-28 18:05:19 [adaptive_k][lshape][adaptive_k][k=adaptive][s=8] INFO   Win  2  k=1  [1.5→3.0 s]  interior_MAE=19.223°C  → k_next=1
2026-05-28 18:06:07 [adaptive_k][lshape][adaptive_k][k=adaptive][s=8] INFO   Win  3  k=1  [3.0→4.5 s]  interior_MAE=9.655°C  → k_next=1
2026-05-28 18:06:55 [adaptive_k][lshape][adaptive_k][k=adaptive][s=8] INFO   Win  4  k=1  [4.5→6.0 s]  interior_MAE=4.647°C  → k_next=1
2026-05-28 18:07:43 [adaptive_k][lshape][adaptive_k][k=adaptive][s=8] INFO   Win  5  k=1  [6.0→7.5 s]  interior_MAE=2.334°C  → k_next=1
2026-05-28 18:08:32 [adaptive_k][lshape][adaptive_k][k=adaptive][s=8] INFO   Win  6  k=1  [7.5→9.0 s]  interior_MAE=1.120°C  → k_next=2
2026-05-28 18:09:19 [adaptive_k][lshape][adaptive_k][k=adaptive][s=8] INFO   Win  7  k=2  [9.0→12.0 s]  interior_MAE=0.694°C  → k_next=3
2026-05-28 18:10:04 [adaptive_k][lshape][adaptive_k][k=adaptive][s=8] INFO   Win  8  k=3  [12.0→16.5 s]  interior_MAE=0.196°C  → k_next=4
2026-05-28 18:10:48 [adaptive_k][lshape][adaptive_k][k=adaptive][s=8] INFO   Win  9  k=4  [16.5→22.5 s]  interior_MAE=0.032°C  → k_next=5
2026-05-28 18:11:32 [adaptive_k][lshape][adaptive_k][k=adaptive][s=8] INFO   Win 10  k=5  [22.5→30.0 s]  interior_MAE=0.029°C  → k_next=5
2026-05-28 18:11:32 [adaptive_k][lshape][adaptive_k][k=adaptive][s=8] INFO AdaptiveK done | wins=10 | FEM_solves=10/60 | FEM_saving=83% | MAE=2.342°C | L2=0.0214 | t=469 s
2026-05-28 18:11:32 [adaptive_k][lshape][adaptive_k][k=adaptive][s=8] INFO k schedule: t=0.0s:k=1 → t=1.5s:k=1 → t=3.0s:k=1 → t=4.5s:k=1 → t=6.0s:k=1 → t=7.5s:k=1 → t=9.0s:k=2 → t=12.0s:k=3 → t=16.5s:k=4 → t=22.5s:k=5
2026-05-28 18:11:32 [adaptive_k][lshape][adaptive_k][k=adaptive][s=8] INFO Saved → /home/coder/NAS-PINNS1/thermal_pinn/quenching_mswp/results/adaptive_k/lshape/seed8_adaptive_nsga3_75
2026-05-28 18:11:33 [adaptive_k][lshape][adaptive_k][k=adaptive][s=9] INFO AdaptiveK | arch=[75, 75, 75] | k=[1..5] | thr_up=2.0°C thr_dn=5.0°C | fourier=False
2026-05-28 18:12:21 [adaptive_k][lshape][adaptive_k][k=adaptive][s=9] INFO   Win  1  k=1  [0.0→1.5 s]  interior_MAE=28.533°C  → k_next=1
2026-05-28 18:13:09 [adaptive_k][lshape][adaptive_k][k=adaptive][s=9] INFO   Win  2  k=1  [1.5→3.0 s]  interior_MAE=19.955°C  → k_next=1
2026-05-28 18:13:57 [adaptive_k][lshape][adaptive_k][k=adaptive][s=9] INFO   Win  3  k=1  [3.0→4.5 s]  interior_MAE=9.640°C  → k_next=1
2026-05-28 18:14:45 [adaptive_k][lshape][adaptive_k][k=adaptive][s=9] INFO   Win  4  k=1  [4.5→6.0 s]  interior_MAE=4.568°C  → k_next=1
2026-05-28 18:15:33 [adaptive_k][lshape][adaptive_k][k=adaptive][s=9] INFO   Win  5  k=1  [6.0→7.5 s]  interior_MAE=2.136°C  → k_next=1
2026-05-28 18:16:21 [adaptive_k][lshape][adaptive_k][k=adaptive][s=9] INFO   Win  6  k=1  [7.5→9.0 s]  interior_MAE=1.080°C  → k_next=2
2026-05-28 18:17:10 [adaptive_k][lshape][adaptive_k][k=adaptive][s=9] INFO   Win  7  k=2  [9.0→12.0 s]  interior_MAE=0.660°C  → k_next=3
2026-05-28 18:17:55 [adaptive_k][lshape][adaptive_k][k=adaptive][s=9] INFO   Win  8  k=3  [12.0→16.5 s]  interior_MAE=0.208°C  → k_next=4
2026-05-28 18:18:38 [adaptive_k][lshape][adaptive_k][k=adaptive][s=9] INFO   Win  9  k=4  [16.5→22.5 s]  interior_MAE=0.064°C  → k_next=5
2026-05-28 18:19:23 [adaptive_k][lshape][adaptive_k][k=adaptive][s=9] INFO   Win 10  k=5  [22.5→30.0 s]  interior_MAE=0.019°C  → k_next=5
2026-05-28 18:19:23 [adaptive_k][lshape][adaptive_k][k=adaptive][s=9] INFO AdaptiveK done | wins=10 | FEM_solves=10/60 | FEM_saving=83% | MAE=2.296°C | L2=0.0211 | t=470 s
2026-05-28 18:19:23 [adaptive_k][lshape][adaptive_k][k=adaptive][s=9] INFO k schedule: t=0.0s:k=1 → t=1.5s:k=1 → t=3.0s:k=1 → t=4.5s:k=1 → t=6.0s:k=1 → t=7.5s:k=1 → t=9.0s:k=2 → t=12.0s:k=3 → t=16.5s:k=4 → t=22.5s:k=5
2026-05-28 18:19:23 [adaptive_k][lshape][adaptive_k][k=adaptive][s=9] INFO Saved → /home/coder/NAS-PINNS1/thermal_pinn/quenching_mswp/results/adaptive_k/lshape/seed9_adaptive_nsga3_75
2026-05-28 18:19:23 [adaptive_k][flower][adaptive_k][k=adaptive][s=1] INFO AdaptiveK | arch=[75, 75, 75] | k=[1..5] | thr_up=2.0°C thr_dn=5.0°C | fourier=False
2026-05-28 18:20:38 [adaptive_k][flower][adaptive_k][k=adaptive][s=1] INFO   Win  1  k=1  [0.0→1.5 s]  interior_MAE=44.122°C  → k_next=1
2026-05-28 18:21:54 [adaptive_k][flower][adaptive_k][k=adaptive][s=1] INFO   Win  2  k=1  [1.5→3.0 s]  interior_MAE=11.297°C  → k_next=1
2026-05-28 18:23:09 [adaptive_k][flower][adaptive_k][k=adaptive][s=1] INFO   Win  3  k=1  [3.0→4.5 s]  interior_MAE=2.382°C  → k_next=1
2026-05-28 18:24:24 [adaptive_k][flower][adaptive_k][k=adaptive][s=1] INFO   Win  4  k=1  [4.5→6.0 s]  interior_MAE=0.559°C  → k_next=2
2026-05-28 18:25:36 [adaptive_k][flower][adaptive_k][k=adaptive][s=1] INFO   Win  5  k=2  [6.0→9.0 s]  interior_MAE=0.177°C  → k_next=3
2026-05-28 18:26:47 [adaptive_k][flower][adaptive_k][k=adaptive][s=1] INFO   Win  6  k=3  [9.0→13.5 s]  interior_MAE=0.037°C  → k_next=4
2026-05-28 18:27:57 [adaptive_k][flower][adaptive_k][k=adaptive][s=1] INFO   Win  7  k=4  [13.5→19.5 s]  interior_MAE=0.026°C  → k_next=5
2026-05-28 18:29:06 [adaptive_k][flower][adaptive_k][k=adaptive][s=1] INFO   Win  8  k=5  [19.5→27.0 s]  interior_MAE=0.031°C  → k_next=5
2026-05-28 18:30:21 [adaptive_k][flower][adaptive_k][k=adaptive][s=1] INFO   Win  9  k=5  [27.0→30.0 s]  interior_MAE=0.013°C  → k_next=5
2026-05-28 18:30:21 [adaptive_k][flower][adaptive_k][k=adaptive][s=1] INFO AdaptiveK done | wins=9 | FEM_solves=9/60 | FEM_saving=85% | MAE=1.978°C | L2=0.0157 | t=657 s
2026-05-28 18:30:21 [adaptive_k][flower][adaptive_k][k=adaptive][s=1] INFO k schedule: t=0.0s:k=1 → t=1.5s:k=1 → t=3.0s:k=1 → t=4.5s:k=1 → t=6.0s:k=2 → t=9.0s:k=3 → t=13.5s:k=4 → t=19.5s:k=5 → t=27.0s:k=5
2026-05-28 18:30:21 [adaptive_k][flower][adaptive_k][k=adaptive][s=1] INFO Saved → /home/coder/NAS-PINNS1/thermal_pinn/quenching_mswp/results/adaptive_k/flower/seed1_adaptive_nsga3_75
2026-05-28 18:30:22 [adaptive_k][flower][adaptive_k][k=adaptive][s=2] INFO AdaptiveK | arch=[75, 75, 75] | k=[1..5] | thr_up=2.0°C thr_dn=5.0°C | fourier=False
2026-05-28 18:31:36 [adaptive_k][flower][adaptive_k][k=adaptive][s=2] INFO   Win  1  k=1  [0.0→1.5 s]  interior_MAE=46.354°C  → k_next=1
2026-05-28 18:32:50 [adaptive_k][flower][adaptive_k][k=adaptive][s=2] INFO   Win  2  k=1  [1.5→3.0 s]  interior_MAE=11.109°C  → k_next=1
2026-05-28 18:34:05 [adaptive_k][flower][adaptive_k][k=adaptive][s=2] INFO   Win  3  k=1  [3.0→4.5 s]  interior_MAE=2.302°C  → k_next=1
2026-05-28 18:35:20 [adaptive_k][flower][adaptive_k][k=adaptive][s=2] INFO   Win  4  k=1  [4.5→6.0 s]  interior_MAE=0.543°C  → k_next=2
2026-05-28 18:36:29 [adaptive_k][flower][adaptive_k][k=adaptive][s=2] INFO   Win  5  k=2  [6.0→9.0 s]  interior_MAE=0.200°C  → k_next=3
2026-05-28 18:37:40 [adaptive_k][flower][adaptive_k][k=adaptive][s=2] INFO   Win  6  k=3  [9.0→13.5 s]  interior_MAE=0.017°C  → k_next=4
2026-05-28 18:38:49 [adaptive_k][flower][adaptive_k][k=adaptive][s=2] INFO   Win  7  k=4  [13.5→19.5 s]  interior_MAE=0.015°C  → k_next=5
2026-05-28 18:39:59 [adaptive_k][flower][adaptive_k][k=adaptive][s=2] INFO   Win  8  k=5  [19.5→27.0 s]  interior_MAE=0.051°C  → k_next=5
2026-05-28 18:41:07 [adaptive_k][flower][adaptive_k][k=adaptive][s=2] INFO   Win  9  k=5  [27.0→30.0 s]  interior_MAE=0.040°C  → k_next=5
2026-05-28 18:41:07 [adaptive_k][flower][adaptive_k][k=adaptive][s=2] INFO AdaptiveK done | wins=9 | FEM_solves=9/60 | FEM_saving=85% | MAE=2.047°C | L2=0.0157 | t=646 s
2026-05-28 18:41:07 [adaptive_k][flower][adaptive_k][k=adaptive][s=2] INFO k schedule: t=0.0s:k=1 → t=1.5s:k=1 → t=3.0s:k=1 → t=4.5s:k=1 → t=6.0s:k=2 → t=9.0s:k=3 → t=13.5s:k=4 → t=19.5s:k=5 → t=27.0s:k=5
2026-05-28 18:41:08 [adaptive_k][flower][adaptive_k][k=adaptive][s=2] INFO Saved → /home/coder/NAS-PINNS1/thermal_pinn/quenching_mswp/results/adaptive_k/flower/seed2_adaptive_nsga3_75
2026-05-28 18:41:08 [adaptive_k][flower][adaptive_k][k=adaptive][s=3] INFO AdaptiveK | arch=[75, 75, 75] | k=[1..5] | thr_up=2.0°C thr_dn=5.0°C | fourier=False
2026-05-28 18:42:22 [adaptive_k][flower][adaptive_k][k=adaptive][s=3] INFO   Win  1  k=1  [0.0→1.5 s]  interior_MAE=47.375°C  → k_next=1
2026-05-28 18:43:36 [adaptive_k][flower][adaptive_k][k=adaptive][s=3] INFO   Win  2  k=1  [1.5→3.0 s]  interior_MAE=11.108°C  → k_next=1
2026-05-28 18:44:51 [adaptive_k][flower][adaptive_k][k=adaptive][s=3] INFO   Win  3  k=1  [3.0→4.5 s]  interior_MAE=2.323°C  → k_next=1
2026-05-28 18:46:07 [adaptive_k][flower][adaptive_k][k=adaptive][s=3] INFO   Win  4  k=1  [4.5→6.0 s]  interior_MAE=0.557°C  → k_next=2
2026-05-28 18:47:18 [adaptive_k][flower][adaptive_k][k=adaptive][s=3] INFO   Win  5  k=2  [6.0→9.0 s]  interior_MAE=0.189°C  → k_next=3
2026-05-28 18:48:28 [adaptive_k][flower][adaptive_k][k=adaptive][s=3] INFO   Win  6  k=3  [9.0→13.5 s]  interior_MAE=0.023°C  → k_next=4
2026-05-28 18:49:37 [adaptive_k][flower][adaptive_k][k=adaptive][s=3] INFO   Win  7  k=4  [13.5→19.5 s]  interior_MAE=0.037°C  → k_next=5
2026-05-28 18:50:46 [adaptive_k][flower][adaptive_k][k=adaptive][s=3] INFO   Win  8  k=5  [19.5→27.0 s]  interior_MAE=0.026°C  → k_next=5
2026-05-28 18:51:56 [adaptive_k][flower][adaptive_k][k=adaptive][s=3] INFO   Win  9  k=5  [27.0→30.0 s]  interior_MAE=0.035°C  → k_next=5
2026-05-28 18:51:56 [adaptive_k][flower][adaptive_k][k=adaptive][s=3] INFO AdaptiveK done | wins=9 | FEM_solves=9/60 | FEM_saving=85% | MAE=2.080°C | L2=0.0158 | t=648 s
2026-05-28 18:51:56 [adaptive_k][flower][adaptive_k][k=adaptive][s=3] INFO k schedule: t=0.0s:k=1 → t=1.5s:k=1 → t=3.0s:k=1 → t=4.5s:k=1 → t=6.0s:k=2 → t=9.0s:k=3 → t=13.5s:k=4 → t=19.5s:k=5 → t=27.0s:k=5
2026-05-28 18:51:56 [adaptive_k][flower][adaptive_k][k=adaptive][s=3] INFO Saved → /home/coder/NAS-PINNS1/thermal_pinn/quenching_mswp/results/adaptive_k/flower/seed3_adaptive_nsga3_75
2026-05-28 18:51:56 [adaptive_k][flower][adaptive_k][k=adaptive][s=4] INFO AdaptiveK | arch=[75, 75, 75] | k=[1..5] | thr_up=2.0°C thr_dn=5.0°C | fourier=False
2026-05-28 18:53:10 [adaptive_k][flower][adaptive_k][k=adaptive][s=4] INFO   Win  1  k=1  [0.0→1.5 s]  interior_MAE=44.689°C  → k_next=1
2026-05-28 18:54:25 [adaptive_k][flower][adaptive_k][k=adaptive][s=4] INFO   Win  2  k=1  [1.5→3.0 s]  interior_MAE=10.988°C  → k_next=1
2026-05-28 18:55:40 [adaptive_k][flower][adaptive_k][k=adaptive][s=4] INFO   Win  3  k=1  [3.0→4.5 s]  interior_MAE=2.427°C  → k_next=1
2026-05-28 18:56:55 [adaptive_k][flower][adaptive_k][k=adaptive][s=4] INFO   Win  4  k=1  [4.5→6.0 s]  interior_MAE=0.540°C  → k_next=2
2026-05-28 18:58:06 [adaptive_k][flower][adaptive_k][k=adaptive][s=4] INFO   Win  5  k=2  [6.0→9.0 s]  interior_MAE=0.201°C  → k_next=3
2026-05-28 18:59:17 [adaptive_k][flower][adaptive_k][k=adaptive][s=4] INFO   Win  6  k=3  [9.0→13.5 s]  interior_MAE=0.016°C  → k_next=4
2026-05-28 19:00:25 [adaptive_k][flower][adaptive_k][k=adaptive][s=4] INFO   Win  7  k=4  [13.5→19.5 s]  interior_MAE=0.013°C  → k_next=5
2026-05-28 19:01:35 [adaptive_k][flower][adaptive_k][k=adaptive][s=4] INFO   Win  8  k=5  [19.5→27.0 s]  interior_MAE=0.049°C  → k_next=5
2026-05-28 19:02:46 [adaptive_k][flower][adaptive_k][k=adaptive][s=4] INFO   Win  9  k=5  [27.0→30.0 s]  interior_MAE=0.015°C  → k_next=5
2026-05-28 19:02:46 [adaptive_k][flower][adaptive_k][k=adaptive][s=4] INFO AdaptiveK done | wins=9 | FEM_solves=9/60 | FEM_saving=85% | MAE=1.989°C | L2=0.0158 | t=649 s
2026-05-28 19:02:46 [adaptive_k][flower][adaptive_k][k=adaptive][s=4] INFO k schedule: t=0.0s:k=1 → t=1.5s:k=1 → t=3.0s:k=1 → t=4.5s:k=1 → t=6.0s:k=2 → t=9.0s:k=3 → t=13.5s:k=4 → t=19.5s:k=5 → t=27.0s:k=5
2026-05-28 19:02:46 [adaptive_k][flower][adaptive_k][k=adaptive][s=4] INFO Saved → /home/coder/NAS-PINNS1/thermal_pinn/quenching_mswp/results/adaptive_k/flower/seed4_adaptive_nsga3_75
2026-05-28 19:02:46 [adaptive_k][flower][adaptive_k][k=adaptive][s=5] INFO AdaptiveK | arch=[75, 75, 75] | k=[1..5] | thr_up=2.0°C thr_dn=5.0°C | fourier=False
2026-05-28 19:04:02 [adaptive_k][flower][adaptive_k][k=adaptive][s=5] INFO   Win  1  k=1  [0.0→1.5 s]  interior_MAE=45.741°C  → k_next=1
2026-05-28 19:05:17 [adaptive_k][flower][adaptive_k][k=adaptive][s=5] INFO   Win  2  k=1  [1.5→3.0 s]  interior_MAE=11.119°C  → k_next=1
2026-05-28 19:06:31 [adaptive_k][flower][adaptive_k][k=adaptive][s=5] INFO   Win  3  k=1  [3.0→4.5 s]  interior_MAE=2.268°C  → k_next=1
2026-05-28 19:07:47 [adaptive_k][flower][adaptive_k][k=adaptive][s=5] INFO   Win  4  k=1  [4.5→6.0 s]  interior_MAE=0.527°C  → k_next=2
2026-05-28 19:09:01 [adaptive_k][flower][adaptive_k][k=adaptive][s=5] INFO   Win  5  k=2  [6.0→9.0 s]  interior_MAE=0.176°C  → k_next=3
2026-05-28 19:10:12 [adaptive_k][flower][adaptive_k][k=adaptive][s=5] INFO   Win  6  k=3  [9.0→13.5 s]  interior_MAE=0.035°C  → k_next=4
2026-05-28 19:11:22 [adaptive_k][flower][adaptive_k][k=adaptive][s=5] INFO   Win  7  k=4  [13.5→19.5 s]  interior_MAE=0.030°C  → k_next=5
2026-05-28 19:12:33 [adaptive_k][flower][adaptive_k][k=adaptive][s=5] INFO   Win  8  k=5  [19.5→27.0 s]  interior_MAE=0.013°C  → k_next=5
2026-05-28 19:13:46 [adaptive_k][flower][adaptive_k][k=adaptive][s=5] INFO   Win  9  k=5  [27.0→30.0 s]  interior_MAE=0.050°C  → k_next=5
2026-05-28 19:13:46 [adaptive_k][flower][adaptive_k][k=adaptive][s=5] INFO AdaptiveK done | wins=9 | FEM_solves=9/60 | FEM_saving=85% | MAE=2.020°C | L2=0.0155 | t=660 s
2026-05-28 19:13:46 [adaptive_k][flower][adaptive_k][k=adaptive][s=5] INFO k schedule: t=0.0s:k=1 → t=1.5s:k=1 → t=3.0s:k=1 → t=4.5s:k=1 → t=6.0s:k=2 → t=9.0s:k=3 → t=13.5s:k=4 → t=19.5s:k=5 → t=27.0s:k=5
2026-05-28 19:13:46 [adaptive_k][flower][adaptive_k][k=adaptive][s=5] INFO Saved → /home/coder/NAS-PINNS1/thermal_pinn/quenching_mswp/results/adaptive_k/flower/seed5_adaptive_nsga3_75
2026-05-28 19:13:46 [adaptive_k][flower][adaptive_k][k=adaptive][s=6] INFO AdaptiveK | arch=[75, 75, 75] | k=[1..5] | thr_up=2.0°C thr_dn=5.0°C | fourier=False
2026-05-28 19:15:01 [adaptive_k][flower][adaptive_k][k=adaptive][s=6] INFO   Win  1  k=1  [0.0→1.5 s]  interior_MAE=43.993°C  → k_next=1
2026-05-28 19:16:18 [adaptive_k][flower][adaptive_k][k=adaptive][s=6] INFO   Win  2  k=1  [1.5→3.0 s]  interior_MAE=11.042°C  → k_next=1
2026-05-28 19:17:33 [adaptive_k][flower][adaptive_k][k=adaptive][s=6] INFO   Win  3  k=1  [3.0→4.5 s]  interior_MAE=2.319°C  → k_next=1
2026-05-28 19:18:47 [adaptive_k][flower][adaptive_k][k=adaptive][s=6] INFO   Win  4  k=1  [4.5→6.0 s]  interior_MAE=0.555°C  → k_next=2
2026-05-28 19:19:59 [adaptive_k][flower][adaptive_k][k=adaptive][s=6] INFO   Win  5  k=2  [6.0→9.0 s]  interior_MAE=0.201°C  → k_next=3
2026-05-28 19:21:10 [adaptive_k][flower][adaptive_k][k=adaptive][s=6] INFO   Win  6  k=3  [9.0→13.5 s]  interior_MAE=0.019°C  → k_next=4
2026-05-28 19:22:21 [adaptive_k][flower][adaptive_k][k=adaptive][s=6] INFO   Win  7  k=4  [13.5→19.5 s]  interior_MAE=0.035°C  → k_next=5
2026-05-28 19:23:30 [adaptive_k][flower][adaptive_k][k=adaptive][s=6] INFO   Win  8  k=5  [19.5→27.0 s]  interior_MAE=0.028°C  → k_next=5
2026-05-28 19:24:40 [adaptive_k][flower][adaptive_k][k=adaptive][s=6] INFO   Win  9  k=5  [27.0→30.0 s]  interior_MAE=0.096°C  → k_next=5
2026-05-28 19:24:40 [adaptive_k][flower][adaptive_k][k=adaptive][s=6] INFO AdaptiveK done | wins=9 | FEM_solves=9/60 | FEM_saving=85% | MAE=1.970°C | L2=0.0158 | t=653 s
2026-05-28 19:24:40 [adaptive_k][flower][adaptive_k][k=adaptive][s=6] INFO k schedule: t=0.0s:k=1 → t=1.5s:k=1 → t=3.0s:k=1 → t=4.5s:k=1 → t=6.0s:k=2 → t=9.0s:k=3 → t=13.5s:k=4 → t=19.5s:k=5 → t=27.0s:k=5
2026-05-28 19:24:40 [adaptive_k][flower][adaptive_k][k=adaptive][s=6] INFO Saved → /home/coder/NAS-PINNS1/thermal_pinn/quenching_mswp/results/adaptive_k/flower/seed6_adaptive_nsga3_75
2026-05-28 19:24:40 [adaptive_k][flower][adaptive_k][k=adaptive][s=7] INFO AdaptiveK | arch=[75, 75, 75] | k=[1..5] | thr_up=2.0°C thr_dn=5.0°C | fourier=False
2026-05-28 19:25:56 [adaptive_k][flower][adaptive_k][k=adaptive][s=7] INFO   Win  1  k=1  [0.0→1.5 s]  interior_MAE=41.522°C  → k_next=1
2026-05-28 19:27:11 [adaptive_k][flower][adaptive_k][k=adaptive][s=7] INFO   Win  2  k=1  [1.5→3.0 s]  interior_MAE=11.639°C  → k_next=1
2026-05-28 19:28:30 [adaptive_k][flower][adaptive_k][k=adaptive][s=7] INFO   Win  3  k=1  [3.0→4.5 s]  interior_MAE=2.506°C  → k_next=1
2026-05-28 19:29:44 [adaptive_k][flower][adaptive_k][k=adaptive][s=7] INFO   Win  4  k=1  [4.5→6.0 s]  interior_MAE=0.537°C  → k_next=2
2026-05-28 19:30:57 [adaptive_k][flower][adaptive_k][k=adaptive][s=7] INFO   Win  5  k=2  [6.0→9.0 s]  interior_MAE=0.191°C  → k_next=3
2026-05-28 19:32:07 [adaptive_k][flower][adaptive_k][k=adaptive][s=7] INFO   Win  6  k=3  [9.0→13.5 s]  interior_MAE=0.025°C  → k_next=4
2026-05-28 19:33:18 [adaptive_k][flower][adaptive_k][k=adaptive][s=7] INFO   Win  7  k=4  [13.5→19.5 s]  interior_MAE=0.017°C  → k_next=5
2026-05-28 19:34:31 [adaptive_k][flower][adaptive_k][k=adaptive][s=7] INFO   Win  8  k=5  [19.5→27.0 s]  interior_MAE=0.011°C  → k_next=5
2026-05-28 19:35:41 [adaptive_k][flower][adaptive_k][k=adaptive][s=7] INFO   Win  9  k=5  [27.0→30.0 s]  interior_MAE=0.028°C  → k_next=5
2026-05-28 19:35:41 [adaptive_k][flower][adaptive_k][k=adaptive][s=7] INFO AdaptiveK done | wins=9 | FEM_solves=9/60 | FEM_saving=85% | MAE=1.901°C | L2=0.0154 | t=661 s
2026-05-28 19:35:41 [adaptive_k][flower][adaptive_k][k=adaptive][s=7] INFO k schedule: t=0.0s:k=1 → t=1.5s:k=1 → t=3.0s:k=1 → t=4.5s:k=1 → t=6.0s:k=2 → t=9.0s:k=3 → t=13.5s:k=4 → t=19.5s:k=5 → t=27.0s:k=5
2026-05-28 19:35:41 [adaptive_k][flower][adaptive_k][k=adaptive][s=7] INFO Saved → /home/coder/NAS-PINNS1/thermal_pinn/quenching_mswp/results/adaptive_k/flower/seed7_adaptive_nsga3_75
2026-05-28 19:35:41 [adaptive_k][flower][adaptive_k][k=adaptive][s=8] INFO AdaptiveK | arch=[75, 75, 75] | k=[1..5] | thr_up=2.0°C thr_dn=5.0°C | fourier=False
2026-05-28 19:36:56 [adaptive_k][flower][adaptive_k][k=adaptive][s=8] INFO   Win  1  k=1  [0.0→1.5 s]  interior_MAE=43.406°C  → k_next=1
2026-05-28 19:38:12 [adaptive_k][flower][adaptive_k][k=adaptive][s=8] INFO   Win  2  k=1  [1.5→3.0 s]  interior_MAE=11.053°C  → k_next=1
2026-05-28 19:39:27 [adaptive_k][flower][adaptive_k][k=adaptive][s=8] INFO   Win  3  k=1  [3.0→4.5 s]  interior_MAE=2.372°C  → k_next=1
2026-05-28 19:40:43 [adaptive_k][flower][adaptive_k][k=adaptive][s=8] INFO   Win  4  k=1  [4.5→6.0 s]  interior_MAE=0.534°C  → k_next=2
2026-05-28 19:41:54 [adaptive_k][flower][adaptive_k][k=adaptive][s=8] INFO   Win  5  k=2  [6.0→9.0 s]  interior_MAE=0.182°C  → k_next=3
2026-05-28 19:43:05 [adaptive_k][flower][adaptive_k][k=adaptive][s=8] INFO   Win  6  k=3  [9.0→13.5 s]  interior_MAE=0.019°C  → k_next=4
2026-05-28 19:44:14 [adaptive_k][flower][adaptive_k][k=adaptive][s=8] INFO   Win  7  k=4  [13.5→19.5 s]  interior_MAE=0.020°C  → k_next=5
2026-05-28 19:45:24 [adaptive_k][flower][adaptive_k][k=adaptive][s=8] INFO   Win  8  k=5  [19.5→27.0 s]  interior_MAE=0.038°C  → k_next=5
2026-05-28 19:46:35 [adaptive_k][flower][adaptive_k][k=adaptive][s=8] INFO   Win  9  k=5  [27.0→30.0 s]  interior_MAE=0.011°C  → k_next=5
2026-05-28 19:46:35 [adaptive_k][flower][adaptive_k][k=adaptive][s=8] INFO AdaptiveK done | wins=9 | FEM_solves=9/60 | FEM_saving=85% | MAE=1.943°C | L2=0.0153 | t=654 s
2026-05-28 19:46:35 [adaptive_k][flower][adaptive_k][k=adaptive][s=8] INFO k schedule: t=0.0s:k=1 → t=1.5s:k=1 → t=3.0s:k=1 → t=4.5s:k=1 → t=6.0s:k=2 → t=9.0s:k=3 → t=13.5s:k=4 → t=19.5s:k=5 → t=27.0s:k=5
2026-05-28 19:46:35 [adaptive_k][flower][adaptive_k][k=adaptive][s=8] INFO Saved → /home/coder/NAS-PINNS1/thermal_pinn/quenching_mswp/results/adaptive_k/flower/seed8_adaptive_nsga3_75
2026-05-28 19:46:35 [adaptive_k][flower][adaptive_k][k=adaptive][s=9] INFO AdaptiveK | arch=[75, 75, 75] | k=[1..5] | thr_up=2.0°C thr_dn=5.0°C | fourier=False
2026-05-28 19:47:51 [adaptive_k][flower][adaptive_k][k=adaptive][s=9] INFO   Win  1  k=1  [0.0→1.5 s]  interior_MAE=46.471°C  → k_next=1
2026-05-28 19:49:05 [adaptive_k][flower][adaptive_k][k=adaptive][s=9] INFO   Win  2  k=1  [1.5→3.0 s]  interior_MAE=10.884°C  → k_next=1
2026-05-28 19:50:21 [adaptive_k][flower][adaptive_k][k=adaptive][s=9] INFO   Win  3  k=1  [3.0→4.5 s]  interior_MAE=2.528°C  → k_next=1
2026-05-28 19:51:35 [adaptive_k][flower][adaptive_k][k=adaptive][s=9] INFO   Win  4  k=1  [4.5→6.0 s]  interior_MAE=0.528°C  → k_next=2
2026-05-28 19:52:45 [adaptive_k][flower][adaptive_k][k=adaptive][s=9] INFO   Win  5  k=2  [6.0→9.0 s]  interior_MAE=0.181°C  → k_next=3
2026-05-28 19:53:57 [adaptive_k][flower][adaptive_k][k=adaptive][s=9] INFO   Win  6  k=3  [9.0→13.5 s]  interior_MAE=0.063°C  → k_next=4
2026-05-28 19:55:06 [adaptive_k][flower][adaptive_k][k=adaptive][s=9] INFO   Win  7  k=4  [13.5→19.5 s]  interior_MAE=0.017°C  → k_next=5
2026-05-28 19:56:16 [adaptive_k][flower][adaptive_k][k=adaptive][s=9] INFO   Win  8  k=5  [19.5→27.0 s]  interior_MAE=0.047°C  → k_next=5
2026-05-28 19:57:26 [adaptive_k][flower][adaptive_k][k=adaptive][s=9] INFO   Win  9  k=5  [27.0→30.0 s]  interior_MAE=0.022°C  → k_next=5
2026-05-28 19:57:26 [adaptive_k][flower][adaptive_k][k=adaptive][s=9] INFO AdaptiveK done | wins=9 | FEM_solves=9/60 | FEM_saving=85% | MAE=2.053°C | L2=0.0160 | t=650 s
2026-05-28 19:57:26 [adaptive_k][flower][adaptive_k][k=adaptive][s=9] INFO k schedule: t=0.0s:k=1 → t=1.5s:k=1 → t=3.0s:k=1 → t=4.5s:k=1 → t=6.0s:k=2 → t=9.0s:k=3 → t=13.5s:k=4 → t=19.5s:k=5 → t=27.0s:k=5
2026-05-28 19:57:26 [adaptive_k][flower][adaptive_k][k=adaptive][s=9] INFO Saved → /home/coder/NAS-PINNS1/thermal_pinn/quenching_mswp/results/adaptive_k/flower/seed9_adaptive_nsga3_75
