2026-05-21 23:47:00 [mswp_runner][square][mswp][k=1][s=-] INFO MSWP k=1 | 20 windows × 1.5 s | anchor_spacing=1.5 s | FEM saving=0%
2026-05-21 23:47:27 [mswp_runner][square][mswp][k=1][s=-] INFO MSWP k=1 | 20 windows × 1.5 s | anchor_spacing=1.5 s | FEM saving=0%
2026-05-21 23:48:01 [mswp_runner][square][mswp][k=1][s=-] INFO   Window  1/20  [0.0→1.5 s]  T_mean=489.2°C  time=33.6 s
2026-05-21 23:55:04 [mswp_runner][square][mswp][k=1][s=-] INFO MSWP k=1 | 20 windows × 1.5 s | anchor_spacing=1.5 s | FEM saving=0%
2026-05-21 23:55:18 [mswp_runner][square][mswp][k=1][s=-] INFO   Window  1/20  [0.0→1.5 s]  T_mean=492.7°C  time=14.2 s
2026-05-22 00:03:07 [mswp_runner][square][mswp][k=1][s=-] INFO MSWP k=1 | 20 windows × 1.5 s | anchor_spacing=1.5 s | FEM saving=0%
2026-05-22 00:06:18 [mswp_runner][square][mswp][k=1][s=-] INFO MSWP k=1 | 20 windows × 1.5 s | anchor_spacing=1.5 s | FEM saving=0%
2026-05-22 00:24:10 [mswp_runner][square][mswp][k=1][s=-] INFO   Window  1/20  [0.0→1.5 s]  T_mean=1322.4°C  time=1071.9 s
2026-05-22 00:43:17 [mswp_runner][square][mswp][k=1][s=-] INFO   Window  2/20  [1.5→3.0 s]  T_mean=502.2°C  time=1147.4 s
2026-05-22 01:03:00 [mswp_runner][square][mswp][k=1][s=-] INFO   Window  3/20  [3.0→4.5 s]  T_mean=193.2°C  time=1183.0 s
2026-05-22 01:22:41 [mswp_runner][square][mswp][k=1][s=-] INFO   Window  4/20  [4.5→6.0 s]  T_mean=84.3°C  time=1180.3 s
2026-05-22 01:26:13 [mswp_runner][square][mswp][k=1][s=-] INFO   Window  5/20  [6.0→7.5 s]  T_mean=43.2°C  time=212.2 s
2026-05-22 01:28:50 [mswp_runner][square][mswp][k=1][s=-] INFO   Window  6/20  [7.5→9.0 s]  T_mean=28.5°C  time=156.7 s
2026-05-22 01:29:43 [mswp_runner][square][mswp][k=1][s=-] INFO   Window  7/20  [9.0→10.5 s]  T_mean=23.0°C  time=53.3 s
2026-05-22 01:30:25 [mswp_runner][square][mswp][k=1][s=-] INFO   Window  8/20  [10.5→12.0 s]  T_mean=20.9°C  time=41.8 s
2026-05-22 01:30:47 [mswp_runner][square][mswp][k=1][s=-] INFO   Window  9/20  [12.0→13.5 s]  T_mean=20.3°C  time=22.7 s
2026-05-22 01:31:10 [mswp_runner][square][mswp][k=1][s=-] INFO   Window 10/20  [13.5→15.0 s]  T_mean=20.1°C  time=22.5 s
2026-05-22 01:31:34 [mswp_runner][square][mswp][k=1][s=-] INFO   Window 11/20  [15.0→16.5 s]  T_mean=20.0°C  time=23.9 s
2026-05-22 01:31:56 [mswp_runner][square][mswp][k=1][s=-] INFO   Window 12/20  [16.5→18.0 s]  T_mean=20.0°C  time=21.8 s
2026-05-22 01:32:22 [mswp_runner][square][mswp][k=1][s=-] INFO   Window 13/20  [18.0→19.5 s]  T_mean=19.9°C  time=26.6 s
2026-05-22 01:32:47 [mswp_runner][square][mswp][k=1][s=-] INFO   Window 14/20  [19.5→21.0 s]  T_mean=20.0°C  time=24.9 s
2026-05-22 01:33:09 [mswp_runner][square][mswp][k=1][s=-] INFO   Window 15/20  [21.0→22.5 s]  T_mean=20.0°C  time=22.4 s
2026-05-22 01:33:54 [mswp_runner][square][mswp][k=1][s=-] INFO   Window 16/20  [22.5→24.0 s]  T_mean=20.0°C  time=44.9 s
2026-05-22 01:34:38 [mswp_runner][square][mswp][k=1][s=-] INFO   Window 17/20  [24.0→25.5 s]  T_mean=20.0°C  time=44.1 s
2026-05-22 01:35:01 [mswp_runner][square][mswp][k=1][s=-] INFO   Window 18/20  [25.5→27.0 s]  T_mean=20.0°C  time=22.2 s
2026-05-22 01:35:25 [mswp_runner][square][mswp][k=1][s=-] INFO   Window 19/20  [27.0→28.5 s]  T_mean=20.0°C  time=24.8 s
2026-05-22 01:35:46 [mswp_runner][square][mswp][k=1][s=-] INFO   Window 20/20  [28.5→30.0 s]  T_mean=20.0°C  time=20.8 s
2026-05-22 01:35:46 [mswp_runner][square][mswp][k=1][s=-] INFO k=1 done | MAE=81.037 C | L2=0.6646 | k1_MAE=81.037 C | FEM saving=0% | time=5368 s
2026-05-22 15:33:44 [mswp_runner][square][mswp][k=1][s=-] INFO MSWP k=1 | 20 windows × 1.5 s | anchor_spacing=1.5 s | FEM saving=0%
2026-05-22 15:44:16 [mswp_runner][square][mswp][k=1][s=-] INFO MSWP k=1 | 20 windows × 1.5 s | anchor_spacing=1.5 s | FEM saving=0%
2026-05-22 16:27:23 [mswp_runner][square][mswp][k=1][s=-] INFO   Window  1/20  [0.0→1.5 s]  T_mean=165.2°C  time=3219.5 s
2026-05-22 17:58:22 [mswp_runner][square][mswp][k=1][s=-] INFO MSWP k=1 | 20 windows × 1.5 s | anchor_spacing=1.5 s | FEM saving=0%
2026-05-22 18:02:30 [mswp_runner][square][mswp][k=1][s=-] INFO   Window  1/20  [0.0→1.5 s]  T_mean=179.5°C  time=247.6 s
2026-05-22 18:06:29 [mswp_runner][square][mswp][k=1][s=-] INFO   Window  2/20  [1.5→3.0 s]  T_mean=134.3°C  time=238.9 s
2026-05-22 18:18:25 [mswp_runner][square][mswp][k=1][s=-] INFO MSWP k=1 | 20 windows × 1.5 s | anchor_spacing=1.5 s | FEM saving=67%
2026-05-22 18:18:45 [mswp_runner][square][mswp][k=1][s=-] INFO   Window  1/20  [0.0→1.5 s]  T_mean=327.3°C  time=20.3 s
2026-05-22 18:19:04 [mswp_runner][square][mswp][k=1][s=-] INFO   Window  2/20  [1.5→3.0 s]  T_mean=129.9°C  time=19.3 s
2026-05-22 18:19:21 [mswp_runner][square][mswp][k=1][s=-] INFO   Window  3/20  [3.0→4.5 s]  T_mean=61.1°C  time=16.9 s
2026-05-22 18:19:38 [mswp_runner][square][mswp][k=1][s=-] INFO   Window  4/20  [4.5→6.0 s]  T_mean=35.1°C  time=16.8 s
2026-05-22 18:19:54 [mswp_runner][square][mswp][k=1][s=-] INFO   Window  5/20  [6.0→7.5 s]  T_mean=25.5°C  time=16.5 s
2026-05-22 18:20:11 [mswp_runner][square][mswp][k=1][s=-] INFO   Window  6/20  [7.5→9.0 s]  T_mean=22.1°C  time=16.8 s
2026-05-22 18:20:28 [mswp_runner][square][mswp][k=1][s=-] INFO   Window  7/20  [9.0→10.5 s]  T_mean=20.8°C  time=17.0 s
2026-05-22 18:20:46 [mswp_runner][square][mswp][k=1][s=-] INFO   Window  8/20  [10.5→12.0 s]  T_mean=20.3°C  time=18.2 s
2026-05-22 18:21:03 [mswp_runner][square][mswp][k=1][s=-] INFO   Window  9/20  [12.0→13.5 s]  T_mean=20.1°C  time=16.7 s
2026-05-22 18:21:20 [mswp_runner][square][mswp][k=1][s=-] INFO   Window 10/20  [13.5→15.0 s]  T_mean=20.0°C  time=16.8 s
2026-05-22 18:21:37 [mswp_runner][square][mswp][k=1][s=-] INFO   Window 11/20  [15.0→16.5 s]  T_mean=20.0°C  time=16.7 s
2026-05-22 18:21:54 [mswp_runner][square][mswp][k=1][s=-] INFO   Window 12/20  [16.5→18.0 s]  T_mean=20.0°C  time=17.0 s
2026-05-22 18:22:11 [mswp_runner][square][mswp][k=1][s=-] INFO   Window 13/20  [18.0→19.5 s]  T_mean=20.0°C  time=17.1 s
2026-05-22 18:22:28 [mswp_runner][square][mswp][k=1][s=-] INFO   Window 14/20  [19.5→21.0 s]  T_mean=20.0°C  time=17.4 s
2026-05-22 18:22:47 [mswp_runner][square][mswp][k=1][s=-] INFO   Window 15/20  [21.0→22.5 s]  T_mean=20.0°C  time=19.2 s
2026-05-22 18:23:07 [mswp_runner][square][mswp][k=1][s=-] INFO   Window 16/20  [22.5→24.0 s]  T_mean=20.0°C  time=19.3 s
2026-05-22 18:23:23 [mswp_runner][square][mswp][k=1][s=-] INFO   Window 17/20  [24.0→25.5 s]  T_mean=20.0°C  time=16.1 s
2026-05-22 18:23:39 [mswp_runner][square][mswp][k=1][s=-] INFO   Window 18/20  [25.5→27.0 s]  T_mean=20.0°C  time=16.2 s
2026-05-22 18:23:56 [mswp_runner][square][mswp][k=1][s=-] INFO   Window 19/20  [27.0→28.5 s]  T_mean=20.0°C  time=16.9 s
2026-05-22 18:24:13 [mswp_runner][square][mswp][k=1][s=-] INFO   Window 20/20  [28.5→30.0 s]  T_mean=20.0°C  time=17.5 s
2026-05-22 18:24:13 [mswp_runner][square][mswp][k=1][s=-] INFO k=1 done | MAE=2.326 C | L2=0.0148 | k1_MAE=2.326 C | FEM saving=67% | time=349 s
2026-05-22 18:33:57 [mswp_runner][square][mswp][k=1][s=-] INFO MSWP k=1 | 20 windows × 1.5 s | anchor_spacing=1.5 s | FEM saving=67%
2026-05-22 18:34:13 [mswp_runner][square][mswp][k=1][s=-] INFO   Window  1/20  [0.0→1.5 s]  T_mean=325.2°C  time=17.0 s
2026-05-22 18:34:29 [mswp_runner][square][mswp][k=1][s=-] INFO   Window  2/20  [1.5→3.0 s]  T_mean=131.5°C  time=15.2 s
2026-05-22 18:34:44 [mswp_runner][square][mswp][k=1][s=-] INFO   Window  3/20  [3.0→4.5 s]  T_mean=60.3°C  time=15.1 s
2026-05-22 18:34:59 [mswp_runner][square][mswp][k=1][s=-] INFO   Window  4/20  [4.5→6.0 s]  T_mean=35.0°C  time=14.8 s
2026-05-22 18:35:14 [mswp_runner][square][mswp][k=1][s=-] INFO   Window  5/20  [6.0→7.5 s]  T_mean=25.6°C  time=15.8 s
2026-05-22 18:35:30 [mswp_runner][square][mswp][k=1][s=-] INFO   Window  6/20  [7.5→9.0 s]  T_mean=22.1°C  time=15.2 s
2026-05-22 18:35:45 [mswp_runner][square][mswp][k=1][s=-] INFO   Window  7/20  [9.0→10.5 s]  T_mean=20.8°C  time=15.0 s
2026-05-22 18:36:00 [mswp_runner][square][mswp][k=1][s=-] INFO   Window  8/20  [10.5→12.0 s]  T_mean=20.3°C  time=14.9 s
2026-05-22 18:36:15 [mswp_runner][square][mswp][k=1][s=-] INFO   Window  9/20  [12.0→13.5 s]  T_mean=20.1°C  time=15.3 s
2026-05-22 18:36:30 [mswp_runner][square][mswp][k=1][s=-] INFO   Window 10/20  [13.5→15.0 s]  T_mean=20.0°C  time=15.4 s
2026-05-22 18:36:45 [mswp_runner][square][mswp][k=1][s=-] INFO   Window 11/20  [15.0→16.5 s]  T_mean=20.0°C  time=15.0 s
2026-05-22 18:37:00 [mswp_runner][square][mswp][k=1][s=-] INFO   Window 12/20  [16.5→18.0 s]  T_mean=20.0°C  time=15.2 s
2026-05-22 18:37:16 [mswp_runner][square][mswp][k=1][s=-] INFO   Window 13/20  [18.0→19.5 s]  T_mean=20.0°C  time=15.2 s
2026-05-22 18:37:31 [mswp_runner][square][mswp][k=1][s=-] INFO   Window 14/20  [19.5→21.0 s]  T_mean=20.0°C  time=15.1 s
2026-05-22 18:37:46 [mswp_runner][square][mswp][k=1][s=-] INFO   Window 15/20  [21.0→22.5 s]  T_mean=20.0°C  time=14.9 s
2026-05-22 18:38:00 [mswp_runner][square][mswp][k=1][s=-] INFO   Window 16/20  [22.5→24.0 s]  T_mean=20.0°C  time=14.8 s
2026-05-22 18:38:15 [mswp_runner][square][mswp][k=1][s=-] INFO   Window 17/20  [24.0→25.5 s]  T_mean=20.0°C  time=15.0 s
2026-05-22 18:38:31 [mswp_runner][square][mswp][k=1][s=-] INFO   Window 18/20  [25.5→27.0 s]  T_mean=20.0°C  time=15.2 s
2026-05-22 18:38:46 [mswp_runner][square][mswp][k=1][s=-] INFO   Window 19/20  [27.0→28.5 s]  T_mean=20.0°C  time=15.2 s
2026-05-22 18:39:01 [mswp_runner][square][mswp][k=1][s=-] INFO   Window 20/20  [28.5→30.0 s]  T_mean=20.0°C  time=15.3 s
2026-05-22 18:39:01 [mswp_runner][square][mswp][k=1][s=-] INFO k=1 done | MAE=2.237 C | L2=0.0141 | k1_MAE=2.237 C | FEM saving=67% | time=305 s
2026-05-22 18:45:46 [mswp_runner][square][mswp][k=1][s=-] INFO MSWP k=1 | 20 windows × 1.5 s | anchor_spacing=1.5 s | FEM saving=67%
2026-05-22 18:46:06 [mswp_runner][square][mswp][k=1][s=-] INFO   Window  1/20  [0.0→1.5 s]  T_mean=320.4°C  time=20.0 s
2026-05-22 18:46:24 [mswp_runner][square][mswp][k=1][s=-] INFO   Window  2/20  [1.5→3.0 s]  T_mean=130.5°C  time=18.0 s
2026-05-22 18:46:42 [mswp_runner][square][mswp][k=1][s=-] INFO   Window  3/20  [3.0→4.5 s]  T_mean=60.8°C  time=17.7 s
2026-05-22 18:46:59 [mswp_runner][square][mswp][k=1][s=-] INFO   Window  4/20  [4.5→6.0 s]  T_mean=35.0°C  time=17.7 s
2026-05-22 18:47:17 [mswp_runner][square][mswp][k=1][s=-] INFO   Window  5/20  [6.0→7.5 s]  T_mean=25.6°C  time=17.7 s
2026-05-22 18:47:35 [mswp_runner][square][mswp][k=1][s=-] INFO   Window  6/20  [7.5→9.0 s]  T_mean=22.1°C  time=17.8 s
2026-05-22 18:47:53 [mswp_runner][square][mswp][k=1][s=-] INFO   Window  7/20  [9.0→10.5 s]  T_mean=20.8°C  time=18.0 s
2026-05-22 18:48:11 [mswp_runner][square][mswp][k=1][s=-] INFO   Window  8/20  [10.5→12.0 s]  T_mean=20.3°C  time=18.1 s
2026-05-22 18:48:28 [mswp_runner][square][mswp][k=1][s=-] INFO   Window  9/20  [12.0→13.5 s]  T_mean=20.1°C  time=17.1 s
2026-05-22 18:48:46 [mswp_runner][square][mswp][k=1][s=-] INFO   Window 10/20  [13.5→15.0 s]  T_mean=20.0°C  time=18.1 s
2026-05-22 18:49:04 [mswp_runner][square][mswp][k=1][s=-] INFO   Window 11/20  [15.0→16.5 s]  T_mean=20.0°C  time=18.3 s
2026-05-22 18:49:22 [mswp_runner][square][mswp][k=1][s=-] INFO   Window 12/20  [16.5→18.0 s]  T_mean=20.0°C  time=18.0 s
2026-05-22 18:49:41 [mswp_runner][square][mswp][k=1][s=-] INFO   Window 13/20  [18.0→19.5 s]  T_mean=20.0°C  time=18.3 s
2026-05-22 18:49:59 [mswp_runner][square][mswp][k=1][s=-] INFO   Window 14/20  [19.5→21.0 s]  T_mean=20.0°C  time=18.5 s
2026-05-22 18:50:17 [mswp_runner][square][mswp][k=1][s=-] INFO   Window 15/20  [21.0→22.5 s]  T_mean=20.0°C  time=17.8 s
2026-05-22 18:50:35 [mswp_runner][square][mswp][k=1][s=-] INFO   Window 16/20  [22.5→24.0 s]  T_mean=20.0°C  time=17.5 s
2026-05-22 18:50:51 [mswp_runner][square][mswp][k=1][s=-] INFO   Window 17/20  [24.0→25.5 s]  T_mean=20.0°C  time=16.3 s
2026-05-22 18:51:07 [mswp_runner][square][mswp][k=1][s=-] INFO   Window 18/20  [25.5→27.0 s]  T_mean=20.0°C  time=16.3 s
2026-05-22 18:51:23 [mswp_runner][square][mswp][k=1][s=-] INFO   Window 19/20  [27.0→28.5 s]  T_mean=20.0°C  time=16.2 s
2026-05-22 18:51:40 [mswp_runner][square][mswp][k=1][s=-] INFO   Window 20/20  [28.5→30.0 s]  T_mean=20.0°C  time=16.3 s
2026-05-22 18:51:40 [mswp_runner][square][mswp][k=1][s=-] INFO k=1 done | MAE=1.909 C | L2=0.0129 | k1_MAE=1.909 C | FEM saving=67% | time=354 s
2026-05-22 18:53:54 [mswp_runner][square][mswp][k=1][s=-] INFO MSWP k=1 | 20 windows × 1.5 s | anchor_spacing=1.5 s | FEM saving=67%
2026-05-22 18:54:50 [mswp_runner][square][mswp][k=1][s=-] INFO   Window  1/20  [0.0→1.5 s]  T_mean=320.5°C  time=56.1 s
2026-05-22 18:55:44 [mswp_runner][square][mswp][k=1][s=-] INFO   Window  2/20  [1.5→3.0 s]  T_mean=130.5°C  time=54.6 s
2026-05-22 18:56:39 [mswp_runner][square][mswp][k=1][s=-] INFO   Window  3/20  [3.0→4.5 s]  T_mean=60.7°C  time=54.7 s
2026-05-22 18:57:32 [mswp_runner][square][mswp][k=1][s=-] INFO   Window  4/20  [4.5→6.0 s]  T_mean=35.0°C  time=53.5 s
2026-05-22 18:58:27 [mswp_runner][square][mswp][k=1][s=-] INFO   Window  5/20  [6.0→7.5 s]  T_mean=25.5°C  time=54.7 s
2026-05-22 18:59:22 [mswp_runner][square][mswp][k=1][s=-] INFO   Window  6/20  [7.5→9.0 s]  T_mean=22.0°C  time=55.3 s
2026-05-22 19:00:17 [mswp_runner][square][mswp][k=1][s=-] INFO   Window  7/20  [9.0→10.5 s]  T_mean=20.8°C  time=55.0 s
2026-05-22 19:01:13 [mswp_runner][square][mswp][k=1][s=-] INFO   Window  8/20  [10.5→12.0 s]  T_mean=20.3°C  time=55.9 s
2026-05-22 19:02:04 [mswp_runner][square][mswp][k=1][s=-] INFO   Window  9/20  [12.0→13.5 s]  T_mean=20.1°C  time=50.5 s
2026-05-22 19:02:55 [mswp_runner][square][mswp][k=1][s=-] INFO   Window 10/20  [13.5→15.0 s]  T_mean=20.0°C  time=51.6 s
2026-05-22 19:03:51 [mswp_runner][square][mswp][k=1][s=-] INFO   Window 11/20  [15.0→16.5 s]  T_mean=20.0°C  time=55.6 s
2026-05-22 19:04:43 [mswp_runner][square][mswp][k=1][s=-] INFO   Window 12/20  [16.5→18.0 s]  T_mean=20.0°C  time=52.2 s
2026-05-22 19:05:33 [mswp_runner][square][mswp][k=1][s=-] INFO   Window 13/20  [18.0→19.5 s]  T_mean=20.0°C  time=49.8 s
2026-05-22 19:06:24 [mswp_runner][square][mswp][k=1][s=-] INFO   Window 14/20  [19.5→21.0 s]  T_mean=20.0°C  time=50.7 s
2026-05-22 19:07:15 [mswp_runner][square][mswp][k=1][s=-] INFO   Window 15/20  [21.0→22.5 s]  T_mean=20.0°C  time=51.0 s
2026-05-22 19:08:05 [mswp_runner][square][mswp][k=1][s=-] INFO   Window 16/20  [22.5→24.0 s]  T_mean=20.0°C  time=50.2 s
2026-05-22 19:08:55 [mswp_runner][square][mswp][k=1][s=-] INFO   Window 17/20  [24.0→25.5 s]  T_mean=20.0°C  time=50.2 s
2026-05-22 19:09:46 [mswp_runner][square][mswp][k=1][s=-] INFO   Window 18/20  [25.5→27.0 s]  T_mean=20.0°C  time=50.5 s
2026-05-22 19:10:35 [mswp_runner][square][mswp][k=1][s=-] INFO   Window 19/20  [27.0→28.5 s]  T_mean=20.0°C  time=49.8 s
2026-05-22 19:11:25 [mswp_runner][square][mswp][k=1][s=-] INFO   Window 20/20  [28.5→30.0 s]  T_mean=20.0°C  time=49.4 s
2026-05-22 19:11:25 [mswp_runner][square][mswp][k=1][s=-] INFO k=1 done | MAE=1.902 C | L2=0.0125 | k1_MAE=1.902 C | FEM saving=67% | time=1051 s
2026-05-22 19:19:07 [mswp_runner][circle][mswp][k=1][s=-] INFO MSWP k=1 | 20 windows × 1.5 s | anchor_spacing=1.5 s | FEM saving=67%
2026-05-22 19:20:01 [mswp_runner][circle][mswp][k=1][s=-] INFO   Window  1/20  [0.0→1.5 s]  T_mean=319.3°C  time=54.9 s
2026-05-22 19:20:54 [mswp_runner][circle][mswp][k=1][s=-] INFO   Window  2/20  [1.5→3.0 s]  T_mean=128.9°C  time=52.4 s
2026-05-22 19:21:46 [mswp_runner][circle][mswp][k=1][s=-] INFO   Window  3/20  [3.0→4.5 s]  T_mean=59.5°C  time=51.9 s
2026-05-22 19:24:09 [mswp_runner][square][mswp][k=1][s=-] INFO MSWP k=1 | 20 windows × 1.5 s | anchor_spacing=1.5 s | FEM saving=67%
2026-05-22 19:25:01 [mswp_runner][square][mswp][k=1][s=-] INFO   Window  1/20  [0.0→1.5 s]  T_mean=320.4°C  time=51.9 s
2026-05-22 19:25:49 [mswp_runner][square][mswp][k=1][s=-] INFO   Window  2/20  [1.5→3.0 s]  T_mean=130.5°C  time=48.1 s
2026-05-22 19:26:37 [mswp_runner][square][mswp][k=1][s=-] INFO   Window  3/20  [3.0→4.5 s]  T_mean=60.7°C  time=48.2 s
2026-05-22 19:27:25 [mswp_runner][square][mswp][k=1][s=-] INFO   Window  4/20  [4.5→6.0 s]  T_mean=35.0°C  time=47.8 s
2026-05-22 19:28:13 [mswp_runner][square][mswp][k=1][s=-] INFO   Window  5/20  [6.0→7.5 s]  T_mean=25.5°C  time=48.4 s
2026-05-22 19:29:01 [mswp_runner][square][mswp][k=1][s=-] INFO   Window  6/20  [7.5→9.0 s]  T_mean=22.0°C  time=48.0 s
2026-05-22 19:29:50 [mswp_runner][square][mswp][k=1][s=-] INFO   Window  7/20  [9.0→10.5 s]  T_mean=20.8°C  time=48.5 s
2026-05-22 19:30:38 [mswp_runner][square][mswp][k=1][s=-] INFO   Window  8/20  [10.5→12.0 s]  T_mean=20.3°C  time=48.3 s
2026-05-22 19:31:29 [mswp_runner][square][mswp][k=1][s=-] INFO   Window  9/20  [12.0→13.5 s]  T_mean=20.1°C  time=51.6 s
2026-05-22 19:32:18 [mswp_runner][square][mswp][k=1][s=-] INFO   Window 10/20  [13.5→15.0 s]  T_mean=20.0°C  time=48.4 s
2026-05-22 19:33:06 [mswp_runner][square][mswp][k=1][s=-] INFO   Window 11/20  [15.0→16.5 s]  T_mean=20.0°C  time=48.1 s
2026-05-22 19:33:54 [mswp_runner][square][mswp][k=1][s=-] INFO   Window 12/20  [16.5→18.0 s]  T_mean=20.0°C  time=47.9 s
2026-05-22 19:34:41 [mswp_runner][square][mswp][k=1][s=-] INFO   Window 13/20  [18.0→19.5 s]  T_mean=20.0°C  time=47.5 s
2026-05-22 19:35:30 [mswp_runner][square][mswp][k=1][s=-] INFO   Window 14/20  [19.5→21.0 s]  T_mean=20.0°C  time=48.5 s
2026-05-22 19:36:21 [mswp_runner][square][mswp][k=1][s=-] INFO   Window 15/20  [21.0→22.5 s]  T_mean=20.0°C  time=51.2 s
2026-05-22 19:37:13 [mswp_runner][square][mswp][k=1][s=-] INFO   Window 16/20  [22.5→24.0 s]  T_mean=20.0°C  time=51.5 s
2026-05-22 19:38:02 [mswp_runner][square][mswp][k=1][s=-] INFO   Window 17/20  [24.0→25.5 s]  T_mean=20.0°C  time=49.8 s
2026-05-22 19:38:51 [mswp_runner][square][mswp][k=1][s=-] INFO   Window 18/20  [25.5→27.0 s]  T_mean=20.0°C  time=48.7 s
2026-05-22 19:39:40 [mswp_runner][square][mswp][k=1][s=-] INFO   Window 19/20  [27.0→28.5 s]  T_mean=20.0°C  time=48.8 s
2026-05-22 19:40:32 [mswp_runner][square][mswp][k=1][s=-] INFO   Window 20/20  [28.5→30.0 s]  T_mean=20.0°C  time=52.0 s
2026-05-22 19:40:32 [mswp_runner][square][mswp][k=1][s=-] INFO k=1 done | MAE=1.900 C | L2=0.0125 | k1_MAE=1.900 C | FEM saving=67% | time=983 s
2026-05-22 19:40:37 [mswp_runner][circle][mswp][k=1][s=-] INFO MSWP k=1 | 20 windows × 1.5 s | anchor_spacing=1.5 s | FEM saving=67%
2026-05-22 19:41:27 [mswp_runner][circle][mswp][k=1][s=-] INFO   Window  1/20  [0.0→1.5 s]  T_mean=319.4°C  time=50.2 s
2026-05-22 19:42:17 [mswp_runner][circle][mswp][k=1][s=-] INFO   Window  2/20  [1.5→3.0 s]  T_mean=128.9°C  time=49.8 s
2026-05-22 19:43:07 [mswp_runner][circle][mswp][k=1][s=-] INFO   Window  3/20  [3.0→4.5 s]  T_mean=59.5°C  time=49.8 s
2026-05-22 19:43:56 [mswp_runner][circle][mswp][k=1][s=-] INFO   Window  4/20  [4.5→6.0 s]  T_mean=34.4°C  time=49.9 s
2026-05-22 19:44:46 [mswp_runner][circle][mswp][k=1][s=-] INFO   Window  5/20  [6.0→7.5 s]  T_mean=25.2°C  time=49.5 s
2026-05-22 19:45:36 [mswp_runner][circle][mswp][k=1][s=-] INFO   Window  6/20  [7.5→9.0 s]  T_mean=21.9°C  time=49.8 s
2026-05-22 19:46:25 [mswp_runner][circle][mswp][k=1][s=-] INFO   Window  7/20  [9.0→10.5 s]  T_mean=20.7°C  time=49.3 s
2026-05-22 19:47:14 [mswp_runner][circle][mswp][k=1][s=-] INFO   Window  8/20  [10.5→12.0 s]  T_mean=20.2°C  time=48.9 s
2026-05-22 19:48:03 [mswp_runner][circle][mswp][k=1][s=-] INFO   Window  9/20  [12.0→13.5 s]  T_mean=20.1°C  time=49.1 s
2026-05-22 19:48:52 [mswp_runner][circle][mswp][k=1][s=-] INFO   Window 10/20  [13.5→15.0 s]  T_mean=20.0°C  time=49.0 s
2026-05-22 19:49:42 [mswp_runner][circle][mswp][k=1][s=-] INFO   Window 11/20  [15.0→16.5 s]  T_mean=20.0°C  time=49.6 s
2026-05-22 19:50:31 [mswp_runner][circle][mswp][k=1][s=-] INFO   Window 12/20  [16.5→18.0 s]  T_mean=20.0°C  time=49.3 s
2026-05-22 19:51:21 [mswp_runner][circle][mswp][k=1][s=-] INFO   Window 13/20  [18.0→19.5 s]  T_mean=20.0°C  time=50.0 s
2026-05-22 19:52:10 [mswp_runner][circle][mswp][k=1][s=-] INFO   Window 14/20  [19.5→21.0 s]  T_mean=20.0°C  time=49.1 s
2026-05-22 19:53:00 [mswp_runner][circle][mswp][k=1][s=-] INFO   Window 15/20  [21.0→22.5 s]  T_mean=20.0°C  time=50.3 s
2026-05-22 19:53:50 [mswp_runner][circle][mswp][k=1][s=-] INFO   Window 16/20  [22.5→24.0 s]  T_mean=20.0°C  time=49.5 s
2026-05-22 19:54:39 [mswp_runner][circle][mswp][k=1][s=-] INFO   Window 17/20  [24.0→25.5 s]  T_mean=20.0°C  time=49.2 s
2026-05-22 19:55:29 [mswp_runner][circle][mswp][k=1][s=-] INFO   Window 18/20  [25.5→27.0 s]  T_mean=20.0°C  time=50.1 s
2026-05-22 19:56:20 [mswp_runner][circle][mswp][k=1][s=-] INFO   Window 19/20  [27.0→28.5 s]  T_mean=20.0°C  time=50.9 s
2026-05-22 19:57:09 [mswp_runner][circle][mswp][k=1][s=-] INFO   Window 20/20  [28.5→30.0 s]  T_mean=20.0°C  time=49.0 s
2026-05-22 19:57:09 [mswp_runner][circle][mswp][k=1][s=-] INFO k=1 done | MAE=1.885 C | L2=0.0126 | k1_MAE=1.885 C | FEM saving=67% | time=992 s
2026-05-22 19:57:15 [mswp_runner][lshape][mswp][k=1][s=-] INFO MSWP k=1 | 20 windows × 1.5 s | anchor_spacing=1.5 s | FEM saving=67%
2026-05-22 19:58:04 [mswp_runner][lshape][mswp][k=1][s=-] INFO   Window  1/20  [0.0→1.5 s]  T_mean=366.7°C  time=48.5 s
2026-05-22 19:58:52 [mswp_runner][lshape][mswp][k=1][s=-] INFO   Window  2/20  [1.5→3.0 s]  T_mean=194.4°C  time=48.9 s
2026-05-22 19:59:47 [mswp_runner][lshape][mswp][k=1][s=-] INFO   Window  3/20  [3.0→4.5 s]  T_mean=108.2°C  time=55.0 s
2026-05-22 20:00:40 [mswp_runner][lshape][mswp][k=1][s=-] INFO   Window  4/20  [4.5→6.0 s]  T_mean=64.6°C  time=52.9 s
2026-05-22 20:01:30 [mswp_runner][lshape][mswp][k=1][s=-] INFO   Window  5/20  [6.0→7.5 s]  T_mean=42.6°C  time=49.5 s
2026-05-22 20:02:19 [mswp_runner][lshape][mswp][k=1][s=-] INFO   Window  6/20  [7.5→9.0 s]  T_mean=31.4°C  time=49.1 s
2026-05-22 20:03:07 [mswp_runner][lshape][mswp][k=1][s=-] INFO   Window  7/20  [9.0→10.5 s]  T_mean=25.8°C  time=48.5 s
2026-05-22 20:03:56 [mswp_runner][lshape][mswp][k=1][s=-] INFO   Window  8/20  [10.5→12.0 s]  T_mean=22.9°C  time=48.6 s
2026-05-22 20:04:44 [mswp_runner][lshape][mswp][k=1][s=-] INFO   Window  9/20  [12.0→13.5 s]  T_mean=21.5°C  time=48.5 s
2026-05-22 20:05:33 [mswp_runner][lshape][mswp][k=1][s=-] INFO   Window 10/20  [13.5→15.0 s]  T_mean=20.7°C  time=48.7 s
2026-05-22 20:06:24 [mswp_runner][lshape][mswp][k=1][s=-] INFO   Window 11/20  [15.0→16.5 s]  T_mean=20.4°C  time=50.8 s
2026-05-22 20:07:13 [mswp_runner][lshape][mswp][k=1][s=-] INFO   Window 12/20  [16.5→18.0 s]  T_mean=20.2°C  time=49.2 s
2026-05-22 20:08:01 [mswp_runner][lshape][mswp][k=1][s=-] INFO   Window 13/20  [18.0→19.5 s]  T_mean=20.1°C  time=48.3 s
2026-05-22 20:08:50 [mswp_runner][lshape][mswp][k=1][s=-] INFO   Window 14/20  [19.5→21.0 s]  T_mean=20.1°C  time=48.6 s
2026-05-22 20:09:39 [mswp_runner][lshape][mswp][k=1][s=-] INFO   Window 15/20  [21.0→22.5 s]  T_mean=20.0°C  time=48.9 s
2026-05-22 20:10:28 [mswp_runner][lshape][mswp][k=1][s=-] INFO   Window 16/20  [22.5→24.0 s]  T_mean=20.0°C  time=49.0 s
2026-05-22 20:11:18 [mswp_runner][lshape][mswp][k=1][s=-] INFO   Window 17/20  [24.0→25.5 s]  T_mean=20.0°C  time=50.0 s
2026-05-22 20:12:07 [mswp_runner][lshape][mswp][k=1][s=-] INFO   Window 18/20  [25.5→27.0 s]  T_mean=20.0°C  time=49.1 s
2026-05-22 20:12:56 [mswp_runner][lshape][mswp][k=1][s=-] INFO   Window 19/20  [27.0→28.5 s]  T_mean=20.0°C  time=49.3 s
2026-05-22 20:13:45 [mswp_runner][lshape][mswp][k=1][s=-] INFO   Window 20/20  [28.5→30.0 s]  T_mean=20.0°C  time=48.5 s
2026-05-22 20:13:45 [mswp_runner][lshape][mswp][k=1][s=-] INFO k=1 done | MAE=1.350 C | L2=0.0090 | k1_MAE=1.350 C | FEM saving=67% | time=990 s
2026-05-22 20:13:49 [mswp_runner][flower][mswp][k=1][s=-] INFO MSWP k=1 | 20 windows × 1.5 s | anchor_spacing=1.5 s | FEM saving=67%
2026-05-22 20:14:22 [mswp_runner][flower][mswp][k=1][s=-] INFO   Window  1/20  [0.0→1.5 s]  T_mean=272.7°C  time=32.6 s
2026-05-22 20:14:54 [mswp_runner][flower][mswp][k=1][s=-] INFO   Window  2/20  [1.5→3.0 s]  T_mean=78.4°C  time=32.1 s
2026-05-22 20:15:27 [mswp_runner][flower][mswp][k=1][s=-] INFO   Window  3/20  [3.0→4.5 s]  T_mean=33.5°C  time=33.1 s
2026-05-22 20:15:59 [mswp_runner][flower][mswp][k=1][s=-] INFO   Window  4/20  [4.5→6.0 s]  T_mean=23.1°C  time=32.1 s
2026-05-22 20:16:33 [mswp_runner][flower][mswp][k=1][s=-] INFO   Window  5/20  [6.0→7.5 s]  T_mean=20.7°C  time=33.2 s
2026-05-22 20:17:05 [mswp_runner][flower][mswp][k=1][s=-] INFO   Window  6/20  [7.5→9.0 s]  T_mean=20.1°C  time=32.4 s
2026-05-22 20:17:37 [mswp_runner][flower][mswp][k=1][s=-] INFO   Window  7/20  [9.0→10.5 s]  T_mean=20.2°C  time=32.4 s
2026-05-22 20:18:09 [mswp_runner][flower][mswp][k=1][s=-] INFO   Window  8/20  [10.5→12.0 s]  T_mean=19.9°C  time=32.1 s
2026-05-22 20:18:42 [mswp_runner][flower][mswp][k=1][s=-] INFO   Window  9/20  [12.0→13.5 s]  T_mean=20.1°C  time=32.3 s
2026-05-22 20:19:14 [mswp_runner][flower][mswp][k=1][s=-] INFO   Window 10/20  [13.5→15.0 s]  T_mean=20.0°C  time=32.6 s
2026-05-22 20:19:48 [mswp_runner][flower][mswp][k=1][s=-] INFO   Window 11/20  [15.0→16.5 s]  T_mean=19.9°C  time=33.7 s
2026-05-22 20:20:23 [mswp_runner][flower][mswp][k=1][s=-] INFO   Window 12/20  [16.5→18.0 s]  T_mean=20.2°C  time=35.3 s
2026-05-22 20:20:57 [mswp_runner][flower][mswp][k=1][s=-] INFO   Window 13/20  [18.0→19.5 s]  T_mean=20.0°C  time=33.2 s
2026-05-22 20:21:31 [mswp_runner][flower][mswp][k=1][s=-] INFO   Window 14/20  [19.5→21.0 s]  T_mean=20.0°C  time=34.7 s
2026-05-22 20:22:04 [mswp_runner][flower][mswp][k=1][s=-] INFO   Window 15/20  [21.0→22.5 s]  T_mean=20.1°C  time=33.0 s
2026-05-22 20:22:37 [mswp_runner][flower][mswp][k=1][s=-] INFO   Window 16/20  [22.5→24.0 s]  T_mean=20.0°C  time=33.3 s
2026-05-22 20:23:10 [mswp_runner][flower][mswp][k=1][s=-] INFO   Window 17/20  [24.0→25.5 s]  T_mean=20.0°C  time=32.3 s
2026-05-22 20:23:42 [mswp_runner][flower][mswp][k=1][s=-] INFO   Window 18/20  [25.5→27.0 s]  T_mean=20.1°C  time=32.1 s
2026-05-22 20:24:15 [mswp_runner][flower][mswp][k=1][s=-] INFO   Window 19/20  [27.0→28.5 s]  T_mean=20.1°C  time=33.1 s
2026-05-22 20:24:47 [mswp_runner][flower][mswp][k=1][s=-] INFO   Window 20/20  [28.5→30.0 s]  T_mean=20.0°C  time=32.0 s
2026-05-22 20:24:47 [mswp_runner][flower][mswp][k=1][s=-] INFO k=1 done | MAE=2.833 C | L2=0.0222 | k1_MAE=2.833 C | FEM saving=67% | time=658 s
2026-05-22 21:38:16 [mswp_runner][square][mswp][k=1][s=-] INFO MSWP k=1 | 20 windows × 1.5 s | anchor_spacing=1.5 s | FEM saving=67%
2026-05-22 21:38:36 [mswp_runner][square][mswp][k=1][s=-] INFO   Window  1/20  [0.0→1.5 s]  T_mean=320.0°C  time=19.4 s
2026-05-22 21:38:53 [mswp_runner][square][mswp][k=1][s=-] INFO   Window  2/20  [1.5→3.0 s]  T_mean=130.4°C  time=17.8 s
2026-05-22 21:39:11 [mswp_runner][square][mswp][k=1][s=-] INFO   Window  3/20  [3.0→4.5 s]  T_mean=60.7°C  time=17.8 s
2026-05-22 21:39:29 [mswp_runner][square][mswp][k=1][s=-] INFO   Window  4/20  [4.5→6.0 s]  T_mean=35.0°C  time=17.8 s
2026-05-22 21:39:47 [mswp_runner][square][mswp][k=1][s=-] INFO   Window  5/20  [6.0→7.5 s]  T_mean=25.5°C  time=17.9 s
2026-05-22 21:40:05 [mswp_runner][square][mswp][k=1][s=-] INFO   Window  6/20  [7.5→9.0 s]  T_mean=22.0°C  time=18.4 s
2026-05-22 21:40:23 [mswp_runner][square][mswp][k=1][s=-] INFO   Window  7/20  [9.0→10.5 s]  T_mean=20.8°C  time=17.8 s
2026-05-22 21:40:41 [mswp_runner][square][mswp][k=1][s=-] INFO   Window  8/20  [10.5→12.0 s]  T_mean=20.3°C  time=18.0 s
2026-05-22 21:40:59 [mswp_runner][square][mswp][k=1][s=-] INFO   Window  9/20  [12.0→13.5 s]  T_mean=20.1°C  time=17.8 s
2026-05-22 21:41:17 [mswp_runner][square][mswp][k=1][s=-] INFO   Window 10/20  [13.5→15.0 s]  T_mean=20.0°C  time=18.2 s
2026-05-22 21:41:35 [mswp_runner][square][mswp][k=1][s=-] INFO   Window 11/20  [15.0→16.5 s]  T_mean=20.0°C  time=18.5 s
2026-05-22 21:41:53 [mswp_runner][square][mswp][k=1][s=-] INFO   Window 12/20  [16.5→18.0 s]  T_mean=20.0°C  time=17.9 s
2026-05-22 21:42:11 [mswp_runner][square][mswp][k=1][s=-] INFO   Window 13/20  [18.0→19.5 s]  T_mean=20.0°C  time=18.1 s
2026-05-22 21:42:30 [mswp_runner][square][mswp][k=1][s=-] INFO   Window 14/20  [19.5→21.0 s]  T_mean=20.0°C  time=18.4 s
2026-05-22 21:42:48 [mswp_runner][square][mswp][k=1][s=-] INFO   Window 15/20  [21.0→22.5 s]  T_mean=20.0°C  time=18.2 s
2026-05-22 21:43:06 [mswp_runner][square][mswp][k=1][s=-] INFO   Window 16/20  [22.5→24.0 s]  T_mean=20.0°C  time=18.2 s
2026-05-22 21:43:24 [mswp_runner][square][mswp][k=1][s=-] INFO   Window 17/20  [24.0→25.5 s]  T_mean=20.0°C  time=18.0 s
2026-05-22 21:43:43 [mswp_runner][square][mswp][k=1][s=-] INFO   Window 18/20  [25.5→27.0 s]  T_mean=20.0°C  time=18.4 s
2026-05-22 21:44:01 [mswp_runner][square][mswp][k=1][s=-] INFO   Window 19/20  [27.0→28.5 s]  T_mean=20.0°C  time=18.0 s
2026-05-22 21:44:19 [mswp_runner][square][mswp][k=1][s=-] INFO   Window 20/20  [28.5→30.0 s]  T_mean=20.0°C  time=18.1 s
2026-05-22 21:44:19 [mswp_runner][square][mswp][k=1][s=-] INFO k=1 done | MAE=1.873 C | L2=0.0126 | k1_MAE=1.873 C | FEM saving=67% | time=362 s
2026-05-22 21:59:50 [mswp_runner][circle][mswp][k=1][s=-] INFO MSWP k=1 | 20 windows × 1.5 s | anchor_spacing=1.5 s | FEM saving=67%
2026-05-22 22:00:08 [mswp_runner][circle][mswp][k=1][s=-] INFO   Window  1/20  [0.0→1.5 s]  T_mean=317.8°C  time=18.7 s
2026-05-22 22:00:25 [mswp_runner][circle][mswp][k=1][s=-] INFO   Window  2/20  [1.5→3.0 s]  T_mean=128.6°C  time=16.8 s
2026-05-22 22:00:42 [mswp_runner][circle][mswp][k=1][s=-] INFO   Window  3/20  [3.0→4.5 s]  T_mean=59.3°C  time=16.9 s
2026-05-22 22:00:59 [mswp_runner][circle][mswp][k=1][s=-] INFO   Window  4/20  [4.5→6.0 s]  T_mean=34.3°C  time=16.8 s
2026-05-22 22:01:16 [mswp_runner][circle][mswp][k=1][s=-] INFO   Window  5/20  [6.0→7.5 s]  T_mean=25.2°C  time=16.8 s
2026-05-22 22:01:33 [mswp_runner][circle][mswp][k=1][s=-] INFO   Window  6/20  [7.5→9.0 s]  T_mean=21.9°C  time=17.5 s
2026-05-22 22:01:50 [mswp_runner][circle][mswp][k=1][s=-] INFO   Window  7/20  [9.0→10.5 s]  T_mean=20.7°C  time=17.4 s
2026-05-22 22:02:07 [mswp_runner][circle][mswp][k=1][s=-] INFO   Window  8/20  [10.5→12.0 s]  T_mean=20.2°C  time=17.1 s
2026-05-22 22:02:24 [mswp_runner][circle][mswp][k=1][s=-] INFO   Window  9/20  [12.0→13.5 s]  T_mean=20.1°C  time=16.8 s
2026-05-22 22:02:41 [mswp_runner][circle][mswp][k=1][s=-] INFO   Window 10/20  [13.5→15.0 s]  T_mean=20.0°C  time=17.2 s
2026-05-22 22:02:59 [mswp_runner][circle][mswp][k=1][s=-] INFO   Window 11/20  [15.0→16.5 s]  T_mean=20.0°C  time=17.5 s
2026-05-22 22:03:16 [mswp_runner][circle][mswp][k=1][s=-] INFO   Window 12/20  [16.5→18.0 s]  T_mean=20.0°C  time=17.1 s
2026-05-22 22:03:33 [mswp_runner][circle][mswp][k=1][s=-] INFO   Window 13/20  [18.0→19.5 s]  T_mean=20.0°C  time=17.3 s
2026-05-22 22:03:51 [mswp_runner][circle][mswp][k=1][s=-] INFO   Window 14/20  [19.5→21.0 s]  T_mean=20.0°C  time=18.0 s
2026-05-22 22:04:08 [mswp_runner][circle][mswp][k=1][s=-] INFO   Window 15/20  [21.0→22.5 s]  T_mean=20.0°C  time=16.9 s
2026-05-22 22:04:25 [mswp_runner][circle][mswp][k=1][s=-] INFO   Window 16/20  [22.5→24.0 s]  T_mean=20.0°C  time=16.6 s
2026-05-22 22:04:42 [mswp_runner][circle][mswp][k=1][s=-] INFO   Window 17/20  [24.0→25.5 s]  T_mean=19.9°C  time=17.1 s
2026-05-22 22:04:59 [mswp_runner][circle][mswp][k=1][s=-] INFO   Window 18/20  [25.5→27.0 s]  T_mean=20.0°C  time=17.2 s
2026-05-22 22:05:17 [mswp_runner][circle][mswp][k=1][s=-] INFO   Window 19/20  [27.0→28.5 s]  T_mean=20.0°C  time=17.9 s
2026-05-22 22:05:34 [mswp_runner][circle][mswp][k=1][s=-] INFO   Window 20/20  [28.5→30.0 s]  T_mean=20.0°C  time=16.9 s
2026-05-22 22:05:34 [mswp_runner][circle][mswp][k=1][s=-] INFO k=1 done | MAE=1.788 C | L2=0.0125 | k1_MAE=1.788 C | FEM saving=67% | time=344 s
2026-05-22 22:05:40 [mswp_runner][lshape][mswp][k=1][s=-] INFO MSWP k=1 | 20 windows × 1.5 s | anchor_spacing=1.5 s | FEM saving=67%
2026-05-22 22:05:57 [mswp_runner][lshape][mswp][k=1][s=-] INFO   Window  1/20  [0.0→1.5 s]  T_mean=366.5°C  time=17.0 s
2026-05-22 22:06:14 [mswp_runner][lshape][mswp][k=1][s=-] INFO   Window  2/20  [1.5→3.0 s]  T_mean=194.2°C  time=16.8 s
2026-05-22 22:06:32 [mswp_runner][lshape][mswp][k=1][s=-] INFO   Window  3/20  [3.0→4.5 s]  T_mean=108.1°C  time=18.4 s
2026-05-22 22:06:52 [mswp_runner][lshape][mswp][k=1][s=-] INFO   Window  4/20  [4.5→6.0 s]  T_mean=64.5°C  time=20.3 s
2026-05-22 22:07:12 [mswp_runner][lshape][mswp][k=1][s=-] INFO   Window  5/20  [6.0→7.5 s]  T_mean=42.5°C  time=19.7 s
2026-05-22 22:07:29 [mswp_runner][lshape][mswp][k=1][s=-] INFO   Window  6/20  [7.5→9.0 s]  T_mean=31.5°C  time=16.8 s
2026-05-22 22:07:46 [mswp_runner][lshape][mswp][k=1][s=-] INFO   Window  7/20  [9.0→10.5 s]  T_mean=25.8°C  time=17.5 s
2026-05-22 22:08:04 [mswp_runner][lshape][mswp][k=1][s=-] INFO   Window  8/20  [10.5→12.0 s]  T_mean=22.9°C  time=17.7 s
2026-05-22 22:08:21 [mswp_runner][lshape][mswp][k=1][s=-] INFO   Window  9/20  [12.0→13.5 s]  T_mean=21.4°C  time=16.6 s
2026-05-22 22:08:38 [mswp_runner][lshape][mswp][k=1][s=-] INFO   Window 10/20  [13.5→15.0 s]  T_mean=20.8°C  time=17.5 s
2026-05-22 22:08:55 [mswp_runner][lshape][mswp][k=1][s=-] INFO   Window 11/20  [15.0→16.5 s]  T_mean=20.4°C  time=16.5 s
2026-05-22 22:09:11 [mswp_runner][lshape][mswp][k=1][s=-] INFO   Window 12/20  [16.5→18.0 s]  T_mean=20.2°C  time=16.3 s
2026-05-22 22:09:28 [mswp_runner][lshape][mswp][k=1][s=-] INFO   Window 13/20  [18.0→19.5 s]  T_mean=20.1°C  time=16.5 s
2026-05-22 22:09:44 [mswp_runner][lshape][mswp][k=1][s=-] INFO   Window 14/20  [19.5→21.0 s]  T_mean=20.0°C  time=16.8 s
2026-05-22 22:10:01 [mswp_runner][lshape][mswp][k=1][s=-] INFO   Window 15/20  [21.0→22.5 s]  T_mean=20.0°C  time=16.6 s
2026-05-22 22:10:17 [mswp_runner][lshape][mswp][k=1][s=-] INFO   Window 16/20  [22.5→24.0 s]  T_mean=20.0°C  time=16.4 s
2026-05-22 22:10:33 [mswp_runner][lshape][mswp][k=1][s=-] INFO   Window 17/20  [24.0→25.5 s]  T_mean=20.0°C  time=16.1 s
2026-05-22 22:10:50 [mswp_runner][lshape][mswp][k=1][s=-] INFO   Window 18/20  [25.5→27.0 s]  T_mean=20.0°C  time=16.2 s
2026-05-22 22:11:06 [mswp_runner][lshape][mswp][k=1][s=-] INFO   Window 19/20  [27.0→28.5 s]  T_mean=20.0°C  time=16.1 s
2026-05-22 22:11:22 [mswp_runner][lshape][mswp][k=1][s=-] INFO   Window 20/20  [28.5→30.0 s]  T_mean=20.0°C  time=16.3 s
2026-05-22 22:11:22 [mswp_runner][lshape][mswp][k=1][s=-] INFO k=1 done | MAE=1.345 C | L2=0.0099 | k1_MAE=1.345 C | FEM saving=67% | time=342 s
2026-05-22 22:11:27 [mswp_runner][flower][mswp][k=1][s=-] INFO MSWP k=1 | 20 windows × 1.5 s | anchor_spacing=1.5 s | FEM saving=67%
2026-05-22 22:11:38 [mswp_runner][flower][mswp][k=1][s=-] INFO   Window  1/20  [0.0→1.5 s]  T_mean=272.1°C  time=11.1 s
2026-05-22 22:11:49 [mswp_runner][flower][mswp][k=1][s=-] INFO   Window  2/20  [1.5→3.0 s]  T_mean=78.1°C  time=11.2 s
2026-05-22 22:12:00 [mswp_runner][flower][mswp][k=1][s=-] INFO   Window  3/20  [3.0→4.5 s]  T_mean=33.7°C  time=11.3 s
2026-05-22 22:12:11 [mswp_runner][flower][mswp][k=1][s=-] INFO   Window  4/20  [4.5→6.0 s]  T_mean=23.1°C  time=11.0 s
2026-05-22 22:12:22 [mswp_runner][flower][mswp][k=1][s=-] INFO   Window  5/20  [6.0→7.5 s]  T_mean=21.0°C  time=10.9 s
2026-05-22 22:12:33 [mswp_runner][flower][mswp][k=1][s=-] INFO   Window  6/20  [7.5→9.0 s]  T_mean=20.1°C  time=10.9 s
2026-05-22 22:12:44 [mswp_runner][flower][mswp][k=1][s=-] INFO   Window  7/20  [9.0→10.5 s]  T_mean=20.4°C  time=10.8 s
2026-05-22 22:12:55 [mswp_runner][flower][mswp][k=1][s=-] INFO   Window  8/20  [10.5→12.0 s]  T_mean=20.3°C  time=10.8 s
2026-05-22 22:13:05 [mswp_runner][flower][mswp][k=1][s=-] INFO   Window  9/20  [12.0→13.5 s]  T_mean=20.1°C  time=10.8 s
2026-05-22 22:13:16 [mswp_runner][flower][mswp][k=1][s=-] INFO   Window 10/20  [13.5→15.0 s]  T_mean=19.6°C  time=10.8 s
2026-05-22 22:13:28 [mswp_runner][flower][mswp][k=1][s=-] INFO   Window 11/20  [15.0→16.5 s]  T_mean=20.1°C  time=11.6 s
2026-05-22 22:13:39 [mswp_runner][flower][mswp][k=1][s=-] INFO   Window 12/20  [16.5→18.0 s]  T_mean=19.8°C  time=11.6 s
2026-05-22 22:13:51 [mswp_runner][flower][mswp][k=1][s=-] INFO   Window 13/20  [18.0→19.5 s]  T_mean=20.3°C  time=11.2 s
2026-05-22 22:14:02 [mswp_runner][flower][mswp][k=1][s=-] INFO   Window 14/20  [19.5→21.0 s]  T_mean=19.9°C  time=11.0 s
2026-05-22 22:14:13 [mswp_runner][flower][mswp][k=1][s=-] INFO   Window 15/20  [21.0→22.5 s]  T_mean=19.8°C  time=11.4 s
2026-05-22 22:14:24 [mswp_runner][flower][mswp][k=1][s=-] INFO   Window 16/20  [22.5→24.0 s]  T_mean=19.8°C  time=11.1 s
2026-05-22 22:14:35 [mswp_runner][flower][mswp][k=1][s=-] INFO   Window 17/20  [24.0→25.5 s]  T_mean=20.0°C  time=11.2 s
2026-05-22 22:14:46 [mswp_runner][flower][mswp][k=1][s=-] INFO   Window 18/20  [25.5→27.0 s]  T_mean=19.7°C  time=11.1 s
2026-05-22 22:14:58 [mswp_runner][flower][mswp][k=1][s=-] INFO   Window 19/20  [27.0→28.5 s]  T_mean=19.9°C  time=11.2 s
2026-05-22 22:15:09 [mswp_runner][flower][mswp][k=1][s=-] INFO   Window 20/20  [28.5→30.0 s]  T_mean=20.0°C  time=11.2 s
2026-05-22 22:15:09 [mswp_runner][flower][mswp][k=1][s=-] INFO k=1 done | MAE=2.890 C | L2=0.0267 | k1_MAE=2.890 C | FEM saving=67% | time=222 s
2026-05-22 22:20:10 [mswp_runner][square][mswp][k=2][s=0] INFO MSWP k=2 | 10 windows × 3.0 s | anchor_spacing=3.0 s | FEM saving=83%
2026-05-22 22:20:30 [mswp_runner][square][mswp][k=2][s=0] INFO   Window  1/10  [0.0→3.0 s]  T_mean=260.7°C  time=19.8 s
2026-05-22 22:20:48 [mswp_runner][square][mswp][k=2][s=0] INFO   Window  2/10  [3.0→6.0 s]  T_mean=54.4°C  time=18.4 s
2026-05-22 22:21:06 [mswp_runner][square][mswp][k=2][s=0] INFO   Window  3/10  [6.0→9.0 s]  T_mean=24.7°C  time=18.4 s
2026-05-22 22:21:25 [mswp_runner][square][mswp][k=2][s=0] INFO   Window  4/10  [9.0→12.0 s]  T_mean=20.7°C  time=18.2 s
2026-05-22 22:21:43 [mswp_runner][square][mswp][k=2][s=0] INFO   Window  5/10  [12.0→15.0 s]  T_mean=20.1°C  time=18.0 s
2026-05-22 22:22:01 [mswp_runner][square][mswp][k=2][s=0] INFO   Window  6/10  [15.0→18.0 s]  T_mean=20.0°C  time=17.9 s
2026-05-22 22:22:19 [mswp_runner][square][mswp][k=2][s=0] INFO   Window  7/10  [18.0→21.0 s]  T_mean=20.0°C  time=18.0 s
2026-05-22 22:22:37 [mswp_runner][square][mswp][k=2][s=0] INFO   Window  8/10  [21.0→24.0 s]  T_mean=20.0°C  time=18.1 s
2026-05-22 22:22:55 [mswp_runner][square][mswp][k=2][s=0] INFO   Window  9/10  [24.0→27.0 s]  T_mean=20.0°C  time=18.0 s
2026-05-22 22:23:13 [mswp_runner][square][mswp][k=2][s=0] INFO   Window 10/10  [27.0→30.0 s]  T_mean=20.0°C  time=18.0 s
2026-05-22 22:23:13 [mswp_runner][square][mswp][k=2][s=0] INFO k=2 done | MAE=6.187 C | L2=0.0498 | k1_MAE=6.187 C | FEM saving=83% | time=183 s
2026-05-22 22:23:13 [mswp_runner][square][mswp][k=3][s=0] INFO MSWP k=3 | 7 windows × 4.5 s | anchor_spacing=4.5 s | FEM saving=88%
2026-05-22 22:23:31 [mswp_runner][square][mswp][k=3][s=0] INFO   Window  1/ 7  [0.0→4.5 s]  T_mean=219.5°C  time=18.1 s
2026-05-22 22:23:49 [mswp_runner][square][mswp][k=3][s=0] INFO   Window  2/ 7  [4.5→9.0 s]  T_mean=31.8°C  time=18.0 s
2026-05-22 22:24:07 [mswp_runner][square][mswp][k=3][s=0] INFO   Window  3/ 7  [9.0→13.5 s]  T_mean=20.6°C  time=17.9 s
2026-05-22 22:24:25 [mswp_runner][square][mswp][k=3][s=0] INFO   Window  4/ 7  [13.5→18.0 s]  T_mean=20.1°C  time=18.3 s
2026-05-22 22:24:43 [mswp_runner][square][mswp][k=3][s=0] INFO   Window  5/ 7  [18.0→22.5 s]  T_mean=20.0°C  time=17.8 s
2026-05-22 22:25:01 [mswp_runner][square][mswp][k=3][s=0] INFO   Window  6/ 7  [22.5→27.0 s]  T_mean=20.0°C  time=18.2 s
2026-05-22 22:25:19 [mswp_runner][square][mswp][k=3][s=0] INFO   Window  7/ 7  [27.0→30.0 s]  T_mean=20.0°C  time=17.9 s
2026-05-22 22:25:19 [mswp_runner][square][mswp][k=3][s=0] INFO k=3 done | MAE=9.939 C | L2=0.0966 | k1_MAE=9.939 C | FEM saving=88% | time=126 s
2026-05-22 22:25:19 [mswp_runner][square][mswp][k=4][s=0] INFO MSWP k=4 | 5 windows × 6.0 s | anchor_spacing=6.0 s | FEM saving=92%
2026-05-22 22:25:37 [mswp_runner][square][mswp][k=4][s=0] INFO   Window  1/ 5  [0.0→6.0 s]  T_mean=193.1°C  time=17.9 s
2026-05-22 22:25:55 [mswp_runner][square][mswp][k=4][s=0] INFO   Window  2/ 5  [6.0→12.0 s]  T_mean=24.0°C  time=17.8 s
2026-05-22 22:26:13 [mswp_runner][square][mswp][k=4][s=0] INFO   Window  3/ 5  [12.0→18.0 s]  T_mean=20.1°C  time=18.2 s
2026-05-22 22:26:31 [mswp_runner][square][mswp][k=4][s=0] INFO   Window  4/ 5  [18.0→24.0 s]  T_mean=20.0°C  time=18.0 s
2026-05-22 22:26:49 [mswp_runner][square][mswp][k=4][s=0] INFO   Window  5/ 5  [24.0→30.0 s]  T_mean=20.0°C  time=17.6 s
2026-05-22 22:26:49 [mswp_runner][square][mswp][k=4][s=0] INFO k=4 done | MAE=13.571 C | L2=0.1542 | k1_MAE=13.571 C | FEM saving=92% | time=89 s
2026-05-22 22:26:49 [mswp_runner][square][mswp][k=5][s=0] INFO MSWP k=5 | 4 windows × 7.5 s | anchor_spacing=7.5 s | FEM saving=93%
2026-05-22 22:27:07 [mswp_runner][square][mswp][k=5][s=0] INFO   Window  1/ 4  [0.0→7.5 s]  T_mean=168.9°C  time=17.9 s
2026-05-22 22:27:25 [mswp_runner][square][mswp][k=5][s=0] INFO   Window  2/ 4  [7.5→15.0 s]  T_mean=21.4°C  time=18.0 s
2026-05-22 22:27:43 [mswp_runner][square][mswp][k=5][s=0] INFO   Window  3/ 4  [15.0→22.5 s]  T_mean=20.0°C  time=18.0 s
2026-05-22 22:28:01 [mswp_runner][square][mswp][k=5][s=0] INFO   Window  4/ 4  [22.5→30.0 s]  T_mean=20.0°C  time=18.3 s
2026-05-22 22:28:01 [mswp_runner][square][mswp][k=5][s=0] INFO k=5 done | MAE=15.711 C | L2=0.2310 | k1_MAE=15.711 C | FEM saving=93% | time=72 s
2026-05-22 22:32:34 [mswp_runner][circle][mswp][k=2][s=0] INFO MSWP k=2 | 10 windows × 3.0 s | anchor_spacing=3.0 s | FEM saving=83%
2026-05-22 22:32:52 [mswp_runner][circle][mswp][k=2][s=0] INFO   Window  1/10  [0.0→3.0 s]  T_mean=255.6°C  time=18.7 s
2026-05-22 22:33:10 [mswp_runner][circle][mswp][k=2][s=0] INFO   Window  2/10  [3.0→6.0 s]  T_mean=53.1°C  time=17.3 s
2026-05-22 22:33:27 [mswp_runner][circle][mswp][k=2][s=0] INFO   Window  3/10  [6.0→9.0 s]  T_mean=24.4°C  time=17.3 s
2026-05-22 22:33:44 [mswp_runner][circle][mswp][k=2][s=0] INFO   Window  4/10  [9.0→12.0 s]  T_mean=20.5°C  time=17.6 s
2026-05-22 22:34:01 [mswp_runner][circle][mswp][k=2][s=0] INFO   Window  5/10  [12.0→15.0 s]  T_mean=20.1°C  time=16.9 s
2026-05-22 22:34:18 [mswp_runner][circle][mswp][k=2][s=0] INFO   Window  6/10  [15.0→18.0 s]  T_mean=20.0°C  time=17.2 s
2026-05-22 22:34:36 [mswp_runner][circle][mswp][k=2][s=0] INFO   Window  7/10  [18.0→21.0 s]  T_mean=20.0°C  time=17.2 s
2026-05-22 22:34:53 [mswp_runner][circle][mswp][k=2][s=0] INFO   Window  8/10  [21.0→24.0 s]  T_mean=20.0°C  time=17.0 s
2026-05-22 22:35:10 [mswp_runner][circle][mswp][k=2][s=0] INFO   Window  9/10  [24.0→27.0 s]  T_mean=20.0°C  time=17.5 s
2026-05-22 22:35:28 [mswp_runner][circle][mswp][k=2][s=0] INFO   Window 10/10  [27.0→30.0 s]  T_mean=20.0°C  time=17.6 s
2026-05-22 22:35:28 [mswp_runner][circle][mswp][k=2][s=0] INFO k=2 done | MAE=5.755 C | L2=0.0475 | k1_MAE=5.755 C | FEM saving=83% | time=174 s
2026-05-22 22:35:29 [mswp_runner][circle][mswp][k=3][s=0] INFO MSWP k=3 | 7 windows × 4.5 s | anchor_spacing=4.5 s | FEM saving=88%
2026-05-22 22:35:46 [mswp_runner][circle][mswp][k=3][s=0] INFO   Window  1/ 7  [0.0→4.5 s]  T_mean=218.5°C  time=17.2 s
2026-05-22 22:36:04 [mswp_runner][circle][mswp][k=3][s=0] INFO   Window  2/ 7  [4.5→9.0 s]  T_mean=31.3°C  time=17.6 s
2026-05-22 22:36:22 [mswp_runner][circle][mswp][k=3][s=0] INFO   Window  3/ 7  [9.0→13.5 s]  T_mean=20.5°C  time=18.2 s
2026-05-22 22:36:39 [mswp_runner][circle][mswp][k=3][s=0] INFO   Window  4/ 7  [13.5→18.0 s]  T_mean=20.0°C  time=16.8 s
2026-05-22 22:36:55 [mswp_runner][circle][mswp][k=3][s=0] INFO   Window  5/ 7  [18.0→22.5 s]  T_mean=20.0°C  time=16.5 s
2026-05-22 22:37:12 [mswp_runner][circle][mswp][k=3][s=0] INFO   Window  6/ 7  [22.5→27.0 s]  T_mean=20.0°C  time=16.8 s
2026-05-22 22:37:29 [mswp_runner][circle][mswp][k=3][s=0] INFO   Window  7/ 7  [27.0→30.0 s]  T_mean=20.0°C  time=16.9 s
2026-05-22 22:37:29 [mswp_runner][circle][mswp][k=3][s=0] INFO k=3 done | MAE=9.946 C | L2=0.0982 | k1_MAE=9.946 C | FEM saving=88% | time=120 s
2026-05-22 22:37:30 [mswp_runner][circle][mswp][k=4][s=0] INFO MSWP k=4 | 5 windows × 6.0 s | anchor_spacing=6.0 s | FEM saving=92%
2026-05-22 22:37:48 [mswp_runner][circle][mswp][k=4][s=0] INFO   Window  1/ 5  [0.0→6.0 s]  T_mean=189.3°C  time=17.5 s
2026-05-22 22:38:05 [mswp_runner][circle][mswp][k=4][s=0] INFO   Window  2/ 5  [6.0→12.0 s]  T_mean=23.9°C  time=17.1 s
2026-05-22 22:38:21 [mswp_runner][circle][mswp][k=4][s=0] INFO   Window  3/ 5  [12.0→18.0 s]  T_mean=20.1°C  time=16.9 s
2026-05-22 22:38:38 [mswp_runner][circle][mswp][k=4][s=0] INFO   Window  4/ 5  [18.0→24.0 s]  T_mean=19.9°C  time=16.9 s
2026-05-22 22:38:55 [mswp_runner][circle][mswp][k=4][s=0] INFO   Window  5/ 5  [24.0→30.0 s]  T_mean=20.0°C  time=16.8 s
2026-05-22 22:38:55 [mswp_runner][circle][mswp][k=4][s=0] INFO k=4 done | MAE=13.056 C | L2=0.1596 | k1_MAE=13.056 C | FEM saving=92% | time=85 s
2026-05-22 22:38:56 [mswp_runner][circle][mswp][k=5][s=0] INFO MSWP k=5 | 4 windows × 7.5 s | anchor_spacing=7.5 s | FEM saving=93%
2026-05-22 22:39:13 [mswp_runner][circle][mswp][k=5][s=0] INFO   Window  1/ 4  [0.0→7.5 s]  T_mean=173.8°C  time=17.0 s
2026-05-22 22:39:30 [mswp_runner][circle][mswp][k=5][s=0] INFO   Window  2/ 4  [7.5→15.0 s]  T_mean=21.2°C  time=17.0 s
2026-05-22 22:39:47 [mswp_runner][circle][mswp][k=5][s=0] INFO   Window  3/ 4  [15.0→22.5 s]  T_mean=20.0°C  time=16.9 s
2026-05-22 22:40:04 [mswp_runner][circle][mswp][k=5][s=0] INFO   Window  4/ 4  [22.5→30.0 s]  T_mean=20.1°C  time=17.0 s
2026-05-22 22:40:04 [mswp_runner][circle][mswp][k=5][s=0] INFO k=5 done | MAE=17.151 C | L2=0.2581 | k1_MAE=17.151 C | FEM saving=93% | time=68 s
2026-05-22 22:40:05 [mswp_runner][lshape][mswp][k=2][s=0] INFO MSWP k=2 | 10 windows × 3.0 s | anchor_spacing=3.0 s | FEM saving=83%
2026-05-22 22:40:21 [mswp_runner][lshape][mswp][k=2][s=0] INFO   Window  1/10  [0.0→3.0 s]  T_mean=307.1°C  time=16.5 s
2026-05-22 22:40:38 [mswp_runner][lshape][mswp][k=2][s=0] INFO   Window  2/10  [3.0→6.0 s]  T_mean=93.6°C  time=16.6 s
2026-05-22 22:40:55 [mswp_runner][lshape][mswp][k=2][s=0] INFO   Window  3/10  [6.0→9.0 s]  T_mean=38.8°C  time=16.7 s
2026-05-22 22:41:11 [mswp_runner][lshape][mswp][k=2][s=0] INFO   Window  4/10  [9.0→12.0 s]  T_mean=24.9°C  time=16.4 s
2026-05-22 22:41:28 [mswp_runner][lshape][mswp][k=2][s=0] INFO   Window  5/10  [12.0→15.0 s]  T_mean=21.2°C  time=16.6 s
2026-05-22 22:41:44 [mswp_runner][lshape][mswp][k=2][s=0] INFO   Window  6/10  [15.0→18.0 s]  T_mean=20.3°C  time=16.5 s
2026-05-22 22:42:01 [mswp_runner][lshape][mswp][k=2][s=0] INFO   Window  7/10  [18.0→21.0 s]  T_mean=20.1°C  time=16.7 s
2026-05-22 22:42:18 [mswp_runner][lshape][mswp][k=2][s=0] INFO   Window  8/10  [21.0→24.0 s]  T_mean=20.1°C  time=17.4 s
2026-05-22 22:42:35 [mswp_runner][lshape][mswp][k=2][s=0] INFO   Window  9/10  [24.0→27.0 s]  T_mean=20.0°C  time=16.8 s
2026-05-22 22:42:52 [mswp_runner][lshape][mswp][k=2][s=0] INFO   Window 10/10  [27.0→30.0 s]  T_mean=20.0°C  time=16.5 s
2026-05-22 22:42:52 [mswp_runner][lshape][mswp][k=2][s=0] INFO k=2 done | MAE=4.999 C | L2=0.0368 | k1_MAE=4.999 C | FEM saving=83% | time=167 s
2026-05-22 22:42:52 [mswp_runner][lshape][mswp][k=3][s=0] INFO MSWP k=3 | 7 windows × 4.5 s | anchor_spacing=4.5 s | FEM saving=88%
2026-05-22 22:43:08 [mswp_runner][lshape][mswp][k=3][s=0] INFO   Window  1/ 7  [0.0→4.5 s]  T_mean=269.6°C  time=16.6 s
2026-05-22 22:43:25 [mswp_runner][lshape][mswp][k=3][s=0] INFO   Window  2/ 7  [4.5→9.0 s]  T_mean=53.4°C  time=17.1 s
2026-05-22 22:43:44 [mswp_runner][lshape][mswp][k=3][s=0] INFO   Window  3/ 7  [9.0→13.5 s]  T_mean=24.3°C  time=18.4 s
2026-05-22 22:44:01 [mswp_runner][lshape][mswp][k=3][s=0] INFO   Window  4/ 7  [13.5→18.0 s]  T_mean=20.6°C  time=17.3 s
2026-05-22 22:44:18 [mswp_runner][lshape][mswp][k=3][s=0] INFO   Window  5/ 7  [18.0→22.5 s]  T_mean=20.1°C  time=16.8 s
2026-05-22 22:44:35 [mswp_runner][lshape][mswp][k=3][s=0] INFO   Window  6/ 7  [22.5→27.0 s]  T_mean=19.9°C  time=16.9 s
2026-05-22 22:44:51 [mswp_runner][lshape][mswp][k=3][s=0] INFO   Window  7/ 7  [27.0→30.0 s]  T_mean=20.0°C  time=16.6 s
2026-05-22 22:44:51 [mswp_runner][lshape][mswp][k=3][s=0] INFO k=3 done | MAE=9.594 C | L2=0.0778 | k1_MAE=9.594 C | FEM saving=88% | time=120 s
2026-05-22 22:44:52 [mswp_runner][lshape][mswp][k=4][s=0] INFO MSWP k=4 | 5 windows × 6.0 s | anchor_spacing=6.0 s | FEM saving=92%
2026-05-22 22:45:08 [mswp_runner][lshape][mswp][k=4][s=0] INFO   Window  1/ 5  [0.0→6.0 s]  T_mean=241.7°C  time=16.8 s
2026-05-22 22:45:25 [mswp_runner][lshape][mswp][k=4][s=0] INFO   Window  2/ 5  [6.0→12.0 s]  T_mean=35.6°C  time=16.7 s
2026-05-22 22:45:42 [mswp_runner][lshape][mswp][k=4][s=0] INFO   Window  3/ 5  [12.0→18.0 s]  T_mean=20.8°C  time=16.8 s
2026-05-22 22:45:58 [mswp_runner][lshape][mswp][k=4][s=0] INFO   Window  4/ 5  [18.0→24.0 s]  T_mean=20.1°C  time=16.5 s
2026-05-22 22:46:15 [mswp_runner][lshape][mswp][k=4][s=0] INFO   Window  5/ 5  [24.0→30.0 s]  T_mean=20.0°C  time=16.7 s
2026-05-22 22:46:15 [mswp_runner][lshape][mswp][k=4][s=0] INFO k=4 done | MAE=14.022 C | L2=0.1257 | k1_MAE=14.022 C | FEM saving=92% | time=84 s
2026-05-22 22:46:15 [mswp_runner][lshape][mswp][k=5][s=0] INFO MSWP k=5 | 4 windows × 7.5 s | anchor_spacing=7.5 s | FEM saving=93%
2026-05-22 22:46:32 [mswp_runner][lshape][mswp][k=5][s=0] INFO   Window  1/ 4  [0.0→7.5 s]  T_mean=224.2°C  time=16.6 s
2026-05-22 22:46:49 [mswp_runner][lshape][mswp][k=5][s=0] INFO   Window  2/ 4  [7.5→15.0 s]  T_mean=27.4°C  time=16.9 s
2026-05-22 22:47:06 [mswp_runner][lshape][mswp][k=5][s=0] INFO   Window  3/ 4  [15.0→22.5 s]  T_mean=20.3°C  time=16.9 s
2026-05-22 22:47:23 [mswp_runner][lshape][mswp][k=5][s=0] INFO   Window  4/ 4  [22.5→30.0 s]  T_mean=20.1°C  time=16.8 s
2026-05-22 22:47:23 [mswp_runner][lshape][mswp][k=5][s=0] INFO k=5 done | MAE=19.385 C | L2=0.2023 | k1_MAE=19.385 C | FEM saving=93% | time=67 s
2026-05-22 22:47:23 [mswp_runner][flower][mswp][k=2][s=0] INFO MSWP k=2 | 10 windows × 3.0 s | anchor_spacing=3.0 s | FEM saving=83%
2026-05-22 22:47:34 [mswp_runner][flower][mswp][k=2][s=0] INFO   Window  1/10  [0.0→3.0 s]  T_mean=248.1°C  time=10.9 s
2026-05-22 22:47:45 [mswp_runner][flower][mswp][k=2][s=0] INFO   Window  2/10  [3.0→6.0 s]  T_mean=32.2°C  time=11.0 s
2026-05-22 22:47:55 [mswp_runner][flower][mswp][k=2][s=0] INFO   Window  3/10  [6.0→9.0 s]  T_mean=20.9°C  time=10.9 s
2026-05-22 22:48:06 [mswp_runner][flower][mswp][k=2][s=0] INFO   Window  4/10  [9.0→12.0 s]  T_mean=20.0°C  time=11.0 s
2026-05-22 22:48:18 [mswp_runner][flower][mswp][k=2][s=0] INFO   Window  5/10  [12.0→15.0 s]  T_mean=20.9°C  time=11.8 s
2026-05-22 22:48:31 [mswp_runner][flower][mswp][k=2][s=0] INFO   Window  6/10  [15.0→18.0 s]  T_mean=20.0°C  time=12.4 s
2026-05-22 22:48:42 [mswp_runner][flower][mswp][k=2][s=0] INFO   Window  7/10  [18.0→21.0 s]  T_mean=20.1°C  time=10.9 s
2026-05-22 22:48:53 [mswp_runner][flower][mswp][k=2][s=0] INFO   Window  8/10  [21.0→24.0 s]  T_mean=19.6°C  time=11.0 s
2026-05-22 22:49:04 [mswp_runner][flower][mswp][k=2][s=0] INFO   Window  9/10  [24.0→27.0 s]  T_mean=19.8°C  time=11.1 s
2026-05-22 22:49:15 [mswp_runner][flower][mswp][k=2][s=0] INFO   Window 10/10  [27.0→30.0 s]  T_mean=20.3°C  time=11.1 s
2026-05-22 22:49:15 [mswp_runner][flower][mswp][k=2][s=0] INFO k=2 done | MAE=10.672 C | L2=0.1033 | k1_MAE=10.672 C | FEM saving=83% | time=112 s
2026-05-22 22:49:15 [mswp_runner][flower][mswp][k=3][s=0] INFO MSWP k=3 | 7 windows × 4.5 s | anchor_spacing=4.5 s | FEM saving=88%
2026-05-22 22:49:26 [mswp_runner][flower][mswp][k=3][s=0] INFO   Window  1/ 7  [0.0→4.5 s]  T_mean=221.5°C  time=11.3 s
2026-05-22 22:49:38 [mswp_runner][flower][mswp][k=3][s=0] INFO   Window  2/ 7  [4.5→9.0 s]  T_mean=23.9°C  time=11.6 s
2026-05-22 22:49:49 [mswp_runner][flower][mswp][k=3][s=0] INFO   Window  3/ 7  [9.0→13.5 s]  T_mean=19.8°C  time=11.4 s
2026-05-22 22:50:00 [mswp_runner][flower][mswp][k=3][s=0] INFO   Window  4/ 7  [13.5→18.0 s]  T_mean=19.4°C  time=11.2 s
2026-05-22 22:50:12 [mswp_runner][flower][mswp][k=3][s=0] INFO   Window  5/ 7  [18.0→22.5 s]  T_mean=19.7°C  time=11.2 s
2026-05-22 22:50:23 [mswp_runner][flower][mswp][k=3][s=0] INFO   Window  6/ 7  [22.5→27.0 s]  T_mean=20.4°C  time=11.1 s
2026-05-22 22:50:34 [mswp_runner][flower][mswp][k=3][s=0] INFO   Window  7/ 7  [27.0→30.0 s]  T_mean=19.7°C  time=11.2 s
2026-05-22 22:50:34 [mswp_runner][flower][mswp][k=3][s=0] INFO k=3 done | MAE=17.402 C | L2=0.2315 | k1_MAE=17.402 C | FEM saving=88% | time=79 s
2026-05-22 22:50:34 [mswp_runner][flower][mswp][k=4][s=0] INFO MSWP k=4 | 5 windows × 6.0 s | anchor_spacing=6.0 s | FEM saving=92%
2026-05-22 22:50:45 [mswp_runner][flower][mswp][k=4][s=0] INFO   Window  1/ 5  [0.0→6.0 s]  T_mean=185.1°C  time=10.9 s
2026-05-22 22:50:56 [mswp_runner][flower][mswp][k=4][s=0] INFO   Window  2/ 5  [6.0→12.0 s]  T_mean=20.9°C  time=11.0 s
2026-05-22 22:51:07 [mswp_runner][flower][mswp][k=4][s=0] INFO   Window  3/ 5  [12.0→18.0 s]  T_mean=19.7°C  time=11.0 s
2026-05-22 22:51:18 [mswp_runner][flower][mswp][k=4][s=0] INFO   Window  4/ 5  [18.0→24.0 s]  T_mean=20.6°C  time=11.1 s
2026-05-22 22:51:29 [mswp_runner][flower][mswp][k=4][s=0] INFO   Window  5/ 5  [24.0→30.0 s]  T_mean=20.2°C  time=10.9 s
2026-05-22 22:51:29 [mswp_runner][flower][mswp][k=4][s=0] INFO k=4 done | MAE=19.760 C | L2=0.3157 | k1_MAE=19.760 C | FEM saving=92% | time=55 s
2026-05-22 22:51:29 [mswp_runner][flower][mswp][k=5][s=0] INFO MSWP k=5 | 4 windows × 7.5 s | anchor_spacing=7.5 s | FEM saving=93%
2026-05-22 22:51:40 [mswp_runner][flower][mswp][k=5][s=0] INFO   Window  1/ 4  [0.0→7.5 s]  T_mean=175.1°C  time=11.1 s
2026-05-22 22:51:52 [mswp_runner][flower][mswp][k=5][s=0] INFO   Window  2/ 4  [7.5→15.0 s]  T_mean=19.9°C  time=11.3 s
2026-05-22 22:52:03 [mswp_runner][flower][mswp][k=5][s=0] INFO   Window  3/ 4  [15.0→22.5 s]  T_mean=20.0°C  time=11.2 s
2026-05-22 22:52:14 [mswp_runner][flower][mswp][k=5][s=0] INFO   Window  4/ 4  [22.5→30.0 s]  T_mean=20.2°C  time=11.1 s
2026-05-22 22:52:14 [mswp_runner][flower][mswp][k=5][s=0] INFO k=5 done | MAE=25.275 C | L2=0.4592 | k1_MAE=25.275 C | FEM saving=93% | time=45 s
2026-05-23 17:36:26 [mswp_runner][circle][mswp_tpe][k=1][s=0] INFO MSWP k=1 | 20 windows × 1.5 s | anchor_spacing=1.5 s | FEM saving=67%
2026-05-23 17:36:29 [mswp_runner][circle][mswp_tpe][k=1][s=0] INFO   Window  1/20  [0.0→1.5 s]  T_mean=319.3°C  time=3.0 s
2026-05-23 17:36:32 [mswp_runner][circle][mswp_tpe][k=1][s=0] INFO   Window  2/20  [1.5→3.0 s]  T_mean=129.1°C  time=2.9 s
2026-05-23 17:36:35 [mswp_runner][circle][mswp_tpe][k=1][s=0] INFO   Window  3/20  [3.0→4.5 s]  T_mean=59.0°C  time=2.9 s
2026-05-23 17:36:38 [mswp_runner][circle][mswp_tpe][k=1][s=0] INFO   Window  4/20  [4.5→6.0 s]  T_mean=34.1°C  time=2.9 s
2026-05-23 17:36:41 [mswp_runner][circle][mswp_tpe][k=1][s=0] INFO   Window  5/20  [6.0→7.5 s]  T_mean=25.1°C  time=3.0 s
2026-05-23 17:36:44 [mswp_runner][circle][mswp_tpe][k=1][s=0] INFO   Window  6/20  [7.5→9.0 s]  T_mean=21.8°C  time=3.0 s
2026-05-23 17:36:47 [mswp_runner][circle][mswp_tpe][k=1][s=0] INFO   Window  7/20  [9.0→10.5 s]  T_mean=20.6°C  time=3.0 s
2026-05-23 17:36:50 [mswp_runner][circle][mswp_tpe][k=1][s=0] INFO   Window  8/20  [10.5→12.0 s]  T_mean=20.5°C  time=3.0 s
2026-05-23 17:36:53 [mswp_runner][circle][mswp_tpe][k=1][s=0] INFO   Window  9/20  [12.0→13.5 s]  T_mean=20.2°C  time=3.0 s
2026-05-23 17:36:56 [mswp_runner][circle][mswp_tpe][k=1][s=0] INFO   Window 10/20  [13.5→15.0 s]  T_mean=20.8°C  time=3.0 s
2026-05-23 17:36:59 [mswp_runner][circle][mswp_tpe][k=1][s=0] INFO   Window 11/20  [15.0→16.5 s]  T_mean=20.0°C  time=3.0 s
2026-05-23 17:37:02 [mswp_runner][circle][mswp_tpe][k=1][s=0] INFO   Window 12/20  [16.5→18.0 s]  T_mean=19.9°C  time=3.0 s
2026-05-23 17:37:04 [mswp_runner][circle][mswp_tpe][k=1][s=0] INFO   Window 13/20  [18.0→19.5 s]  T_mean=20.3°C  time=3.0 s
2026-05-23 17:37:08 [mswp_runner][circle][mswp_tpe][k=1][s=0] INFO   Window 14/20  [19.5→21.0 s]  T_mean=19.9°C  time=3.0 s
2026-05-23 17:37:10 [mswp_runner][circle][mswp_tpe][k=1][s=0] INFO   Window 15/20  [21.0→22.5 s]  T_mean=20.1°C  time=2.9 s
2026-05-23 17:37:13 [mswp_runner][circle][mswp_tpe][k=1][s=0] INFO   Window 16/20  [22.5→24.0 s]  T_mean=19.8°C  time=2.9 s
2026-05-23 17:37:16 [mswp_runner][circle][mswp_tpe][k=1][s=0] INFO   Window 17/20  [24.0→25.5 s]  T_mean=20.0°C  time=2.9 s
2026-05-23 17:37:19 [mswp_runner][circle][mswp_tpe][k=1][s=0] INFO   Window 18/20  [25.5→27.0 s]  T_mean=20.4°C  time=2.9 s
2026-05-23 17:37:22 [mswp_runner][circle][mswp_tpe][k=1][s=0] INFO   Window 19/20  [27.0→28.5 s]  T_mean=19.8°C  time=3.0 s
2026-05-23 17:37:25 [mswp_runner][circle][mswp_tpe][k=1][s=0] INFO   Window 20/20  [28.5→30.0 s]  T_mean=19.6°C  time=3.0 s
2026-05-23 17:37:25 [mswp_runner][circle][mswp_tpe][k=1][s=0] INFO k=1 done | MAE=2.015 C | L2=0.0212 | k1_MAE=2.015 C | FEM saving=67% | time=59 s
2026-05-23 17:37:57 [mswp_runner][circle][mswp_nsga2][k=1][s=0] INFO MSWP k=1 | 20 windows × 1.5 s | anchor_spacing=1.5 s | FEM saving=67%
2026-05-23 17:37:59 [mswp_runner][circle][mswp_nsga2][k=1][s=0] INFO   Window  1/20  [0.0→1.5 s]  T_mean=319.1°C  time=2.3 s
2026-05-23 17:38:01 [mswp_runner][circle][mswp_nsga2][k=1][s=0] INFO   Window  2/20  [1.5→3.0 s]  T_mean=129.2°C  time=2.3 s
2026-05-23 17:38:03 [mswp_runner][circle][mswp_nsga2][k=1][s=0] INFO   Window  3/20  [3.0→4.5 s]  T_mean=59.4°C  time=2.2 s
2026-05-23 17:38:06 [mswp_runner][circle][mswp_nsga2][k=1][s=0] INFO   Window  4/20  [4.5→6.0 s]  T_mean=34.9°C  time=2.2 s
2026-05-23 17:38:08 [mswp_runner][circle][mswp_nsga2][k=1][s=0] INFO   Window  5/20  [6.0→7.5 s]  T_mean=25.4°C  time=2.2 s
2026-05-23 17:38:10 [mswp_runner][circle][mswp_nsga2][k=1][s=0] INFO   Window  6/20  [7.5→9.0 s]  T_mean=22.1°C  time=2.2 s
2026-05-23 17:38:12 [mswp_runner][circle][mswp_nsga2][k=1][s=0] INFO   Window  7/20  [9.0→10.5 s]  T_mean=22.8°C  time=2.2 s
2026-05-23 17:38:14 [mswp_runner][circle][mswp_nsga2][k=1][s=0] INFO   Window  8/20  [10.5→12.0 s]  T_mean=20.2°C  time=2.2 s
2026-05-23 17:38:17 [mswp_runner][circle][mswp_nsga2][k=1][s=0] INFO   Window  9/20  [12.0→13.5 s]  T_mean=19.7°C  time=2.2 s
2026-05-23 17:38:19 [mswp_runner][circle][mswp_nsga2][k=1][s=0] INFO   Window 10/20  [13.5→15.0 s]  T_mean=20.3°C  time=2.3 s
2026-05-23 17:38:21 [mswp_runner][circle][mswp_nsga2][k=1][s=0] INFO   Window 11/20  [15.0→16.5 s]  T_mean=20.2°C  time=2.3 s
2026-05-23 17:38:24 [mswp_runner][circle][mswp_nsga2][k=1][s=0] INFO   Window 12/20  [16.5→18.0 s]  T_mean=20.8°C  time=2.3 s
2026-05-23 17:38:26 [mswp_runner][circle][mswp_nsga2][k=1][s=0] INFO   Window 13/20  [18.0→19.5 s]  T_mean=20.1°C  time=2.3 s
2026-05-23 17:38:28 [mswp_runner][circle][mswp_nsga2][k=1][s=0] INFO   Window 14/20  [19.5→21.0 s]  T_mean=20.2°C  time=2.3 s
2026-05-23 17:38:30 [mswp_runner][circle][mswp_nsga2][k=1][s=0] INFO   Window 15/20  [21.0→22.5 s]  T_mean=19.5°C  time=2.2 s
2026-05-23 17:38:33 [mswp_runner][circle][mswp_nsga2][k=1][s=0] INFO   Window 16/20  [22.5→24.0 s]  T_mean=20.5°C  time=2.2 s
2026-05-23 17:38:35 [mswp_runner][circle][mswp_nsga2][k=1][s=0] INFO   Window 17/20  [24.0→25.5 s]  T_mean=20.3°C  time=2.3 s
2026-05-23 17:38:37 [mswp_runner][circle][mswp_nsga2][k=1][s=0] INFO   Window 18/20  [25.5→27.0 s]  T_mean=20.4°C  time=2.2 s
2026-05-23 17:38:39 [mswp_runner][circle][mswp_nsga2][k=1][s=0] INFO   Window 19/20  [27.0→28.5 s]  T_mean=19.2°C  time=2.2 s
2026-05-23 17:38:41 [mswp_runner][circle][mswp_nsga2][k=1][s=0] INFO   Window 20/20  [28.5→30.0 s]  T_mean=20.2°C  time=2.2 s
2026-05-23 17:38:42 [mswp_runner][circle][mswp_nsga2][k=1][s=0] INFO k=1 done | MAE=2.342 C | L2=0.0375 | k1_MAE=2.342 C | FEM saving=67% | time=45 s
2026-05-23 17:50:56 [mswp_runner][circle][mswp_tpe][k=1][s=0] INFO MSWP k=1 | 20 windows × 1.5 s | anchor_spacing=1.5 s | FEM saving=67%
2026-05-23 17:51:15 [mswp_runner][circle][mswp_tpe][k=1][s=0] INFO   Window  1/20  [0.0→1.5 s]  T_mean=318.6°C  time=18.9 s
2026-05-23 17:51:34 [mswp_runner][circle][mswp_tpe][k=1][s=0] INFO   Window  2/20  [1.5→3.0 s]  T_mean=128.6°C  time=18.8 s
2026-05-23 17:51:53 [mswp_runner][circle][mswp_tpe][k=1][s=0] INFO   Window  3/20  [3.0→4.5 s]  T_mean=59.4°C  time=18.8 s
2026-05-23 17:52:12 [mswp_runner][circle][mswp_tpe][k=1][s=0] INFO   Window  4/20  [4.5→6.0 s]  T_mean=34.3°C  time=18.7 s
2026-05-23 17:52:30 [mswp_runner][circle][mswp_tpe][k=1][s=0] INFO   Window  5/20  [6.0→7.5 s]  T_mean=25.2°C  time=18.6 s
2026-05-23 17:52:49 [mswp_runner][circle][mswp_tpe][k=1][s=0] INFO   Window  6/20  [7.5→9.0 s]  T_mean=21.8°C  time=18.8 s
2026-05-23 17:53:08 [mswp_runner][circle][mswp_tpe][k=1][s=0] INFO   Window  7/20  [9.0→10.5 s]  T_mean=20.7°C  time=18.8 s
2026-05-23 17:53:27 [mswp_runner][circle][mswp_tpe][k=1][s=0] INFO   Window  8/20  [10.5→12.0 s]  T_mean=20.2°C  time=18.8 s
2026-05-23 17:53:45 [mswp_runner][circle][mswp_tpe][k=1][s=0] INFO   Window  9/20  [12.0→13.5 s]  T_mean=20.1°C  time=18.7 s
2026-05-23 17:54:04 [mswp_runner][circle][mswp_tpe][k=1][s=0] INFO   Window 10/20  [13.5→15.0 s]  T_mean=20.0°C  time=18.6 s
2026-05-23 17:54:22 [mswp_runner][circle][mswp_tpe][k=1][s=0] INFO   Window 11/20  [15.0→16.5 s]  T_mean=20.0°C  time=18.5 s
2026-05-23 17:54:41 [mswp_runner][circle][mswp_tpe][k=1][s=0] INFO   Window 12/20  [16.5→18.0 s]  T_mean=20.0°C  time=18.8 s
2026-05-23 17:55:00 [mswp_runner][circle][mswp_tpe][k=1][s=0] INFO   Window 13/20  [18.0→19.5 s]  T_mean=20.0°C  time=18.6 s
2026-05-23 17:55:20 [mswp_runner][circle][mswp_tpe][k=1][s=0] INFO   Window 14/20  [19.5→21.0 s]  T_mean=20.0°C  time=19.9 s
2026-05-23 17:55:41 [mswp_runner][circle][mswp_tpe][k=1][s=0] INFO   Window 15/20  [21.0→22.5 s]  T_mean=20.0°C  time=21.2 s
2026-05-23 17:56:00 [mswp_runner][circle][mswp_tpe][k=1][s=0] INFO   Window 16/20  [22.5→24.0 s]  T_mean=20.0°C  time=18.8 s
2026-05-23 17:56:19 [mswp_runner][circle][mswp_tpe][k=1][s=0] INFO   Window 17/20  [24.0→25.5 s]  T_mean=20.0°C  time=19.0 s
2026-05-23 17:56:37 [mswp_runner][circle][mswp_tpe][k=1][s=0] INFO   Window 18/20  [25.5→27.0 s]  T_mean=20.0°C  time=18.8 s
2026-05-23 17:56:56 [mswp_runner][circle][mswp_tpe][k=1][s=0] INFO   Window 19/20  [27.0→28.5 s]  T_mean=20.0°C  time=18.8 s
2026-05-23 17:57:15 [mswp_runner][circle][mswp_tpe][k=1][s=0] INFO   Window 20/20  [28.5→30.0 s]  T_mean=20.0°C  time=18.8 s
2026-05-23 17:57:15 [mswp_runner][circle][mswp_tpe][k=1][s=0] INFO k=1 done | MAE=1.825 C | L2=0.0123 | k1_MAE=1.825 C | FEM saving=67% | time=379 s
2026-05-23 17:57:15 [mswp_runner][circle][mswp_tpe][k=2][s=0] INFO MSWP k=2 | 10 windows × 3.0 s | anchor_spacing=3.0 s | FEM saving=83%
2026-05-23 17:57:34 [mswp_runner][circle][mswp_tpe][k=2][s=0] INFO   Window  1/10  [0.0→3.0 s]  T_mean=257.5°C  time=19.1 s
2026-05-23 17:57:53 [mswp_runner][circle][mswp_tpe][k=2][s=0] INFO   Window  2/10  [3.0→6.0 s]  T_mean=53.5°C  time=19.2 s
2026-05-23 17:58:12 [mswp_runner][circle][mswp_tpe][k=2][s=0] INFO   Window  3/10  [6.0→9.0 s]  T_mean=24.4°C  time=18.6 s
2026-05-23 17:58:31 [mswp_runner][circle][mswp_tpe][k=2][s=0] INFO   Window  4/10  [9.0→12.0 s]  T_mean=20.5°C  time=19.2 s
2026-05-23 17:58:50 [mswp_runner][circle][mswp_tpe][k=2][s=0] INFO   Window  5/10  [12.0→15.0 s]  T_mean=20.1°C  time=18.9 s
2026-05-23 17:59:09 [mswp_runner][circle][mswp_tpe][k=2][s=0] INFO   Window  6/10  [15.0→18.0 s]  T_mean=20.0°C  time=18.9 s
2026-05-23 17:59:28 [mswp_runner][circle][mswp_tpe][k=2][s=0] INFO   Window  7/10  [18.0→21.0 s]  T_mean=20.0°C  time=18.8 s
2026-05-23 17:59:47 [mswp_runner][circle][mswp_tpe][k=2][s=0] INFO   Window  8/10  [21.0→24.0 s]  T_mean=20.0°C  time=18.9 s
2026-05-23 18:00:05 [mswp_runner][circle][mswp_tpe][k=2][s=0] INFO   Window  9/10  [24.0→27.0 s]  T_mean=20.0°C  time=18.6 s
2026-05-23 18:00:24 [mswp_runner][circle][mswp_tpe][k=2][s=0] INFO   Window 10/10  [27.0→30.0 s]  T_mean=20.0°C  time=18.7 s
2026-05-23 18:00:24 [mswp_runner][circle][mswp_tpe][k=2][s=0] INFO k=2 done | MAE=5.980 C | L2=0.0492 | k1_MAE=5.980 C | FEM saving=83% | time=189 s
2026-05-23 18:00:24 [mswp_runner][circle][mswp_tpe][k=3][s=0] INFO MSWP k=3 | 7 windows × 4.5 s | anchor_spacing=4.5 s | FEM saving=88%
2026-05-23 18:00:43 [mswp_runner][circle][mswp_tpe][k=3][s=0] INFO   Window  1/ 7  [0.0→4.5 s]  T_mean=219.0°C  time=19.0 s
2026-05-23 18:01:02 [mswp_runner][circle][mswp_tpe][k=3][s=0] INFO   Window  2/ 7  [4.5→9.0 s]  T_mean=31.4°C  time=18.7 s
2026-05-23 18:01:20 [mswp_runner][circle][mswp_tpe][k=3][s=0] INFO   Window  3/ 7  [9.0→13.5 s]  T_mean=20.6°C  time=18.4 s
2026-05-23 18:01:39 [mswp_runner][circle][mswp_tpe][k=3][s=0] INFO   Window  4/ 7  [13.5→18.0 s]  T_mean=20.0°C  time=18.4 s
2026-05-23 18:01:57 [mswp_runner][circle][mswp_tpe][k=3][s=0] INFO   Window  5/ 7  [18.0→22.5 s]  T_mean=20.0°C  time=18.5 s
2026-05-23 18:02:16 [mswp_runner][circle][mswp_tpe][k=3][s=0] INFO   Window  6/ 7  [22.5→27.0 s]  T_mean=20.0°C  time=18.9 s
2026-05-23 18:02:36 [mswp_runner][circle][mswp_tpe][k=3][s=0] INFO   Window  7/ 7  [27.0→30.0 s]  T_mean=20.0°C  time=19.3 s
2026-05-23 18:02:36 [mswp_runner][circle][mswp_tpe][k=3][s=0] INFO k=3 done | MAE=10.028 C | L2=0.0979 | k1_MAE=10.028 C | FEM saving=88% | time=131 s
2026-05-23 18:02:36 [mswp_runner][circle][mswp_tpe][k=4][s=0] INFO MSWP k=4 | 5 windows × 6.0 s | anchor_spacing=6.0 s | FEM saving=92%
2026-05-23 18:02:55 [mswp_runner][circle][mswp_tpe][k=4][s=0] INFO   Window  1/ 5  [0.0→6.0 s]  T_mean=192.4°C  time=18.9 s
2026-05-23 18:03:14 [mswp_runner][circle][mswp_tpe][k=4][s=0] INFO   Window  2/ 5  [6.0→12.0 s]  T_mean=24.0°C  time=18.8 s
2026-05-23 18:03:32 [mswp_runner][circle][mswp_tpe][k=4][s=0] INFO   Window  3/ 5  [12.0→18.0 s]  T_mean=20.1°C  time=18.7 s
2026-05-23 18:03:52 [mswp_runner][circle][mswp_tpe][k=4][s=0] INFO   Window  4/ 5  [18.0→24.0 s]  T_mean=20.0°C  time=19.2 s
2026-05-23 18:04:10 [mswp_runner][circle][mswp_tpe][k=4][s=0] INFO   Window  5/ 5  [24.0→30.0 s]  T_mean=20.0°C  time=18.9 s
2026-05-23 18:04:10 [mswp_runner][circle][mswp_tpe][k=4][s=0] INFO k=4 done | MAE=13.673 C | L2=0.1677 | k1_MAE=13.673 C | FEM saving=92% | time=95 s
2026-05-23 18:04:11 [mswp_runner][circle][mswp_tpe][k=5][s=0] INFO MSWP k=5 | 4 windows × 7.5 s | anchor_spacing=7.5 s | FEM saving=93%
2026-05-23 18:04:30 [mswp_runner][circle][mswp_tpe][k=5][s=0] INFO   Window  1/ 4  [0.0→7.5 s]  T_mean=176.0°C  time=19.0 s
2026-05-23 18:04:49 [mswp_runner][circle][mswp_tpe][k=5][s=0] INFO   Window  2/ 4  [7.5→15.0 s]  T_mean=21.5°C  time=18.8 s
2026-05-23 18:05:07 [mswp_runner][circle][mswp_tpe][k=5][s=0] INFO   Window  3/ 4  [15.0→22.5 s]  T_mean=20.0°C  time=18.8 s
2026-05-23 18:05:26 [mswp_runner][circle][mswp_tpe][k=5][s=0] INFO   Window  4/ 4  [22.5→30.0 s]  T_mean=20.0°C  time=18.9 s
2026-05-23 18:05:26 [mswp_runner][circle][mswp_tpe][k=5][s=0] INFO k=5 done | MAE=17.737 C | L2=0.2791 | k1_MAE=17.737 C | FEM saving=93% | time=76 s
2026-05-23 18:09:47 [mswp_runner][circle][mswp][k=1][s=0] INFO MSWP k=1 | 20 windows × 1.5 s | anchor_spacing=1.5 s | FEM saving=67%
2026-05-23 18:10:06 [mswp_runner][circle][mswp][k=1][s=0] INFO   Window  1/20  [0.0→1.5 s]  T_mean=317.4°C  time=18.6 s
2026-05-23 18:10:23 [mswp_runner][circle][mswp][k=1][s=0] INFO   Window  2/20  [1.5→3.0 s]  T_mean=128.5°C  time=17.3 s
2026-05-23 18:10:41 [mswp_runner][circle][mswp][k=1][s=0] INFO   Window  3/20  [3.0→4.5 s]  T_mean=59.5°C  time=17.9 s
2026-05-23 18:10:58 [mswp_runner][circle][mswp][k=1][s=0] INFO   Window  4/20  [4.5→6.0 s]  T_mean=34.3°C  time=16.9 s
2026-05-23 18:11:14 [mswp_runner][circle][mswp][k=1][s=0] INFO   Window  5/20  [6.0→7.5 s]  T_mean=25.2°C  time=16.6 s
2026-05-23 18:11:31 [mswp_runner][circle][mswp][k=1][s=0] INFO   Window  6/20  [7.5→9.0 s]  T_mean=21.9°C  time=17.1 s
2026-05-23 18:11:48 [mswp_runner][circle][mswp][k=1][s=0] INFO   Window  7/20  [9.0→10.5 s]  T_mean=20.7°C  time=16.6 s
2026-05-23 18:12:05 [mswp_runner][circle][mswp][k=1][s=0] INFO   Window  8/20  [10.5→12.0 s]  T_mean=20.2°C  time=16.8 s
2026-05-23 18:12:24 [mswp_runner][circle][mswp][k=1][s=0] INFO   Window  9/20  [12.0→13.5 s]  T_mean=20.1°C  time=19.4 s
2026-05-23 18:12:41 [mswp_runner][circle][mswp][k=1][s=0] INFO   Window 10/20  [13.5→15.0 s]  T_mean=20.0°C  time=17.0 s
2026-05-23 18:12:58 [mswp_runner][circle][mswp][k=1][s=0] INFO   Window 11/20  [15.0→16.5 s]  T_mean=20.0°C  time=16.8 s
2026-05-23 18:13:15 [mswp_runner][circle][mswp][k=1][s=0] INFO   Window 12/20  [16.5→18.0 s]  T_mean=20.0°C  time=16.8 s
2026-05-23 18:13:31 [mswp_runner][circle][mswp][k=1][s=0] INFO   Window 13/20  [18.0→19.5 s]  T_mean=20.0°C  time=16.6 s
2026-05-23 18:13:48 [mswp_runner][circle][mswp][k=1][s=0] INFO   Window 14/20  [19.5→21.0 s]  T_mean=20.0°C  time=16.4 s
2026-05-23 18:14:05 [mswp_runner][circle][mswp][k=1][s=0] INFO   Window 15/20  [21.0→22.5 s]  T_mean=20.0°C  time=16.8 s
2026-05-23 18:14:21 [mswp_runner][circle][mswp][k=1][s=0] INFO   Window 16/20  [22.5→24.0 s]  T_mean=20.0°C  time=16.7 s
2026-05-23 18:14:38 [mswp_runner][circle][mswp][k=1][s=0] INFO   Window 17/20  [24.0→25.5 s]  T_mean=20.0°C  time=16.6 s
2026-05-23 18:14:55 [mswp_runner][circle][mswp][k=1][s=0] INFO   Window 18/20  [25.5→27.0 s]  T_mean=20.0°C  time=16.9 s
2026-05-23 18:15:12 [mswp_runner][circle][mswp][k=1][s=0] INFO   Window 19/20  [27.0→28.5 s]  T_mean=20.0°C  time=17.1 s
2026-05-23 18:15:29 [mswp_runner][circle][mswp][k=1][s=0] INFO   Window 20/20  [28.5→30.0 s]  T_mean=20.0°C  time=17.0 s
2026-05-23 18:15:29 [mswp_runner][circle][mswp][k=1][s=0] INFO k=1 done | MAE=1.777 C | L2=0.0127 | k1_MAE=1.777 C | FEM saving=67% | time=342 s
2026-05-23 18:15:30 [mswp_runner][circle][mswp][k=2][s=0] INFO MSWP k=2 | 10 windows × 3.0 s | anchor_spacing=3.0 s | FEM saving=83%
2026-05-23 18:15:47 [mswp_runner][circle][mswp][k=2][s=0] INFO   Window  1/10  [0.0→3.0 s]  T_mean=258.4°C  time=16.9 s
2026-05-23 18:16:04 [mswp_runner][circle][mswp][k=2][s=0] INFO   Window  2/10  [3.0→6.0 s]  T_mean=52.8°C  time=17.2 s
2026-05-23 18:16:22 [mswp_runner][circle][mswp][k=2][s=0] INFO   Window  3/10  [6.0→9.0 s]  T_mean=24.4°C  time=17.8 s
2026-05-23 18:16:39 [mswp_runner][circle][mswp][k=2][s=0] INFO   Window  4/10  [9.0→12.0 s]  T_mean=20.6°C  time=16.9 s
2026-05-23 18:16:56 [mswp_runner][circle][mswp][k=2][s=0] INFO   Window  5/10  [12.0→15.0 s]  T_mean=20.1°C  time=16.9 s
2026-05-23 18:17:13 [mswp_runner][circle][mswp][k=2][s=0] INFO   Window  6/10  [15.0→18.0 s]  T_mean=20.0°C  time=17.2 s
2026-05-23 18:17:30 [mswp_runner][circle][mswp][k=2][s=0] INFO   Window  7/10  [18.0→21.0 s]  T_mean=20.0°C  time=17.2 s
2026-05-23 18:17:47 [mswp_runner][circle][mswp][k=2][s=0] INFO   Window  8/10  [21.0→24.0 s]  T_mean=20.0°C  time=16.9 s
2026-05-23 18:18:04 [mswp_runner][circle][mswp][k=2][s=0] INFO   Window  9/10  [24.0→27.0 s]  T_mean=20.0°C  time=16.9 s
2026-05-23 18:18:21 [mswp_runner][circle][mswp][k=2][s=0] INFO   Window 10/10  [27.0→30.0 s]  T_mean=20.0°C  time=17.0 s
2026-05-23 18:18:21 [mswp_runner][circle][mswp][k=2][s=0] INFO k=2 done | MAE=6.009 C | L2=0.0484 | k1_MAE=6.009 C | FEM saving=83% | time=171 s
2026-05-23 18:18:22 [mswp_runner][circle][mswp][k=3][s=0] INFO MSWP k=3 | 7 windows × 4.5 s | anchor_spacing=4.5 s | FEM saving=88%
2026-05-23 18:18:39 [mswp_runner][circle][mswp][k=3][s=0] INFO   Window  1/ 7  [0.0→4.5 s]  T_mean=220.7°C  time=16.9 s
2026-05-23 18:18:56 [mswp_runner][circle][mswp][k=3][s=0] INFO   Window  2/ 7  [4.5→9.0 s]  T_mean=31.4°C  time=16.9 s
2026-05-23 18:19:13 [mswp_runner][circle][mswp][k=3][s=0] INFO   Window  3/ 7  [9.0→13.5 s]  T_mean=20.6°C  time=16.9 s
2026-05-23 18:19:30 [mswp_runner][circle][mswp][k=3][s=0] INFO   Window  4/ 7  [13.5→18.0 s]  T_mean=20.0°C  time=17.1 s
2026-05-23 18:19:47 [mswp_runner][circle][mswp][k=3][s=0] INFO   Window  5/ 7  [18.0→22.5 s]  T_mean=20.0°C  time=16.9 s
2026-05-23 18:20:04 [mswp_runner][circle][mswp][k=3][s=0] INFO   Window  6/ 7  [22.5→27.0 s]  T_mean=19.9°C  time=17.2 s
2026-05-23 18:20:21 [mswp_runner][circle][mswp][k=3][s=0] INFO   Window  7/ 7  [27.0→30.0 s]  T_mean=20.0°C  time=17.1 s
2026-05-23 18:20:21 [mswp_runner][circle][mswp][k=3][s=0] INFO k=3 done | MAE=10.274 C | L2=0.1009 | k1_MAE=10.274 C | FEM saving=88% | time=119 s
2026-05-23 18:20:23 [mswp_runner][circle][mswp][k=4][s=0] INFO MSWP k=4 | 5 windows × 6.0 s | anchor_spacing=6.0 s | FEM saving=92%
2026-05-23 18:20:39 [mswp_runner][circle][mswp][k=4][s=0] INFO   Window  1/ 5  [0.0→6.0 s]  T_mean=193.5°C  time=16.9 s
2026-05-23 18:20:56 [mswp_runner][circle][mswp][k=4][s=0] INFO   Window  2/ 5  [6.0→12.0 s]  T_mean=24.0°C  time=16.9 s
2026-05-23 18:21:14 [mswp_runner][circle][mswp][k=4][s=0] INFO   Window  3/ 5  [12.0→18.0 s]  T_mean=20.1°C  time=17.2 s
2026-05-23 18:21:31 [mswp_runner][circle][mswp][k=4][s=0] INFO   Window  4/ 5  [18.0→24.0 s]  T_mean=20.0°C  time=17.2 s
2026-05-23 18:21:48 [mswp_runner][circle][mswp][k=4][s=0] INFO   Window  5/ 5  [24.0→30.0 s]  T_mean=20.0°C  time=17.1 s
2026-05-23 18:21:48 [mswp_runner][circle][mswp][k=4][s=0] INFO k=4 done | MAE=13.895 C | L2=0.1641 | k1_MAE=13.895 C | FEM saving=92% | time=85 s
2026-05-23 18:21:49 [mswp_runner][circle][mswp][k=5][s=0] INFO MSWP k=5 | 4 windows × 7.5 s | anchor_spacing=7.5 s | FEM saving=93%
2026-05-23 18:22:06 [mswp_runner][circle][mswp][k=5][s=0] INFO   Window  1/ 4  [0.0→7.5 s]  T_mean=172.2°C  time=17.1 s
2026-05-23 18:22:23 [mswp_runner][circle][mswp][k=5][s=0] INFO   Window  2/ 4  [7.5→15.0 s]  T_mean=21.2°C  time=16.9 s
2026-05-23 18:22:40 [mswp_runner][circle][mswp][k=5][s=0] INFO   Window  3/ 4  [15.0→22.5 s]  T_mean=20.0°C  time=17.2 s
2026-05-23 18:22:57 [mswp_runner][circle][mswp][k=5][s=0] INFO   Window  4/ 4  [22.5→30.0 s]  T_mean=20.1°C  time=17.0 s
2026-05-23 18:22:57 [mswp_runner][circle][mswp][k=5][s=0] INFO k=5 done | MAE=16.745 C | L2=0.2594 | k1_MAE=16.745 C | FEM saving=93% | time=68 s
2026-05-23 18:54:17 [mswp_runner][circle][mswp_tpe][k=1][s=0] INFO MSWP k=1 | 10 windows × 1.0 s | anchor_spacing=1.0 s | FEM saving=50%
2026-05-23 18:54:35 [mswp_runner][circle][mswp_tpe][k=1][s=0] INFO   Window  1/10  [0.0→1.0 s]  T_mean=348.6°C  time=18.9 s
2026-05-23 18:54:54 [mswp_runner][circle][mswp_tpe][k=1][s=0] INFO   Window  2/10  [1.0→2.0 s]  T_mean=187.5°C  time=18.9 s
2026-05-23 18:55:12 [mswp_runner][circle][mswp_tpe][k=1][s=0] INFO   Window  3/10  [2.0→3.0 s]  T_mean=105.2°C  time=17.5 s
2026-05-23 18:55:31 [mswp_runner][circle][mswp_tpe][k=1][s=0] INFO   Window  4/10  [3.0→4.0 s]  T_mean=63.4°C  time=18.9 s
2026-05-23 18:55:49 [mswp_runner][circle][mswp_tpe][k=1][s=0] INFO   Window  5/10  [4.0→5.0 s]  T_mean=42.1°C  time=18.6 s
2026-05-23 18:56:08 [mswp_runner][circle][mswp_tpe][k=1][s=0] INFO   Window  6/10  [5.0→6.0 s]  T_mean=31.2°C  time=19.0 s
2026-05-23 18:56:27 [mswp_runner][circle][mswp_tpe][k=1][s=0] INFO   Window  7/10  [6.0→7.0 s]  T_mean=25.7°C  time=18.6 s
2026-05-23 18:56:46 [mswp_runner][circle][mswp_tpe][k=1][s=0] INFO   Window  8/10  [7.0→8.0 s]  T_mean=22.9°C  time=18.7 s
2026-05-23 18:57:04 [mswp_runner][circle][mswp_tpe][k=1][s=0] INFO   Window  9/10  [8.0→9.0 s]  T_mean=21.5°C  time=18.3 s
2026-05-23 18:57:23 [mswp_runner][circle][mswp_tpe][k=1][s=0] INFO   Window 10/10  [9.0→10.0 s]  T_mean=20.7°C  time=18.9 s
2026-05-23 18:57:23 [mswp_runner][circle][mswp_tpe][k=1][s=0] INFO k=1 done | MAE=2.073 C | L2=0.0134 | k1_MAE=2.073 C | FEM saving=50% | time=186 s
2026-05-23 18:57:23 [mswp_runner][circle][mswp_tpe][k=2][s=0] INFO MSWP k=2 | 5 windows × 2.0 s | anchor_spacing=2.0 s | FEM saving=75%
2026-05-23 18:57:42 [mswp_runner][circle][mswp_tpe][k=2][s=0] INFO   Window  1/ 5  [0.0→2.0 s]  T_mean=298.1°C  time=19.1 s
2026-05-23 18:58:01 [mswp_runner][circle][mswp_tpe][k=2][s=0] INFO   Window  2/ 5  [2.0→4.0 s]  T_mean=92.3°C  time=19.2 s
2026-05-23 18:58:22 [mswp_runner][circle][mswp_tpe][k=2][s=0] INFO   Window  3/ 5  [4.0→6.0 s]  T_mean=38.7°C  time=20.6 s
2026-05-23 18:58:41 [mswp_runner][circle][mswp_tpe][k=2][s=0] INFO   Window  4/ 5  [6.0→8.0 s]  T_mean=24.8°C  time=19.7 s
2026-05-23 18:59:01 [mswp_runner][circle][mswp_tpe][k=2][s=0] INFO   Window  5/ 5  [8.0→10.0 s]  T_mean=21.3°C  time=19.7 s
2026-05-23 18:59:01 [mswp_runner][circle][mswp_tpe][k=2][s=0] INFO k=2 done | MAE=10.224 C | L2=0.0697 | k1_MAE=10.224 C | FEM saving=75% | time=98 s
2026-05-23 18:59:01 [mswp_runner][circle][mswp_tpe][k=3][s=0] INFO MSWP k=3 | 4 windows × 3.0 s | anchor_spacing=3.0 s | FEM saving=80%
2026-05-23 18:59:21 [mswp_runner][circle][mswp_tpe][k=3][s=0] INFO   Window  1/ 4  [0.0→3.0 s]  T_mean=266.8°C  time=20.0 s
2026-05-23 18:59:41 [mswp_runner][circle][mswp_tpe][k=3][s=0] INFO   Window  2/ 4  [3.0→6.0 s]  T_mean=53.6°C  time=19.6 s
2026-05-23 19:00:00 [mswp_runner][circle][mswp_tpe][k=3][s=0] INFO   Window  3/ 4  [6.0→9.0 s]  T_mean=24.4°C  time=18.8 s
2026-05-23 19:00:19 [mswp_runner][circle][mswp_tpe][k=3][s=0] INFO   Window  4/ 4  [9.0→10.0 s]  T_mean=20.8°C  time=19.5 s
2026-05-23 19:00:19 [mswp_runner][circle][mswp_tpe][k=3][s=0] INFO k=3 done | MAE=20.711 C | L2=0.1586 | k1_MAE=20.711 C | FEM saving=80% | time=78 s
2026-05-23 19:00:19 [mswp_runner][circle][mswp_tpe][k=4][s=0] INFO MSWP k=4 | 3 windows × 4.0 s | anchor_spacing=4.0 s | FEM saving=85%
2026-05-23 19:00:40 [mswp_runner][circle][mswp_tpe][k=4][s=0] INFO   Window  1/ 3  [0.0→4.0 s]  T_mean=232.3°C  time=20.5 s
2026-05-23 19:01:00 [mswp_runner][circle][mswp_tpe][k=4][s=0] INFO   Window  2/ 3  [4.0→8.0 s]  T_mean=36.2°C  time=20.2 s
2026-05-23 19:01:20 [mswp_runner][circle][mswp_tpe][k=4][s=0] INFO   Window  3/ 3  [8.0→10.0 s]  T_mean=21.3°C  time=19.8 s
2026-05-23 19:01:20 [mswp_runner][circle][mswp_tpe][k=4][s=0] INFO k=4 done | MAE=26.876 C | L2=0.2386 | k1_MAE=26.876 C | FEM saving=85% | time=60 s
2026-05-23 19:01:20 [mswp_runner][circle][mswp_tpe][k=5][s=0] INFO MSWP k=5 | 2 windows × 5.0 s | anchor_spacing=5.0 s | FEM saving=90%
2026-05-23 19:01:40 [mswp_runner][circle][mswp_tpe][k=5][s=0] INFO   Window  1/ 2  [0.0→5.0 s]  T_mean=212.7°C  time=20.0 s
2026-05-23 19:02:00 [mswp_runner][circle][mswp_tpe][k=5][s=0] INFO   Window  2/ 2  [5.0→10.0 s]  T_mean=28.1°C  time=20.0 s
2026-05-23 19:02:00 [mswp_runner][circle][mswp_tpe][k=5][s=0] INFO k=5 done | MAE=35.592 C | L2=0.3526 | k1_MAE=35.592 C | FEM saving=90% | time=40 s
2026-05-23 19:04:10 [mswp_runner][circle][mswp_tpe][k=1][s=0] INFO MSWP k=1 | 10 windows × 1.0 s | anchor_spacing=1.0 s | FEM saving=50%
2026-05-23 19:04:27 [mswp_runner][circle][mswp_tpe][k=1][s=0] INFO   Window  1/10  [0.0→1.0 s]  T_mean=348.6°C  time=17.0 s
2026-05-23 19:04:45 [mswp_runner][circle][mswp_tpe][k=1][s=0] INFO   Window  2/10  [1.0→2.0 s]  T_mean=187.5°C  time=18.3 s
2026-05-23 19:05:05 [mswp_runner][circle][mswp_tpe][k=1][s=0] INFO   Window  3/10  [2.0→3.0 s]  T_mean=105.2°C  time=19.7 s
2026-05-23 19:05:22 [mswp_runner][circle][mswp_tpe][k=1][s=0] INFO   Window  4/10  [3.0→4.0 s]  T_mean=63.4°C  time=17.6 s
2026-05-23 19:05:39 [mswp_runner][circle][mswp_tpe][k=1][s=0] INFO   Window  5/10  [4.0→5.0 s]  T_mean=42.1°C  time=16.9 s
2026-05-23 19:05:56 [mswp_runner][circle][mswp_tpe][k=1][s=0] INFO   Window  6/10  [5.0→6.0 s]  T_mean=31.2°C  time=17.2 s
2026-05-23 19:06:13 [mswp_runner][circle][mswp_tpe][k=1][s=0] INFO   Window  7/10  [6.0→7.0 s]  T_mean=25.7°C  time=16.8 s
2026-05-23 19:06:30 [mswp_runner][circle][mswp_tpe][k=1][s=0] INFO   Window  8/10  [7.0→8.0 s]  T_mean=22.9°C  time=16.9 s
2026-05-23 19:06:47 [mswp_runner][circle][mswp_tpe][k=1][s=0] INFO   Window  9/10  [8.0→9.0 s]  T_mean=21.5°C  time=16.9 s
2026-05-23 19:07:04 [mswp_runner][circle][mswp_tpe][k=1][s=0] INFO   Window 10/10  [9.0→10.0 s]  T_mean=20.7°C  time=16.9 s
2026-05-23 19:07:04 [mswp_runner][circle][mswp_tpe][k=1][s=0] INFO k=1 done | MAE=2.073 C | L2=0.0134 | k1_MAE=2.073 C | FEM saving=50% | time=174 s
2026-05-23 19:07:04 [mswp_runner][circle][mswp_tpe][k=2][s=0] INFO MSWP k=2 | 5 windows × 2.0 s | anchor_spacing=2.0 s | FEM saving=75%
2026-05-23 19:07:21 [mswp_runner][circle][mswp_tpe][k=2][s=0] INFO   Window  1/ 5  [0.0→2.0 s]  T_mean=298.1°C  time=16.8 s
2026-05-23 19:07:38 [mswp_runner][circle][mswp_tpe][k=2][s=0] INFO   Window  2/ 5  [2.0→4.0 s]  T_mean=92.3°C  time=16.9 s
2026-05-23 19:07:55 [mswp_runner][circle][mswp_tpe][k=2][s=0] INFO   Window  3/ 5  [4.0→6.0 s]  T_mean=38.7°C  time=17.1 s
2026-05-23 19:08:11 [mswp_runner][circle][mswp_tpe][k=2][s=0] INFO   Window  4/ 5  [6.0→8.0 s]  T_mean=24.8°C  time=16.8 s
2026-05-23 19:08:28 [mswp_runner][circle][mswp_tpe][k=2][s=0] INFO   Window  5/ 5  [8.0→10.0 s]  T_mean=21.3°C  time=17.0 s
2026-05-23 19:08:28 [mswp_runner][circle][mswp_tpe][k=2][s=0] INFO k=2 done | MAE=10.224 C | L2=0.0697 | k1_MAE=10.224 C | FEM saving=75% | time=85 s
2026-05-23 19:08:29 [mswp_runner][circle][mswp_tpe][k=3][s=0] INFO MSWP k=3 | 4 windows × 3.0 s | anchor_spacing=3.0 s | FEM saving=80%
2026-05-23 19:08:46 [mswp_runner][circle][mswp_tpe][k=3][s=0] INFO   Window  1/ 4  [0.0→3.0 s]  T_mean=266.8°C  time=17.0 s
2026-05-23 19:09:03 [mswp_runner][circle][mswp_tpe][k=3][s=0] INFO   Window  2/ 4  [3.0→6.0 s]  T_mean=53.6°C  time=17.0 s
2026-05-23 19:09:19 [mswp_runner][circle][mswp_tpe][k=3][s=0] INFO   Window  3/ 4  [6.0→9.0 s]  T_mean=24.4°C  time=16.8 s
2026-05-23 19:09:36 [mswp_runner][circle][mswp_tpe][k=3][s=0] INFO   Window  4/ 4  [9.0→10.0 s]  T_mean=20.8°C  time=16.9 s
2026-05-23 19:09:36 [mswp_runner][circle][mswp_tpe][k=3][s=0] INFO k=3 done | MAE=20.711 C | L2=0.1586 | k1_MAE=20.711 C | FEM saving=80% | time=68 s
2026-05-23 19:09:36 [mswp_runner][circle][mswp_tpe][k=4][s=0] INFO MSWP k=4 | 3 windows × 4.0 s | anchor_spacing=4.0 s | FEM saving=85%
2026-05-23 19:09:53 [mswp_runner][circle][mswp_tpe][k=4][s=0] INFO   Window  1/ 3  [0.0→4.0 s]  T_mean=232.3°C  time=17.1 s
2026-05-23 19:10:11 [mswp_runner][circle][mswp_tpe][k=4][s=0] INFO   Window  2/ 3  [4.0→8.0 s]  T_mean=36.2°C  time=17.4 s
2026-05-23 19:10:28 [mswp_runner][circle][mswp_tpe][k=4][s=0] INFO   Window  3/ 3  [8.0→10.0 s]  T_mean=21.3°C  time=17.3 s
2026-05-23 19:10:28 [mswp_runner][circle][mswp_tpe][k=4][s=0] INFO k=4 done | MAE=26.876 C | L2=0.2386 | k1_MAE=26.876 C | FEM saving=85% | time=52 s
2026-05-23 19:10:28 [mswp_runner][circle][mswp_tpe][k=5][s=0] INFO MSWP k=5 | 2 windows × 5.0 s | anchor_spacing=5.0 s | FEM saving=90%
2026-05-23 19:10:45 [mswp_runner][circle][mswp_tpe][k=5][s=0] INFO   Window  1/ 2  [0.0→5.0 s]  T_mean=212.7°C  time=17.1 s
2026-05-23 19:11:04 [mswp_runner][circle][mswp_tpe][k=5][s=0] INFO   Window  2/ 2  [5.0→10.0 s]  T_mean=28.1°C  time=18.3 s
2026-05-23 19:11:04 [mswp_runner][circle][mswp_tpe][k=5][s=0] INFO k=5 done | MAE=35.592 C | L2=0.3526 | k1_MAE=35.592 C | FEM saving=90% | time=35 s
2026-05-23 19:20:26 [mswp_runner][circle][mswp_tpe][k=1][s=0] INFO MSWP k=1 | 15 windows × 1.0 s | anchor_spacing=1.0 s | FEM saving=50%
2026-05-23 19:20:46 [mswp_runner][circle][mswp_tpe][k=1][s=0] INFO   Window  1/15  [0.0→1.0 s]  T_mean=348.7°C  time=20.2 s
2026-05-23 19:21:07 [mswp_runner][circle][mswp_tpe][k=1][s=0] INFO   Window  2/15  [1.0→2.0 s]  T_mean=187.4°C  time=20.3 s
2026-05-23 19:21:27 [mswp_runner][circle][mswp_tpe][k=1][s=0] INFO   Window  3/15  [2.0→3.0 s]  T_mean=105.2°C  time=20.1 s
2026-05-23 19:21:47 [mswp_runner][circle][mswp_tpe][k=1][s=0] INFO   Window  4/15  [3.0→4.0 s]  T_mean=63.4°C  time=20.3 s
2026-05-23 19:22:07 [mswp_runner][circle][mswp_tpe][k=1][s=0] INFO   Window  5/15  [4.0→5.0 s]  T_mean=42.1°C  time=20.1 s
2026-05-23 19:22:28 [mswp_runner][circle][mswp_tpe][k=1][s=0] INFO   Window  6/15  [5.0→6.0 s]  T_mean=31.2°C  time=20.4 s
2026-05-23 19:22:48 [mswp_runner][circle][mswp_tpe][k=1][s=0] INFO   Window  7/15  [6.0→7.0 s]  T_mean=25.7°C  time=20.4 s
2026-05-23 19:23:08 [mswp_runner][circle][mswp_tpe][k=1][s=0] INFO   Window  8/15  [7.0→8.0 s]  T_mean=22.9°C  time=19.9 s
2026-05-23 19:23:28 [mswp_runner][circle][mswp_tpe][k=1][s=0] INFO   Window  9/15  [8.0→9.0 s]  T_mean=21.5°C  time=20.3 s
2026-05-23 19:23:49 [mswp_runner][circle][mswp_tpe][k=1][s=0] INFO   Window 10/15  [9.0→10.0 s]  T_mean=20.8°C  time=20.4 s
2026-05-23 19:24:09 [mswp_runner][circle][mswp_tpe][k=1][s=0] INFO   Window 11/15  [10.0→11.0 s]  T_mean=20.4°C  time=20.2 s
2026-05-23 19:24:29 [mswp_runner][circle][mswp_tpe][k=1][s=0] INFO   Window 12/15  [11.0→12.0 s]  T_mean=20.2°C  time=20.0 s
2026-05-23 19:24:49 [mswp_runner][circle][mswp_tpe][k=1][s=0] INFO   Window 13/15  [12.0→13.0 s]  T_mean=20.1°C  time=20.6 s
2026-05-23 19:25:12 [mswp_runner][circle][mswp_tpe][k=1][s=0] INFO   Window 14/15  [13.0→14.0 s]  T_mean=20.1°C  time=22.9 s
2026-05-23 19:25:33 [mswp_runner][circle][mswp_tpe][k=1][s=0] INFO   Window 15/15  [14.0→15.0 s]  T_mean=20.0°C  time=21.0 s
2026-05-23 19:25:33 [mswp_runner][circle][mswp_tpe][k=1][s=0] INFO k=1 done | MAE=1.389 C | L2=0.0091 | k1_MAE=1.389 C | FEM saving=50% | time=307 s
2026-05-23 19:25:34 [mswp_runner][circle][mswp_tpe][k=2][s=0] INFO MSWP k=2 | 8 windows × 2.0 s | anchor_spacing=2.0 s | FEM saving=73%
2026-05-23 19:25:54 [mswp_runner][circle][mswp_tpe][k=2][s=0] INFO   Window  1/ 8  [0.0→2.0 s]  T_mean=298.1°C  time=20.4 s
2026-05-23 19:26:14 [mswp_runner][circle][mswp_tpe][k=2][s=0] INFO   Window  2/ 8  [2.0→4.0 s]  T_mean=92.2°C  time=20.3 s
2026-05-23 19:26:34 [mswp_runner][circle][mswp_tpe][k=2][s=0] INFO   Window  3/ 8  [4.0→6.0 s]  T_mean=38.7°C  time=20.3 s
2026-05-23 19:26:55 [mswp_runner][circle][mswp_tpe][k=2][s=0] INFO   Window  4/ 8  [6.0→8.0 s]  T_mean=24.8°C  time=20.2 s
2026-05-23 19:27:15 [mswp_runner][circle][mswp_tpe][k=2][s=0] INFO   Window  5/ 8  [8.0→10.0 s]  T_mean=21.3°C  time=20.2 s
2026-05-23 19:27:35 [mswp_runner][circle][mswp_tpe][k=2][s=0] INFO   Window  6/ 8  [10.0→12.0 s]  T_mean=20.3°C  time=20.2 s
2026-05-23 19:27:55 [mswp_runner][circle][mswp_tpe][k=2][s=0] INFO   Window  7/ 8  [12.0→14.0 s]  T_mean=20.1°C  time=20.2 s
2026-05-23 19:28:16 [mswp_runner][circle][mswp_tpe][k=2][s=0] INFO   Window  8/ 8  [14.0→15.0 s]  T_mean=20.0°C  time=20.4 s
2026-05-23 19:28:16 [mswp_runner][circle][mswp_tpe][k=2][s=0] INFO k=2 done | MAE=6.817 C | L2=0.0468 | k1_MAE=6.817 C | FEM saving=73% | time=162 s
2026-05-23 19:28:16 [mswp_runner][circle][mswp_tpe][k=3][s=0] INFO MSWP k=3 | 5 windows × 3.0 s | anchor_spacing=3.0 s | FEM saving=83%
2026-05-23 19:28:37 [mswp_runner][circle][mswp_tpe][k=3][s=0] INFO   Window  1/ 5  [0.0→3.0 s]  T_mean=262.0°C  time=20.9 s
2026-05-23 19:28:57 [mswp_runner][circle][mswp_tpe][k=3][s=0] INFO   Window  2/ 5  [3.0→6.0 s]  T_mean=53.6°C  time=20.1 s
2026-05-23 19:29:17 [mswp_runner][circle][mswp_tpe][k=3][s=0] INFO   Window  3/ 5  [6.0→9.0 s]  T_mean=24.4°C  time=20.2 s
2026-05-23 19:29:37 [mswp_runner][circle][mswp_tpe][k=3][s=0] INFO   Window  4/ 5  [9.0→12.0 s]  T_mean=20.6°C  time=20.2 s
2026-05-23 19:29:57 [mswp_runner][circle][mswp_tpe][k=3][s=0] INFO   Window  5/ 5  [12.0→15.0 s]  T_mean=20.1°C  time=20.2 s
2026-05-23 19:29:57 [mswp_runner][circle][mswp_tpe][k=3][s=0] INFO k=3 done | MAE=12.893 C | L2=0.1025 | k1_MAE=12.893 C | FEM saving=83% | time=102 s
2026-05-23 19:29:57 [mswp_runner][circle][mswp_tpe][k=4][s=0] INFO MSWP k=4 | 4 windows × 4.0 s | anchor_spacing=4.0 s | FEM saving=87%
2026-05-23 19:30:18 [mswp_runner][circle][mswp_tpe][k=4][s=0] INFO   Window  1/ 4  [0.0→4.0 s]  T_mean=240.6°C  time=20.3 s
2026-05-23 19:30:38 [mswp_runner][circle][mswp_tpe][k=4][s=0] INFO   Window  2/ 4  [4.0→8.0 s]  T_mean=36.3°C  time=20.3 s
2026-05-23 19:30:58 [mswp_runner][circle][mswp_tpe][k=4][s=0] INFO   Window  3/ 4  [8.0→12.0 s]  T_mean=21.1°C  time=20.3 s
2026-05-23 19:31:19 [mswp_runner][circle][mswp_tpe][k=4][s=0] INFO   Window  4/ 4  [12.0→15.0 s]  T_mean=20.1°C  time=20.2 s
2026-05-23 19:31:19 [mswp_runner][circle][mswp_tpe][k=4][s=0] INFO k=4 done | MAE=20.228 C | L2=0.1787 | k1_MAE=20.228 C | FEM saving=87% | time=81 s
2026-05-23 19:31:19 [mswp_runner][circle][mswp_tpe][k=5][s=0] INFO MSWP k=5 | 3 windows × 5.0 s | anchor_spacing=5.0 s | FEM saving=90%
2026-05-23 19:31:39 [mswp_runner][circle][mswp_tpe][k=5][s=0] INFO   Window  1/ 3  [0.0→5.0 s]  T_mean=206.0°C  time=20.3 s
2026-05-23 19:31:59 [mswp_runner][circle][mswp_tpe][k=5][s=0] INFO   Window  2/ 3  [5.0→10.0 s]  T_mean=28.0°C  time=20.4 s
2026-05-23 19:32:20 [mswp_runner][circle][mswp_tpe][k=5][s=0] INFO   Window  3/ 3  [10.0→15.0 s]  T_mean=20.3°C  time=20.7 s
2026-05-23 19:32:20 [mswp_runner][circle][mswp_tpe][k=5][s=0] INFO k=5 done | MAE=21.517 C | L2=0.2281 | k1_MAE=21.517 C | FEM saving=90% | time=61 s
2026-05-23 19:36:11 [mswp_runner][circle][mswp_tpe][k=1][s=0] INFO MSWP k=1 | 15 windows × 1.0 s | anchor_spacing=1.0 s | FEM saving=50%
2026-05-23 19:37:15 [mswp_runner][circle][mswp_tpe][k=1][s=0] INFO   Window  1/15  [0.0→1.0 s]  T_mean=348.8°C  time=64.5 s
2026-05-23 19:38:19 [mswp_runner][circle][mswp_tpe][k=1][s=0] INFO   Window  2/15  [1.0→2.0 s]  T_mean=187.4°C  time=63.3 s
2026-05-23 19:39:22 [mswp_runner][circle][mswp_tpe][k=1][s=0] INFO   Window  3/15  [2.0→3.0 s]  T_mean=105.2°C  time=63.6 s
2026-05-23 19:40:25 [mswp_runner][circle][mswp_tpe][k=1][s=0] INFO   Window  4/15  [3.0→4.0 s]  T_mean=63.4°C  time=62.9 s
2026-05-23 19:41:28 [mswp_runner][circle][mswp_tpe][k=1][s=0] INFO   Window  5/15  [4.0→5.0 s]  T_mean=42.1°C  time=63.1 s
2026-05-23 19:42:31 [mswp_runner][circle][mswp_tpe][k=1][s=0] INFO   Window  6/15  [5.0→6.0 s]  T_mean=31.2°C  time=62.4 s
2026-05-23 19:43:33 [mswp_runner][circle][mswp_tpe][k=1][s=0] INFO   Window  7/15  [6.0→7.0 s]  T_mean=25.7°C  time=62.1 s
2026-05-23 19:44:35 [mswp_runner][circle][mswp_tpe][k=1][s=0] INFO   Window  8/15  [7.0→8.0 s]  T_mean=22.9°C  time=62.3 s
2026-05-23 19:45:37 [mswp_runner][circle][mswp_tpe][k=1][s=0] INFO   Window  9/15  [8.0→9.0 s]  T_mean=21.5°C  time=62.0 s
2026-05-23 19:46:39 [mswp_runner][circle][mswp_tpe][k=1][s=0] INFO   Window 10/15  [9.0→10.0 s]  T_mean=20.8°C  time=61.7 s
2026-05-23 19:47:41 [mswp_runner][circle][mswp_tpe][k=1][s=0] INFO   Window 11/15  [10.0→11.0 s]  T_mean=20.4°C  time=61.9 s
2026-05-23 19:48:43 [mswp_runner][circle][mswp_tpe][k=1][s=0] INFO   Window 12/15  [11.0→12.0 s]  T_mean=20.2°C  time=62.2 s
2026-05-23 19:49:49 [mswp_runner][circle][mswp_tpe][k=1][s=0] INFO   Window 13/15  [12.0→13.0 s]  T_mean=20.1°C  time=66.2 s
2026-05-23 19:50:55 [mswp_runner][circle][mswp_tpe][k=1][s=0] INFO   Window 14/15  [13.0→14.0 s]  T_mean=20.1°C  time=66.1 s
2026-05-23 19:51:57 [mswp_runner][circle][mswp_tpe][k=1][s=0] INFO   Window 15/15  [14.0→15.0 s]  T_mean=20.0°C  time=61.4 s
2026-05-23 19:51:57 [mswp_runner][circle][mswp_tpe][k=1][s=0] INFO k=1 done | MAE=1.393 C | L2=0.0091 | k1_MAE=1.393 C | FEM saving=50% | time=946 s
2026-05-23 19:51:57 [mswp_runner][circle][mswp_tpe][k=2][s=0] INFO MSWP k=2 | 8 windows × 2.0 s | anchor_spacing=2.0 s | FEM saving=73%
2026-05-23 19:52:59 [mswp_runner][circle][mswp_tpe][k=2][s=0] INFO   Window  1/ 8  [0.0→2.0 s]  T_mean=295.5°C  time=62.6 s
2026-05-23 19:54:01 [mswp_runner][circle][mswp_tpe][k=2][s=0] INFO   Window  2/ 8  [2.0→4.0 s]  T_mean=92.0°C  time=61.7 s
2026-05-23 19:55:04 [mswp_runner][circle][mswp_tpe][k=2][s=0] INFO   Window  3/ 8  [4.0→6.0 s]  T_mean=38.7°C  time=63.3 s
2026-05-23 19:56:07 [mswp_runner][circle][mswp_tpe][k=2][s=0] INFO   Window  4/ 8  [6.0→8.0 s]  T_mean=24.8°C  time=62.6 s
2026-05-23 19:57:09 [mswp_runner][circle][mswp_tpe][k=2][s=0] INFO   Window  5/ 8  [8.0→10.0 s]  T_mean=21.3°C  time=61.5 s
2026-05-23 19:58:10 [mswp_runner][circle][mswp_tpe][k=2][s=0] INFO   Window  6/ 8  [10.0→12.0 s]  T_mean=20.3°C  time=61.7 s
2026-05-23 19:59:12 [mswp_runner][circle][mswp_tpe][k=2][s=0] INFO   Window  7/ 8  [12.0→14.0 s]  T_mean=20.1°C  time=61.5 s
2026-05-23 20:00:13 [mswp_runner][circle][mswp_tpe][k=2][s=0] INFO   Window  8/ 8  [14.0→15.0 s]  T_mean=20.0°C  time=61.6 s
2026-05-23 20:00:13 [mswp_runner][circle][mswp_tpe][k=2][s=0] INFO k=2 done | MAE=6.442 C | L2=0.0453 | k1_MAE=6.442 C | FEM saving=73% | time=497 s
2026-05-23 20:00:13 [mswp_runner][circle][mswp_tpe][k=3][s=0] INFO MSWP k=3 | 5 windows × 3.0 s | anchor_spacing=3.0 s | FEM saving=83%
2026-05-23 20:01:15 [mswp_runner][circle][mswp_tpe][k=3][s=0] INFO   Window  1/ 5  [0.0→3.0 s]  T_mean=255.5°C  time=61.4 s
2026-05-23 20:02:17 [mswp_runner][circle][mswp_tpe][k=3][s=0] INFO   Window  2/ 5  [3.0→6.0 s]  T_mean=53.0°C  time=61.8 s
2026-05-23 20:03:18 [mswp_runner][circle][mswp_tpe][k=3][s=0] INFO   Window  3/ 5  [6.0→9.0 s]  T_mean=24.4°C  time=61.7 s
2026-05-23 20:04:20 [mswp_runner][circle][mswp_tpe][k=3][s=0] INFO   Window  4/ 5  [9.0→12.0 s]  T_mean=20.6°C  time=62.0 s
2026-05-23 20:05:23 [mswp_runner][circle][mswp_tpe][k=3][s=0] INFO   Window  5/ 5  [12.0→15.0 s]  T_mean=20.1°C  time=62.5 s
2026-05-23 20:05:23 [mswp_runner][circle][mswp_tpe][k=3][s=0] INFO k=3 done | MAE=11.458 C | L2=0.0932 | k1_MAE=11.458 C | FEM saving=83% | time=309 s
2026-05-23 20:05:23 [mswp_runner][circle][mswp_tpe][k=4][s=0] INFO MSWP k=4 | 4 windows × 4.0 s | anchor_spacing=4.0 s | FEM saving=87%
2026-05-23 20:06:25 [mswp_runner][circle][mswp_tpe][k=4][s=0] INFO   Window  1/ 4  [0.0→4.0 s]  T_mean=225.1°C  time=61.7 s
2026-05-23 20:07:27 [mswp_runner][circle][mswp_tpe][k=4][s=0] INFO   Window  2/ 4  [4.0→8.0 s]  T_mean=35.6°C  time=61.8 s
2026-05-23 20:08:29 [mswp_runner][circle][mswp_tpe][k=4][s=0] INFO   Window  3/ 4  [8.0→12.0 s]  T_mean=21.1°C  time=62.0 s
2026-05-23 20:09:30 [mswp_runner][circle][mswp_tpe][k=4][s=0] INFO   Window  4/ 4  [12.0→15.0 s]  T_mean=20.1°C  time=61.5 s
2026-05-23 20:09:30 [mswp_runner][circle][mswp_tpe][k=4][s=0] INFO k=4 done | MAE=15.908 C | L2=0.1446 | k1_MAE=15.908 C | FEM saving=87% | time=247 s
2026-05-23 20:09:30 [mswp_runner][circle][mswp_tpe][k=5][s=0] INFO MSWP k=5 | 3 windows × 5.0 s | anchor_spacing=5.0 s | FEM saving=90%
2026-05-23 20:10:32 [mswp_runner][circle][mswp_tpe][k=5][s=0] INFO   Window  1/ 3  [0.0→5.0 s]  T_mean=197.9°C  time=61.7 s
2026-05-23 20:11:34 [mswp_runner][circle][mswp_tpe][k=5][s=0] INFO   Window  2/ 3  [5.0→10.0 s]  T_mean=27.7°C  time=61.7 s
2026-05-23 20:12:36 [mswp_runner][circle][mswp_tpe][k=5][s=0] INFO   Window  3/ 3  [10.0→15.0 s]  T_mean=20.3°C  time=62.1 s
2026-05-23 20:12:36 [mswp_runner][circle][mswp_tpe][k=5][s=0] INFO k=5 done | MAE=18.689 C | L2=0.2080 | k1_MAE=18.689 C | FEM saving=90% | time=185 s
2026-05-23 20:33:33 [mswp_runner][circle][mswp][k=1][s=0] INFO MSWP k=1 | 15 windows × 1.0 s | anchor_spacing=1.0 s | FEM saving=50%
2026-05-23 20:33:56 [mswp_runner][circle][mswp][k=1][s=0] INFO   Window  1/15  [0.0→1.0 s]  T_mean=349.2°C  time=22.9 s
2026-05-23 20:34:17 [mswp_runner][circle][mswp][k=1][s=0] INFO   Window  2/15  [1.0→2.0 s]  T_mean=184.1°C  time=20.9 s
2026-05-23 20:34:38 [mswp_runner][circle][mswp][k=1][s=0] INFO   Window  3/15  [2.0→3.0 s]  T_mean=106.5°C  time=20.9 s
2026-05-23 20:34:59 [mswp_runner][circle][mswp][k=1][s=0] INFO   Window  4/15  [3.0→4.0 s]  T_mean=65.7°C  time=21.0 s
2026-05-23 20:35:20 [mswp_runner][circle][mswp][k=1][s=0] INFO   Window  5/15  [4.0→5.0 s]  T_mean=43.1°C  time=21.0 s
2026-05-23 20:35:40 [mswp_runner][circle][mswp][k=1][s=0] INFO   Window  6/15  [5.0→6.0 s]  T_mean=31.5°C  time=20.6 s
2026-05-23 20:36:01 [mswp_runner][circle][mswp][k=1][s=0] INFO   Window  7/15  [6.0→7.0 s]  T_mean=24.9°C  time=20.4 s
2026-05-23 20:36:21 [mswp_runner][circle][mswp][k=1][s=0] INFO   Window  8/15  [7.0→8.0 s]  T_mean=20.4°C  time=20.6 s
2026-05-23 20:36:42 [mswp_runner][circle][mswp][k=1][s=0] INFO   Window  9/15  [8.0→9.0 s]  T_mean=23.2°C  time=20.8 s
2026-05-23 20:37:04 [mswp_runner][circle][mswp][k=1][s=0] INFO   Window 10/15  [9.0→10.0 s]  T_mean=21.2°C  time=21.8 s
2026-05-23 20:37:25 [mswp_runner][circle][mswp][k=1][s=0] INFO   Window 11/15  [10.0→11.0 s]  T_mean=19.0°C  time=21.0 s
2026-05-23 20:37:46 [mswp_runner][circle][mswp][k=1][s=0] INFO   Window 12/15  [11.0→12.0 s]  T_mean=19.9°C  time=21.5 s
2026-05-23 20:38:07 [mswp_runner][circle][mswp][k=1][s=0] INFO   Window 13/15  [12.0→13.0 s]  T_mean=18.4°C  time=20.8 s
2026-05-23 20:38:28 [mswp_runner][circle][mswp][k=1][s=0] INFO   Window 14/15  [13.0→14.0 s]  T_mean=19.7°C  time=20.6 s
2026-05-23 20:38:48 [mswp_runner][circle][mswp][k=1][s=0] INFO   Window 15/15  [14.0→15.0 s]  T_mean=21.1°C  time=20.8 s
2026-05-23 20:38:48 [mswp_runner][circle][mswp][k=1][s=0] INFO k=1 done | MAE=2.434 C | L2=0.0639 | k1_MAE=2.434 C | FEM saving=50% | time=316 s
2026-05-23 20:38:49 [mswp_runner][circle][mswp][k=2][s=0] INFO MSWP k=2 | 8 windows × 2.0 s | anchor_spacing=2.0 s | FEM saving=73%
2026-05-23 20:39:10 [mswp_runner][circle][mswp][k=2][s=0] INFO   Window  1/ 8  [0.0→2.0 s]  T_mean=291.6°C  time=21.1 s
2026-05-23 22:21:22 [mswp_runner][square][mswp][k=1][s=-] INFO MSWP k=1 | 20 windows × 1.5 s | anchor_spacing=1.5 s | FEM saving=67%
2026-05-23 22:22:00 [mswp_runner][square][mswp][k=1][s=-] INFO   Window  1/20  [0.0→1.5 s]  T_mean=303.2°C  time=37.9 s
2026-05-23 22:22:37 [mswp_runner][square][mswp][k=1][s=-] INFO   Window  2/20  [1.5→3.0 s]  T_mean=122.4°C  time=36.9 s
2026-05-23 22:23:14 [mswp_runner][square][mswp][k=1][s=-] INFO   Window  3/20  [3.0→4.5 s]  T_mean=57.7°C  time=37.0 s
2026-05-23 22:23:51 [mswp_runner][square][mswp][k=1][s=-] INFO   Window  4/20  [4.5→6.0 s]  T_mean=33.9°C  time=36.4 s
2026-05-23 22:24:26 [mswp_runner][square][mswp][k=1][s=-] INFO   Window  5/20  [6.0→7.5 s]  T_mean=25.2°C  time=35.2 s
2026-05-23 22:24:57 [mswp_runner][square][mswp][k=1][s=-] INFO   Window  6/20  [7.5→9.0 s]  T_mean=21.9°C  time=31.7 s
2026-05-23 22:25:29 [mswp_runner][square][mswp][k=1][s=-] INFO   Window  7/20  [9.0→10.5 s]  T_mean=20.7°C  time=31.9 s
2026-05-23 22:26:00 [mswp_runner][square][mswp][k=1][s=-] INFO   Window  8/20  [10.5→12.0 s]  T_mean=20.3°C  time=30.6 s
2026-05-23 22:26:31 [mswp_runner][square][mswp][k=1][s=-] INFO   Window  9/20  [12.0→13.5 s]  T_mean=20.1°C  time=31.3 s
2026-05-23 22:27:03 [mswp_runner][square][mswp][k=1][s=-] INFO   Window 10/20  [13.5→15.0 s]  T_mean=20.1°C  time=31.7 s
2026-05-23 22:27:36 [mswp_runner][square][mswp][k=1][s=-] INFO   Window 11/20  [15.0→16.5 s]  T_mean=20.0°C  time=32.6 s
2026-05-23 22:28:08 [mswp_runner][square][mswp][k=1][s=-] INFO   Window 12/20  [16.5→18.0 s]  T_mean=20.0°C  time=31.9 s
2026-05-23 22:28:39 [mswp_runner][square][mswp][k=1][s=-] INFO   Window 13/20  [18.0→19.5 s]  T_mean=20.0°C  time=31.5 s
2026-05-23 22:29:12 [mswp_runner][square][mswp][k=1][s=-] INFO   Window 14/20  [19.5→21.0 s]  T_mean=20.0°C  time=32.9 s
2026-05-23 22:29:44 [mswp_runner][square][mswp][k=1][s=-] INFO   Window 15/20  [21.0→22.5 s]  T_mean=20.0°C  time=31.8 s
2026-05-23 22:30:17 [mswp_runner][square][mswp][k=1][s=-] INFO   Window 16/20  [22.5→24.0 s]  T_mean=20.0°C  time=33.0 s
2026-05-23 22:30:48 [mswp_runner][square][mswp][k=1][s=-] INFO   Window 17/20  [24.0→25.5 s]  T_mean=20.0°C  time=31.7 s
2026-05-23 22:31:20 [mswp_runner][square][mswp][k=1][s=-] INFO   Window 18/20  [25.5→27.0 s]  T_mean=20.0°C  time=31.2 s
2026-05-23 22:31:52 [mswp_runner][square][mswp][k=1][s=-] INFO   Window 19/20  [27.0→28.5 s]  T_mean=20.0°C  time=32.1 s
2026-05-23 22:32:23 [mswp_runner][square][mswp][k=1][s=-] INFO   Window 20/20  [28.5→30.0 s]  T_mean=20.0°C  time=31.8 s
2026-05-23 22:32:23 [mswp_runner][square][mswp][k=1][s=-] INFO k=1 done | MAE=1.770 C | L2=0.0128 | k1_MAE=1.770 C | FEM saving=67% | time=661 s
2026-05-23 22:32:31 [mswp_runner][square][mswp][k=1][s=0] INFO MSWP k=1 | 20 windows × 1.5 s | anchor_spacing=1.5 s | FEM saving=67%
2026-05-23 22:33:09 [mswp_runner][square][mswp][k=1][s=0] INFO   Window  1/20  [0.0→1.5 s]  T_mean=304.2°C  time=37.4 s
2026-05-23 22:33:46 [mswp_runner][square][mswp][k=1][s=0] INFO   Window  2/20  [1.5→3.0 s]  T_mean=122.8°C  time=37.0 s
2026-05-23 22:34:22 [mswp_runner][square][mswp][k=1][s=0] INFO   Window  3/20  [3.0→4.5 s]  T_mean=57.8°C  time=36.6 s
2026-05-23 22:34:59 [mswp_runner][square][mswp][k=1][s=0] INFO   Window  4/20  [4.5→6.0 s]  T_mean=34.1°C  time=36.4 s
2026-05-23 22:35:32 [mswp_runner][square][mswp][k=1][s=0] INFO   Window  5/20  [6.0→7.5 s]  T_mean=25.2°C  time=33.7 s
2026-05-23 22:36:03 [mswp_runner][square][mswp][k=1][s=0] INFO   Window  6/20  [7.5→9.0 s]  T_mean=21.9°C  time=30.9 s
2026-05-23 22:36:36 [mswp_runner][square][mswp][k=1][s=0] INFO   Window  7/20  [9.0→10.5 s]  T_mean=20.7°C  time=32.3 s
2026-05-23 22:37:06 [mswp_runner][square][mswp][k=1][s=0] INFO   Window  8/20  [10.5→12.0 s]  T_mean=20.3°C  time=30.7 s
2026-05-23 22:37:37 [mswp_runner][square][mswp][k=1][s=0] INFO   Window  9/20  [12.0→13.5 s]  T_mean=20.1°C  time=31.2 s
2026-05-23 22:38:09 [mswp_runner][square][mswp][k=1][s=0] INFO   Window 10/20  [13.5→15.0 s]  T_mean=20.0°C  time=31.6 s
2026-05-23 22:38:41 [mswp_runner][square][mswp][k=1][s=0] INFO   Window 11/20  [15.0→16.5 s]  T_mean=20.0°C  time=31.8 s
2026-05-23 22:39:12 [mswp_runner][square][mswp][k=1][s=0] INFO   Window 12/20  [16.5→18.0 s]  T_mean=20.0°C  time=31.3 s
2026-05-23 22:39:44 [mswp_runner][square][mswp][k=1][s=0] INFO   Window 13/20  [18.0→19.5 s]  T_mean=19.9°C  time=31.4 s
2026-05-23 22:40:16 [mswp_runner][square][mswp][k=1][s=0] INFO   Window 14/20  [19.5→21.0 s]  T_mean=20.0°C  time=32.3 s
2026-05-23 22:40:47 [mswp_runner][square][mswp][k=1][s=0] INFO   Window 15/20  [21.0→22.5 s]  T_mean=20.0°C  time=31.3 s
2026-05-23 22:41:18 [mswp_runner][square][mswp][k=1][s=0] INFO   Window 16/20  [22.5→24.0 s]  T_mean=20.0°C  time=31.2 s
2026-05-23 22:41:50 [mswp_runner][square][mswp][k=1][s=0] INFO   Window 17/20  [24.0→25.5 s]  T_mean=20.0°C  time=32.2 s
2026-05-23 22:42:22 [mswp_runner][square][mswp][k=1][s=0] INFO   Window 18/20  [25.5→27.0 s]  T_mean=20.0°C  time=31.3 s
2026-05-23 22:42:52 [mswp_runner][square][mswp][k=1][s=0] INFO   Window 19/20  [27.0→28.5 s]  T_mean=20.0°C  time=30.1 s
2026-05-23 22:43:22 [mswp_runner][square][mswp][k=1][s=0] INFO   Window 20/20  [28.5→30.0 s]  T_mean=20.0°C  time=30.4 s
2026-05-23 22:43:22 [mswp_runner][square][mswp][k=1][s=0] INFO k=1 done | MAE=1.815 C | L2=0.0129 | k1_MAE=1.815 C | FEM saving=67% | time=651 s
2026-05-23 22:43:22 [mswp_runner][square][mswp][k=2][s=0] INFO MSWP k=2 | 10 windows × 3.0 s | anchor_spacing=3.0 s | FEM saving=83%
2026-05-23 22:43:57 [mswp_runner][square][mswp][k=2][s=0] INFO   Window  1/10  [0.0→3.0 s]  T_mean=228.0°C  time=34.9 s
2026-05-23 22:44:32 [mswp_runner][square][mswp][k=2][s=0] INFO   Window  2/10  [3.0→6.0 s]  T_mean=48.7°C  time=35.1 s
2026-05-23 22:45:05 [mswp_runner][square][mswp][k=2][s=0] INFO   Window  3/10  [6.0→9.0 s]  T_mean=23.9°C  time=33.0 s
2026-05-23 22:45:35 [mswp_runner][square][mswp][k=2][s=0] INFO   Window  4/10  [9.0→12.0 s]  T_mean=20.5°C  time=29.9 s
2026-05-23 22:46:06 [mswp_runner][square][mswp][k=2][s=0] INFO   Window  5/10  [12.0→15.0 s]  T_mean=20.1°C  time=30.5 s
2026-05-23 22:46:37 [mswp_runner][square][mswp][k=2][s=0] INFO   Window  6/10  [15.0→18.0 s]  T_mean=20.0°C  time=31.1 s
2026-05-23 22:47:09 [mswp_runner][square][mswp][k=2][s=0] INFO   Window  7/10  [18.0→21.0 s]  T_mean=20.0°C  time=31.8 s
2026-05-23 22:47:38 [mswp_runner][square][mswp][k=2][s=0] INFO   Window  8/10  [21.0→24.0 s]  T_mean=20.0°C  time=29.4 s
2026-05-23 22:48:08 [mswp_runner][square][mswp][k=2][s=0] INFO   Window  9/10  [24.0→27.0 s]  T_mean=20.0°C  time=29.8 s
2026-05-23 22:48:40 [mswp_runner][square][mswp][k=2][s=0] INFO   Window 10/10  [27.0→30.0 s]  T_mean=20.0°C  time=31.8 s
2026-05-23 22:48:40 [mswp_runner][square][mswp][k=2][s=0] INFO k=2 done | MAE=3.726 C | L2=0.0255 | k1_MAE=3.726 C | FEM saving=83% | time=317 s
2026-05-23 22:48:40 [mswp_runner][square][mswp][k=3][s=0] INFO MSWP k=3 | 7 windows × 4.5 s | anchor_spacing=4.5 s | FEM saving=88%
2026-05-23 22:49:15 [mswp_runner][square][mswp][k=3][s=0] INFO   Window  1/ 7  [0.0→4.5 s]  T_mean=177.5°C  time=35.1 s
2026-05-23 22:49:50 [mswp_runner][square][mswp][k=3][s=0] INFO   Window  2/ 7  [4.5→9.0 s]  T_mean=28.3°C  time=35.3 s
2026-05-23 22:50:22 [mswp_runner][square][mswp][k=3][s=0] INFO   Window  3/ 7  [9.0→13.5 s]  T_mean=20.4°C  time=31.5 s
2026-05-23 22:50:52 [mswp_runner][square][mswp][k=3][s=0] INFO   Window  4/ 7  [13.5→18.0 s]  T_mean=20.0°C  time=30.7 s
2026-05-23 22:51:22 [mswp_runner][square][mswp][k=3][s=0] INFO   Window  5/ 7  [18.0→22.5 s]  T_mean=20.0°C  time=29.8 s
2026-05-23 22:51:52 [mswp_runner][square][mswp][k=3][s=0] INFO   Window  6/ 7  [22.5→27.0 s]  T_mean=20.0°C  time=30.2 s
2026-05-23 22:52:24 [mswp_runner][square][mswp][k=3][s=0] INFO   Window  7/ 7  [27.0→30.0 s]  T_mean=20.0°C  time=31.9 s
2026-05-23 22:52:24 [mswp_runner][square][mswp][k=3][s=0] INFO k=3 done | MAE=3.809 C | L2=0.0264 | k1_MAE=3.809 C | FEM saving=88% | time=224 s
2026-05-23 22:52:25 [mswp_runner][square][mswp][k=4][s=0] INFO MSWP k=4 | 5 windows × 6.0 s | anchor_spacing=6.0 s | FEM saving=92%
2026-05-23 22:53:00 [mswp_runner][square][mswp][k=4][s=0] INFO   Window  1/ 5  [0.0→6.0 s]  T_mean=148.0°C  time=35.2 s
2026-05-23 22:53:33 [mswp_runner][square][mswp][k=4][s=0] INFO   Window  2/ 5  [6.0→12.0 s]  T_mean=22.6°C  time=33.1 s
2026-05-23 22:54:02 [mswp_runner][square][mswp][k=4][s=0] INFO   Window  3/ 5  [12.0→18.0 s]  T_mean=20.0°C  time=28.5 s
2026-05-23 22:54:33 [mswp_runner][square][mswp][k=4][s=0] INFO   Window  4/ 5  [18.0→24.0 s]  T_mean=20.0°C  time=31.0 s
2026-05-23 22:55:02 [mswp_runner][square][mswp][k=4][s=0] INFO   Window  5/ 5  [24.0→30.0 s]  T_mean=20.0°C  time=29.1 s
2026-05-23 22:55:02 [mswp_runner][square][mswp][k=4][s=0] INFO k=4 done | MAE=4.380 C | L2=0.0332 | k1_MAE=4.380 C | FEM saving=92% | time=157 s
2026-05-23 22:55:02 [mswp_runner][square][mswp][k=5][s=0] INFO MSWP k=5 | 4 windows × 7.5 s | anchor_spacing=7.5 s | FEM saving=93%
2026-05-23 22:55:37 [mswp_runner][square][mswp][k=5][s=0] INFO   Window  1/ 4  [0.0→7.5 s]  T_mean=115.7°C  time=35.5 s
2026-05-23 22:56:08 [mswp_runner][square][mswp][k=5][s=0] INFO   Window  2/ 4  [7.5→15.0 s]  T_mean=20.9°C  time=30.3 s
2026-05-23 22:56:37 [mswp_runner][square][mswp][k=5][s=0] INFO   Window  3/ 4  [15.0→22.5 s]  T_mean=20.0°C  time=29.6 s
2026-05-23 22:57:07 [mswp_runner][square][mswp][k=5][s=0] INFO   Window  4/ 4  [22.5→30.0 s]  T_mean=20.0°C  time=29.7 s
2026-05-23 22:57:07 [mswp_runner][square][mswp][k=5][s=0] INFO k=5 done | MAE=4.335 C | L2=0.0354 | k1_MAE=4.335 C | FEM saving=93% | time=125 s
2026-05-23 23:11:56 [mswp_runner][square][mswp][k=1][s=-] INFO MSWP k=1 | 20 windows × 1.5 s | anchor_spacing=1.5 s | FEM saving=67%
2026-05-23 23:14:02 [mswp_runner][square][mswp][k=1][s=-] INFO   Window  1/20  [0.0→1.5 s]  T_mean=304.0°C  time=125.6 s
2026-05-23 23:15:53 [mswp_runner][square][mswp][k=1][s=-] INFO   Window  2/20  [1.5→3.0 s]  T_mean=122.5°C  time=110.7 s
2026-05-23 23:17:36 [mswp_runner][square][mswp][k=1][s=-] INFO   Window  3/20  [3.0→4.5 s]  T_mean=58.0°C  time=103.1 s
2026-05-23 23:19:20 [mswp_runner][square][mswp][k=1][s=-] INFO   Window  4/20  [4.5→6.0 s]  T_mean=34.0°C  time=104.8 s
2026-05-23 23:21:00 [mswp_runner][square][mswp][k=1][s=-] INFO   Window  5/20  [6.0→7.5 s]  T_mean=25.3°C  time=99.7 s
2026-05-23 23:22:42 [mswp_runner][square][mswp][k=1][s=-] INFO   Window  6/20  [7.5→9.0 s]  T_mean=21.9°C  time=101.4 s
2026-05-23 23:24:19 [mswp_runner][square][mswp][k=1][s=-] INFO   Window  7/20  [9.0→10.5 s]  T_mean=20.7°C  time=97.7 s
2026-05-23 23:25:57 [mswp_runner][square][mswp][k=1][s=-] INFO   Window  8/20  [10.5→12.0 s]  T_mean=20.3°C  time=98.0 s
2026-05-23 23:27:36 [mswp_runner][square][mswp][k=1][s=-] INFO   Window  9/20  [12.0→13.5 s]  T_mean=20.1°C  time=98.5 s
2026-05-23 23:29:15 [mswp_runner][square][mswp][k=1][s=-] INFO   Window 10/20  [13.5→15.0 s]  T_mean=20.0°C  time=98.9 s
2026-05-23 23:30:51 [mswp_runner][square][mswp][k=1][s=-] INFO   Window 11/20  [15.0→16.5 s]  T_mean=20.0°C  time=96.6 s
2026-05-23 23:32:25 [mswp_runner][square][mswp][k=1][s=-] INFO   Window 12/20  [16.5→18.0 s]  T_mean=20.1°C  time=93.8 s
2026-05-23 23:34:02 [mswp_runner][square][mswp][k=1][s=-] INFO   Window 13/20  [18.0→19.5 s]  T_mean=20.0°C  time=97.1 s
2026-05-23 23:35:40 [mswp_runner][square][mswp][k=1][s=-] INFO   Window 14/20  [19.5→21.0 s]  T_mean=20.0°C  time=97.5 s
2026-05-23 23:37:16 [mswp_runner][square][mswp][k=1][s=-] INFO   Window 15/20  [21.0→22.5 s]  T_mean=20.0°C  time=96.6 s
2026-05-23 23:38:52 [mswp_runner][square][mswp][k=1][s=-] INFO   Window 16/20  [22.5→24.0 s]  T_mean=20.0°C  time=96.3 s
2026-05-23 23:40:29 [mswp_runner][square][mswp][k=1][s=-] INFO   Window 17/20  [24.0→25.5 s]  T_mean=20.0°C  time=96.4 s
2026-05-23 23:42:06 [mswp_runner][square][mswp][k=1][s=-] INFO   Window 18/20  [25.5→27.0 s]  T_mean=20.0°C  time=97.2 s
2026-05-23 23:43:44 [mswp_runner][square][mswp][k=1][s=-] INFO   Window 19/20  [27.0→28.5 s]  T_mean=20.0°C  time=98.1 s
2026-05-23 23:45:23 [mswp_runner][square][mswp][k=1][s=-] INFO   Window 20/20  [28.5→30.0 s]  T_mean=20.0°C  time=98.5 s
2026-05-23 23:45:23 [mswp_runner][square][mswp][k=1][s=-] INFO k=1 done | MAE=1.732 C | L2=0.0126 | k1_MAE=1.732 C | FEM saving=67% | time=2006 s
2026-05-23 23:45:30 [mswp_runner][square][mswp][k=1][s=0] INFO MSWP k=1 | 20 windows × 1.5 s | anchor_spacing=1.5 s | FEM saving=67%
2026-05-23 23:47:23 [mswp_runner][square][mswp][k=1][s=0] INFO   Window  1/20  [0.0→1.5 s]  T_mean=304.4°C  time=112.9 s
2026-05-23 23:49:16 [mswp_runner][square][mswp][k=1][s=0] INFO   Window  2/20  [1.5→3.0 s]  T_mean=122.3°C  time=112.6 s
